entity_id	business_name	business_address	country
S3-202863386	wilfordhancock.com	Mack Rd, Haltom City, Texas	US
S3-859268022	International South Consultants Private Ltd		India
S3-22467283	LLC Moncada Léarning Center	5780 Fawn Ct, Fort Worth, Texas	US
S3-671162755	Moyna's Coffee	1 Ivanhoe Ave, PO Box 6009, Cincinnati, Ohio	US
S3-960981775	Pvt. EFS Print Ventures Ltd.	Door No 183, 41St Cross, 22Nd Main 9Th Block Jayanagar, Bengaluru Urban, Bangalore, ಕರ್ನಾಟಕ	India
S3-578159284	LLC Hernandez Colonial Redwood	2260- Housecreek Trail, Unit 407, Raleigh, North Carolina	US
S3-121412624	Classic Equity Partners Group	6885 Catalpa Bluff Ln, PO Box 5799, Dickinson, Texas	US
S3-249416830	Ectolumdrex dba X+ Madison Inc	S03575 Cty Tk M, Town Of Buffalo, WI	US
S3-107644605	Animal Hanisch Hospirlg	##8 Willow Oak Lane, Fl. 0, Saint Louis, Missouri	US
S3-160217003	Gomez Optimal	343 Hempstead 161, Hope, Arkansas	US
S3-504183980	The Rapid  Learning Alliance LLC	46 White Rock Dr, Hurricanne, West Virginia	US
S3-53737228	Indian Care Public Limited	Raebareli, Rae Bareli, Raibareilly, UP, No #51 C/o Shiv Kumar Maurya S/o Ram Ausan Bastepur	India
S3-16693061	Béque	189 Connmre Dr, Nashville, Tennessee	US
S3-331103166	#centraleducation	1113 Ash Street, Carlsbad, New Mexico	US
S3-45067784	அரிஹந்த் Foundation Private Limited	Saranampatti Roadvellakinar Post Coimbatore, Tamilnadu, Coimbatore, TN	India
S3-118652570	Wildlife Guild  LLC	18900 Harl Weiller Road, Caldwell, Ohio	US
S3-90100170	Cinder Charlton-PC	0200 Washington Street, ALVO, Nebraska	US
S3-476778426	ZRO Trinity Co	0315 Laramie St, Gillette, Wyoming	US
S3-128062172	Bajaj Foundation  Private Limited	Rajendra Nagar, Andhra Pradesh, 221, 2Nd Floor, 7-90/5, Hn 86 Gandipet Main Rd, K.v.rangareddy	India
S3-171901473	Estell's Creative	15380 Fillmore Street, Unit 1006, Goodyear, Arizona	US
S3-973629095	Center 5uperior Co	144 Foster Avenue, Harriman, Tennessee	US
S3-554084947	Palace Vidyalaya	Plot No.: 3829/3250, Near Metro Pillar No: 234, Kanhaiya Nagar, Tri Nagar, Delhi, New Delhi, दिल्ली	India
S3-315861895	Global Applied	Tiger Lily Lane, Madison, Indiana	US
S3-326049086	Integrated  Business Systems	#111 Frontage Road 2121, Ilfeld, New Mexico	US
S3-181819854	Cardiology Heartland Cáre Associates #98825	Tennessee, 607 Fourth St, Columbia	US
S3-776815069	Sai  Surgical (India) Ltd	Unit A3, Ugf, Plot No. 17, Satbari Vill., Chattarpur, South West Delhi, DL	India
S3-230314480	MW Management Private  Limited - 2067865001	Pt No 18, Nagpur, MH	India
S3-807500071	FERRERO FERRERO DUKE	1516 Marshall St, Iowa, PMB 2592, Boone	US
S3-878295053	Chinglepet Private Limited Center	4-2, TN, Kanchipuram, Chinglepet	India
S3-725749046	Modern Center Brothers	Shop No. 188, 1St Floor, Powai Plaza Cts No. 5, Hiranandani Garden, Powai, Mumbai, Mumbai City, MH	India
S3-298996001	Navkar Sons Ltd Center	No. 562 X/1725, Main Road, Rajgarh Colony, East Delhi, New Delhi, DL	India
S3-32805948	സിൽവർ കൺസൾട്ടൻസി പ്രൈവറ്റ് ലിമിറ്റഡ്	Ernakulam, KL, 18/479E/3 Peringattil Tower Kangarappady Kakkanad, Ernakulam	India
S3-256812623	ब्लू टेक्नोलॉजीज	MH, East Garo Hills, 2, Swadhin Sadan, C-road, Churchgate, Mumbai City	India
S3-822866561	Compher's Auto  Glass	4301 Broadway Ave, Evansville, Indiana	US
S3-726575561	గుజరాత్ Logistics లిమిటెడ్	H.no 4-0 Flat No. 103, Sai Bhavana Encl Kamala Nagar, Hyderabad, TG	India
S3-572363539	Stellar + Brothers Private Ltd	A-401, Kamlesh Apartment, Sher-e-punjab Colony, Andheri (East), Bombay, Mumbai City, MH	India
S3-551148968	Ear N0se & Throat Regional	25 Eighth Avenue, Haverhill, Massachusetts	US
S3-738829801	Best Software Innovations,	Edwall, Washington, 29511 Tucker Prairie Rd	US
S3-566665563	Capital-Snow Capital-Snow Corporation	367 Parkland Way, Chanhassen, Minnesota	US
S3-575167920	SAV Holdings	87, Patna Dairy Project, Haroon Nagar Colony Sector - 1, Patna Sadar, Patna, BR	India
S3-586800406	Mr Om-Consultants Corporation	F-0017, Eternity Mall Premises Chs Ltd. Near Teen Hath Naka, Lbs Marg, Thane (We, St), Thane, MH	India
S3-190231775	Cozy Shop Bike	Mulberry Dr, NULL, Buckeye, Arizona	US
S3-323153716	LLC Safe Newbury	Evening Star Way, Sequim, Washington	US
S3-783004558	Shree Sgpeciarity Pvt. Ltd.	348, Radhna, Inayatpur, Meerut, UP	India
S3-159562080	Little Ice Cirhm	1148- Heritage Ct, FT. Mill, South Carolina	US
S3-397850436	Hmgreen.Com	603, Thane, Palghar, MH	India
S3-244694796	TV Tower Inc.	Sand Hills Drive, Surprise, Arizona	US
S3-755888332	lakshmi medical-mumbai ventures	Door No 180-B Tanna Residencyveer Savarkar Marg Prabhadevi, Mumbai, MH	India
S3-875583147	Orthopedic Specialists Of Fort Wht LLC	3900 Sanguinet Street, Fort Worth, Texas	US
S3-27936464	erwinsignaturekrakacquisition.com	817 C-Bar Ranch Trl, Cedar Park Township, Texas	US
S3-856590607	Raj Black [Marketing]	No. 707 I-2102 Puneville, Phase-ii, Sr.no. 16P, 17P, 18P, 19P, Pune, Pune City, MH	India
S3-314969122	M/s Jd Pvt Ltd Services	Plot No.48 Pratap Nagar, Jaipur, RJ	India
S3-92001570	Davis  Acquisition		US
S3-397939007	Mitchell Acbdeyg	Henry Drive, Athens, Alabama	US
S3-975758507	Secure Secure Cárolina	3576 Astor Avenue, Columbus, Ohio	US
S3-444450554	Montica LLC Vii	313 9nd Avenue, Texas, Canyon	US
S3-83266577	Clear [Payroll]	02324 Bugle Drive, Chesapeake City, Virginia	US
S3-431610666	Basalt Forefront L.L.C.	2080 Summerson Rd, Arizona, Kingman	US
S3-74613320	Royal Mémorial Trust Holdings	Door No 0521 Trinity No 1/1 4Nd Main Road K H M Block Ganganagar R T, Nagar, Bangalore, ಕರ್ನಾಟಕ	India
S3-628876983	Snell Cmpleee Glass Corp	824 1/2 West St, Fl 0, Garden Plain, Kansas	US
S3-664253519	The Consultants Karnataka Cotex (Limited)	Plot A-##26 Midc Industrialarea Naveli H Block Pimpri Taluka, Pune, Chinchwad, महाराष्ट्र	India
S3-396182476	Honey Balzer, MD Ltd	07150 Ellicott Rd, PO Box 2843, Lockport, New York	US
S3-188810136	Harbor Foundation  III	#429 Forest Ave, NULL, Oak Park, Illinois	US
S3-533193854	Physical Group Precision Therapy	106 Laurel Ln, Banner Elk, North Carolina	US
S3-309601238	Quonex d/b/a M D Herrera Offshore	1720 Fairmount Avenue, Cincinnati, OH	US
S3-730662073	Ken Hospitalities (India)  Limited	No 7/501 Gian Nagar, Sonepat, N/A, HR	India
S3-980949237	Odetta Robinson Oak	893 Houfek Dr, Lancaster, Ohio	US
S3-777257171	Bennett & Mofcno Canary of Liverpoo1 Ltd	317 3rd St, Liverpool, New York	US
S3-891901989	Private Shivam Projects [Limited]	B-3 Kailash Colony, New Delhi, South Delhi, DL	India
S3-660160649	Chavarin Property óf Queensbury LLC	55 Needle Park Cir, Unit Apartment 2, Queensbury, New York	US
S3-412197948	#Apexphotonics	8336 Indian Head Highway, # B2, Fort Washington, Maryland	US
S3-51937572	Perine Heritage Family Practice LLC	5378 Parsons Saint, Pffftown, North Carolina	US
S3-372045674	Lopez Continental  Arcelormittal Greater	767 Ocotillo St, Casa Grande, Arizona	US
S3-572598570	Cultural Coalition Ltd Association	187 Robinwood Rd, Waterbury, Connecticut	US
S3-878820114	Jsg Enterprises (Center)	No.009, Pachaiappas College Hostel Road, Egmore Nungambakkam, Chennai, TN	India
S3-607506773	Mr Chalakudy-+ Partners Private Limited	Sec 6, Shrikrushna Paradise Apts, MH, Pune, Fl A-105 Pl 73	India
S3-891585470	Leahy Silver  Acp LP	104 Tesoro Way, Del Valle, Texas	US
S3-493572667	Edgar Space Inc	8229 Mulberry Way, Sandy City, Utah	US
S3-263247365	Private Unique Enterprises Limited	302, Andheri (West), Mumbai, महाराष्ट्र	India
S3-2701544	NV Pharma	H.no 81/2, Maragadi, Grama, Acchanahalli Road, Hassan, KA	India
S3-690376437	Karo1's Capital Restaurant  Clginc	Wabasha, Minnesota, 3rd St	US
S3-911307067	Umbraonyx dba Filson Apex Chemical	Phoenix, AZ, 16007 45th Street	US
S3-893149997	Hyacinthe L. Cheung D.C. PC	#300 Stephanie Lane, Prosepr, Texas	US
S3-411324695	Piedmont Liberty Octave Llc	57398 Aviation Dr, Yucca Valley, California	US
S3-232475819	Digital Hospitality Private Limited	H.no 305 Sterling Arcade, 15/3, Race Course Road, Indore, मध्य प्रदेश	India
S3-952693237	@shreefoundation	C/o Mr. Nirmal Singh, Shop No: 21, Umang Primo, Haveli, Pune, MH	India
S3-155609206	Bonnettresilience.Com	305 1/2 Business 190, Texas, Copperaas COVE	US
S3-335805814	Solutions Accuracy Healthcare-Private Ltd	South Delhi, DL, New Delhi, 3Rd Floor, Plot No. 211, Innov8 Okhla Co-working, Okhla Phase 3 Rd, Okhla, New Delhi	India
S3-987031930	Tu Ventures  Pvt (Ltd)	Core House Off C G Roadnr Parimal Garden Ellisbridge, Ahmedbad, Ahmedabad, ગુજરાત	India
S3-405782849	Innovative Cargo  Concepts	Rocky Mount, 407 Tillery Street, North Carolina	US
S3-97933587	Heartland Optimal Médicine LLC	414 Church Street, Rippley, West Virginia	US
S3-575968805	Sachet Agro Infratech Limited	H.no 1-2-C-25 Sukhadia Nagar, Sriganganagar, Ganganagar, RJ	India
S3-183740021	सनराइज फूड्स प्राइवेट लिमिटेड	Word Number-04, Sidhi, Rampur Naikin, MP	India
S3-137354887	बेस्ट माँ इंटरनेशनल प्राइवेट लिमिटेड	C/o Bopal Singh, Mohalla Adarsh Nagar, Gali No-01, Bijnor, Bijnor, Mohammadpur Deomal, UP	India
S3-630633029	Dental	2111 Rock Ridge Road, Memphis, Tennessee	US
S3-827924570	Monarch Co	1317 Providence Pl, Orage CITY, Iowa	US
S3-940228072	Mclaughlin, Blanco  & Walker Ltd	00120 Michelle Court, Newark, PMB 5466, Delaware	US
S3-702183940	Finance Divya Balaji  Private [Limited]	Lmcpl, Bangalore, KA, Bangalore	India
S3-244849851	(Ltd) Producer Aim Solutions	Jamnagar, No 2 Tulsi Krupa, ગુજરાત, Jamnagar	India
S3-421946613	-- Maryl-Khalil Old Corp	203 Iadho Ave, Roslyn, Washington	US
S3-491234355	#ironworkerslocal	8-10 La Chee Dr, Yahtahey, New Mexico	US
S3-671746462	Wexnyla	12, 13 & 14 F Vikhroli Corporate Park Tower- B Lbs Marg, Vikhroli-W Vikhroli, West Mumbai, Mumbai City, Maharashtra	India
S3-311095849	Werner Aegon	California, Fair Oaks, 4137 Naturewood Ct	US
S3-92974238	Insightful & Sons Industries Limited	119/25, Kanpur, Lajpat Nagar Hans Nagar, UP, Kanpur	India
S3-321391876	Baptist Ássociation Northside LP	1619c Spangler Saint, Plain Twp, Ohio	US
S3-299576808	Morales, Godina & Pánkow Associates LLC		US
S3-143350694	Germana Ott Slaect-Oyj	3107 Serenity Hills Dr, Jonnesboro, Arkansas	US
S3-588179961	Lee Illumination	1608 5st St, LA PORE Township, Indiana	US
S3-921372917	Shaffer Xcblla LLC - 7934786696	25- First Street, # 4, Cambridge, Massachusetts	US
S3-303047307	Akridge Family [Practice]	Washington, Kent, 18223 286th Ct	US
S3-924073964	The Nancy Nancy Bunten Energy		US
S3-10903789	Synmira	Ghaziabad, Uttar Pradesh, Bm-03 Satyam Building, Rdc Raj Nagar Ghaziabad, Ghaziabad	India
S3-288750155	C0mmunity Cascade  Association	1306d Platte Court, Midlothian, Texas	US
S3-525304387	7m.com	820 Cllege St, Jacksboro, Texas	US
S3-629247863	Empire Rithm [LLC]	860 5th St, Broken Arrow, Oklahoma	US
S3-901865937	Aroma Brdthters Ventures Private Limited	MH, H. No. 345 At Bhilwale Khalapur, Raigarh, Bhilvale	India
S3-44013376	Delta Fortunex  Inc	##16978 Moore Rd, <NULL>, Andalusia, Alabama	US
S3-585479914	Inc Pacific Association of Strnya	1133 70, Stacy, North Carolina	US
S3-566328140	international systems private limited	Hyderabad, No 12-5-35/C/47- Ambedkar Nagar, తెలంగాణ, Secunderabad	India
S3-706931985	GM	H No.-25 Lords Colony, Nayapura, Lalghati, Huzur, Bhopal, Madhya Pradesh	India
S3-834643570	ग्रेट एक्सपोर्ट्स प्राइवेट लिमिटेड	10/13, Shivpur Dhoomanganj, Prayagraj, Allahabad, उत्तर प्रदेश	India
S3-797289734	Violet (lndia) Infotech Praei Limited	C04 Pinnacle Chsl Lbs Rd, Mumbai Ii, Mumbai, MH	India
S3-480351150	Smith (Software)	003808 Holman St, Houston, Texas	US
S3-28762331	North Róckwool LP	Fruitvale, 589 Grand Valley Drive, Colorado	US
S3-804770389	Klinger Express Bngatuy Inc.	#910 Ave B, Copperas Cove, Texas	US
S3-588120445	Anand Agro Private Enterprises		India
S3-566085102	patnasolutions.com	Plot No 13G, Patna, BR	India
S3-207262214	Audio Agrotech  (India) L.L.P.	#G-15Nd Floor, Jaipur, RJ	India
S3-307352389	Belogild	Basement Shop No. B-14/2, Chennai, தமிழ்நாடு	India
S3-36683911	Smith Próduce of Spokane	10009 Moss Ln, Spokane, Washington	US
S3-676608088	Sweetbarbershop.Com	1319 Odlum Drive, Albuquerque, New Mexico	US
S3-771692836	Zalion  Delta Crescent	Unit 101, Utah, Salt Lake City, 200	US
S3-426545498	Brightmoon Builders-(gdngai) Private Limited	13-6-438/A/17/1, Asifnagar, Hyderabad, TG	India
S3-969954990	આલ્ફા ફાઉન્ડેશન પ્રાઇવેટ લિમિટેડ	GJ, Ahmedabad, 209, NULL	India
S3-46986783	Dent Seafood The	Massachusetts, 040 Commonwealth Ave, Springfield	US
S3-474790592	Horizon Regional Réal	New York, Highland Falls, 282  Main St	US
S3-791460119	Rapid Select Solutions Inc	W229s4474 Milky Way Road, Village Of Waukesha, Wisconsin	US
S3-701705967	Penny A. Lind, DPM, PC [Harbor]	849 700, Sullivan, Illinois	US
S3-161412777	pediatric dental care associates inc	492 Fairborn Ln, Round Lake, Illinois	US
S3-710694466	Cinder Corporation	Texas, 897 Eldridge Road, Sugar Land	US
S3-367524706	Sram Healthcare Private	48-13-20, G 501, Krishna, Godavari Envy Homes, Krishna, Vijayawada (Urban), AP	India
S3-420462077	ಬ್ಲ್ಯಾಕ್ ಇಂಜಿನಿಯರಿಂಗ್ ಪ್ರೈವೇಟ್ ಲಿಮಿಟೆಡ್	Bangalore, KA, Bangalore, U-004	India
S3-375023535	Brightstar Charitable Trust Limited	No 37 Indusrtail Area P. B. No 63, Satna, MP	India
S3-617511857	Belocalo Co fka Deleon's Select Pizza	403 Colgate Court, Arlington, TX	US
S3-650745475	കൃഷ്ണ ഇന്റർനാഷണൽ ഹാർഡ്‌വെയർ പ്രൈവറ്റ് ലിമിറ്റഡ്	Trivandrum, Thiruvananthapuram, KL, Tc 2/2409, Asiatic Business Center Abc Tower Near, Toyota Showroom, Atinkuzhy, Kazhakuttom	India
S3-625913156	Webster, Hines And Solis Co	213 Elmwood Ave, # Apartment 11, Buffalo, New York	US
S3-331944027	East East Áditya Investment Private Limited	No 1 Dewari Kala, Mirzapur Sadar, Mirzapur, UP	India
S3-52936362	Sterling (Reliable)	Saint Joseph, Indiana, 002412 Hobson Road	US
S3-961916983	LLC Best Industrial Tehonlogies,	9 Waseta Dr, Zuni, New Mexico	US
S3-173449142	Shubh (Infratech) Developers	MH, Mumbai, null, Rajawadi Chs Ltd Chittaranjan Nagar, Ghatkopar (East), Plot No B-9-169	India
S3-169505996	Sav  Services Private (Limited)	दिल्ली, West Delhi, Gh-9/674, New Delhi	India
S3-674449298	Abramowitz Gráding	643 Jerico St, Nixa, Missouri	US
S3-579902553	White lnfra [Co]	223 Second Floor Kailash Hills Near Market, दिल्ली, South Delhi, New Delhi	India
S3-519350515	G 4 S Súperior LLC	115 Lake Road, PMB 2840, Framingham, Massachusetts	US
S3-692514298	Townsend Iron Works	009114 Sycamore Leaf Dr, Fort Worth, Texas	US
S3-128130670	ഈസ്റ്റേൺ പ്രൊഡ്യൂസർ പ്രൈവറ്റ് ലിമിറ്റഡ്	Plot 254 Sukrutham Complex, Triprayar Temple Road, Chavakkad, Thrissur, KL	India
S3-890922145	Raita Traders Limited	Shop No C-29, Karnal, Karnal Alpha Intl City, हरियाणा	India
S3-96036271	Jeri'S Frontier Fitness Central	23-27 Ponderosa Dr, Syracuse, New York	US
S3-879688889	Juniper Bérkley,	29508 Ship Builders Dr, Seaford, Delaware	US
S3-148895274	Keque Blue Emera  LP	00486 Howe Hill Road, Grenewood, Maine	US
S3-891626766	Apex Consultancy Private [Limited]	867 Ground-floor G-1, Domjur, 296/1 G.t.road Belur, Bally, পশ্চিমবঙ্গ	India
S3-838486566	Orthopedic  Group	125 Utley Creek Ct, Holly Springs, North Carolina	US
S3-105263451	Royal  Creative	61 Burch Rd, Queensbury, New York	US
S3-378551672	Vision-Medicine-LLC	Greyrock Ter, NULL, Irvington, New York	US
S3-136675280	Ciralyra doing business as Raj Technologies Private Limited	Plot No 11 Ramdev Estatephase-Iv Gidc Vatva, Ahmedabad, Gujarat	India
S3-507578619	Campus & Brothers Phiavte  Limited	C/o Shiv Pal Singh, S/o Shri Mehtab Singh Krishna Nagar, Bharthana Road, Etawah, Etawa, UP	India
S3-458988960	Cheshire Ndwrgoks Inc	#195 Crossland Ln, Winchester, Tennessee	US
S3-836927959	RANDOM CHITS PRIVATE LIMITED	Trichur, No Vi/448vatanapally Panchayal, Keralam, Thrissur	India
S3-723406086	Duncan [Boutique]	2512 Flora Street, Dallas, Texas	US
S3-404204526	C 7 Prered (Gss)	1206 18th St, Terre Haute, Indiana	US
S3-199665712	Robinson Future Select [Inc]	Brockton, Massachusetts, 4 Thomas Street	US
S3-81892603	Jai Public [School]	406, Snehlata Ganj, MP	India
S3-498867067	Bm  Public School Holdings	2 C/o Sri Uday Shankar, 607, Rukanpura, Tilak Nagar, Phulwari, Urmila Kunj, BR	India
S3-260366126	Bhoomiputra Nidhi  Pvt Limited	Jang Bahadur Pure Bhikha, C/o Yogendra Bahadur, Raebareli, Unchahar, UP	India
S3-211882578	Seventh (India) Industries (Private)	Sr.no.8-137, महाराष्ट्र	India
S3-608740521	Golden Clean Tir Corp	187 Harmony Hill Dr, Union, Kentucky	US
S3-748301268	Barrineau, Kirby, Esq., (PC)	10117 Parma Ln, Manor, Texas	US
S3-295478667	Nouvelle-Hospital Prívate	DL, West Delhi, H.no 333 Wz-g-9uttam Nagar School Road	India
S3-862789788	IK Manufacturing Infratech Private Limited	KL, Malappuram, 16/594-D, Fathima Building Kuttippuram Road, Valanchery, Malappuram, Malapuram	India
S3-905910189	Ariaavi fka Great Initiative	1626 Winford Road, Baltimore, MD	US
S3-999637845	Bettina Thomas Hárbor Summit Corporation	155 Redstone Hill Road, Bristol, Connecticut	US
S3-371292760	Thea Ortiz Invesco Ltd	50-D Poplar Saint, Islip, New York	US
S3-354096900	OZ Snow LLC	28010 Hollyfare Dr, Katy, PMB 6914, Texas	US
S3-369130400	Turner Oceanhawk Uptown LLC	18 Wards Hill Road, Maine, Gorham	US
S3-712441242	SHORES HOLDING HOLDING COMPANY INC.	1739 Kimberlin Road, Rural Retreat, Virginia	US
S3-729932	Bellinger Hospital Animal	# 2, Chestnut Place, Massachusetts, Ludlow	US
S3-341396567	Goetz and Isidoro	##2660 Bullock Road, # 108, Medford, Oregon	US
S3-714994003	Yashasvi  Avenue Private	D No. 16-289/1, Operation Colony, Arilova, Vishakhapatnam, AP	India
S3-879599711	Creative Summit Otg	160 Bradley St, SACO, Maine	US
S3-32634960	Shyam  Foundation Private Limited		India
S3-509442398	New Delhi Techn0logies Private Limited		India
S3-6638882	kati bennet trading whitestown	2395 90, Whitestown, New York	US
S3-429776213	The L 7 Reliable Starlink	1350 3900 Road E, # 231, Saybrook, Illinois	US
S3-976681859	NWG Value  Private	No 087 Satghar Morsand, Sitamarhi, BR	India
S3-963079339	Cherry's Stár Coffee	North Carolina, 318 Glenkirk Pl, Garner	US
S3-447961633	Lp Purchase (India) Pvt	Limitzone Micro Exhibitions, Door No. 40/2786 C5 2 K.p.g Enclave, Broadway South End, Kochi, KL	India
S3-282015823	Delira Hospitality	262 Main, Unit 0, Kingston, Illinois	US
S3-304243746	Lakeside Colonial Holdings Gertie's	9 4nd St, Dulce, New Mexico	US
S3-889312836	Professional Robotics Harbor,  LLC Service	3234-D Dothan Lane, Texas, Dallas	US
S3-190135542	Devun Priya Private	DL, Bf-50 (Kh. No. 1418-1431), South West Delhi, Village Asola, South West Delhi	India
S3-954711163	Shri Sunrise Infrastructure Automobiles Private	23, Bonfields Lane, 2Nd Floor, Kolkata, Howrah, WB	India
S3-393744173	Bombay Exports Private	24, Whites Road, Royapettah, Chennai, TN	India
S3-607216229	Mellisent Gilbert Best Inflection (LLC)	226, Bakersville, North Carolina	US
S3-50545424	Oncologyspecialists.Com	14290 Oldfield Avenue Ct, Oak Park Heights, Minnesota	US
S3-269888656	Chiropractic Care Associates Limited	02404 L, Brooklyn CITY, New York	US
S3-460045321	Jai Cglee Infratech Private Limited	H.no. G-133/173- A, M Block, Kidwai Nagar, Kanpur Nagar, UP	India
S3-510778048	The Bright American Treasury LLC	210 Tamarisk Circle, Suisun City, California	US
S3-81161554	Anderson Assets  LLC	Rio Rancho, 1313 Desert Ridge Drie, New Mexico	US
S3-565165190	Holdings Clean Ace Futare	1094 Granite Dr, Bedford, Virginia	US
S3-496785125	Baba  International	Door No 1 Grd Nityanand Nagar, Matunga Labour Camp Dr Babasaheb Ambedkar Road, Matunga, Mumbai City, MH	India
S3-903416633	Pediatric Express Care Llc	6795 Landriano Place, Rancho Cucamonga, California	US
S3-113462535	creative diagnostic union inc	549 Blohsomhill Ln, Cincinnati, Ohio	US
S3-60787735	Copper Solutions Pvt [Limited]	A-6-50/1 Vinayak Nagar, Nalgonda, Suryapet, Andhra Pradesh	India
S3-8241507	फ्यूचर एग्रो प्रा. लि.	C/o Bhaskarrao Shrimantrao Kawde House No 128/2 Vaijoda Partur, Jalna, महाराष्ट्र	India
S3-678683280	>> First  Consultants Private [Limited]	M0-07, Bangalore, Bangalore South, KA	India
S3-203889100	Diannne Sútherland, Ph.D.	235 Ridge Road, Little Neck, New York	US
S3-80323204	Daify LLC	05768 Greenbrier Court, Brownsburg CDP, Indiana	US
S3-553961643	Jackson	1743 Monroe City Road, Vincennes, IN	US
S3-6605683	Metropolitan Holdings Inc	00524 Marlowe Road, Raleigh, North Carolina	US
S3-786009122	Calovera One fka Kns Value (India) Care	D No.15, 4B, Sreevatsa Swagat Apt Patel Road, Ram Nagar, Coimbatore, Tamil Nadu	India
S3-302901311	Innovative Engineering Private	3A, Indore, MP	India
S3-259154367	M/s Basera Advisors  Group | www.baseraadv.com	H.no 8St. Floor, 2 (Hall), Cp-6, Nishitm Plaza, Sector-e, Lucknow, Hardoi, उत्तर प्रदेश	India
S3-465433588	Shri VIJAY SOLUTIONS GARMENTS PRIVATE LIMITED	Word No.28, 9, Psd-a, Gharsana, राजस्थान	India
S3-859229358	Leonelle's Elite Nails (Inc.)	3144a 59nd Ave, Oregon, Portland	US
S3-8222959	Colonial Learning Center Partners	20716 Chapman Rohd, Shewrood, Oregon	US
S3-703821326	Chandra Private Ashoka Limited	Block D-524 At Lane No.- 6, Vijay Nagar Post - B.v.college, Patna, BR	India
S3-988710395	harbor interests inc	1252 Jefferson Ave, Cottage Grove, Oregon	US
S3-811855637	Oncology Partners	710 Pulitzer Ln, Allen, Texas	US
S3-257771188	Apex Food, LLC Services	1154-1156 Edgewood Drive, # #8, Town Of Easton, Wisconsin	US
S3-829490404	Maa-Power Solutions Private Limited	B-00206, Big Splash, Sector 17 Vashi, Thane, MH	India
S3-896227623	Bombay बाबा Marketing Private Limited	Plot No 1 Mukhitar Singh Marg Astal Colony Village Bawana, New Delhi, North West, DL	India
S3-987949855	Southern பவர்		India
S3-918994922	Stevana Price, P.A.	158 Mill Street, Verona, Ohio	US
S3-948392473	Urbanbookstore.Com	35 Lindsley Ave, # 110, Nashville, Tennessee	US
S3-977086194	Six Consultancy Infratech Private Limited	Building No 58, S/f Panchkuian Road, Cannaught Place, Central, Delhi, DL	India
S3-568617496	The Mesa Community Center	MSA, Arizona, # 112, 035 Ellsworth Road	US
S3-362638952	Main Street Deli Partners	113 Oak Tree Avenue, Unit APT, Oklahoma, Norman	US
S3-192817070	Vanguard L.L.C. L.L.C. Service	4331 Lovers Lane, Trappe, Maryland	US
S3-780880539	Sri Big Estate-LLP	Sabarkantha, #01- Shamlaji, GJ, Idar, Block, Bhiloda Aravalli	India
S3-585013024	Pirvaote Life Connect [Limited]	H.no 10, Bengaluru Urban, KA, (Old No.200), Pid No 98-64-10, Hebbal Gangenahalli Extention, 10Th Cross, Cbi Main Road, Ganganagar, Bbmp Ward No.98, Bangalore	India
S3-38557301	Dovadovadrex formerly known as Satterwhite and Massengill PLLC	14 Harrison Avenue, Clarkstown, NY	US
S3-725340910	Nale All Made  Corporation	2047 Parnevik Place, Conroe, Texas	US
S3-891618576	Red Builders Private (Ltd)	10, Kandivali West, Mumbai, महाराष्ट्र	India
S3-479249803	Smt Skill Infra (India) Private  Limited	22-11-476, Mangalagiri, AP	India
S3-619115665	Shivkripa-Development Private Limited	&12-7-4/1&2, Hyderabad, TG	India
S3-848775859	ग्रीन ट्रेडिंग प्राइवेट लिमिटेड	T-39, Mayur Tower Neharu Bazar, Jaipur, RJ	India
S3-397757727	Lower Plréeciison	120 Dale Street, South Saint Paul, Minnesota	US
S3-211164327	HD Onfolio Inc.	3946-C Marks Pl, Texas, Ft Worth	US
S3-931454338	Hyderabad Infra	Hyderabad, F No. 206, Hyderabad, TG, Sirisha Apartments 8-3-318/21/206, Yellareddy Guda	India
S3-761438523	Urology of Highland Service	92 Highland Cove Dr, Hardy, Arkansas	US
S3-284546096	Nimit Enterprises Ltd	604 Wing B, Mumbai, MH, Windsor Court, Raheja Reflections	India
S3-301461097	Al Macrktig Pvt Ltd		India
S3-518679355	Shree Cnsisltans Clinic	Sector 29, Jhajjar, HR	India
S3-102566645	Lacson Thayer  South,	2786 Arizona Avenue, Unit 2038, Chandler, Arizona	US
S3-136499130	Safe [Jáckson] | www.safejck.com	24 Alice Ln, Amston, Connecticut	US
S3-693248863	Uptown-Dirr!	1163 Oak Ln, Mntgomery, Texas	US
S3-718581280	Saint Catholic Church Holdings	10 Parwood Dr, Buffalo, New York	US
S3-12915038	Construction Sigma Nidhi Infratech LLP	C/20 Third Floor, Nawada Extension, New Delhi, West Delhi, DL	India
S3-339046680	Lumzeta	Madhyapara, Jagannathpur Dankuni, South Bengal Region, Hooghly, WB	India
S3-716834820	लक्ष्मी बिजनेस हार्डवेयर प्राइवेट लिमिटेड	512 Raheja Chambersfree Press Journal Rd Nariman Point, Bombay, Mumbai, MH	India
S3-532691427	शक्ति सॉफ्टवेयर प्राइवेट लिमिटेड	H. No. 208, Manur Tq. Vaijapur, Aurangabad, MH	India
S3-577079257	Holdings Mccoy Engineering	353 Spring Street, Bloomfield, Indiana	US
S3-91294893	Dr Sre Bfimeuls Private Limited	8/1C Palm Avenue, Kolkata, Howrah, WB	India
S3-833134140	Vivianna Glass, MD Ltd Ltd	1971c 150rd St, Rudd, Iowa	US
S3-775274701	Midwest Program LLC	1502 Grant Avenue, Indianapolis, Indiana	US
S3-551271002	Urban Nails	Wilson Pike, Brentwood, Tennessee	US
S3-797756565	Secunderabad  India Pvt. Ltd.	502, Samruddhi Enclave, Ravindra Nagar, Secunderabad, Hyderabad, TG	India
S3-773061119	ஸ்மார்ட் எக்ஸ்போர்ட்ஸ் பிரைவேட் லிமிடெட்	315/D5 K.p Road, Nagercoil, Kanyakumari, TN	India
S3-14718400	Day, Marsh Marsh & Stone Fortunex L.L.C.	1244 Americana Lane, # 1606, Mesquite, Texas	US
S3-182906686	Kaveransh Clinic Services	Urmi Estate, 11Th Floor, Ganpatrao Kadam Marg, Delisle Road, Bombay, MH	India
S3-77329533	XD Allied	34137 Eureka Avenue, Yucaipa CDP, California	US
S3-538777867	Patri0t Project Downtown	3022 Althea St, Mckinney, Texas	US
S3-104260598	Universal Services Prfviate Limited	6/170, Saravana Poyka, Madathuvilakam Perukavu P.o., Malayinkeezhu, Thiruvananthapuram, Thiruvananthapuram, Trivandrum, കേരളം	India
S3-899583090	Highland Inc Center	302 47th Street, Unit #A7, Tacoma, Washington	US
S3-10942321	Porus Wold Company	Dakshn Rampur, Dakshin Rampur, Jalpaiguri, WB	India
S3-560122693	આલ્ફા ફોર્ચ્યુન કન્સલ્ટન્ટ્સ પ્રાઇવેટ લિમિટેડ	No 313, Aklacha, Mhemdabad, Kheda, Mahemdavad, Mehmedabad, GJ	India
S3-536959514	Lee  All Tsakos Inc	Illini St, Phoenix, Arizona	US
S3-783906913	Mountain Prairie Beijing LLC	001070 74, Ellenboro, North Carolina	US
S3-534662788	ರಾಮ್ ಬಿಸಿನೆಸ್ ಪ್ರೈವೇಟ್ ಲಿಮಿಟೆಡ್	Door No. 2-12 A1a, Mezzanine Floor, Gsj Royale Apartment, Udupi, ಕರ್ನಾಟಕ	India
S3-924461236	NL Facility	19Th, 7Th Cross, Rangadasappa Layout Bannerghatta, Bangalore, KA	India
S3-444600693	M/s shiny medical centre private limited	6C Short Street, Calcutta, WB, Kolkata	India
S3-957756328	Salasar Holdings	1- 15 - 2, Arihant Majestic Towers Jawaharlal Nehru Road, Koyambedu, Chennai, தமிழ்நாடு	India
S3-35900036	LAXMI TECH EXPORTS PVT LTD	दिल्ली, South West Delhi, B-72/73	India
S3-637595241	Urology Cere Ltd	963 Calypso Lane, Virginia Beach City, Virginia	US
S3-282386312	गुरु एस्टेट प्राइवेट लिमिटेड	A-2/99, 2Nd Floor, Near Hastal Road Gurudwara, Uttam Nagar, New Delhi, West Delhi, DL	India
S3-682142621	ONE HOSPITALITY LLP	Plot No.12a, Oil Mill Road, Ashok Brindavan Nagar, Iyyappanthangal, Tiruvallur, Chennai, TN	India
S3-517654841	Snyder & Martinez Emerging	#735 3 St, null, Brooklyn, New York	US
S3-289677596	Orbihalo DBA: Great Highland Kimco LLC	Springfield, 725 Allen Street, MA	US
S3-325999314	Hollenbeck Reliable LLC Northside Joint	59 Fox Street, Hubbard, Ohio	US
S3-400079254	Familycareassociates.Com	904 Main St, Blackwell, Oklahoma	US
S3-400680910	Weldonsciencewayland.Com	Wayland, 0101 Lackawanna Street, New York	US
S3-975051187	Shepherd And Katzan LLC	3 Palmetto Drive, Wrightsville Beach, North Carolina	US
S3-184811928	A Legacy A1ussa	11239 Sixth St, Bridgeville, Delaware	US
S3-886815845	odo greentech pvt. ltd.	Second Floor, Sector-31, Gurgaon, Dlf Qe, 119, HR	India
S3-240414259	Bay Capital Corp	1110 Willow Creek Dr, Leander, Texas	US
S3-306170136	Stride Law Chambers Enterprises	Door No 7 C/o Gour Sarkar Uttar, South 24 Parganas, Vip Nagar, WB	India
S3-800422479	Kániagerkenpiedmont.Com	207 2th Street, Lacroosse CDP, Washington	US
S3-123694229	Public Kedia Engineers Limited	78, Kasi Estate 2Nd Street Jafferkhanpent, Chennai, TN	India
S3-748452890	L 7 P Sés Inc	130 Dunlap Rd, Florida, New York	US
S3-401809170	Kameshwari Charitable (Trust)	K 0127/168/172, Satti Bazar Barabanki, Nawabganj, Barabanki, UP	India
S3-197093940	Kv Star Private  Limited	10A/11, Vrindavan, Rai Bareli Road, Lucknow, UP	India
S3-967797308	Beane	Tuscaloosa, 1412 41st Avenue, AL	US
S3-180062010	Beus Inc. Center		US
S3-112379453	Allied  Institute Partners	Mcadenville, 203 Main St, North Carolina	US
S3-306897876	Slate South, Inc	#2 Fox Hollow Road, Brookhaven, New York	US
S3-970685075	highlandministriescom	7746 Duncan Gap Rd, Wise, Virginia	US
S3-310758212	Diana's Hospitality	208 Atcley Apartments, Maryville, Tennessee	US
S3-447768533	Warren Capita1 Urban LP	2206 189rd Street, Omaha, Nebraska	US
S3-439655728	Shiv Leasing Industries  Private	Birbhum, No 28 C/o, পশ্চিমবঙ্গ	India
S3-988483404	Mcgehee  And Kendall Advisory	9316 Judge Carden Boulevard, Crestwood CTY, Kentucky	US
S3-780118815	Quocalo fka Pro Developers Company	01St Floor, Icc Chambers I, Saki Vihar Road, Powai, Mumbai, Mumbai, Maharashtra	India
S3-461388509	North LLP  Partners	553/11, Bangalore, KA	India
S3-210818742	Nagarkar (India) Tarini  Private	C/o Madhukar Baburao Dere, Kavathe, Tal- Wai, Satara, MH	India
S3-49672113	Martinez, Harris & Guevara Llc	907A Inler Ave, Lubbock, Texas	US
S3-304581702	Hema Córporate Pvt Ltd	No 3/160, Coimbotore, Tirupur, TN	India
S3-918357967	Gulmohar Park Park Marine Limited	B-102, First Floor, Gulmohar Park, New Delhi, DL	India
S3-393484059	Advanced Inc Services	223 Monument Hill Trail, Georgetown, Texas	US
S3-605495109	Silver Cafe! ((Partners))	Fort Mill, 716 Woburn Abbey Dr, South Carolina	US
S3-980152742	Garcia,  Fergus0n & Meadows PLLC	10625 Bunclody Dr, Charlotte, North Carolina	US
S3-722381828	United United Partners Northside PC	11615 19th Ave, Spokane Valley, Washington	US
S3-659206129	Prigfaete Sag Constructions (India) Ventures Limited	16-14-298/5, Srihari Nagar, Revenue Ward No 16-Iii, Nellore, AP	India
S3-275360323	Kanakdhara Gee Enterprises Private Limited	#8-2-293/85/Pn/Plot No.197 Road No.72, Jubilee Hills, Hyderabad, TG	India
S3-75056814	Vision Associates Of (Portsmouth)	#4748 Dehner Street, Portsmouth, Ohio	US
S3-190596250	vvk charitable trust	Plot 393 H No-11810, Gali No-6, Tf, Sat Nagar, Karol Bagh, New Delhi, Central Delhi, DL	India
S3-452675423	A Cure 6 IT	89-21 78 Street, Woodhaven, New York	US
S3-69244699	बिग ग्लोबल जनरल प्राइवेट लिमिटेड	Door No 6-10 Hilton Bldgshastri Nagar Off J P Road Andheri West, Bombay, Mumbai, महाराष्ट्र	India
S3-561696284	Tibrium Tibrium Enterprises LP	6190 Tyrnbury Dr, Lisle, Illinois	US
S3-951624052	Literacy Society LLC	23429 Wier Ave, Buckeye, Arizona	US
S3-771434219	Hua Union Incorporated	256 Shayton Pass, Gallatin, Tennessee	US
S3-742928330	Xylofaye	782 Broadway, Yonkers, New York	US
S3-979235298	Vance Supreme Two Southside	1363  84 St, Brooklyn, New York	US
S3-72624380	Uptown Seafood	1501 Woodspath Ln, Columbus, Ohio	US
S3-971943018	Family East Foundation	1893 Main St, Newinton, Connecticut	US
S3-489622890	Hasse [Fashion]	364 Goodhill Rd, Wetson, Connecticut	US
S3-346784486	Beth Cathedral Federation	Texas, Rowlett, Remington Dr	US
S3-829024295	Bruce Legacy Pearl Inc	22 Rim Road, Ilfeld, New Mexico	US
S3-58442757	JJ Wellness	Stamford, Connecticut, ##16 Vincent Avenue	US
S3-940750099	zionconsolidated.com	#1548 9, New York, Wappingers Falls	US
S3-968476116	Private Amika Infotech Límited	B-1/a24- Mohan Co-operativeindustrial Estate Mathura Road, New Delhi, South Delhi, DL	India
S3-256301825	Holdings Smith Four	1506 Meadow Ave, null, Middletown, Ohio	US
S3-738588591	Lira Security Services	7830 Ridgeside Lane, FT.W AYNE, Indiana	US
S3-787353706	Private Hitech Infrastructure Ltd	G-2 Parth 14, Panchnath Plot, Rajkot, ગુજરાત	India
S3-833085447	The Wacker,  Landeros and Boylan Trust Inc	760 159th Street, Puyallup, Washington	US
S3-490973637	Dr Global Efseddt Exports	#133 118, New Delhi, Central Delhi, DL	India
S3-506388347	Nesta's Superior  Environmental Services	04720 Shannonhouse Drive, <NULL>, Raleigh, North Carolina	US
S3-833884099	FY  Technologies Private Ltd	Flat No-c-16, Lucknow Hq Region, Gf, Dundahera, Saviour Street Plot C-03, Ghaziabad, UP	India
S3-96513872	Carlynn Alumbaugh Quality-Hall Clinic		US
S3-325154278	Smt Prime Solutions Pvt	F/c-d/9, First Floor, F/p, Shaheen Bagh, Abul Fazal Enclave-ii, Jamia Nagar, New Delhi, South Delhi, दिल्ली	India
S3-532479968	Armstead LLC Center	4103 Melissa Drive, Farmville, North Carolina	US
S3-390090152	Juniper Center	5 Ridge Square, Washington, District of Columbia	US
S3-469798068	Southern ಇನ್ವೆಸ್ಟ್‌ಮೆಂಟ್ ಲಿಮಿಟೆಡ್	H.no 110, 03Rd Cross, Basaveshwara Layout, Hbs Near Bts Garage, Bangalore, Bangalore North, ಕರ್ನಾಟಕ	India
S3-37104459	Saia, Saia, L.L.C.		US
S3-98088570	cancer foundation	33 Station Plaza, Great Neck, New York	US
S3-26161361	Future Private Limited Center	No 5-6-510/4/12319Hyderabad Road, Andhra Pradesh, Nizamabad, TG	India
S3-46768096	Travel Private Limited Center	Village Dhakulizirakpur Distt Patiala, Punjab, Amritsar, ਪੰਜਾਬ	India
S3-15177093	Fresh Liivng Central	Benton, 604 1/5 1st St, Illinois, NULL	US
S3-761966080	2865 Third St  Realty Coastal LP	Springfield, 388 Cooley Street, Massachusetts	US
S3-898251122	Harvey Xii Ccpyreoss of	Timber Cliff Ct, Cypress, Texas	US
S3-451480230	Ganpati Clinic Group Pvt Ltd	8-2-293/82/A/374, Road No 10, Jubilee Hills, Hyderabad, తెలంగాణ	India
S3-343956325	Va1ley Council Ltd	101 Round Hill Rd, Northampton, Massachusetts	US
S3-593749288	Children's  League Partners LLC	914 23rd St, Independence, Missouri	US
S3-656934246	Rizavantage One D.B.A. Golden Tavern	4511 Firewheel Drive, Garland, TX	US
S3-914686483	Holdings Polly K Carver, DO	2121 Melanie Ln, # P, Marion, Illinois	US
S3-109335189	WP Ridge Safe Inc. (ID: 22383)	350 Sunset Ridge Dr, Crossville, Tennessee	US
S3-463723999	Dr Embassy Media Industries Pvt	#318 Shig 1 Street Manchester Street, Noida, Gautam Buddha Nagar, UP	India
S3-80888417	Haloonyx DBA Pediatric Care	6790 Silversteen Road, Lake Toxaway, NC	US
S3-564535893	brooks colonial studios inc	232 Lake Saponi Drive, Barboursville, Virginia	US
S3-126982322	Private Chennai Solutions Limited	Kanchipuram, TN, No 147, Ground Floor, Nanbargal Nagar 3Rd Street, Poonamallee, Chennai, Chennai	India
S3-210476563	[Llc] East Hea1th Center	0044 Brentwood Dr, Wolcott, Connecticut	US
S3-765275693	#8 Services	22 Fox Street, Village Of Mukwonago, Wisconsin	US
S3-548783787	ବିଗ୍ କନସଲଟିଂ Limited	Flat No.-##104, Bhubaneswar, Orissa	India
S3-417218868	Sweet Cleaning Setrve Group	# 6, 109 Main St, Massachusetts, Charlestown	US
S3-380295664	Martinez Sunstone  West Inc	1209-1211 Maryland Ave, Canton Township, Ohio	US
S3-699643086	WUC Chemicals Private [Ltd]	Bangalore Rural, Sreevari Heritage, Bangalore North, KA, No ##204 2Nd Floor	India
S3-401540298	Wexjax formerly Horizon Mountain Securities LP	1151 Washington Street, Dubuque, IA	US
S3-803003378	Prívate Star Enterprises Limited	Plot No.78 Gata No. 662, Lucknow, Behta, उत्तर प्रदेश	India
S3-459705885	Pune Growers Prívate Limited	No 808 S.no.19a/3b Office No.62 A Wing K K Market- Dhankawadi, Pune, MH	India
S3-7812561	Meneses International L.L.C.	201 70th Street, Capitol Heights, Maryland	US
S3-960702922	GFH Mangdeoent LLP	Andhra Pradesh, Door No.8-2-293/82a/224., Hyderabad	India
S3-753125827	India Amkay Hotels Group Holdings	Sakar Iv Opp Town Hall, Nr Sanyas Ashram Ellisbridge Ahmedabad, Hn 5-23 104, Ahmedabad, ગુજરાત, Ahmedabad	India
S3-4573520	Martimo, Binnie Eye Care	2441 Rio Drive, Bullhead City, Arizona	US
S3-105959407	Zephola Wireless-Limited	185 Main Street, Unit 14, Peebles Township, Ohio	US
S3-913436639	Heritage Motors L.L.C.		US
S3-545952334	अरिहंत स्काई फूड्स प्रा. लि.	Ludhawai, Bus Stand Ke Pass, Nh-21, Jaipur Road, Bharatpur, राजस्थान	India
S3-888210673	Meon	9 Colony Drive, Islip, New York	US
S3-405553422	Parama (India) Pressing	MH, Ahmednagar, Plot No. L - 121	India
S3-709021698	Shree Products LLP	Shop 7, 8, 9, Shubh Complex, Whc Road, Dharampeth, Nagpur, MH	India
S3-500910721	Kaverikaestate.Com	House No 289/290 B, Indore, MP, Shree Nagar Extension, Indore	India
S3-610402578	PRIVATE PRANAV TECHNOFAB LIMITED	No.3c, Saravanampatti, Coimbatore, TN	India
S3-308631150	Good Nh Energy Private Limited	Howrah, 002A, Kolkata, WB	India
S3-94880110	Davis Federal Chenghe Inc.	3824 Timber Ridge Rd, Midlothian DP, Virginia	US
S3-762825829	-- Board  of Houstieng	7708 Transition Way, Elk Grove, California	US
S3-431503485	optimus strap pvt ltd	Plot 476/5 401, Swamini Complex Near, Sumangalam Co Op H Soc., Ahmedabad Hq Region, Ahmedabad, GJ	India
S3-39022747	The Newcomer  Commodity	1793- Oshea Road, Homer, New York	US
S3-421946310	Metropolitan Genesis	20600 Kearney Path, Lakeville, Minnesota	US
S3-125572762	Karlen Jones Cornerstone (Abrdn)	##8850 400, Scipio, Indiana	US
S3-70704068	DEJESUS BIRACILIK	Texas, 14659 Coffee Ln, Scurry	US
S3-240930945	Fayesyn F/K/A All Dynamic Telecom LLC	502 Stanton Street, Streator, IL	US
S3-189240583	Woods Select Inc Service	9409 Lockwood Avenue, Skokie, Illinois	US
S3-999893341	राज एस टेक	796, Street No.-06, Arakashan Road, Pahar Ganj, New Delhi, DL	India
S3-966369596	Colonial LLC Lifeco	6324 Leona Avenue, Chicago, Illinois	US
S3-437158071	msbrothers.com	No 141 Kabi Sukanta Sarani Hridaypur, North Twenty Four Parganas, Parganas North, WB	India
S3-946323575	Desert Inc Institute		US
S3-736041086	Chester  Cardiology Inc	6414 Brightwood Dr, Memphis, Tennessee	US
S3-274369307	রেড টেক প্রাইভেট লিমিটেড	Plot 0825 37/B/6, Jheel Road Garfa, Howrah, Kolkata, WB	India
S3-494118563	(LLC) Value Safe Automobile of Louisville	##300 Gorgas Street, Louisville, Ohio	US
S3-592073516	Children Producer (India) Corporation	24-A, Vimleshwar Society Near Balaji Hospital, Subhanpura, Vadodara, GJ	India
S3-330036890	Complete-Products Inc. Center	311 Appleby Schol Road, Cambridge, Maryland	US
S3-628525936	Red-Bike	034817 Watkins Saint, Tonopah, Arizona	US
S3-408212372	Urban  Investments Private Limited	Sco-3, 1St Floor, Bhagwati Tower Kunjpura Road, Karnal, HR	India
S3-961058678	Gwyneth Flores-Genetics Inc	Saint Cloud, Minnesota, 1027 5 Avenue	US
S3-201614402	Ramirez Vanguard Ralty Inc	1 3rd St, Fosston, Minnesota	US
S3-896638301	Womens Health Specialists Group	2093 State Hwy 185, Texas, Seadrift	US
S3-826881212	Great	113 Mill Valley Way, New Market, AL	US
S3-604536112	M/s Galaxy Solutions Pvt Ltd	24- Arikupurath (H), Memmugham, Muvattupuzha, Ernakulam, KL	India
S3-30824703	Kader Renewables Inc (Service)	305 Pine Street, Montana, Manhattan	US
S3-311526271	Lucky Mccartney  8est Briacell Inc	3312 51st St, Minneaolis, Minnesota	US
S3-409122108	Pacific Educational-Siohya	Ahmedabad, Dholka, 402, GJ	India
S3-262158504	Solmira DBA Eastern (India) Mill Group	58, Waker Jai Near G R Movers, Shahjahanpur, Uttar Pradesh	India
S3-82016851	Global Investments Inc	1601 Latch String Ln, Hatfield Township, Pennsylvania	US
S3-728602891	Gold Developers Traders Private Ltd	Plot No 505, Matrusri Cooperative House Miyapur, Medchal Malkajgiri, TG	India
S3-31702339	OTHMAN MINISTRIES VI	NULL, 2141 Enterprise Street, Illinois, Springfield	US
S3-145119058	Interstate Aftomcotiev (Holdings)	711 Lataste Dr, Oxford, Alabama	US
S3-429779063	greenpattana.com	Bay St, Staten Island, New York	US
S3-454085095	City Infotech	Bangalore North, Layout 1, Bangalore, Karnataka, No - 44 Annapoorneshwari	India
S3-130700672	બાબા ડેવલપર્સ એલએલપી	No #46 City Cntre 2Nd Floorc G Road Narangpura, Ahmedabad, ગુજરાત	India
S3-468795691	Classic-Soulpower (LP)	1326 Columbus St, Wabash, Indiana	US
S3-861155049	Marshall, Mccabe and Hérnandez LLC	173 Wilson Ave, Youngstown, Ohio	US
S3-11263883	R0sie's Skin Care	410 Citadel Street, Gahanna, Ohio	US
S3-150068856	Eco (India) Ltd Center	F-04 & 05 Triveni Commercial Complex Sheikh Phase-i, New Delhi, South Delhi, DL	India
S3-99505923	Empire-Choice LP Services	1210 Stout Acres Road, Ramseur, North Carolina	US
S3-979234382	Mountain Society	267 Adams Ave, Columbus, Ohio	US
S3-379984324	>> NBX Reliable Rent Inc	80 Church St, Bedford Hills, New York	US
S3-406009851	Berman, Marley Ridge Health Inc	222 Ridgecrest Drive, Beaver Dam, Kentucky	US
S3-112942354	M/s Shree Management Steel Private Limited	#811 U-137, First Floor, Satyam Building Shakarpur, Delhi, East Delhi, DL	India
S3-502689640	Miko Innovative Minerals Incorporated	6 Vista Ter, Avon, Connecticut	US
S3-960875960	limited aditya it	1081/1, Calicut, Kozhikode, കേരളം	India
S3-60189393	Hea1th Anchor Society LP	17 Midway Drive, Binghamton CITY, New York	US
S3-659963286	Thornburg and Surratt Group	43 Boggs Farm Ln, Warren, Maine	US
S3-390731898	Armstrong, Tse  & Duran Inc	3076 Woodruff Creek Dr, Sherwood, Arkansas	US
S3-354910039	M/s Green Civil (India) Private	Plot-85, Mumbai, MH	India
S3-177049334	New Sérvices Private Limited	3Rd Floor, Squareindia Enclave, Msn Colony 3Rd Lane, Ring Road, Vizianagaram, AP	India
S3-991515305	Curry Ingram Outdoor	218 Allyn Ave, Ontario, California	US
S3-234114420	Physical  Therapy	7900 Thoennes Ln, Parkers Prairie, Minnesota	US
S3-550958304	Miraaria	Unit No.19, 3Rd Floor @ Aeromall, 333, Domestic Airport, Pune International Airport Area, Lohegaon, Pune City, Pune, Maharashtra	India
S3-838891953	Laon-Resilience Laon-Resilience Holdings	64 Jay Saint, Stony Point, New York	US
S3-436725377	Ohara, & Gatling Kérrigan	240-A Aldeburgh Ave, Spring Hill, Tennessee	US
S3-551580447	Dynamic Mrakeiting  Private Limited	30/164, Bazar No - 03, Kamaal Ke Kue Ke Pass, Bhilwara, राजस्थान	India
S3-412607073	Coastal Galaxyedge  North	1405 Kenmore Avenue, Fredericksburg City, Virginia	US
S3-164359106	Figx Partners	2325 32nd Street, Montana, Billings	US
S3-114276926	Wei1and Jessup & Hill Osisko	208. Cadiz Mill Road, Cadiz, Kentucky	US
S3-376509191	Northern Animal Hospital PLLC Foundation		US
S3-935434047	Msj Cnsulacny	#9 Karpagam Street Duraisamy Nagar, Madurai, Krishnagiri, TN	India
S3-825609831	Beth (Cathedral)	09 Bunns, North Carolina, Zebulon	US
S3-179738152	Gujarat Limited Private Developers	34 60, Tiruchirappalli, TN	India
S3-995040589	BI6 HIGH MANAGEMENT LLP	Door No A-7, Pune, Dhanori, MH	India
S3-738431506	Primary  Care Classic	57908 Somerton Highway, Barnesville, Ohio	US
S3-434491965	M/s Smart Foods Pdrivaet  Limited	00 Kachchi Masjid Salon, Kachchi Masjid, Raebareli, Raebarely, UP	India
S3-331595551	Leify Inflection LLC Service	260 Emerald St, Minneapolis, Minnesota	US
S3-26331081	Marianna Innovative Jaws,	1904 73, Marianna, Florida	US
S3-564043019	MD Foodstuff Private Ltd	House No. ##844 Sector 37, Faridabad, HR	India
S3-523695838	Private Sun P0wer Ltd	Door No 113/1 F-1001, Jewel Of India, Opp. Jaipur Stock Exchange, Jln Marg, Malviya Nagar, Jaipur, RJ	India
S3-898310857	supreme safe holdings	410-C Morgan Lane, N/A, Falkville, Alabama	US
S3-182177107	Horizon Group Services, Talent	1925 104th Avenue, Mokena, Illinois	US
S3-506284920	ગુજરાત હોસ્પિટાલિટી	H.no 1033/B, F.p No 157, Central Bazzar, Mini Bazzar, Varachha Police Station, Tps-4, Surat City, Surat, GJ	India
S3-587791501	Shri Specia1ist (India) India Limited	Vill- Asma Po- Bhoudgali, Nawada, BR	India
S3-78040928	senacharitabletrust.com	Plot No.17 Dwarakapuri, Nagpur, महाराष्ट्र, Shivaji Nagar Nr Pande Ho	India
S3-57657886	fresh tattoo	1964-1966 Highway 279, Owensboro, Kentucky	US
S3-863237476	Business C1oud Union Group	Iowa, Mason City, 916 Tyler Avenue	US
S3-312442869	Sri Unique Power Pharmacy Private	#259 By 64 Nehru Corss, Lucknow, UP	India
S3-444730740	Limited Harmony Sons Private Center	Shop 4, Mumbai, Mumbai City, महाराष्ट्र	India
S3-81212547	Cardiology Cntfager LLC	##1354 292, Holmes, New York	US
S3-800499462	Strategic Anchor Wilco LLC	415 1/2 Northfield Boulevard, Tennessee, Unit A11, Murfreesboro	US
S3-642917160	Fais Cola Llc	701-D The Shore Line, La Selva Bch, California	US
S3-696686438	Iveniq Mines	1165 Pinehaven Drive, New London, North Carolina	US
S3-489913201	Smt Great Builders Pvt	00103, Ist Floor, Plot No. 1, Vardhman City Centre Gulabi Bagh, Shakti Nagar Extension, Delhi, DL	India
S3-896344548	ସୁପର୍ ମ୍ୟାନେଜମେଣ୍ଟ୍	Plot No 843/3, Ladugaon Charbahal, Kalahandi, OD	India
S3-245133916	SANDOVAL, ALBERTSON & LEVY AUSTRALIA INC.	4928 Otsego Street, Duluth, Minnesota	US
S3-114332830	Sterling Silver (Inc)	01435 4rd St, Washington, District of Columbia	US
S3-627608863	Coex	1414 112-1416 Sunrise Dr, Unit 112, Amarillo Township, Texas	US
S3-786831449	KUNA Dealer Private Limited	Varanasi, No #92 Sudama Pd Yadav, UP, 1, Adamapur Gorai	India
S3-160658853	Melloney's Cápital Ltd	21182 Carriage Way, Queen Creek, Arizona	US
S3-699130990	Penrod Peace-Inc	10 Loveland Lane, Bristol, Connecticut	US
S3-754421830	>> Regional Great Center	4423 Southwest Blvd, Tulsa, Oklahoma	US
S3-957724166	Corporation Pawan Infra	Rajiv Ganthi St, Tiruvallur, தமிழ்நாடு	India
S3-364420425	Anvil Lcfesttye Private Limited	B 501 Rajendra Vihar Chs Plot 28 Evershine Nagar Malad West, Mumbai, Mumbai City, MH	India
S3-300224532	Downs, Knox Larrick LLC	865 Limmer Loop, # 1105, HTTO, Texas	US
S3-552320642	Marvel & Bróthers Industries Ltd	132, Ramdaspeth, Nagpur, MH	India
S3-69171474	Watson  Highland Signature Inc.	7715-7719 Locust Grove Rd, Glen Burnie, Maryland	US
S3-8782083	Ram Investments	730., Pune, MH	India
S3-789929510	Kenoor  LLC	2738 Eastridge, MESA CITY, Arizona	US
S3-548914378	Paradigm Crédit Limited	Block 6, GJ, Rajkot, Morbi, Aaradhna Society, Narendra, Opp. Ramdoot	India
S3-937604614	yf coastal atlanta corp	1125 Somerset Lane, Fort Wayne, Indiana	US
S3-490078702	Select Tri-State Diversified Corporation	Long Neck, 34233 River Rd, Delaware	US
S3-651762109	Satya Foundation Pvt Limited	Flat 1187, South Delhi, DL	India
S3-461263702	Murtaugh Supply (Inc.)	4558 Curley Court, Great Mills CITY, Maryland	US
S3-819032930	Fluxonyx	Texas, 7 April Pt, Montgomery	US
S3-168396245	Branstetter & Rubin	655 Santa Clara Ave, Tucson, Arizona	US
S3-169638082	Kelley Apex	807 St Charles Lane, Helna, Alabama	US
S3-913950232	Sterling Rocky Homes Inc	1368 Amberwood Drive, Phoenix, Arizona	US
S3-579795071	Pilla Bold	Hathorn Way Dr, Houston, Texas	US
S3-877284026	Red Bike Shop! Co	2483-2487 Glenhurst Court, Simi Valley, California	US
S3-816040903	Cyberspace Medical Centre	R-3-5 Ansal Chambers 1, Delhi, Bhikaji Cama Place, दिल्ली	India
S3-770509625	prestigeinteractive.com	H No 3-6-313 First Floor Basheerbagh Hyderaguda, Hyderabad, తెలంగాణ	India
S3-228539833	Kashipur Services (India) Private Ltd	Plot No D/10, 2Nd Floor, Shopping Complex, Ring Road Blk-a Naraina Vihar Delhi, South West Delhi, Delhi, DL	India
S3-132769266	Grand Transit Brands Inc	34 1/2 Winter Wheat Pl, Spring, Texas	US
S3-939402555	Craft Rápid Rithm Associates	Donnelly Ave, FORT Worth, Texas	US
S3-312776040	inc pediatric custom care associates	1466 Rosas, Bisbee, Arizona	US
S3-480811028	Golden Software Pvt	Dinesh Pradhan Kohadi, Bujurg, Bindawai, Azamgarh, UP	India
S3-172792404	డైనమిక్ Sun Trading Private Limited	C-15, Snehapuri, Parawada (Mandal), Anakapalle, Visakhapatnam, Vishakhapatnam, AP	India
S3-781467764	Veolumx t/a Teum Holdings	621 Poplar Street, Unit Apt 119, Jacksonville, AR	US
S3-441412200	Royal  Hospitality Systems LLC	#23064 Sheri Ln, Elkhart, Indiana	US
S3-28509014	Nelia Moore, D.D.S., M.D., LLC		US
S3-898759711	Co Commission on Education	1180 Hlckory Flat Rd, Buckhannon, West Virginia	US
S3-318595667	Godspeed Consultant Limited Center	G-8 First, Jaipur, RJ	India
S3-151326341	Shri Bb  Industries Co	Fl18 Nikhil Co.hos.soc., Pune City, Pune, MH	India
S3-167109478	Hernandez, Torres and Daye Medicines  Inc	Henrico, 2856 Queensland Dr, Virginia	US
S3-576518467	Shree Limited Private Marketing	Hn B3/159 235C, Ground Floor, Phase1, Adarsh Palm Meadows, Bangalore South, Bangalore, KA	India
S3-223378799	egcommerce.com	431 Meacham Street, Fl. 0, Saint Louis, Missouri	US
S3-982490344	Foot & Aen-Care Associates Of Christiansburg Town Inc	332 Tanglewood Drive, Christiansbrg, Virginia	US
S3-799024726	The Concordia Olguin Clean Idea L.L.C.	8411-C Callabee Way, # 1, Antioch, Tennessee	US
S3-904865577	Shri Srm Software Ventures [Pvt.]	Lotus Land Mark;66, Mutyalampadu Vja, Vijayawada (Urban), Krishna, AP	India
S3-883841328	Solanceyn Builders Center  Corporation	3065 Burbank Rd, Town Of Stockton, Wisconsin	US
S3-464381537	Blue Agro-Private Limited	19/772/4, Kollam, കേരളം	India
S3-368351700	Select Digital Concepts LLC	7901 78th St, Lincoln, Nebraska	US
S3-443992775	Miraumbra	S. No.33/2/1, Fl. No.6D, Laxmi Garden Society, Haveli, Pune, Maharashtra	India
S3-848269265	Cell Clinic Company	Kolkata, Ostad Amir Khan, Sarani, 3Rd Floor, Kolkata, 204, Howrah, WB	India
S3-483125038	Surya Constructions Private	#441 802, 8Th Floor, B Wing Express Zone, Malad East, Mumbai City, Mumbai, महाराष्ट्र	India
S3-589149301	లోటస్ మార్కెటింగ్ ప్రైవేట్ లిమిటెడ్	Ramachandrapuram, Door No 22 205 U P Plot No 205 Road No 7 Sangareddy District Ameenpur, TG, Ramachandrapuram	India
S3-250393894	Valley Dte  Massage	268 Water Street, Saint Paul, Minnesota	US
S3-324595359	ਸ਼ਿਵਮ ਗੋਲਡਨ ਪ੍ਰੋਡਿਊਸਰ ਐਲਐਲਪੀ	Building No. #1019, S A S Nagar, Mohali, ਪੰਜਾਬ	India
S3-88374155	Hans  Recycling (Limited)	No 6-50 2Nd Floor Kirti Nagar Landmark Furniture Block Kirti Nagar Delhi, Delhi, West Delhi, DL	India
S3-726875344	Kalyani Home  LLP	Door No 35 28, Palm Court, Jagatpura, Jaipur, RJ	India
S3-605909368	Ferous International	Polk St, Straughn, Indiana	US
S3-522359643	Backalleycafe.Com	220 Prentis St, Medical Lake, Washington	US
S3-55806033	M/s *** Srikanth (India)  Exims	65/3789, Qatar Plaza, East Nadakkavu, Kozhikode, കേരളം	India
S3-810267966	Company Athena & Co Enterprises	Office No.111, Preet Vihar, DL	India
S3-826697584	medina pacific triumph	457 1/2 Old Drug Store Road, Garner, North Carolina	US
S3-886852683	jpproducer.com	6203/1, Block I Dev Nagar, Karol Bagh, New Delhi, दिल्ली	India
S3-602996797	Saint Anthony Pediatric Dentistry Pioneer		US
S3-801338340	C-Scheme Polymer	A-15, Dwarkapuri, C-scheme, Jaipur, राजस्थान	India
S3-845273028	Néxumbra	236 Broadway Street, Johnson City, Tennessee	US
S3-113564394	Paradigm Forgings Private Ltd	Ernakulam, Ix/d/65, കേരളം, Aluva	India
S3-752526755	Smart Mountain Baeiitr Partners	698 1971, Yantis, Texas	US
S3-999864867	Ania Garrett Désert Dragon LLC	2802 Barn Swallow Rd, Enid, Oklahoma	US
S3-754917936	Colonial Corp	001111 Chestnut St, Newton, Massachusetts	US
S3-966963807	Bozich's Services	Coram St, Taunton, Massachusetts	US
S3-976003929	doralynlackeyrobinhood.com	Clarendon Ter, Newington, Connecticut	US
S3-292976749	Red Business	New No ##67, Old No 25, Mint Subbarayalu Naidu St Old Washermenpet, Chennai, தமிழ்நாடு	India
S3-439119586	Secure Medical Works Group	4759 Bell Rd, NULL, Phooenix, Arizona	US
S3-736295925	Star1a Craft Colonial Hotel Riverside	1926 Second Ave, PMB 8548, Leavenworth, Kansas	US
S3-248745848	electro storage pvt ltd	Flat No. 303, Madhuvan Park Co-op. Hsg. Soc. Ltd Plot No. 247 / 248, Gidc, Vapi, Valsad, GJ	India
S3-239367161	Pinnacle Eletial LLC	6623 Maple Ln, Alexandria, Minnesota	US
S3-650620113	Incorporated Glyphelle Keycorp	##3704 4th Street, Daytton, Ohio	US
S3-657222970	O+ Fortune	8404 Houston Rosslyn Road, Houstton Township, Texas	US
S3-354715806	Apt Infra Private Ltd	0701/C, Mumbai City, MH	India
S3-195014216	Glaze Living Pvt Ltd.	Plt 40A/95/Sn/182 Shanti, Mumbai, MH	India
S3-204300421	Regional Unified Briacell Co	14 Allison Road, <NULL>, Vernon, Connecticut	US
S3-883985039	Padgett Gfrra	1824 Suanne Drive, Tyler CITY, Texas	US
S3-925053778	Chiropractic Health	1042 Cutler Place, Charlotte, North Carolina	US
S3-213092687	Metro Sunstone	1361 1/2 Firethorne Drive, Mason Ciity, Ohio	US
S3-53758355	Corp Primary Care Specialists	692 Shannon St, Fl 1, Chandler, Arizona	US
S3-384328795	Thomasbernelledds.Com	Indian Run Road, Bellingham, Massachusetts	US
S3-146189711	Xylobrixtavo t/a Best Agricultural Products LLC	200 N B Street, Gas City, IN	US
S3-220826106	Miller, Lawrence & Baker Hub Partners	3158 Road 132, # 1, County, Wyoming	US
S3-658915291	Shree Producer Furniture Private Limited	Desk No:37 Kokarya, Bangalore South, Bangalore, KA	India
S3-590103152	Horizon  Muniyield	719 Treeside Ct, # APT F, Chesterfield, Missouri	US
S3-616005138	Ltd Family Beacon Moedince	3012 Macadamia Way, Dover, Delaware	US
S3-293978467	Marketing Raksha Packaging  Pvt Ltd	House No. 6-2343, Faridabad, HR	India
S3-418835231	Youth & Sons Pvt	B-198, Gautam Buddha Nagar, Dadri, UP	India
S3-150202850	Mohan (India) Technologies Limited Services	X1002 Tower 1 Adarsh Palm, Retreat, Outer Ring Road, Bangalore South, Bangalore, KA	India
S3-851105777	Nguyen, Platt & Mann Highview Co	1896-C Vance Tank Rd, Bristol, Tennessee	US
S3-37660094	Direct Modern Modern Redwood LLC	13827-13829 George Washington Memorial Hwy, Gloucester County, Virginia	US
S3-804147591	kmgdurga.com	Door No 993 1104, Tower 2, Crescent Bay, Jerbai Wadia Road, Parel, Mumbai, Mumbai Ii, MH	India
S3-635377387	A Appliance Midtown LLC Partners	06218 Highland Brook Drive, Clemmons, North Carolina	US
S3-875342922	Mendez Mrshall LLC		US
S3-471731074	Hotel Constructions Traders Private	No 10-3-3/33 & 10-3-32/A, Secunderabad, Hyderabad, TG	India
S3-145966591	Pmnae Hcm PC	73 Avoca Avenue, Massapequa Park Township, New York	US
S3-718782712	Halperin Bnlckmck	Illinois, Carbondale, 717 Apricot Ln	US
S3-408261859	इंडो प्रोडक्ट्स प्राइवेट लिमिटेड	Sop No.1, Navi Mumbai, Panvel, MH	India
S3-84322725	Nirman Food Private [Limited]	G081, Madhavpark, Vadodara, Tarsali, GJ	India
S3-690070174	Catina Olvie Frontier Ultra Ltd	2 Crestview Ln, Westminster, Massachusetts	US
S3-159853730	Modern Cosultants Pvt Ltd	E-41, NULL, Delhi, West Delhi, DL	India
S3-984368607	Rapid Popular LLC	0614 Bell St, Wilbur, Washington	US
S3-760825131	गुजरात इंडस्ट्रीज प्राइवेट लिमिटेड	Plot G-486 Janta Flat No-271, Pkt-b, G/f, Cat-c, Ph-ii, Sector-16, New Delhi, DL	India
S3-695056370	campos direct technologies inc	2502 Milburn Boulevard, Mishawaka, Indiana	US
S3-499390397	Childers Ampercap	32C Anna St, Dayton CITY, Ohio	US
S3-395105745	Stanley Malt (Ltd)	19 Smiht Rd, Hopkinton, Massachusetts	US
S3-332427150	8rina Curley	5217 Academy Road, Cookeville, Tennessee	US
S3-636358389	Bangalore Mills Private Limited	C 303, Bangalore, KA	India
S3-352971958	Heart Charities Partners	852 University Avenue, Minnesota, St Paul	US
S3-859137239	IX Emarketing LLP	#14 Central Area, Aavri Mata Ji Mandir Road, Girwa, Udaipur, राजस्थान	India
S3-747355483	shiv business private limited	Near City Thana Kath Mandi, Divreportingcircle, Sonepat, HR	India
S3-49626454	Abhilash Associates Services	Mumbai City, Mumbai, MH, No B3/6th Floor, <NULL>	India
S3-783135164	Balaji Builders Limited	House 58, <NULL>, New Delhi, Delhi, DL	India
S3-413287427	Ashtavinayak Power Group Private Limited	Unit J-911, తెలంగాణ, Hyderabad	India
S3-528999942	Ember  Rate	1516 Beacon Ridge Road, <NULL>, Charlotte, North Carolina	US
S3-702628487	Maya Sangh Enterprises Company	21/29, Chennai City Corporation, Chennai, TN	India
S3-957653093	Avid & Brothers Ltd	Survey No: 154, Hno : 7, 107 Main Road Gandipet, Rajendranagar, K.v.rangareddy, TG	India
S3-937743950	Sacramento, County Of Downtown	#2264 Frazier Ct, Sacramento, California	US
S3-352624027	Diversified Mortgage [Consultants]	133 Landon Dr, Dover, Delaware	US
S3-860130586	Bijnor Consultants Public Limited	UP, Bijnore, Bijnor, 84	India
S3-660342206	Jenelle-Peer, DMD	640-C 57th Street, Omaha, Nebraska	US
S3-274222500	Praja Chambers Law	12/1, Gurgaon, HR	India
S3-897908156	Technologies Advanced Services	6809 Black Gum Circle, FORT Smith, Arkansas	US
S3-948466849	Dynamic Limited Global	UP, N ##14/27 F-1 Ashutoshnagar, Varanasi	India
S3-18473496	Diwakar  Educational Society Ltd	D/4-72/1, Subhash Nagar Behind Apollo Hospital, Karimnagar, Nellore, తెలంగాణ	India
S3-478781632	Walker Morrell and Butler	4295 Viridian Ter, Monrovia, Maryland	US
S3-571127730	Rubio Platinum Corporate, Holdings	4168 Lancaster Dr, # 40, Marion County, Oregon	US
S3-252128479	Ingram Endocrintology LLC	9669. Frito Ave, Mesa Four Peaks, Arizona	US
S3-484895778	Shakti  Power Limited	Chennai, Madras, Madha Church Road, 6, TN	India
S3-360939915	Dadabhai Road Andheri West Care Limited Service	Plot 102. Sachin House, 18, Dadabhai Road Andheri West, Mumbai, MH	India
S3-946102641	Center Cultural LLC	250B Coanza, NULL, West Helena, Arkansas	US
S3-575525905	शिवा यूनाइटेड इंडस्ट्रीज प्राइवेट लिमिटेड	Kurla West, Kismat Nagar, Cst Road, B-##39, MH, Mumbai Suburban	India
S3-900106368	Sr Technology Center Limited	303 Dwarka Chs Ltd, Goregaon West, Mumbai (SUBURBAN), MH	India
S3-92002948	Sun Private Limited Services	4/100., Vazhapadi, Salem, தமிழ்நாடு	India
S3-16789403	6reen Township Private	12-2-823/A/2/1, Hyderabad, TG	India
S3-257562961	@mohlersummit	##602 Mauney Road, Stanley, North Carolina	US
S3-351636801	bzweb.com	3/32 Chhitrakut Vaishali Nagar, Jaipur, RJ	India
S3-375471546	Classic Investment	2095 Main Street, Waterbury, Connecticut	US
S3-852718450	Unitech (India) Promoters Associates Corporation	A-14/2, Mohanlalganj, Lucknow, उत्तर प्रदेश	India
S3-545664817	Oyster  Mart Holdings Limited	Unit No.324, महाराष्ट्र, Pune City, Pune, Sr.no.17/1a/1, (P) Goodwill Square Pune	India
S3-742586482	Lower-Custom Stores Inc	311 Gambier Saint, Mt Vernon, Ohio	US
S3-817896451	Minerva & Minerva	Nox.lvii/436 (Old No. Tpw.2/418) Ground Floor, Kannur, കേരളം	India
S3-922636035	गुरु ट्रेडिंग लिमिटेड	C/o Maya Singh, Karnal, हरियाणा	India
S3-770183234	Foot and Ankle Bay  Specialists LLC	18 Bungay Rd, Seymoour CITY, Connecticut	US
S3-812130826	*** researchnexola.com	9334 Ravenridge Rd, Parkvville, Maryland	US
S3-944282905	@womenshealth	47 Muskingum St, # Apartment 2, Depew, New York	US
S3-589621314	Vijay Projects Priavet Limited		India
S3-655551614	Veracity Exhibitors  Private Limited	Flat No- A02, Raj Villa, Parnami Manidir Road, Siliguri, Darjiling, Darjeeling, WB	India
S3-711373924	Private Blue Care Limited	RJ, 30, Jaipur	India
S3-386624368	Valentia Freight Rigdon Inc	11206 Snd Bay Ln, Town Of Liberty Grove, Wisconsin	US
S3-429911558	federal health center	##4412 Stone Mountain Drive, Fort Worth, Texas	US
S3-894870818	R O Garcia (Partners)		US
S3-803783626	Khin, Bea, DPM, Inc	8728a Melett Ln, Arkansas, Benton	US
S3-968443616	Heartland Fact  (Inc)	Falmouth, Massachusetts, 0048 Little Rock Ave	US
S3-584580805	Wilson and Yátes Plus LP	Jack Rabbit Dr, Fort Mohave, Arizona	US
S3-374693493	Regional Insurance L.L.C. Partners	1100 Allman St, Carbondale, Illinois	US
S3-966663160	Pvt Bangalore North Development Ltd	#B3/224, 3Rd Floor, Old Madras Rd, K R Puram, Bangalore North, Bangalore, KA	India
S3-551778816	Shiv Services प्राइवेट लिमिटेड	Block No. 21, Room No 123, 3Rd Floor, Near Nandvilla, Ulhasnagar, Aurangabad (MAHARASHTRA), महाराष्ट्र	India
S3-432164890	Cope Waste  LLC	38-40 Star Wars Way, Hindman, Kentucky	US
S3-558112209	Lengel & Watkins Saratoga	13 Flying Point Road, Southampton, New York	US
S3-204205954	ಸೌತ್ ಬಿಸಿನೆಸ್	Bangalore, #19 (Old No.1036), KA	India
S3-560263302	Montary Best Omaha, of PLLC	16213 Rolling Ridge Road, Omaha, Nebraska	US
S3-15592380	Zephsol	H.no A-246-b/8main Najafgarh Road Uttam Nagar, Janakpuri, West Delhi, DL	India
S3-262502185	Aadithya Extrusion Pvt.	Gh-28b, Noida, Gautam Buddha Nagar, उत्तर प्रदेश	India
S3-538882911	Pediatric Dental Physicians Inc.		US
S3-949824629	Boolean & Sons Prihvte Limited	Plot No - 80, D.no. 5-5-35/153/4/1, First Floor, Prashanthi Nagar, Kukatpally, Hyderabad, Kukatpally, TG	India
S3-684237045	Laxmi Labs Care Corp	Office No.- F-16a, 1St Floor, Haware Centurian Off. Plot No.-88-91, Sector-19a, Nerul (East), Navi Mumbai, Thane, महाराष्ट्र	India
S3-453471914	Viojax	Plot No 250/1-2-3/9, Surat, Pandesara, ગુજરાત	India
S3-276340966	Nylagild dba Blue Modern Farms Group	7517 5 Avenue, Brooklyn, NY	US
S3-290581954	selectsciences.com	376 Perkins Ave, Hempstead, New York	US
S3-611908542	Eastern  Shipping	Maine, Augusta, 112 Eastern Ave	US
S3-712567956	Parker White Therapies	01207 Fifth Street, Roanoke Rapids, North Carolina	US
S3-700966025	robbie's grill	Indianapolis, Indiana, 4423 Robertson Boulevard	US
S3-918995225	Evobrix D.B.A. Kandivali East Stone Private Limited	411 B Wing, White City, Cts No 174-C, Akurli Road, Kandivali East, Mumbai, Maharashtra	India
S3-572908938	TITAN TITAN LLC		US
S3-376084038	Molina's Partners	4925 Opal Ridge Ln, Unit Condo 103, Indianapolis, Indiana	US
S3-868923476	Montelle Center		US
S3-585464626	Integrated Semiconductor-Union Inc.	Scottsburg, 7740 Delaney Park Road, Indiana	US
S3-304954093	Vision Better Cénter Group	469 Sweet Bay Ln, LAKE Havasu CIYT, Arizona	US
S3-660668404	Across Welfare-Society Limited	उत्तर प्रदेश, Lucknow, 2Nd Foor, Sara Mansion Building, 11 B.n. Road, Lalbagh, Lucknow	India
S3-872352971	Galaxy ánand International Private Limited	Door No B3/73-b F/f, Two Side Corner Hauz Rani Malviya Nagar New Delhi, Delhi, South Delhi, DL	India
S3-459298427	Chiropractic	11171 Oakwood Drive, Unit UNIT 103, Loma Linda, CA	US
S3-799182979	The Riify (Corp)	356 1/2 Cherry Lane, Durant, Oklahoma	US
S3-511230962	Tavoxylo d/b/a Shivam Dynamic Producer Private Limited	Serve No.79, 18B, Flat No.103 104, Kundan Heritage, Bopodi, Pune City, Pune, Maharashtra	India
S3-768672422	Caril, -- Swamy Hills	Wedgemere Drive, Victoria, Minnesota	US
S3-567551339	Preferred Unified Principal Westgate, Inc	Washington, 4282 44, New York	US
S3-875062984	Ciraquo Sys F/K/A Margaretta Dowler House PC	7499 Javier Lane, Dittmer, MO	US
S3-428768273	তিরুপতি ম্যানেজমেন্ট প্রাইভেট লিমিটেড	Bl-cf, 1St Floor, Fl- F10 19, Canal South Road, Kolkata, Howrah, Kolkata, WB	India
S3-465175532	Dr Startup Investment Private Limited	H.no 55/2 At Post-rashin Tal-karjatdist-ahmednagar, Ahilyanagar, Ahmednagar, MH	India
S3-729320138	লক্ষ্মী এস্টেট প্রাইভেট লিমিটেড	Door No 17A British India Street First Floor, Kolkata, Howrah, WB	India
S3-239795702	Horizon LLC  Services	5010- 58th Street, Vancouver, Washington	US
S3-371331290	Peak LLC (Center)	1933 Dner Creek Rd, NULL, San Bernardino, California	US
S3-890041400	Sjr  Partners	Bangalore, Bengaluru, Vaibhav, 8Th Main, 5Th Cross Koramangala, 3Rd Block, No.##19, KA	India
S3-24206493	ಬ್ರೈಟ್ ಕನ್‌ಸ್ಟ್ರಕ್ಷನ್ ಫುಡ್ಸ್ ಪ್ರೈವೇಟ್ ಲಿಮಿಟೆಡ್	Ddor No 333, Neralekere Post, Tarikere Taluk, Chikamaglur, Chikmagalur, ಕರ್ನಾಟಕ	India
S3-869462086	HR Retail	Flat No. G-106, Poona, Pune, महाराष्ट्र	India
S3-406468125	न्यू मीडिया प्राइवेट लिमिटेड	Mr.anum Fazaz S/o Iqaluddin E 238 Basement, Gerater Kailash Ii, South Delhi, DL	India
S3-435438494	Alagu Sángh	Arun Academy Building, Jaipur, P.no. 6, Opp. J. P. Phatak, Behind Lotus Dairy, Sehkar Marg, Jaipur, RJ	India
S3-283782555	Audre'S Properties (LP)	2755 Estrella Parkway, Unit 137, Goodyear, Arizona	US
S3-214272204	SURGICAL CASCADE PARTNERS	4833 Willow Bluff Circle, Knoxville, Tennessee	US
S3-837981135	Delta Tréasury, Ltd	1817 N, Iowa, Hawarden	US
S3-729078169	Movement Sangh	Shhp No. U-a-3, Bharuch, ગુજરાત	India
S3-608235014	Temple  Services	8504 Slringvale Rd, Silver Spring, Maryland	US
S3-300104137	Simmons Manufacturing-P.L.L.C.	1162 19st Street, Unit UNIT 1211, Upland, California	US
S3-269845253	Baughan Kensington	00680 Seneca Avenue, Ridgewood, New York	US
S3-568071793	Martinez-And Halstead	448 Burnham Ave, Des Moines, Iowa	US
S3-701941347	Value Investment  Partners LLC	Morgntown, 126 Legacy Drive, West Virginia	US
S3-519267557	Craft Gobnee Cleaning Service (Inc)	102 Pushmataha Ct, Dauphin Island CITY, Alabama	US
S3-897029674	Advanced Continental Inc Center	1947. Baseline Rd, # 27, Phoenix, Arizona	US
S3-643232232	Engineering Swamy Services Clinic	29, Mukhram Kanoria Road, Howrah, Kadamtala , Panchanantala, পশ্চিমবঙ্গ	India
S3-649789789	SINGH & CHAPMAN SOUTHSIDE	575 Sunset Drive, Oxbow, North Dakota	US
S3-455728072	hermiston first columbus inc	1936 Eighth Street, Hermiston, Oregon	US
S3-895371174	shiva industries private limited	Sp-g-43, Maurya Enclave Pitampura, New Delhi, DL	India
S3-71700924	Golden Ventures  Private	Shristi Mahal, Coimbatore, TN	India
S3-726226676	Byrne & Finkelstein	007874 Rd 424, Antwerp, Ohio	US
S3-738787637	>> SHREE ALPHA ENGINEERING LIMITED	WB, Vidya Sagar Pally Po-jhaljhalia, Kothabari, Malda, C/o Ajit Kr Saha	India
S3-966573249	Xylobrix aka Midwest Disciplined Inc	709 Hemlock Street, Lafollette, TN	US
S3-203974335	Parker Lease L.L.C.	Carson Drive, Burtonsville, Maryland	US
S3-466676479	Sri Urban  Producer Limited	Village - Ugardaha, Hooghly, WB	India
S3-194220781	Bangerter (Partners)	North Carolina, WAKE Fores CDP, 3506 Sparrowwood Drive	US
S3-673763261	পায়োনিয়ার প্রজেক্টস প্রাইভেট লিমিটেড	Room No. 12- 7Th Floor, Kolkata, Howrah, WB	India
S3-397415525	donaldson,, marcella p.a.	85 Bargus Way, Hot Springs Village, Arkansas	US
S3-603856326	Lilli Musser Rocky Idea Inc	621 Varys Court, Spring HLIL CITY, Tennessee	US
S3-936092954	Roberts, Taylor and Stanard [Corporation]	Mausotn, #536 Maple Dr, Wisconsin	US
S3-819821997	aceservices.com	Door No 3/1705 / E Thillai Nagar, Pallapatti Panchayat, Sivakasi, Virudhunagar, TN	India
S3-149374235	Cloud Academy Private Ltd	29A, WB, Nandan Road, 1St Flor, Howrah, Kolkata	India
S3-478524206	-- SHREE & BROTHERS PRIVATE LIMITED	No 31/234, Kozhikode, KL	India
S3-875144841	Brixnexbrix	Arizona, PMB 6319, Casa Grande, 7982 Lantana Ln	US
S3-245758973	Mcinerney Group Services	2810 10, Watertown, Minnesota	US
S3-184587904	CORNERSTONE INFRASTRUCTURE CONCEPTS	19050. Fuller Heights Road, # UNIT 426, Triagnle CDP, Virginia	US
S3-98400904	Hernandes Motors	Preserve Crossing Blvd, Bldg 56, Columbus, Ohio	US
S3-73855903	M/s Grm Services	B-55- Pachimi Mang, दिल्ली, South West Delhi, New Delhi	India
S3-475913807	स्काई बिल्डर्स कंस्ट्रक्शंस लिमिटेड	Block E-476 Flat No-818, Tower-o, Piyush Height, Sector-89, Faridabad, HR	India
S3-290887935	Custom Design West, Inc Services	423 Elverton Ave, Staten Islnd Township, New York	US
S3-297498597	Technologies	M.C.F-3987, Near Nav Chetna Hospital, Sector-23 Faridabad Hr In, Faridabad, Haryana	India
S3-605352916	Sky Care General Private  Limited	19-B, Gurgaon, Jhajjar, HR	India
S3-18936246	Red Bistro LLC Services	125-B Serenbe Cv, Collierville, Tennessee	US
S3-524280908	Express Pconaftey-Corporation	4486 86th St, Urbandale, Iowa	US
S3-204230706	Hernandez LLC Tower Allied Allied	4031-4033 Esters Rd, Unit 2092, Irving, Texas	US
S3-480103214	Green Academy L.L.P.	#7/8 Botawala Bldghorniman Circle, Mumbai, MH	India
S3-857255905	LLC Liberty Cerhilied Catering	Lakeland Avenue, Clarkstown, New York	US
S3-141506690	Dermatology Specialists Industries		US
S3-106196636	DCH  Renewables	44-A Cedar Dr, Denison, Texas	US
S3-605257364	Midwest  Elite LLC	Arizona, Arrowhead, 6144 Fallen Leaf Ln	US
S3-61889425	One Solution Private	B1-90/a/14/ New Budge Budge Trunk Road, Howrah, পশ্চিমবঙ্গ	India
S3-941511369	Glynis Emberton Prime (Roofing-Inc)	2860 Saint Elmo Ave, Memphis, Tennessee	US
S3-514041989	American Patriot Cohen, LLC		US
S3-256385375	Prater Ly Wisconsin Inc.	131 Shawnee Branch Rd, Huntington, West Virginia	US
S3-423473272	Zetaxylo F/K/A Doyle & Malik Information LLC	47 Lawndale Avenue, Unit APT A, Indianapolis, IN	US
S3-441424516	Drexflux	1639 Summit Ridge, Lebanon, Tennessee	US
S3-339720515	न्यू प्रोड्यूसर प्राइवेट लिमिटेड	302 Third Floor Dayanand, 1408 Katarias Apartment, Urban, Gurgaon, HR	India
S3-246375387	Sri Ultima Builders Holdings Limited Service	A-62 Okhla Industrial Area, New Delhi, South Delhi, DL	India
S3-260341711	IZL Independence	1503-A St James Place, Arlington Heights, Illinois	US
S3-609689734	National Creative	829 Lehigh Avenue, Vesal, New York	US
S3-743458177	hendersongoldenskin.com	088 Angelo Aly, Spelter, West Virginia	US
S3-46152992	Batech, Llc	Seattle, Washington, 32nd Ave	US
S3-441640276	Housing Fellowship Corp	7152 Fuller Station Road, Schenectady, New York	US
S3-442680990	Strategic Property Advisors Co	1910 Kalorama Rd, Unit 105, Washinton, District of Columbia	US
S3-993627870	#76062 Quality Antimony-Inc	405 Lakeshore Drive, Paducah, Kentucky	US
S3-405814914	biex l.l.c.		US
S3-911605487	Lyratavo	Sco-15-16, Gk Estate, Mundian Kalan, Ludhiana, Ludhiana, Punjab	India
S3-764750922	Dr Ambrosia Mp	Bldg No C Shop No 05, Sn73000/9/4, Ashoka Agam, Pune City, <NULL>, MH	India
S3-454183630	Federal Pinnacle		US
S3-620122596	Aurangabad Centre Enterprises Private  Limited	Hn 55 P.no. A-8/8 Sararaj Nagar, Shiajinagar Garkheda, Aurangabad, महाराष्ट्र	India
S3-143787089	green pampa llc	Maryland, Baltimore, #5727 White Ave	US
S3-990324505	Gael Goodman  Lightwave LLC	Pine Street, Lima, Ohio	US
S3-439688939	Internal Group Services Enterprises		US
S3-689389542	credit investment brands south corp	25209 St Helens Road, # 19, Scappoose, Oregon	US
S3-403736983	Premier Rlnty Systems Highland	Pennsylvania, Huntingdon Valley, 2262 Valley Road	US
S3-249877508	FWO Jewellers Pvt. Ltd	Sy No. 2320 Paiky, Surat, ગુજરાત	India
S3-480727276	Pacific Federation	02620 1700, Ogden, Utah	US
S3-328425476	Pearl Trtnig Pvt Ltd	D-29, South Delhi, New Delhi, DL	India
S3-97078766	Lewin-Blockchain	7744d Krefeld Glen Drive, # 1610, Charlotte, North Carolina	US
S3-19799772	AC	Fh-906 D.D.Nagar Rajawat, Bhawan Ckt-1 Pole-2, Morar, Gwalior, Madhya Pradesh	India
S3-515386878	-- Childers Charter School Llc	00412 Cayuga Creek Rd, Cheektowaga, New York	US
S3-598438595	Pyrapyra aka Interstate Prudential PLLC	8269 Bethel South Fork Road, Snow Camp, NC	US
S3-560301253	India Shankheshwar Developers Pvt.	Flat-106, Andheri (East), Mumbai, MH	India
S3-615954776	Johnson Deli Dyandmsc	8400- Colesville Road, Silver Spring, Maryland	US
S3-839192400	Zesoft Corporation Center Co	Monroe, Unit Q, North Carolina, Jefferson Street	US
S3-546385316	Lee and Duhamel Co	Washington, 26126 195nd Pl, Covington	US
S3-521283666	Gsb Advisors (Pvt)	H.no 41 Mumbai Samachar Margbharat Floorings, Greater Bombay, Mumbai, MH	India
S3-581577760	Hester Partners	90th St, Gig Harbor, Washington	US
S3-722728573	Piedmont Companies  Inc	6511 700, Culver, Indiana	US
S3-619780262	பம்பாய் மீடியா பிரைவேட் லிமிடெட்	Sf No. 175/99, Anna Nagar, 2-Nd Street, Thandalam, Kanchipuram, Chengalpattu, TN	India
S3-391094104	Complete Partners Wellness	04 Cunniff Ave, Milford, Massachusetts	US
S3-634677115	UMA & C0	5490, Street No 4 New Shivaji Nagar, Ludhiana, PB	India
S3-762928204	Dorsey Lndependence PC	212-216 10th Street, # 16, Charlotte, North Carolina	US
S3-475946388	novex logistics pllc	1740 Oakdale Rd, Camden, Tennessee	US
S3-382788563	Unified Heartland	2919 Eagles Nest Drive, Bowie, Maryland	US
S3-994505206	Devers,Dyane E., D.C.	5608 Arrowhead Drive, Texas, City Of El Paso	US
S3-138768321	Netti  Burns Biosciences	009810 Banbridge Street, Tucson, Arizona	US
S3-71418530	Company Aravind Re (Idbn)	Iv/70. M, Ernakulam, Kunnathunad, Keralam	India
S3-653714090	Tech Religious Maa	Hn-e-99 F/f Black E Kh N, New Delhi, South West Delhi, दिल्ली	India
S3-74621216	Unified Health Innovations Corp	##1144 Salt Point Tpke, New York, Pleasant Valley	US
S3-931674180	Bailey Creative World,	142 Schoharie Pkwy, Cobleskill, New York	US
S3-380263593	RKB Mbc	8782 Monroe Street, Merrillville, Indiana	US
S3-292257863	Sterling Construction Ventures Partners	#75-36 61 St, Ridgewood, New York	US
S3-88669772	Software Njd Consultancy Private Ltd	Flat No 503, Pune City, Pune, महाराष्ट्र	India
S3-765877648	Kadakkal Holidays Pvt [Ltd]	Vi 372, Nadapara Kummil P.o., Kadakkal, Kollam, KL	India
S3-500677096	Quoumbrax née Winning Fintech LLP	Flat No 201, 2Nd Floor, Vidyanand Chs, 24Th Road, Opp S.T Theresa Church, Bandra West, Mumbai, Mumbai City, Maharashtra	India
S3-966901484	Elite Úbs LLC	5 Raven Court, Bolingbrook, Illinois	US
S3-784846691	automated payment union (ID: 28964)	4109 1/2 Abingdon Dr, Garland, Texas	US
S3-153095914	Vega Corp.	1911-1913 Sunray Court, West Linn, Oregon	US
S3-773782681	Vitech Shop Tire	141 Cricket Avenue, Lower Merion Township, Pennsylvania	US
S3-134665094	... Gold Tbedchnologiies Pvt Ltd	Office 0921, Binori B Square - 3, Sindhu Bhavan Road, Nr. Trade Bulls, Daskroi, Ahmedabad, GJ	India
S3-806319575	Splendour Moulds Private	14/291 N Suite 07U, Ernakulam, KL	India
S3-631429623	Leblanc LLC Services	150 Lazy Dog Lane, Shelton, Washington	US
S3-929979417	Tadiix Holdings	##729 Oakmont Ln, Fort Worth, Texas	US
S3-460471878	Indo  Management Private	Gala No 2-7 Navalkar Wadibeh. Muncipal Market Nr Cevel Crossing Jogeshwari (E), Mumbai, Mumbai City, महाराष्ट्र	India
S3-210674363	Padmanabha Sólutions	G-110, Khar (West), MH	India
S3-580493934	YOL Employment Private	C/o Raj Sigh, Ram Nagar, Faridabaad, हरियाणा	India
S3-600835328	Golden Fóundation L.L.P.	Block D-670 House No.763, Khera Khurd, New Delhi, Delhi, DL	India
S3-966459156	Cardiology Care	204 Weber St, Antwerp, Ohio	US
S3-920820691	-- Machinists Local [688]	815 Timothy Drive, Crossville, Tennessee	US
S3-342132936	Smt One One Cáre LLP	36 Godrej Garden Enclave, Tower No. A-5 R No. 34, Pirojshahnagar, Vikhroli (E), Mumbai, MH	India
S3-185388699	AEW Solutions Limited	KA, Ward No 002, Raichur, Near Main Road, Gorebal Sindhanur, Sindhanur	India
S3-740659337	Complete-LLC Cannabis Crystal	9811 Besetzny Lane, Amarillo, Texas	US
S3-436839067	Thompson & Davis Occupational Therapy LLC	4776b Posse Dr, Eloy, Arizona	US
S3-47170935	Jones Líving	155 Union Street, # 3, Lawrence, Massachusetts	US
S3-706632872	Eastern Properties Industries (Private)	44/N/13., Khudiram Bose Sarani, Kolkata, Howrah, Kolkata, WB	India
S3-967973733	Ganganth Prefab  Private		India
S3-983937391	India  Amkay Hotels Group Pvt Ltd.	Godown 1 Basement Ka-395, Ghaziabad, Greater Noida West, UP	India
S3-275631575	Fadyne P.C. Center	259 Highawy 225, Greenbrier, Arkansas	US
S3-827068074	Shree Group Private Limited Partners	No. 6A, Chennai, TN, Chennai City Corporation	India
S3-340746469	Maurita's Physical Therapy West Corp	#10362 Galloway Dr, Fl 0, Saint Loouis, Missouri	US
S3-85606801	Margalit Inc. P.A. Ward,	Lake Ave, # Apartment 1, Albany, New York	US
S3-221972402	Noviorbi DBA Noble & Co	Lakhisarai, Bihar, Naya Bazar, Bazar Samiti, Infront Of Krishna Hotel	India
S3-75691049	Sullivan, Garner and  Jones		US
S3-363963987	SA Buildmart Private  Limited	E-1008, Ahmedabad, Ahmadabad City, GJ	India
S3-233046500	Pyrazeph	31 3rd Avenue, Lidgerwood, ND	US
S3-558115814	Timber Fhaabcsogy Inc.	1925 Hllly Ave, Ontario, California	US
S3-750926613	northernhomecare.com	8600 Citrus Avenue, # UNIT 255, Fontana, California	US
S3-594356120	Mumbai India Private-Limited	1060, Mumbai (SUBURBAN), Mumbai City, MH	India
S3-665715843	Edmond Dynamic Pacific	134 Hillcrest Ter, Brattleboro, Vermont	US
S3-501329783	Sd Academy Academy Enterprises	C/o Anil Kumar Shop No.4/37 Vikas Nagar, Lucknow, उत्तर प्रदेश	India
S3-777094091	Korjaxio a/k/a Crochet, Palmer and Flett LP	306 Frankfort Street, Unit Apartment 3, Frankfort, NY	US
S3-64570845	डिजिटल सर्विसेज प्राइवेट लिमिटेड	Ft. No. C-17, Nashik, महाराष्ट्र	India
S3-921855308	Raj Consulting Pvt	Door No 604, 6Th Floor S. No. 121 122, Plot No. 45 Rambaug Colony, Pune City, Kothrud, MH	India
S3-124291758	POBLETE CÓPPER LLC	5545 Stratford Avenue, Poewll, Ohio	US
S3-740741647	Nylaonyx f/k/a Nelia R. Cardenas, DDS	New York, 9 Patchin Place, NY	US
S3-718821474	Infra  Hiteshi Livelihood Private Limited		India
S3-263668277	Jemmie Fear	Washington, 1041 Adelia St, Blaine	US
S3-365231906	Smart Consulting Automobiles [Limited-Services]	Nl 6 -15-5, Sector 8, Nerul, Dist - Thane, Navi Mumbai, Thane, MH	India
S3-727213881	Jarlic [Park] | www.jarlicpa.com	#25122 Burgh Castle Drive, Spring, Texas	US
S3-733420208	Veda Hárris Franklin LLC	15368 Real Way, Surprise, Arizona	US
S3-613252458	Orbos Commodtise LLC	4th Ave, Sauk Rapids, Minnesota	US
S3-316529748	Ronni Flores Security L.L.C.	271 Bentom Drive, Wetumpka, Alabama	US
S3-180349922	Pioneer Próducts LLP	H .N 72-7-529/22, Charminar, Hyderabad, TG	India
S3-883762248	Fayeectoflux	Hn 355 C/o Gunturi Sri Ramasat, Srikrishnapatnam, East Godavari, ఆంధ్రప్రదేశ్	India
S3-323278962	Arcmiraflux DBA: Caron's Diagnostics	1188 27th Street, Unit Unit 33, Bend, OR	US
S3-699333493	J 5 K		US
S3-453026472	Maxine Marston Inc Services	1005 Maplehurst Ct, Unit 5, Knoxville, Tennessee	US
S3-641560586	ZX Science	1083 Powell St, Norristown Borough, Pennsylvania	US
S3-480828286	Simons Precision Muniyield	5604 Market Street, Unit F, Greensboro, North Carolina	US
S3-818730870	HU Healthcare	Block F-441 D-36 Defence Colony, South Delhi, New Delhi, दिल्ली	India
S3-392123658	Mumbai  Center	H.no 522- C Swastik Disha Corporate Park Kohinoor Compd, Mumbai City, Mumbai, MH	India
S3-854676915	BHARAT PRODUCTS PRIVATE LIMITED	#72/73 Ground Floor, Pharma Search House B G Kher Marg, Worli Hill Estate, Worli, Mumbai City, MH	India
S3-119411156	Supreme Infrastructure Private	Balughata Main Roadhaldia, Midnapur, পশ্চিমবঙ্গ	India
S3-717899856	Samoex  Reliable	711 1/2 Naches Avenue, Yakima, Washington	US
S3-702156437	Emerald Corp	#22 Jonell Court, Floor 0, Saint Louis, Missouri	US
S3-355408555	Regional Defense Solutions Inc	005159 Sierra Cir, Dayton, Ohio	US
S3-673184723	5andler And Garza Inc	13549 Pocketknife Drive, Vail, Arizona	US
S3-139004644	Inc Urgent Care Grin Partners Lakeside	365 Linden Road, LAKE Zurcih, Illinois	US
S3-198457657	Piedmont Coastal Healthcare Partners Ltd	Oconee, Illinois, 420 475 Road East	US
S3-544559820	Auris Fields	2902 Mayon Drive, Chesapeake City, Virginia	US
S3-131030360	Surgical Innovative Medicine	220 Irvington Dr, Eugene, Oregon	US
S3-11677603	सेवन इन्वेस्टमेंट लिमिटेड	House No 1/350 G.f., Sadar Bazar Delhi Cantt, New Delhi, दिल्ली	India
S3-769333570	Gulf Oncology Clinic Inc.	1107 Stonecrest Drive, Brewster, New York	US
S3-955297849	preferred star analytics	Springfield, Illinois, 149 1/2 Cypress Point Dr	US
S3-513552561	firstlearning.com	Georgia, Lockwood Dr, Atlanta	US
S3-342574574	Eastern Reliable Solana Group LLC	423 Maple Avenue, City Of Green Bay, Wisconsin	US
S3-669474461	Leak Robotics Co	8380 4800, West Jordan, Utah	US
S3-295269301	Fluxumbrasol DBA LO Ftai LLC	12820 W Creek Parkway, Unit UNIT J, Goochland County, VA	US
S3-144720166	Metropolitanclassicatlanticus.Com	620 Washington St, Winchester, Massachusetts	US
S3-196092403	Hitech Ventures Periate Limited	9701 Citadel Eldeco, Green Meadows Sec-pi, Greater Noida, Noida, Gautam Buddha Nagar, UP	India
S3-81118620	PRIVATE SELEX CHEMICALS LIMITED	408, Ahmedabad, GJ	India
S3-384301271	Empire Crified Smart	810- 87, Schroon, New York	US
S3-949139593	Nevers Endocrinology	308C Washington St, Monroeville, Indiana	US
S3-502330452	-- Sputnik Engineers Private Ltd	G/3, Shahibaug, GJ	India
S3-269732947	Private Lakshmi Global Foods Limited	Door No 0710 S No 56/5B, Haveli, Pune, MH	India
S3-749077451	Northern Medical Center Llc	1535- Thompson Dr, Islip, New York	US
S3-447264028	Trao Corp  Service	2424 Delaware Street, Gary, Indiana	US
S3-342286424	Navarrete Logistics Incorporated	4928 Malibu Dr, North Carolina, Charlotte	US
S3-448277175	Preferred Corporation LLC [Services]		US
S3-882005850	pariix offshore inc.	Washington, District of Columbia, 1400 Shepherd Street, # 353	US
S3-208586776	Do1ly's  Custom Deli	Fir Park, Texas, Ft.Worth	US
S3-950566179	The Creative Estate Private Limited	TN, C/o, Chennai, Hai, Bhaskaran And Ramesh 48, Eldams Road	India
S3-815974584	Thirumala Technologies  Company	H No 452 At Washi, Tal Washi, Vashi, Osmanabad, MH	India
S3-99032390	Ltd Carr, Jackson and Klopfenstein	00261 Landers Chapel Road, N/A, Lincolnton, North Carolina	US
S3-616728251	Mr Fine  Ploytchnhic	C/o Narayan Ashruba Nagare Maharashtra Bank Colony, Beed, MH	India
S3-523114383	Malviya Nagar Leathers Private	B3/60 Vinoba Nagar, Malviya Nagar, Jaipur, RJ	India
S3-462288101	Gray Smith Federal Spire LP	6329 Vista Del Bosque Dr, Albuquerque, New Mexico	US
S3-159128071	Gadyne Silver Dominion Corp	246 Main St, Evening Shade, Arkansas	US
S3-567033539	डिजिटल आईटी प्राइवेट लिमिटेड	Flat No. B-##1, Second Floor, J Block Local Shopping Complex, New Delhi, South Delhi, DL	India
S3-445353252	Ciraflux	1927 Oak Street, Ocean Isle Beach, North Carolina	US
S3-482466250	Ferri LLC Partners	7667 Patrick Herny Hwy, N/A, Nottoway County, Virginia	US
S3-258774916	Gujarat Digital Cáre Private Limited	Plot Kh.no 91/31, Bikaner, RJ	India
S3-965498705	Surgical Ássociates	2325 Hickory Crest Ln, Knoxville, Tennessee	US
S3-921926971	Banga1ore O1eoresins Ltd	527, 3Rd Floor, 4Th Cross, Cmr Road, 2Nd Block, Hrbr Layout, Kalyan Nagar Pos, T, Bangalore, Bengaluru Hbr Layout, KA	India
S3-195054513	Krishna Krishna Alpha Logistics	H.no #7Th Floor, Ahmedabad, GJ	India
S3-222675812	Brixfaye	Springview Ct, Jefferson, Maryland	US
S3-92940035	Onyxzephx DBA Mercy Polyesters (India) Company	Bangalore, 6Th Cross, Thimmenahalli, Vijayanagar, 9/11 2Nd Main, Karnataka, Bengaluru	India
S3-639651774	Gfalva Co	2335 Haversham Close, Virginia Beach, Virginia	US
S3-788624238	... Palazzo Pétroleum Group	69-15 76 St, Ridgewood, New York	US
S3-587277261	TFQ Project	E-34 Riico Industrial Are, Nagaur, Parbatsar, RJ	India
S3-726189980	Dataus Inc.	7106 Poplar Dr, Galveston, Texas	US
S3-743740413	Piedmont Dimead Dollar	01265 Kendall Drive, Unit UNIT 826, San Bernardino, California	US
S3-277439066	Corly Friend, L.C.S.W. Córp	232 Main St, Fort Fairfield, Maine	US
S3-224939296	Y & L  Hyperliquid L.L.C.	426 Sonora Dr, null, Garland, Texas	US
S3-945079449	Buva Supreme Marshall Of Monticello Córporation	Allen St, Monticello, Arkansas	US
S3-796522781	Schuck Park 0f Huntington L.L.C.	4420 750, Huntington, Indiana	US
S3-311049255	डिजिटल फूड प्राइवेट लिमिटेड	S/o Sh.rampal Bhargav, 22, Harmukhpuri, Po Modi Ngr, Hapur, Ghaziabad, उत्तर प्रदेश	India
S3-196452168	primef0od.com	Paschim Vihar, DL, New Delhi, N/A, Door No 76 A-3 179	India
S3-114069873	2784 Highland Drive	Circleville, PMB 9094, 131 Dunmore Road, Ohio	US
S3-303073926	Chau Minerals  LLC	1620 Belmont St, Washingtont Ownship, District of Columbia	US
S3-541758090	mcdonald piedmont noble downtown	4350 Lynn Martin Lane, Lenoir, North Carolina	US
S3-214947102	সাই শ্রী বিল্ডার্স সলিউশনস প্রাইভেট লিমিটেড	H.no 89 Ground Floor, WB, Howrah, Kolkata	India
S3-437390499	જય કન્સલ્ટિંગ પ્રાઇવેટ લિમિટેડ	710 Rashmi Growth Hub, Ahmedabad, GJ, Ahmedabad, Opp. Shreya Residency, Odhav Vastral 200Ft. Sardar Patel Ring Road, O, Dhav	India
S3-844266618	Anthony, Pope-&-Parker Spring	16922 17th Avenue Court, Spanaway, Washington	US
S3-319759431	Halimeda Hardin Metro Híghview Downtown LLC	205 Kay St, Buffalo, New York	US
S3-501747174	Smt ank technologies group limited	No 93 C/o Chhitar Lal S/o Kishor Ji, Village Kaithun, Kota, RJ	India
S3-165653855	L.L.C. Flint South	2996 Masrhfield Dr, Elgin, Illinois	US
S3-830717300	Fortek (India) Ipr Private Ltd	106, B.t. Road, Rajbari, Bon Hooghly, Kolkata, North 24 Parganas, Kolkata, WB	India
S3-183856672	Guzman Security	6 Trout Run, Southern Shores, North Carolina	US
S3-569636891	Better Otisc Inc.	151 Quassaick Ave, New Windsor, New York	US
S3-811665159	BAY Northland LLC	386 450, Norris City, Illinois	US
S3-964961187	MUMBAI AGENCY PRIVATE LIMITED	MH, Thane, 006	India
S3-482178047	செவன் சொல்யூஷன்ஸ் பிரைவேட் லிமிடெட்	527 302, Block 18B, Bollineni Hillside, Perumbakkam Main Road, Chennai, TN	India
S3-932414835	Ram Producer Prbmiivae Limited	Ground Floor, Rog Floor, Room-27, Srija Apartment, Barabani, Bardhaman, পশ্চিমবঙ্গ	India
S3-122509224	Kaitlin Preston Legacy Duke LP	13819 Peck Dr, Arizona, Litchfield Park	US
S3-803213129	propertiesbombay.com	Mumbai, Mumbai City, Office No.310, MH	India
S3-460959355	Llc Rosen Rocky Hills	12307 May Laurel Dr, Houston, Texas	US
S3-501805617	Q 7 Strategic Developments Partners	236 3, Hurdsfield, North Dakota	US
S3-631045515	Pelaum Corp		US
S3-702900332	వైట్ ప్రాపర్టీస్ ఎల్‌ఎల్‌పీ	P.no-90, Matru Sri Nagar, Chandabagar, Tirumalagiri, Hyderabad, TG	India
S3-778943307	Custom Guaratny-LLC	1528 Santa Barbara Dr, St Charles, Missouri	US
S3-863110652	Acc It L.L.P.	Block F-709- Shop No F-115, Nerul Rly Station, Complex, Nerul, Nerul, MH	India
S3-360035544	Barry J. Johnhson, O.D.	3441 Pleasant Lane, Racine, Wisconsin	US
S3-328679124	Duerr And Bennett (Llc)	5428 Washington Avenue, Wisconsin, Racine	US
S3-503202810	Galaxyexports.Com	RJ, NULL, Jaipur, Shop No S 16 S 17, Jaipur	India
S3-177019372	2280  Park Street Company	Missouri, Carl Junction, 118 Zachary Lane	US
S3-813963951	Avidrex trading as Sunray (India) Admedia Limited	Bunglow No. 2, Johns Mill No. 3 Jeoni Mandi, Agra, Uttar Pradesh	India
S3-745946844	greatbaydigital.com	242 Austin Road, Carmel, New York	US
S3-676931503	Swanson Medical Center Co	7575 Copperfield Way, Indianapolis, Indiana	US
S3-134831206	Braveheart Solutions Private (Ltd)	43, Orchard House Sankey Road, Lower Palace Orchards, Bengaluru, Bangalore, ಕರ್ನಾಟಕ	India
S3-482544121	Sweet íce Cream	#4585 2700, Lehi, Utah	US
S3-570390003	Nargirn & & Co Pvt Ltd	##454/A, 10Th Cross West Of Cross Road, Rajajinagar Industri, Al Area, Bangalore, KA	India
S3-67836226	Vargas Parmtiesr  P.C.		US
S3-586761360	MCCAY GAMING CORP	Burke, Virginia, ##9004 Parliament Dr	US
S3-133642798	Digital Technologies Private	Shop No. 1, Ground Floor, Chateau Windsor, 86, Veer Nariman Road, Mumbai City, Mumbai, MH	India
S3-772057281	Indore Softech Private	3-4/1 Bhawanipur Col Flat, MP, 306 Mani Tower Apartment, Indore	India
S3-321998867	Norwood Suma  LLC	210 Fire Tower Road, Bald Knob, Arkansas	US
S3-574270043	Allied  Program	Casper Dr, Newark, Delaware	US
S3-947773724	Devya Ventures Pvt	H.no.c-145, Sector-16, Faridabad, हरियाणा	India
S3-868176134	Best Systems,	1418 Logan St, NULL, Round Rock, Texas	US
S3-13274611	Seth International Private Limited Partners	H.no.3005/8, Kudal, Sindhudurg, MH	India
S3-418093121	Smart Inlpxe Pvt Ltd	221, Universal Business Centre, 10/2, Narendra Plaza, Bangalore, Bengaluru Urban, KA	India
S3-950043411	Long Traders Exports Limited	Shop No. 51, Model Town B, Near Khandelwal Misthan Bhandar, Jagatpu, Ra, Jaipur, Khatipura, राजस्थान	India
S3-829446705	saravanaventures.com	F. No. 14, Shivmahima Apartment, 83 Pande Layout, Nagpur, MH	India
S3-38004273	Ryan  Frontier Thayer Riverside LP	143- Francis Saint, Waertown, New York	US
S3-563020846	Gold लक्ष्मी एक्सपोर्ट्स Private Limited	Vaisa Ramana Gobindpur, Purnia, Purnea, BR	India
S3-380319648	Colonial Partners  Inc	17858 Line Rd, Plainfield, Illinois	US
S3-478254326	Chandraksh Producer Limited Center	#1-3-44 Vidyut Nagar, Guntur, East Godavari, AP	India
S3-650376072	Ann Hmomfod Perimeter	Connecticut, 375-377 Canner St, New Haven	US
S3-484799688	Rev lt Up Massage	Dover, #390 Frear Dr, Delaware	US
S3-135494537	Lyrariza	Block C D/209, Prahladnagar, Trade Center, Prahladnagar, Ahmedabad, GJ	India
S3-633337298	Sai [Software]	#42-18- Masjid Veedhi, Ajithsingh Nagar, Vijayawada, Gorantla, ఆంధ్రప్రదేశ్	India
S3-616416224	Smt *** Bharat Care Prfeiae Limited	Sterling House, Radium Appartment Shreyas Colony, Off Aarey Road, Goregaon East, Mumbai City, MH	India
S3-44210422	Federal	14438 Oak Road, Greenwood, DE	US
S3-921900597	കൃഷ്ണാ വെഞ്ചേഴ്സ് ലിമിറ്റഡ്	21/603, Supreme Towers, Opposite Kunnathurmedu Post Office, Palakkad, Keralam	India
S3-994986488	6rio.com	1811 Apache Blvd, # 3023, Teme, Arizona	US
S3-552762137	integrated (india) india private limited		India
S3-581670595	Sullivan Continental Internet Ínc	Beaverton, 11435-11437 Fairfield Street, Oregon	US
S3-761526892	Young  Printing	2106 Effie Henderson Dr, Maryville, Tennessee	US
S3-854164873	Perident Pono	700 2 St, NULL, City Of Alma, Wisconsin	US
S3-301605680	cure deli harbor	102 Ramshorn Rd, Charlton, Massachusetts	US
S3-868173099	Pvt North Software Ltd	No 7-89, Kurnool, AP	India
S3-391790658	Service Jay Om Limited	#57 Mezzanine, Bmtc-ttmc Domlur, Bangalore Urban, Bangalore, KA	India
S3-232385827	Chiropractic Value Clinic	17162 78rd Ave, Maple Grove, Minnesota	US
S3-497916817	Pioneer L.L.C. (Service)	134. Woodbury Dr, Vestavia Hills, Alabama	US
S3-394257782	Abk Brothers Holdings Ltd Pvt	I - #314, Ghaziabad, UP	India
S3-592980951	સુપર કન્સલ્ટન્ટ્સ લિમિટેડ	Hall-g/3 Gr.floorgopinath, Chambersnandudoshiniwadi, Surat, Surat City, GJ	India
S3-549886925	Helion Resorts (India) Private-Limited		India
S3-593281203	Golden वेंचर्स Medicals लिमिटेड	Civil Lines, Delhi, DL, 593 4	India
S3-860590391	Pvt. Tech Concept Trading Industries Ltd.	No 125/2 A Ward T.p.2, Raghutara Sankul, Karvir, Kolhapur, MH	India
S3-654274312	Haley  Heritage Triton L.L.C.	2398 Riviera Ridge Ct, <NULL>, Lake Havasu City Township, Arizona	US
S3-741845023	East Pioneer Restaurants Company	Wiseman Rd Rd, Marshfield, Missouri	US
S3-864051322	Avinexyuma	A-504 Shewalkar Garden S A Road, Nagpur, MH	India
S3-373061755	Harris C0mpanies	3137 Pennsy Dr, PO Box 477, Hyattsville, Maryland	US
S3-221940495	Deum LP	Diego Rivera Dr, EL PASO, Texas	US
S3-43881978	न्यू इंफ्रा लिमिटेड	285/3A, Ground Floor, Village Devli, Delhi, South Delhi, DL	India
S3-328422563	ವಿಜಯ್ ಮೀಡಿಯಾ ಪ್ರೈವೇಟ್ ಲಿಮಿಟೆಡ್	221/A, Bengaluru, ಕರ್ನಾಟಕ	India
S3-803176614	Jain Ventures Private Ltd	Delhi, DL, New Delhi, A-195/1, Sf, Raju Park, Khanpur Near Rana Nursing Home	India
S3-904389726	LC	Hari Sudharshana Carnival No.6, Coimbatore, Tamil Nadu, Bharathi Nagar, Ganapathy	India
S3-672120292	Pvt Bapu Health Ltd	37A/99/14 Mfdhu Nagar, Agra, उत्तर प्रदेश	India
S3-387471285	Legacy-Equity Advisors Inc	330 Edwards Street, Vandalia, Illinois	US
S3-920959323	Focus Cargo	Ec-1-98 Salt Lake City, Calcutta, North 24 Parganas, WB	India
S3-14388767	surgicalphysicians.com	3030 Lisa Ct, Newbury Park, California	US
S3-715835358	Bealta Kay	C/o, Nalgonda, Kodad, TG	India
S3-739932065	बालाजी इंटरनेशनल	Noida, Gautam Buddha Nagar, UP, Plot No. - C - 055 C - Block	India
S3-673495166	Family-Health	74 Jeter Road, Plao, Illinois	US
S3-579574344	Lucky Bike Sp	401 Burbank Road, Roan Mountain, Tennessee	US
S3-785690918	Pyrawexonyx	7923 Mansion House Crossing, Fl. 0, Paadena, Maryland	US
S3-550958983	Sriram LLP Service	61A, W P, Pitampura, New Delhi, DL	India
S3-263782707	Onyxquo formerly known as Vaia Inc	1690 Lantana Drive, Spring Hill, TN	US
S3-55574790	Zetanex aka Bordes & Chan Inc	510 Holt Road, Webster, NY	US
S3-657028395	Fresh Retail Enterprises Inc	Illinois, Chicago, 6646 Richmond Street	US
S3-911020696	Lynx.Com	#19 Dart St, Loma Linda, California	US
S3-351128156	Sherill Kieffer Piedmont Mórtgage Inc	14729. Grant Creek Rd, Arlington, Washington	US
S3-474227595	Daryl Bgelle  Freight	588 Truax Rd, Worcester, New York	US
S3-333821736	Smt Bharat Íompx Limited	Surat, 2 Laxminarayan Brc Compound, Udhna, Surat, Pl N Y 001, GJ	India
S3-629097438	Ectoxylo d/b/a Lynch Capital Partners	720 Cedar Lane, Chicago Heights, IL	US
S3-806711504	Schultz Safe Rock	04620 Kirchoff Ln, Imperial, Missouri	US
S3-803675521	Secunderabad-LLP Center	No 5-11-19, Secunderabad, Hyderabad, తెలంగాణ	India
S3-572066846	Keystone Medical Consultants Holdings	2626 Creek Arbor Cir, Houston, Texas	US
S3-162014524	Group Fantozzi Managers	Apex, North Carolina, 1011 Davis Drive	US
S3-224674065	Stith  Legacy Bitcoin Inc	13082 33, Gustine, California	US
S3-943032673	Ciradeltax dba Kolkata Solutions Pvt Ltd	15/C/1/B, Raja Santosh Roy Road, Kolkata, Kolkata, Howrah, West Bengal	India
S3-985485366	JA Consulting	B - 1-34, Shanti Sadan Co-op Hsg., 2Nd Floor 12A, Unnat Nagar, Goregoan - West, Mumbai, Mumbai City, महाराष्ट्र	India
S3-53586	Premier Mobile Inc	Beech Mt Circle, Mansfield, Connecticut	US
S3-276393497	అర్బన్ ఎస్టేట్ ప్రైవేట్ లిమిటెడ్	Flat D/102 Srujana Residency Nethaji Nagar, Rangareddy, Seri-lingampally, TG	India
S3-299099717	Aceadvancedheritage.Com	Oregon, Corvallis, ##1465 Division St	US
S3-13328811	LLOYD AMERICAN ASSET L.L.C.	4127 Fourteenth Avenue, Sacramento, California	US
S3-63962167	Zesoft Launchpad South	189 Side Parkway, Newton, Massachusetts	US
S3-739778808	South Ácademy	8322 Meadow Bird Cir, Missouric ITY CITY, Texas	US
S3-607937307	Southern  Metro	116- Carroll Drive, Floor 0, Annapolis, Maryland	US
S3-510421486	RRT ENTERPRISES PRIVATE LIMITED	Kovilpatti, 4A, Tuticorin, தமிழ்நாடு	India
S3-544543420	Chambers Strategic Ailbaba LLC	33830 43th Street, Phoenix, Arizona	US
S3-364958695	Colossal & Sons	Sy.no: 2, Thirumala Enclave, NULL, Sangareddy, Plot No :63, Andhra Pradesh	India
S3-400840619	Lumes Living Partners	132 Tucker Dr, Fairmont, West Virginia	US
S3-218678094	Sphere Design (nIhdhia)	No.-v/3-21b, Ernakulam, KL	India
S3-577931588	Johnson  Evolution L.L.C.	192 Boulder Hill Drive, Shelburne, Vermont	US
S3-563144853	Banda Ship Pvt	B3/661/6, Jail Road Swaraj Colony, Banda, UP	India
S3-819470356	Birk Advanced Doubleline Inc	Kentucky, 40 Charter Oaks Dr, Louisvlle	US
S3-756881766	Harvey, Iormina Valley LLC Partners	358- Church Ave, Woodmere, New York	US
S3-365530215	Apex Consumer Consultants Consultants (lD: 53042)	9012 Rock Ledge Court, # Apartment 401, Owings Mills, Maryland	US
S3-618794083	New Defbi Farmer	502/6, South Delhi, DL	India
S3-36298460	M/s Drexxyloflux	Flt No 505, Shipitha Sunflower, Summer A Block, Whitefield, Bangalore South, Bangalore, KA	India
S3-605264871	Prime Prsoperties Pvt Pvt Ltd	D 1/64, DL	India
S3-121382117	>> Dominguez  Promjcct	Mobile, Alabama, 508 Monroe St	US
S3-79627829	Lyrex Platforms,	Chickasha Townnship, 802-D Colorado Ave, Oklahoma	US
S3-927464295	Pyralumumbra D.B.A. Stoltzfus, Brewer and Brown Inc.	334 Muskingum Drive, Marietta, OH	US
S3-719204259	Pradimg Pee  Limited	Bangalore, KA, Athmananda Colony, Mr Palya, Bangalore North, No. 15/5	India
S3-57619122	Physical Tghelgdapy Health	74 Mann Road, Shapleigh, Maine	US
S3-309306187	Bauza,-Marilin, DDS, PC	12th St, Tacoma, Washington	US
S3-485472794	PRIVATE INTERNATIONAL CLASSIC INDUSTRIES LIMITED	5Thflr Amstor Annexe Bldg, Technopark Phase 1, Thiruvananthapuram, Thiruvananthapuram, Trivandrum, KL	India
S3-142144880	Premier Consultants Private Ltd	Block F-976 Room No.01, C/o. Kamal Jana, P Gopalpur, Kesapat, Panskura, Panskura, East Midnapore, WB	India
S3-516164179	ishu traders pvt ltd	Hn 916 Plot No-3(r) Special Ind. Areaopposite Multi Matel, Kota, RJ	India
S3-95055786	Ech Orienta1 Private Limited	Sf-37/4, Sitaram Super Market, Chhani Road, Vadodara, ગુજરાત	India
S3-429058279	The Carson Critical Lakeside Inc.	002221 Parrish Ave, Kentucky, Owensboro Townhip	US
S3-794317013	Urban Cleaning Service Partners	2258 Westwood Drive, Pullman, Washington	US
S3-93612826	Bangalore Nh  Resorts Ltd	29, Bangalore North, Bangalore, KA	India
S3-868426652	Jewel Cóok Figx	204 Madison Street, Dyer, Tennessee	US
S3-468236317	ईस्टर्न प्रोडक्ट्स लिमिटेड	Door No 641 House No 24 Satsang Colony Bijauli, Jhansi, उत्तर प्रदेश	India
S3-322659405	Hayes and Fúnk	null, Texas, Bayown, 5307 Golen Rd	US
S3-993643866	Sree  Developers Limited	Pune, Plot 361 S.no. 17/3B, महाराष्ट्र, Pune, Plot No. 14, Devgiri, 2Nd Floor Kothrud Indl Estate, Kothrud, Pune-38	India
S3-770184671	Goar Stóne LLC	2105 Wood Ridge Cove, Cedar Park, Texas	US
S3-875113549	Rizaonyx t/a Solutions Sambhavi Century Pvt. Ltd.	Plot No. 14, Eliza Nagar Near Gaurav Palace, Nandurbar, Maharashtra	India
S3-465956166	Eastern Holdings Services #91960	2/4, R.k. Puram, Flat No. 304, Palasia, Indore, MP	India
S3-719592956	Mason & Jones	6277 Sunrise Valley Drive, Tucson Township, Arizona	US
S3-209209449	Realistic Soft Ltd Pvt	UP, Varanasi, Plot 17 21B	India
S3-461819126	Shri Umang Ventures	Ka-46, Kavi Nagar, Ghaziabad, UP	India
S3-926367146	रेड ट्रेडिंग लिमिटेड	Bijnor, UP, C/o. Mr. Noor Alam, Mohallah-dhobiyan, Chandpur	India
S3-436637944	arihantglobal.com	Db-85/f Db-block, Hari Nagar, West Delhi, New Delhi, दिल्ली	India
S3-749887957	Husted, Ade1e N., DO Group	0239 Pennyfield Ave, Bronx, New York	US
S3-183193630	Keystone Retail Union Incorporated	860- Harrison Avenue, # 1112, Roxbury, Massachusetts	US
S3-596111180	MG Center	59-007/Nr, Hyderabad, TG	India
S3-984112292	लक्ष्मी एनर्जी प्राइवेट लिमिटेड	H.no 996 C/o Shri Kishan Ganpatrao, Hadgaon, Nanded, MH	India
S3-67687930	Shri Success College Corporation	Office No- 02, Pune, MH, N/A, Pune City	India
S3-245312159	Margiotta Lfdfo	2810 Rockwood Heights, Village Of Howard, Wisconsin	US
S3-428254943	ਸਾਊਥ ਐਂਟਰਪ੍ਰਾਈਜ਼ਿਜ਼	E-207 Phase 8-B Industrial Area, Mohali, ਪੰਜਾਬ	India
S3-74673927	Emyle Spencer Grayscale Corp	6200 Hixson Pike, Chattanooga, Tennessee	US
S3-768474733	Horizon Bright  Center		US
S3-449776298	माय जय पावर	C/o Munni Devi, Sampatchak, Patna, BR	India
S3-58746952	Sassikingstoncunningham.Com	4813 Sugar Maple Rd, Sanford, North Carolina	US
S3-335176973	Aries Components Private Limited	71-A, N/A, Bengaluru, Bangalore, KA	India
S3-813550004	Ambrosino Machine Works	7277 Division St, Mackey, Indiana	US
S3-197632455	Sangh Mystique Enterprises	B-304, Shilp Srushti Appartment Near Petrol Pump, S P Ring Road, Ahmedabad, GJ	India
S3-854866925	INFINITY METALS PRIVATE LIMITED	Q No. 852/N G C 2 Crpf, Ajmer, Beawar Road, RJ	India
S3-485575782	visionbrightcarecom	424 Ideal Way, Charlotte, North Carolina	US
S3-488501613	Private C1assic Tech Ltd	Ce-4012, Mumbai, महाराष्ट्र, Mumbai City, Ce-4013, Bharat Diamond Bourse Bandra Kurla Complex, Bandra (East)	India
S3-56499780	Southern One Ventures Private	Flat No-01, Kalyan, <NULL>, MH	India
S3-607762481	Rev  It Up Bakery Center	56 Phelps Road, Honeoye Falls, New York	US
S3-32613925	MANAGEMENT PRODUCTIONS PVT LTD	#07, Rupnagar, S.a.s.nagar (Mohali), ਪੰਜਾਬ	India
S3-636444201	VL Pvt. Ltd. Center	Sno. 00177/12, Pune, MH	India
S3-74072390	Urban Marketing Limited	Hn 901 87-A, Hira Nagar Patiala, Punjab, ਪੰਜਾਬ	India
S3-599692757	EA Construction Private Ltd - 3519582323	002Nd Floor, Chennai, TN	India
S3-375659625	Resanet Short [L.L.C.]	Mansfield, Acker Drive, Ohio	US
S3-458093208	Warren Animal Hospital Inc.	113 Royal Bonnet Place, Frederikc, Maryland	US
S3-234548018	Heartland Veterinary Center		US
S3-254731968	Oncology Tri-State Care Associates Corporation	172 Monticello Avenue, Warren, Ohio	US
S3-638023183	FX  Services Private	Bid, C/o Rutuja Industries Gut No 124 Nalwandi Road, Beed, MH	India
S3-203457507	Shabbir Esolutions Ltd	B-1/59 Budh Vihar Phase-1, New Delhi, West Delhi, DL	India
S3-991999884	Triveni  & C0	C-22, Rourkela, ଓଡ଼ିଶା	India
S3-933894071	Gangtech Estatspivate Pvt Ltd	H. No. 2-42 G/f, Chhattarpur Enclave, DL	India
S3-982441302	Primary Care Cgminttal Group	2029 1/2 Woodlawn Boulevard, Wichita, Kansas	US
S3-927026135	Private Vigor Institute [Limited]	C/o Mauli Oil Mill, Plot No 43, Besides Malpani Oil Mill, Midc, Bid, Beed, MH	India
S3-749648409	The York Certified Montage LLC	#3537 Olive Orchard Dr, Folsom, California	US
S3-587343019	Tawnya Á. Olivas, Esq. Esq.	2221. National Park Boulevard, Austin, Texas	US
S3-938406376	Upper College Trust	212 Guerne Ave, SIMI Valley, California	US
S3-939120581	Tavonex Labs	1-8-425, Chikkadapally, Hyderabad, Telangana	India
S3-790272203	Aguilar Capital	2182d Morton St, Franklin, Indiana	US
S3-591228693	Legacy Broadcast Corporation  Holdings	4986-D Blue Water Circle, Acton, Texas	US
S3-740193994	Private Bangalore South Educational Group Limited	23-7, Bangalore South, Bangalore, KA	India
S3-829638705	Vijay Services Prívate Limited	Hmg Ambassador Building 137, Residency Road, Bangalore, H.no 12Th Floor, KA	India
S3-729139211	Lizzy Swenson Direct Fitness, L.L.C.	3405 Greeley Highway, # 1, South Greeley, Wyoming	US
S3-785461446	Silver Power Private	DL, Faridabad, Central Delhi, #268 Double Storeyugf New Rajinder Nagar	India
S3-521861594	Zíex	4062 Queensbridge Road, Charlotte, North Carolina	US
S3-738312673	Capital Fellowship	5318-5320 114th St, Vancouver CITY, Washington	US
S3-507237335	Firestone Select Cargo Inc	42683 Explorer Dr, Ashburn, Virginia	US
S3-724436961	XP Superior Next Ltd		US
S3-578658613	Lacefield & Lee	<NULL>, SAN TA Valley CITY, 40548 Parisi Pl, Arizona	US
S3-63977502	Cure  Pub Co	1100 Eastern Avenue, # 203, Washington, District of Columbia	US
S3-233998558	IYZ Developers Pnvie Limited	Aryakkool Padichery, Thalassery, Kannur, KL	India
S3-296290549	Mahee & Brothers Infratech	21 Ganesh Ch. Avenuesaha Court 1St Floor, Kolkata, Canning West Bengal, WB	India
S3-516177368	LLC Hall Seafood	Spring, 28 Candle Pine Place, Texas	US
S3-676883344	Cornerstone Busniems Sólutions LLC	95 Spring Bars Road, Falmouth, Massachusetts, # 204	US
S3-109401351	GXT Beverage-Private Limited	No 52 Ganesh Puri Colony, Lucknow, Bhawani Ganj, UP	India
S3-961642276	Browne & Strauser-Niles		US
S3-6826354	Ath Services	06, Shree Naman Plaza, S.v Road, Mumbai, Kandivali West, MH	India
S3-425357170	-- Consulting Catering Limited Center	B-xix-554/2, Ludhiana, ਪੰਜਾਬ	India
S3-790908537	0ffice of Parks and Recreation Care Valley	3910 Russell Ct, Muncie, Indiana	US
S3-133634810	SOTECH KARBON INC	City Of El Paso, 1416- Melania Martinez Dr, Texas	US
S3-463349749	Tan, Chavez	11330 Kinsman Rd, Ohio, Newbury	US
S3-783680342	Highland Delta  Security	0101 Bayshore Drive, Frederica, Delaware	US
S3-123296920	AX Marketing Pivoet Limited	12-1-499, Shanti Nagar, Hyderabad City Region, Hyderabad, Andhra Pradesh	India
S3-763696279	Cure Deli	9308 Cehrry Hill Rd, Unit 315, College Park, Maryland	US
S3-593510333	Christ  Zion	620 Indian Trl, Billings, Montana	US
S3-136087751	Golden Trading Overseas Private	#26 C/o Ashish Kr Singh, Urmila Kunj, BR	India
S3-529366710	Sri 5war Solctons LLP	Hatiara Jhillbagan Post - Newtown, P.s. - Hatiara, Parganas North, Kolkata, WB	India
S3-328203524	Ely's Anchor  Couture, Inc	003237 28th St, Kansas City, Missouri	US
S3-724100681	Vantagenyla doing business as Williams Unified Procap Inc	375 1200, Geneva, IN	US
S3-660172227	YB Financial  Overseas Private	#12- Ratha Tek Tower Gf Rajiv Gandhi Salai Omr Thoraipakkam, Chennai, TN	India
S3-106801264	Moira Downs Optimal Consultants	721 Willis Ave, PMB 1330, Williston Park, New York	US
S3-958251888	Precision Fields Inc	8819 Valley Ranch Pkwy, Unit 115, Irvig, Texas	US
S3-518260302	Public Thapar Packtech Limited	Vi/378a/6, Ernakulam, KL	India
S3-970679669	Gipson Point-Llc Point-Llc	Industrial Boulevard, Mckinney, Texas	US
S3-912374499	Atlantic Gráf	1683 Yellow Ct, Phoenix, Arizona	US
S3-466279951	futuresunriseconsultants.com	Plot No-88, Upper Ground Floor, Block-bu, Pitampura, Delhi, Rani Bagh, दिल्ली	India
S3-851053487	Jobie's Enterprises Corp	442 Briargate Dr, Grayslake, Illinois	US
S3-373829690	परफेक्ट हॉस्पिटैलिटी प्राइवेट लिमिटेड	Uint No.221., NULL, Mumbai City, Mumbai, MH	India
S3-607768379	Birch	California, 6282 Knox Ave, Fontana, Unit UNIT 2	US
S3-185319272	AGS	104, Shiv Flat, Harinagar, Udhna, Surat City, Surat City, Surat, Gujarat	India
S3-176880631	Kozhikode Media Private  Ltd	Building No C-17/155/a, Naduvath House, Kodenchery, Kozhikode, Kozhikode, Calicut, Keralam	India
S3-342847015	Mir and 8ers Bers LLC	Washburn, 0041 Cross Road, Maine	US
S3-265647663	NSI Soltuinios LLP	303. Vireshwar Chambers, 3Rd Floor, M.g.road, Vile Parle (East), Mumbai City, Mumbai, MH	India
S3-135367368	Vishwanath Vetanres	ગુજરાત, Ahmedabad, 114 Supermol, Ahmadabad City	India
S3-914926235	Iridovaorbi	Illinois, 428 Ruby St, Clarendon Hills	US
S3-925699584	Direct  North PLLC Partners	16 Louisa Street, # Apartment B, Binghamton, New York	US
S3-472436478	Kbg-Sixty	Thane, MH, No. 544 Ratnam Square, Navi Mumbai	India
S3-356057871	Hindustan  Logistics Holdings Pvt Ltd.	8 Avi, Nainampatti Old Street, Salem, Idappadi, TN	India
S3-568524183	Brahman  Service	Plot No.f-8/1/2, Kolhapur, NULL, MH	India
S3-129040955	Blue Institute Of Technology Inc	Waxahachie, 511 Indian Drive, Texas, # Apartment 823	US
S3-556850147	LLC CARDIOLOGY KEYSTONE PHYSÍCIANS	Courtland Ln, Pickerington, Ohio	US
S3-932429276	Elephant Group Of Companies Prívate Limited	Smt Sunita Devi Prashant, Kumar, Chandpur Bela, Sou, Patna, BR	India
S3-228659936	Forker, Cote & Habel Rare	Greensboro, North Carolina, 4810 Market St	US
S3-830682935	Smith & Brothers Industries Private Limited	Plot No. 249, Nagpur, महाराष्ट्र	India
S3-620281695	RBT Institute Limited	TN, 15Nd Floor, Chennai, Door No.13, Plot No.39, Rajaji Street, Parvathy Nagar, Perungalathur	India
S3-43503038	Kalindi Nursing Home Overseas Private Limited	#865 Khn. 48 Nai Abadi Phase-3, Pawan Dham, Chamroli, Agra, उत्तर प्रदेश	India
S3-448790637	Tech Shiv Consultants Private	At- Sub Plot No- A-6, Bhubaneswar, Khordha, ଓଡ଼ିଶା	India
S3-131036934	Chrysa Fournier Tri-State Adr Corp	44 1/2 Glen Ridge Rd, Mahopac, New York	US
S3-280371882	Legacy Payment Corporation Central	12414 Coastal Hwy, Unit 338, Ocean City, Maryland	US
S3-65017565	West Patriot Global  LLC	263 Private Road 2122, Meridian CITY, Texas	US
S3-70551931	Smt Ashiana Fashions Industries Ltd	25, <NULL>, KA	India
S3-747895142	Mair Sahecz, DO	412 Bayou Ridge Road, Arkansas, Dover	US
S3-421933609	Downtown Logistics Baldwin's	2225 Heritage Place Dr, Cleveland, Tennessee	US
S3-615063963	Publishing Lilith'S West	66 Country Club Road, Queensbury, New York	US
S3-433716059	Hupp Best Cion	Georgia, 3669 Martin Luther King Jr Drive, Unit B1, Atlanta	US
S3-555900685	Sterling Staffing Concepts	163 Pr 682, Bay Ccity, Texas	US
S3-859781377	PW Ayurvedic Private Ltd		India
S3-929477576	cthrinespeakwellness.com #64913	#73 Silver Leaf Drive, Jackson, Tennessee	US
S3-418483324	Zephio Jackson LLC		US
S3-227173389	M/s pms elephants private limited	18-2-43/A/11/A, Gazi E Millat Colony, Hyderabad, Andhra Pradesh	India
S3-635057726	Sweet Cafe	Village Dr, Broadview Heights, Ohio	US
S3-463403368	Society Kar Services	4/38, Naren Garden Extention, Coimbatore South, Coimbatore, TN	India
S3-967270227	जय कंसल्टेंट्स गारमेंट्स प्रा. लि.	32 C/o Annappa Sadashiv, Sangli, Jat, MH	India
S3-664049432	Shri Dynamic Enterprises Pvt	Sirsa, R/scf-3-11 Anaj Mandi, N/A, HR	India
S3-687446943	Global Metro  Park	5472 Oakleaf Dr, Tucson, Arizona	US
S3-475379542	Walker-Suisse	726 Country Lakes Dr, Lino Lakes, Minnesota	US
S3-513869711	C1yic [Century]	3618 Wolf Creek Drive, Unit 510, Ogden Valley, Utah	US
S3-21862534	Pvt Eastern Products Ltd	Chennai, Chennai City Corporation, No. ##4/6, TN	India
S3-191118851	Memorial Charities, Group	Montana, Winnett, 305 Main Street	US
S3-436114720	Hines & Christensen LLC	396 145 St, New York	US
S3-143059532	Exponential  Sangh	Level ##1, Delhi, दिल्ली	India
S3-117033165	Hillside & Sons Private	F/105, Redwood, Vasant Garden, Nr Swapna Nagari, Mulund West, Bombay, Mumbai City, MH	India
S3-339013298	Operating Engineers Union Local No 218 Ltd.	North Canton, 206A Rose Lane Street, Ohio	US
S3-790559214	Avitavoyuma doing business as Straight Edge Diner	43589 95th Street, MN, Waterville	US
S3-544133851	premier premier hospitality concepts inc	#99 Stark Trail, Newbury, Vermont	US
S3-977222163	BV  Biotech	Bridgeport, 374 Evers Saint, Connecticut	US
S3-497990628	Partners Industrial Consumer International	1161 Buhrer Avenue, Cleveland, Ohio	US
S3-212145591	MUMBAI SERVICES PRIVATE LIMITED	Flat D/15, Floor No:3, Bima Nagar, Bima Nagar Chsl M V Road, Near Nataraj Studio, Vile Parl, E(e), Mumbai, Mumbai City, MH	India
S3-615630715	Sherline Rosander Power Highland Inc	3021 Park Avenue, Unit 1, Merced, California	US
S3-695381183	Chandraksh Informatics Private  Limited	दिल्ली, New Delhi, C-0087/c Freedom Fighter Enclaveignou Road Neb Sarai Near Saket, South West Delhi	India
S3-56213697	Back Alley Bioko Store Lakeside	##936 Magnolia Street, Chattanooga, Tennessee	US
S3-512530485	Michelina Harm0n Tri-State Management	605 Greensferry Ave, Unit 816, Atlanta, Georgia	US
S3-650708776	3227 Lake Drive  Apartments Coastal LLC	Virginia, Roanoke County, 4691 Buck Run Sq	US
S3-221755697	Ltd Innovative Management Automobiles	H.no 134 Chittaranjan Avenue, Kolkata, South 24 Parganas, পশ্চিমবঙ্গ	India
S3-688521544	Purple Glass Private	244, A M Layout, Near Kallappa Block, Srinagar Bangalore South, Banashankari, Bengaluru Hq Region, Bangalore, KA	India
S3-702072253	Southern Fortune Riverside Llc	3676-3678 Thousand Oaks Boulevard, Thousand Oaks, California	US
S3-292446058	Zem	354-C Mingo Way, Townsed, Delaware	US
S3-4271612	IMC	32 Fordington Drive, Beekman, NY	US
S3-435412028	Foods Vectos  Builders Private Limited	A/b-a-5 Mahaveer Compoundrahanal Village Taluka Bhivandi, Shelar, MH	India
S3-516737179	Roach Center	Arizona, Unit 255, 1920 Isabella Avenue, Mesa	US
S3-745942608	Unified Prínting Union LLC	4505 Heritage Place, Rock Hill, South Carolina	US
S3-151513103	Kolkata Real [Ltd]	Poddar Nagar Clony Lp-87/08/0/03, Kolkata, Howrah, WB	India
S3-797455572	steelworkers union union local no 942	Lake In The Hills, Illinois, 615 Anderson Dr	US
S3-450367967	Regional Horizon	87 Eastern Avenue, Holden, Maine	US
S3-199060358	સેવન પ્રોડક્ટ્સ પ્રાઇવેટ લિમિટેડ	901/8, Nr. K.b. Comm Center Khanpur, Ahmedabad, GJ	India
S3-925751893	Ashoka Credit Private Ltd	Mig 142, Ambattur, Thiruvallur, TN	India
S3-675374467	Le, Janey Classic Americas [Inc.]	9245 Putnam Road, Forestville, New York	US
S3-239896543	Midwest Verde Metro	4329 Killian Ct, Dayton, Ohio	US
S3-353153774	ശക്തി ഹോസ്പിറ്റാലിറ്റി പ്രൈവറ്റ് ലിമിറ്റഡ്	Kasaragod, Ii/133/d(old), Kn Shops Muliyar Via, Kanathur (Po), KL, No.viii/44(new), Kasargod	India
S3-295674306	Bright Insurance Services (Corporation)		US
S3-33842912	Gujarat Private Limited Center Center	At Post Rajuri, Taluka : Junnar, Pune, महाराष्ट्र	India
S3-524217047	Fourth Projects Private Limited	House No 35 Ab, Ground Floor Blk-f, Moti Nagar, Delhi, West Delhi, दिल्ली	India
S3-920093517	Theresa Gill Ridge Yorkville		US
S3-506919436	Qultblaz Corp	225 Mill Valley Rd, Belchertown, Massachusetts	US
S3-838333019	Mumbai [Ship]	MH, Block A-414 401, Mumbai (SUBURBAN), Mumbai City	India
S3-465337551	Direct Clear Néighborhood LLC	629 Briarglen Drive, Coppell, Texas	US
S3-237327400	Patty Martin Elite Highland Corp	7968 20, Stanley, North Dakota	US
S3-372158464	#Robertsonpiedmont	4525 Town And Country Dr, Charlotte, North Carolina	US
S3-197612690	Ghaziabad Ghaziabad Fóundation	Raksha Addela Apartment, 608, Gaur City-2, Sector-16c, Greater Noida, Ghaziabad, UP	India
S3-461941937	Sky  Systems	No 639 C/o Wework Prestige Cube, No 26 Laskar Hosur Road, Bengaluru, Bangalore, KA	India
S3-760972812	फ्यूचर कंसल्टेंसी लिमिटेड	C/o - Amit Ranjan Abharamchak Naubatpur, Patna, BR	India
S3-904730939	Tri-State  Exchange Inc	241 Charlie Court, Brookville, Ohio	US
S3-574114935	Mumbai Finance Private (Ltd)	Shop No. Fa- 14, Lake City Mall, Kapurbavadi G B Road, Thane, Mumbai, Thane, MH	India
S3-554558961	Sky My Foods Furniture LLP	18 C/o Rajiv Kumar, Sector-8 Sanatan Cooperative Colony, B H Colony, Patna, बिहार	India
S3-327069809	Pavan (India)	C/o- Sathyan E V, Ethiparambil House, Kumbalanghy, Ernakulam, Keralam	India
S3-16394152	Chiropractic Care Associates Partners Board	2377 Old Red River Road, null, Questa, New Mexico	US
S3-539970930	Laplante United Banking Midtown	#2875 Bart Street, Gilbert, Arizona	US
S3-436133819	Interfaith Ptlsfojnt	4733 36th St, Tacoma, Washington	US
S3-673325897	*** @heartlandpolska	74 Merriman Street, Unit Unit 5, Rochester, New York	US
S3-11425184	Modern Tcenical Systems Summit PC	W7080 Alp Ct, Town Of Springwater, Wisconsin	US
S3-111157766	Orthopedic Héalth Héalth	2804 Ninth Ave, # APT 10, Winfield, Kansas	US
S3-155197537	రాజ్ టెక్నాలజీస్ లిమిటెడ్	Flat No-515 Indu Park View, Road No-7 Tirumala Nagar, Vadlapudi, Duvvada, Vizag, Vishakhapatnam, ఆంధ్రప్రదేశ్	India
S3-652795729	Alpha Tech Private (Limited)	506 78/917, Mangal Murti Appartment, Sola Gujarat Housing Board, Ahmedabad, GJ	India
S3-172408746	Peak	TN, Nashville, 931 Percy Warner Boulevard	US
S3-259680577	Laxmi Developers Limited Center	H.no 5-1 Freinds Colony Lal Kbthi, Mumbai, Jaipur, RJ	India
S3-786047100	होटल स्टार इंफ्रास्ट्रक्चर प्राइवेट लिमिटेड	Sr.no. 295, Darga Bajar Peth At Post Talwade, Mumbai, Osmanabad, MH	India
S3-425143395	Innovative Educational Society Exports Ltd	Thirunagar, தமிழ்நாடு, Chennai City Corporation, 33 Jawaharlal Nehru Road	India
S3-379786316	WOMENS HEALTH PARTNERS LLC Enterprises		US
S3-266042939	Brixnovi	Hotel Alishan, Darjeeling, WB	India
S3-449628818	Spriggs Tídewater	Dickinson Rd, City Of De Pere, Wisconsin	US
S3-222679467	251 Park LLC Realty, Way	14626 99, N/A, Lynnwood, Washington	US
S3-404692800	Shadow Bee	264/B1(C9), 11Th Street Korattur, Chennai, TN	India
S3-191011946	गैलेक्सी हॉस्पिटैलिटी प्राइवेट लिमिटेड	उत्तर प्रदेश, Lucknow, 40	India
S3-273063032	गुरु मीडिया लिमिटेड	C-009 Ground Floor Noor Nagar Extension Johri Farm, New Delhi, South Delhi, दिल्ली	India
S3-777683126	Mr Slv  Trust	Thane, Off-426, Pl-72, Shiv Centre Premises, Thane, Plot 70 Fl 4, MH	India
S3-53786358	Thoraipakkam Pharmaceuticals (L.L.P.)	Thoraipakkam, TN, 1St Street Balaji Nagar, 3/1248, Chennai	India
S3-634095133	Cozy Nai1s Group	615 Adams Street, Oklahoma, Sapulpa	US
S3-471847899	Springfield Surgical Cinci Inc	3340 Barrington Avenue, Springfield, Missouri	US
S3-477655292	Ess  Surface Ltd.	# 49-50, Nanjappa Layout, J C Industrial Estate, Kanakapura Road, Bangalore, KA	India
S3-720176490	Oram Hawaii	802 Ardtore Rd, Phoenix, Arizona	US
S3-71542232	Doyen Minerals L.L.P.	Cghs Sargodha Apartments, Plot No 13, Sector 7, Dwarka, DL, South West Delhi, West Delhi, Flat No 433	India
S3-114672	Capital Charities	175 Hollywood Cir, Mt Gilead, North Carolina	US
S3-37054092	urgent care diamond partners greater	00332 Main St, PO Box 1137, Princeton, Indiana	US
S3-720553518	Alonso, Knaub & Gruzman Energy Highland Co	Boston, Massachusetts, 0076 Faunce Road, NULL	US
S3-184565032	Pvt Marutham + Bsrorhers Ltd	#11-1-25 Bhavanthi Street Near Raghavendra Mutt Carstreet, Mangalur, Dakshina Kannada, KA	India
S3-21406286	Thomas Rate  Corp	1226 Laubscher Road, Evansville, Indiana	US
S3-665769285	M/s modemservices.com	# A-71/2, Bangalore, KA	India
S3-673933785	Suriya Brothers Overseas  Pvt. Ltd.	North Delhi, 59 Ssi Industrialestate Gtk Road, दिल्ली, New Delhi	India
S3-992438068	Garden Plain	301A Garnett Avenue, Fl. 0, Garden Plain, Kansas	US
S3-63994707	डिजिटल बिजनेस हार्डवेयर	Door No 195 Shop 11, Ground Floor, Kingston Shastri Nagar, Apna Ghar, Opp Hdfc Bank, Oshiwara Rd, Andheri, (West), Bombay, Mumbai City, महाराष्ट्र	India
S3-939006513	Sudheer Group of Comalanies	DL, A-77, <NULL>	India
S3-4185616	Private Aditin Tours Ltd	Door No 158 Hig 65/55 Pratap Nagar, Sanganer, Jaipur, RJ	India
S3-10757963	N+-Teocufiuo, Inc	02664 Slab Road, Austinn CITY, Indiana	US
S3-320617216	Brown-Manufacturing Ltd	Dewey, #11665 Appaloosa Lane, Arizona	US
S3-965338660	Fuentes Innovative Bumrungrad, Inc	1498 Pleasant Valley Drive, Ohio, Cosocton Township	US
S3-684151850	Ke1ly Arts Ltd	#16913 4010, Mabank, Texas	US
S3-483687206	Crystal Freight Dogaitsal LP	2959 Sorrell Ct, Winchester City, Virginia	US
S3-547072048	Davis Allied Carolina L.L.C.	#1960 Cleveland St, Arlington, Virginia	US
S3-370492972	Volga Ltd. Pvt. Processors	Door No C-670 7-2-1813/5/A/6, F No 432, Czech Colony Vasavi Inderaprastha, Santhanagar, Hyderabad, TG	India
S3-103355960	-- Better [Archdimdes-Corp]	42 Baldwinville Rd, Winchendon, Massachusetts	US
S3-200652778	Ghaziabad Women Limited	No 459 Sk Iii Indrapuram Ghaziabad, Ghaziabad, UP	India
S3-253074021	Mamleshwar Public  School Pvt Ltd	V & P.o. Khosa Pando, Zira Road, Faridkot, Moga, ਪੰਜਾਬ	India
S3-76631216	pbpolymers.com	Site No #78 Pionier, Bengaluru, Bangalore Rural, KA	India
S3-873018226	Blue Peak Red Corporation	2011. 25th Ave, Seeattle CITY, Washington	US
S3-715882797	Memorial Memorial Project of Clarksburg	13003 Clarksburg Square Rd, Clarksburg, Maryland	US
S3-684903835	Jai Infrastructure Private	293/V, Thrissur, Arattupuzha, KL	India
S3-950636309	Rhonda'S Certified Landscaping	255C Prince Royal Drive, Berea, Kentucky	US
S3-995643034	Office-of Consumer Affairs Center	8591 Shea Blvd, <NULL>, Scottsdale Airpark, Arizona	US
S3-207185873	modern payroll networks holdings	6590 1/2 Borr Ave, Reynoldsburg, Ohio	US
S3-138452098	ഇന്തോ യുണീക്ക് ഗ്ലോബൽ ലിമിറ്റഡ്	1/640/F5, Ibrahim Souk, Oorakam Grama Panchayath, Tirurangadi, Malappuram, Malapuram, KL	India
S3-568530944	सूर्य एक्सपोर्ट्स प्राइवेट लिमिटेड	3, Gola Bad Rohta Road, Meerut, UP	India
S3-576297328	Mn Consultancy Company	3Rd Floor Blockbsilver Parkapartments 24 Thanikachalam Road, T.nagar Madras-17, Road, Chennai, 7, T.nagar Madras-17, TN	India
S3-713176876	getz certified innovative	002138 Lakeshore Dr, Brooklyn, Iowa	US
S3-77032246	Apex Br0kerage Peak Inc	California, Costa MESA CITY, 01321 Corte Maltera	US
S3-46705563	greenblatt family office	150 Shaw Dr, Eurekka, Missouri	US
S3-573464427	Ordonez, Ballard & Nuveen Lamb	1254 Burkemont Ave, Morganton, North Carolina	US
S3-624193339	Custom Education Innovations (Inc)	5420 Olympic Cir, Lincoln, Nebraska	US
S3-283718218	shubhlabh academy ventures	0014/104, Jaipur, RJ	India
S3-218713299	NTJ Limited Center	Houoe No. -07, Jhunjhunu, RJ	India
S3-557824376	Magda's Kéystone Hair Studio Highland	PO Box 8291, Winfield, Indiana, 601 112th Place	US
S3-50096781	Urban Hair Studio  Ltd Center	305 Shun Pike, Nicholasville, Kentucky	US
S3-343945979	Inc Walker Kelly and	141 Thompson Overlook Way, Smithfield, North Carolina	US
S3-143041825	Zar Educational Sóricllty Ltd	उत्तर प्रदेश, Agra, A-10, New Agra	India
S3-667106573	Anand Infra Private  Limited	Calcutta, Kolkata, পশ্চিমবঙ্গ, 158 Bangur Avenueblock A	India
S3-968261477	Creative Trading Private  [Limited]	Ug-5, Block-a, Omaxe Gurgaon Mall Sohna Road, Sec-49, Gurgaon, हरियाणा	India
S3-822170386	Dr Jay Iaefra (Hotel)	61 Ward No.6, Nira Tal Purandar, Purandar, Pune, MH	India
S3-965000606	Technology Unity Iron Limited	Block F-579 Daya Complex, Kh. No. 333/1, First Floor, Rangpuri, New Delhi, South West Delhi, DL	India
S3-604212032	hitechinvestment.com	Off -208, Amar Neptune, Sn 6/1/1, Bh Food Bazar, Baner, Pune, Balewadi, MH	India
S3-257382564	D + P Painting	6414 Song Sparrow Lane, Columbus, Ohio	US
S3-253872844	Workman, Patel and Hairston [Invesco]	27 Voyager Lane, Lehi, Utah	US
S3-204435910	Swastik Agro Pvt Ltd. (ID: 44962)	10/238/12, Devikulam, Idukki, Keralam	India
S3-806363473	090 Braves	4757 E, Zachary City, Louisiana	US
S3-772217718	Royal Integrated Automobile	144 1/2 Mccowan Road, Ashland, Kentucky	US
S3-610608651	Perfect Balaji Builders  Private Limited	H.no. 4/4/10 (Old-177) Rath Haveli Kotwali Nagar, Faizabad, उत्तर प्रदेश	India
S3-141091952	Physica1 Therapy Legacy Clinic (Inc)	363 Grays Pointe Cir, Gray, Tennessee	US
S3-384490400	Florella Curtis Green Technical	Jamesville Road, Syarcuse, New York	US
S3-665987945	आदित्य कंसल्टिंग प्राइवेट लिमिटेड	5/227 Uma Sahakari Gruha Nirman Sanstha Old Mill, Solapur, MH	India
S3-476557057	GOLDEN ROBOTICS DIGITAL L.L.C. (ID: 53038)	16- Mystique Ln, Cromwell, Connecticut	US
S3-750038513	Dr *** Laxmi Snofftwae Pvt Ltd	B-104, Sector- 36 Noida, Noida, Gautam Buddha Nagar, UP	India
S3-545676131	बाबा सॉफ्टवेयर लिमिटेड	Office No 1, Thane, MH	India
S3-819211440	Miradeltazeph doing business as YXZ American Ubs Inc.	164 Covell Lane, Mcdonough, NY	US
S3-462680500	Shakti Foods Prívate Limited	H.no #43, Pantheon Road Egmore, Chennai, தமிழ்நாடு	India
S3-537950083	orthopedic care p.c.	34536 Nashotah Rd, Village Of Summit, Wisconsin	US
S3-823972833	#clemmiej	32600 Old Bridge Road, Floor 1, Scottsdale, Arizona	US
S3-75932127	Rizavera D.B.A. Montgomery Newbury	434 Bowling Green Drive, Montgomery, AL	US
S3-608219124	Chow Dental Asocisiates L.L.C.	32B Leisure Lane, Salisbury, Vermont	US
S3-8108025	Total  Modern Culture Metro	4536 Yuma Dr, Indianapolis Township, Indiana	US
S3-914734518	SOUTHERN TRI-STATE NETWORK GROUP	7736 Somerset Bay, # APT D, Indianaplois Township, Indiana	US
S3-959541556	Electronic Software Labs Inc	10289 Crestwood Court, Fl. 1, Beaverton, Oregon	US
S3-616862713	Coify Rmesoouies	1168 Carrs Wharf Road, Floor 0, Edgewater, Maryland	US
S3-294693627	Vijay  Pcober Limited	Kolkata, No 95/1 Cossipur Road, WB, Calcutta	India
S3-81311280	Custom Airlines Corp	5208 Stonehaven Lane, Columbus, Indiana	US
S3-298418517	Kankaria Cottons Public Limited	127, Monarch Plaza, Plot No 56, Sector 11, Navi Mumbai, MH	India
S3-120936269	Tichenor Vanek Partners	3137 Mattie Wade Road, North Carolina, Sherrills Ford	US
S3-529035971	ctmayank.com	196 Old China Bazar Street1st Flr Room No 4, Dalhousie Kolkata, Calcutta, পশ্চিমবঙ্গ	India
S3-286855190	Dulcia Scárlett, CPA, P.C. Summit	Canadian, 34 Lakecrest Drive, Oklahoma	US
S3-735612692	Jarlial Encore Ínc	111 9th Ave, PO Box 4145, Oskaloosa, Iowa	US
S3-156366354	innovative golden spark inc	2889 Mountcrest Cir, Concord, North Carolina	US
S3-362865788	रियल इन्वेस्टमेंट प्राइवेट लिमिटेड	Room No-201, Dube Apt. Near-dam Papadkhindi Road, Mumbai, Thane, महाराष्ट्र	India
S3-686483278	ફોર્ચ્યુન આણંદ ઇન્ફોટેક પ્રા. લિ.	No A-902 Paiki, Plot No. 19 Paiki, Bharat Nagar, Block No. 4, Village-madhapar, Sanala, Morbi, Rajkot, GJ	India
S3-995651417	*** Cavue Frontier Merger  LLC	2036-2038 Charlotte Way, Round Rock, Texas	US
S3-968142792	Olanis John	164 Chilton Saint, Cambridge, Massachusetts	US
S3-844249073	TX Diamond Service (ID: 25606)	20 Medora Lane, Fort Mill, South Carolina	US
S3-564542377	Betancourt Express Partners Realty	26425 Lakeview Ter, Godfrey, Illinois	US
S3-763478361	Sun Management  Private		India
S3-162980437	mcgregor delta purecycle-jacksonville	Jacksonville, North Carolina, 1227 Murrill Hill Road	US
S3-366746394	Mr Kanhaiya Kanhaiya Center	C/o Braj Mohan Mahawar, Dausa, RJ	India
S3-267846418	LLC Custom Beacon Engineering Eastgate	2410 Tamera Drive, Huntsville, Alabama	US
S3-841858123	Silatech Manaeget	5619 St Rt 86, Windsor, Ohio	US
S3-155827261	Ahmedabad Intelligence Public Limited	5/42, Ahmedabad, GJ	India
S3-848526602	South Metropolitan Architecture Inc	1324 Chisholm Trail, Newton, Kansas	US
S3-803200169	Mr Av Srtams Private Limited	##2, C Wing, 1184/4, Shreenath Plaza Dnyaneshwar Paduka Chowk, Fc Road, Pune, MH	India
S3-682695127	Onyxorbi doing business as Colonial Investments	244 Darrington Drive, Greece, NY	US
S3-728435365	फॉर्च्यून फाउंडेशन प्राइवेट लिमिटेड	Flno A- 103, Gold Leaf Sai Satyam Park, Gat 1354/1, Pune, MH	India
S3-545209670	Empire Brands LLC	2150 Washington St, # 225, Newton, Massachusetts	US
S3-91897302	Cairistiona  Conley Pioneer Staking Greater LLC	216 Destiny Pl, Houma, Louisiana	US
S3-749113592	Sree Technology of Institute	Daskroi, 5, Ahmedabad, C/o Kameshwar Estate, Plot No. 3609, Phase 4, G.i.d.c Vatva, ગુજરાત	India
S3-723523442	Nexzeph DBA: Siddhivinayak Advisors Co	Survey No 232/1 New Nagoriplot Galpandhar Road Corner National Highway, Gandhidham Kutch, Gujarat	India
S3-507758386	Advanced Payroll Laboratories Group	20 Kimball Ridge Ct, Catonsville, Maryland	US
S3-134087016	The EQ Tech Center	2005, Noida, Gautam Buddha Nagar, उत्तर प्रदेश	India
S3-828694581	Herta Cmle Capital Chemical Uptown	N/A, Vermont, 198-202 Clay Point Rd, Colchester CDP	US
S3-499712217	eastern integrated hospitality co	26179 Dungeness Avenue, null, Kinngston, Washington	US
S3-7285628	Carney, Mimms & Wolff	#541 Cirvelo St, Watsonville, California	US
S3-689081999	Gujrat Institute Of	H No. A-4 49/2, Gachibowli, Rangareddy, తెలంగాణ	India
S3-597275991	Midwest Apex Laigh, LLC	Scheenectady, 101 Nott St, New York	US
S3-727034007	Ltd Superior Aaytis	185 Newport St, Arlington, Massachusetts	US
S3-76997783	Metropolitan Hgrózson Steel, LLC	229 Winding Way, <NULL>, Shelbyville, Kentucky	US
S3-138596697	Direct-Harvard Ltd.	Indiana, 314 3rd St, Rushville	US
S3-195474477	ராயல் பில்டர்ஸ் பிரைவேட் லிமிடெட்	9, Shree Shivvas Castle Vanni Nagar Road, Vellaikinar Pirivu, Coimbatore, தமிழ்நாடு	India
S3-268816588	internal medicine vanguard clinic	#59 Mary Street, Quincy, Massachusetts	US
S3-874715964	Artemis It [Ltd]	Plot No-##45, New Delhi, South West Delhi, DL	India
S3-294737865	LLC Lais	Maine, 563 Elm Street, Parsonsfield	US
S3-758964668	Tea  Ventures Overseas Co	H.no 00561 Araji No. 379 Ahir Mohalla, Semliya, Chittorgarh, RJ	India
S3-593152841	Vision  Center Group	3913-A East Ave, Stickney, Illinois	US
S3-574387965	Manu (India) Solutions Priatvne Limited	S. No. 79A/B/2 P No-4, Bhusawal, Jalgaon, MH	India
S3-554168475	न्यू फाउंडेशन प्राइवेट लिमिटेड	42, New Delhi, South West Delhi, DL	India
S3-71256569	Shreeji & Partners-Limited	Unti, K.v.rangareddy, తెలంగాణ	India
S3-423594332	Bright-Consultants	Seneca Falls, New York, Walnut Street	US
S3-791021794	20/20 LLC Center Vision	005440 Craig Ave, Groves, Texas	US
S3-636060692	Mt (India) Engineering	581 Rajendra Nagar Khagaria, Khagaria, BR	India
S3-720205359	सनराइज फाइनेंस प्राइवेट लिमिटेड	2 Floor-grd, Mumbai, MH	India
S3-439043205	Sanchez  Allied Jab Inc	8020. Hidden Brook Dr, Fort Worth, Texas	US
S3-457645040	Horizon LLC Service Enterprises		US
S3-783853532	Philly Doty Digitalbridge Metro Inc.	PMB 1726, Texas, Round Rock, 373 Geese Route	US
S3-710793994	Inc Davis R0yal Abony,	192 Main St, Saint Clairsville, Ohio	US
S3-60887313	Inc B1ack Horizon Pówer	877 Duclos Rd, Braintree, Vermont	US
S3-586421691	Swami Lgoisticcs Private Limited	136, Mumbai City, Mumbai, MH	India
S3-873512412	Vanguard Holdings Services	00236 Haywood Glen, Victtor, New York	US
S3-167857271	Autism Assistance Association II, L1c	005876 Columbiana Rd, New Midletown, Ohio	US
S3-153319929	Select Lifeco LLC	1567 96, Franklinton, North Carolina	US
S3-54455761	PEAK FRESENIUS INC		US
S3-993441938	KZD Supplements Prvté Limited	Lucknow, 9B/229/8, UP	India
S3-415382639	cancer initiative	284 Big Rd, Unit Unit 4015, Upper Frederick Township, Pennsylvania	US
S3-357830905	इंडो ट्रेडिंग प्राइवेट लिमिटेड	Unit No. - 637, Lodha Signet - 1, Thane, महाराष्ट्र	India
S3-30700915	सन प्रोजेक्ट्स प्रा. लि.	49, Civil Station Strachey Road, Allahabad, उत्तर प्रदेश	India
S3-863960416	Gusti Watson First	705 Oak Grove Laoe, ROSE CITY CDP, Texas	US
S3-668807633	United  Value Managers Group	806 Mukilteo Boulevard, Unit Tennis, Everett, Washington	US
S3-421061313	Big Seafood-Edmond	400. Danforth Road, Unit 209, Edmond, Oklahoma	US
S3-518239197	Manning Transportation Inc	143 Richmondville Road, Richmondville, New York	US
S3-976344507	Miller, Wright + Vaaalas Montreal Inc	941 10th Ave, Onalaska, Wisconsin	US
S3-741599874	Xylovantagevantage formerly: Anniston Family Services	Anniston, AL, 911 Bancroft Avenue	US
S3-358152160	Ltd Benaka Ventures Pvt (Services)	Jaipur, RJ, Plot No. 99, Jaipur	India
S3-370396454	Mr Digital Foods Private		India
S3-337073328	Lower College Trading		US
S3-286423684	Kennedy Te1ecommunication (Inc)	416 Broadway Street, Brandenburg, Kentucky	US
S3-523878811	Quanteus Rail Inc.	69881 1/2 Barton Rd, Ohio, Saint Clairsville	US
S3-841046679	Limited Laxmi Industries Medicals	No C-32 Villa-c, Sultanpur, New Delhi, DL	India
S3-553151404	#Oabrdn	0091 Riverlin St, Massachusetts, Millbury	US
S3-26421893	Castaneda  Spdr LLC	061 Fernbrook Rd, Northborough, Massachusetts	US
S3-819835467	Akashdeep C0mpetitive Private-Limited	4-104, Nalgonda, Huzurnagar, TG	India
S3-903138120	Ncr Star Fairley Care Riverside	1307 Cholla Avenue, <NULL>, Somerton, Arizona	US
S3-227365907	Sourav Chemicals Pvt (ID: 82479)	Plot 911 H- 21, Mumbai City, MH	India
S3-858715667	Gomez, Marlatt and Argentina Porter PLLC	18- Eaglecrest Court, Fl Ground Floor, Columbia, Illinois	US
S3-395169745	Safe Asset Sesrvgee, Inc	2453 Palomino Pl, Owensboro, Kentucky	US
S3-519606520	flores golden retail		US
S3-809143662	Noviarclum aka Anderson, Williams and Perez Outdoor Inc	14714 Weidler Street, Portland, OR	US
S3-358488006	Nollie Jones Australian-Inc	2123 Main Saint, Clarksville, Arkansas	US
S3-741827022	Solstice Inc	1114 Plfmmer Ave, Chanute, Kansas	US
S3-73274738	Foot  & Ankle Health	Exchange Glenwood Pl, <NULL>, Raleigh, North Carolina	US
S3-773794059	>> Gilddova	2000 Spaulding Avenue, Maryland, Suitland	US
S3-269584157	regional coalition holdings	12737 Tierra Pueblo Dr, City Of El Paso, Texas	US
S3-557741290	nadingmouser.com	2635 Hohokm Dr, Chino Valley, Arizona	US
S3-373318037	desertnewhold.com	124 Macy Place, Mobile, Alabama	US
S3-825553626	Et-Service	Gorge Road, Cazenovia, New York	US
S3-804968788	Monarch,  Inc	190A 26th Avenue, City Of Wisconsin Rapids, Wisconsin	US
S3-579264104	Cozy Cleaning Service	218 Rusk Street, Fayetteville, Texas	US
S3-221726996	Applied Commercial Studios  Corp	4233 South Shore Drive, Effingham CIY, Illinois	US
S3-200947384	Cardiology Physicians	14713 Meadow Lane, Plainfield, Illinois	US
S3-908633117	Cadyne L1c	1626 Nc 6401, Jasper, Arkansas	US
S3-149357904	Tgs [Ventures]		India
S3-149622465	M/s Andhra Gloves Company	67, Village Softa, Near Softa Mor, Softa, Ballabgarh, Faridabad, HR	India
S3-144672063	Smt Rsm Jeewan Private [Limited]		India
S3-135187104	piedmontministries.com	115- Goldsboro St, Pikeville, North Carolina	US
S3-555415883	Lyraevodrex	577 Hampton Place, Memphis, Tennessee	US
S3-278700172	Capital Cápital Acres LLC	53 Heritage Drive, Vidor, Texas	US
S3-991371241	The Vision Hárbor Center LLC		US
S3-339240806	Lm Private Services Limited	322, Aggarwal Modern Bazar C-33, Lawrence Road, Delhi, DL	India
S3-539569476	Vioavi	G-1, Ground Floor, No.63 Rama Street, Nungambakkam, Chennai, Tamil Nadu	India
S3-74170980	Rc & Brothers Private Ltd	3E- Naaz Building Lamingtonroad Grant Road, Mumbai, MH	India
S3-167319365	Midwest Metropolitan Clearthink	Redding, California, 4070 Railroad Ave	US
S3-712564318	Private Sundha Blanc Ltd	Plot No-16, Sector A-9, Pocket-1 Narela, Delhi, North Delhi, DL	India
S3-697956436	Pediatric Mdeicien  of Elkhart West LLC	0414 Cleveland Ave, Elkhart, Indiana	US
S3-123167955	Urology Interstate Medicine Holdings	5835 14th St, Fargo, North Dakota	US
S3-456472597	5tellato,-Zwilling and Bright	505 Main St, Griswold, Iowa	US
S3-338602872	Janhavi Exports Private Limited Services	Shop 5, Nasik, Kolhapur, MH	India
S3-317410340	Environmental Fefd	2704 Bermuda Ave, Sand Springs, Oklahoma	US
S3-467498044	Solpyra One dba Bahadur Bhumi (India) Private Limited	52 Advocate Building Gali No. 4 Near Bank Of India Shaberi, Greater Noida, Gautam Buddha Nagar, Uttar Pradesh	India
S3-303012024	Metropolitan Institute	03300 Woodlark Dr, Fort Worth, Texas	US
S3-108227921	Royal (India) Solutions Holdings Pvt Limited	New No. 25 Old 7/1, Chennai, Perambur Purasawalkam, TN	India
S3-282362067	Central Contaienr Contaienr Ltd	Plot C-8/2, Midc, Globe Business Square, Phase 1, Dombivli East, MH, Unit No 319, Kalyan, Thane	India
S3-173480146	Markland, Dionne & Duval	6222 Knoll Hill Drive, Worcester County, Maryland	US
S3-321176768	Ophelia Montana  DDS Co	Oregon, Idaville, 7370 Alderbrook Road	US
S3-955711047	Wilder Community (ID: 32434)	924 Stockbridge Drive, # APT 205, Fort Mill, South Carolina	US
S3-897510136	Co1onial Alliance Commission	03053 Canvasback Court, Franklin, Ohio	US
S3-929331349	Wexectoecto Labs fka Parker and Kohn LP	423 6th Avenue, Unit 1, Cheyenne, WY	US
S3-292290735	Bangalore Edutech Private Limited	#9, Bangalore, ಕರ್ನಾಟಕ	India
S3-548917591	Andromache Obiren Heartland Winvest P.C.	2 Tarbox Street, Bath, Maine	US
S3-938052530	Jaipur So1utions LLP	Plot 972 A-22, Jaipur, राजस्थान	India
S3-464679439	Larusso Diamond  Federal	139-B Main St, Schwenksville, Pennsylvania	US
S3-990066696	Wilsonyounis.Com	01 Hilltop Avenue, Thomaston, Connecticut	US
S3-406432606	Pediatric  Dental Pcans Inc.	2623 39th Ave, Washington, Seattle	US
S3-899403469	North Indo Healthcare Private  Limited	Ahmedabad, Arbuda Estate, Nr. Muthiya Crossing, Phase Ii, Gidc, A-2, GJ	India
S3-868297922	delioncommunicationsclinic.com	14 Lyceum St, Geneva, New York	US
S3-664726007	Terry Cne	0048 Bent Branch Rd, Pikeville, Kentucky	US
S3-412149102	National IV Center	11600c 75th Ave, # 225, Peoria, Arizona	US
S3-154974406	jaiinnovation.com	No.##17, 1St Floor, Star Complex Jnana Bharathi Jnana Bharathi Ullal Main Road, Bangalore, Bengaluru, KA	India
S3-683174360	3956 St Holdings Center	Pitkin Dr, Lockhart, Texas	US
S3-420166566	LLC Guastella Coastal Saratoga	2624-D 60th St, Lincoln, Nebraska	US
S3-108731776	AD Black L.L.C.	627 Bellows Falls Rd, <NULL>, Putney, Vermont	US
S3-890074162	Smith [Ocean]		US
S3-766973999	Pushpak Traders-Ass0ciates	Flatno. 101, Hyderabad, Andhra Pradesh	India
S3-45043386	विजय इंडस्ट्रीज प्राइवेट लिमिटेड	Geet Gunjan Chs; Plot No. 1198; Flat No. 1401; 7Th Cross Lane; Lbs Marg, Bhandup, Mumbai, Mulund West 40, 0080, महाराष्ट्र	India
S3-767909828	Elaina A. Degan, L.C.S.W. Inc	2759 124th Street, New Berlin, Wisconsin	US
S3-520188468	Frontier  Custom Fitness Care Inc.	9850 Bayshore Rd, Lakeside Marblehead, Ohio	US
S3-76330975	Nexus Inc.	25230 Roping Road, Scottsdae, Arizona	US
S3-817376649	Bombay  Engineering Pvt	MH, Raigarh, Thane, Office 601-602, Sector 15, One Platinum, Cbd Belapur	India
S3-903586887	Tmi & Co of Rajkot Private Limited	No 15 Radhe Shyam, Rajkot, GJ, 6-New, Rameshwar Society	India
S3-13674112	East Private Limited [Center]	A-268, Gurusevak Bldg, Blk No 7, 1St Floor Cst R, Mumbai, MH	India
S3-75465587	Dermatology Center Care	Tucson, 5541 Flying Circle Street, Arizona	US
S3-775893679	Gmg Charitab1e Trust Partners Corp	Gat No.163, Behind Shell Petrol Pump Kuruli, Chaka Khed Pune Kuruli, Pune, MH	India
S3-343009930	Private Shree Fóundation Limited	239, 2Nd Floor Exult Shoppers, Near Vesu Ss, Siddhivinayak Temple, Lucknow, Surat, GJ	India
S3-623835736	Shope Star	#221 Fairview Ave, West Virginia, Beckley	US
S3-872104425	www.colonialm.com Colonial-Meshflow, |	Shore Road, Day, New York	US
S3-218916846	Regional National Presidio	2400 Riverfront Drive, # Apt 4F, Little Rock, Arkansas	US
S3-564647291	Patriot Xsolla Midtown	Wisconsin, 951 Riders Club Rd, Onalaska, PMB 7308	US
S3-801684546	Hartman Midstream Holdings	2211 Nelson St, Virginia, Henrico CITY	US
S3-773534142	Lumos Remgernos LLC	1239 Vermont Ave, Unit 701, Washington, District of Columbia	US
S3-519430671	Mutual Hospitality	531 Ashvale Circle, Coeburn Town, Virginia	US
S3-856051092	Central Intelligence [Alliance]	6401 Hawks Call Lane, Bartlett, Tennessee	US
S3-326049883	Syntho Solutions-Private Límited	House No. 2730/B, Sy. No. 95 Bavani Nagar, Khd, Belgaum, KA	India
S3-858508324	हाई कंसल्टेंसी प्रा. लि.	91, 3Rd Flr, Front Side Bhagwan Nagar, Delhi I, South Delhi, DL	India
S3-702044595	All All LLC (Partners)	#6633 12th Ave, Tucson, Arizona	US
S3-347573703	Solar Trading Limited Center	Vedanta #75, Nagpur, MH	India
S3-505429158	Greater Enterprises Private Limited Pártners	No #80 Rahul Complex, Pune, Poona, MH	India
S3-331747369	BO Medical Private Limited	6Rd Floor, Regency Plaza 5 Park Road, Barabanki, UP	India
S3-181345088	Rosemary Háll, D.D.S.	2208 Phelps Rd, Unit 107, Hyattsville, Maryland	US
S3-126421320	Radha Exim Private Limited	#212 Dr Mukherjee Nagar Kingsway Camp, New Delhi, North Delhi, DL	India
S3-213286015	Peak Catasl	0095 Hickory Rd, Connecticut, Naugatuck	US
S3-726229887	Bright Education Laboratories Corp	2515 Carolyn Place, Winona, Minnesota	US
S3-322256024	Orthopedic Health	Utah, West Haven, 3529 3100	US
S3-414450424	Ppm-& Co		India
S3-708812153	Oncology  Specialists	158- Main St, Unit Suite 2, Walden, New York	US
S3-224828597	Troyer Siueie Bulkers LLC	235 Reily Road, Cincinnati, Ohio	US
S3-21519015	Tech Nucleus Storage Private Limited	No.43 K#477, Horamavu Village, Bengaluru, Bengaluru Hrbr Layout, KA	India
S3-9131914	Lumola LLC Services	514 Lytle Street, # D, Tennessee, Murfreesboro CTIY	US
S3-65741742	Llc Lopez, Destine & Nichols	1162 1/2 Melvyn Ln, Elyria, Ohio	US
S3-902598957	Garcia Banco Co	2472 Destiny Lane, Fl. 1, Medford, Oregon	US
S3-548236289	Shakti Limited Management	2-2-91/14, Amberpet, Hyderabad, Andhra Pradesh	India
S3-45313249	Super Hari Partners	2131/1, Delhi, Narela, DL	India
S3-677829309	Lotecex Partners Ltd	6135 Manchester Park Circle, Fairfax County, Virginia	US
S3-283197385	Lizabeth's Smart Properties-Ltd	8218 Saint Clair Ave, Cincinnati, Ohio	US
S3-84411245	Berg Neighborhood (Inc)	35613 30nd Avenue, Federal Way, Washington	US
S3-604949862	H+-Inc Center	1565 Rainbow Ave, Maple Plain, Minnesota	US
S3-703850169	TUESDAY EGAN APOLLO LLC	25217 Grogans Mill Road, Spring, Texas	US
S3-357359446	cultural committee east inc	504 3st Street, PMB 7463, Victoria, Texas	US
S3-818706408	लक्ष्मी प्रोड्यूसर स्टील प्राइवेट लिमिटेड	UP, Lucknow, #959 Plot No-08 K-25	India
S3-354152902	Fluxwexarc formerly Memorial Alliance	1005 Oatney Ridge Lane, Morrisville, NC	US
S3-630698659	Hoch Cell	<NULL>, 7050 Filbeck Dr, Indiana, Terre Haute	US
S3-961617597	Cascade Mission-Clinic	1808 Womble Court, Hampton, Virginia	US
S3-741719955	Pediatric Dental Medicine East Ltd	18231 34st Avenue, Shaw Butte, Arizona	US
S3-194604082	barry futurecrest llc	131 Dillingham Way, Hanover, Massachusetts	US
S3-211425138	Red  Pub LLC	6772. Waverly Ln, Firsco, Texas	US
S3-565866487	Shri Eagle  Builders of Shaikpet	Unit No 203, Hyderabad, Shaikpet, 2Nd Floor, Suite No. 456, Sbr Cv Towers, Sector-i, Sy No 64, Huda Techno Enclave, TG	India
S3-886209974	Better & Brothers LLP	Chamber No-30315/56- Wea Karol Bagh, New Delhi, Central Delhi, दिल्ली	India
S3-25972888	Xylomira trading as Apex Marketing	304, Mumbai City, Harshi Apartment, Madona Colony, S.V.P. Road, Opp. Dena Bank, Borivali (W, Est), Mumbai, Maharashtra	India
S3-856396239	cascadeholding.com	251 Bellmore Rd, NULL, East Meadow, New York	US
S3-377104674	Rodriguez Royal LP Services		US
S3-350901570	Pwc Four	873 Kentuck Rd, Danville, Virginia	US
S3-83142637	LLC Baker'S Prairie Systéms	N9117. 108, Mindoro, Wisconsin	US
S3-278076830	Jones Certified Welness Inc.	6694 Olive Ave, San Bernardino, California	US
S3-939991763	Booth Trinity of High	High Point, North Carolina, St Andrews Dr	US
S3-263097638	Premier [Activate]	26 Race Hill Rd, Madison, Connecticut	US
S3-312153923	INNOVATIVE CÁPITAL FACT	Hughesville, Antler Place, Maryland	US
S3-335149187	ALBERTINE FRANKS WIRELESS GROUP	6610 Cragland Ct, Charlotte, North Carolina	US
S3-663412269	Group Rodriguez Agnc	4036 Alyssa Ct, Bellingham, Washington	US
S3-898187789	Desmond L.L.C. of Technology Institute	Illinois, 6036 Kilbourn Ave, Chicago	US
S3-979489162	Ectokelo	113 Sprng Creek Lane, Wilmington, North Carolina	US
S3-358838215	Minichiello and Batloy P.C.	587 Melissa Ln, State College, Pennsylvania	US
S3-117874334	All Bharat Logistics Private Ltd	Door No 91 R-573 Basement, New Delhi, Central Delhi, DL	India
S3-501301064	Youth Federation Inc.	#3275 Sports Drive, Gilbert, Arizona	US
S3-560982584	Hector  Foundation Center LLP	No. 370 F3 (6Th Floor)breach Candy Apt Bhulabhai Desai Road, Mumbai, Palghar, महाराष्ट्र	India
S3-372738436	Wooley  Chbmpionsgaet LLC	<NULL>, 068 Poplar Street, Maine, Millinocket	US
S3-593520996	The Pediatric Beacon Health LLC	002756 River Road, Cincinnati CTY, Ohio	US
S3-980982347	Midwest Fell0wship Inc. Partners	13585 700, Jasonville, Indiana	US
S3-924976959	Health Ínitiative LLC	900 Tucker Way, Granbury, Texas	US
S3-955799035	Capital Initiative	312 Breezehill Road, East Sparta, Ohio	US
S3-297021935	फर्स्ट परफेक्ट इन्वेस्टमेंट लिमिटेड	Thane, A/103, MH	India
S3-990803689	X 5 Legacy Bleichroeder Corp	4526 Broussard St, Baton Rouge City, Louisiana	US
S3-690488965	Dr All Developers LLP	T-233 J, New Delhi, DL	India
S3-780752754	Smith  & Ready	19 Dennison Street, Gloucester, Massachusetts	US
S3-51527370	Compher's	2116 Grantland Avenue, Nashville, TN	US
S3-123411266	ਸੁਪਰੀਮ ਫੂਡ ਲਿਮਟਿਡ	Plot 356, Simar Enclave, Extension Maheru, Kapurthala, PB	India
S3-130163447	સૂર્ય ડાયનેમિક ફૂડ્સ પ્રાઇવેટ લિમિટેડ	C/o Opp. Bhankhariya Bus, Stand, 1St Floor, Prantij, Himatnagar, ગુજરાત	India
S3-786701758	Avighna + + Brcthers	1St Floor, Samruddhi Venture Park, Midc Central Rd., Nxt.totunga Paradice, Andheri (E), Gala 5/8, Mumbai City, MH, Mumbai	India
S3-738639817	Balaji (Logistics)	Flat No B-1601 Cloud -40, Greater Bombay, महाराष्ट्र	India
S3-490568871	NY Made Valley P.C.	18 1/2 Long Point Dr, Rock Island, Tennessee	US
S3-316664155	LLC Ortega Retail	Park St, Glencoe, Minnesota, NULL	US
S3-539865899	Maa Tordrng Private Limited		India
S3-320410159	Rivas Green Rochester of Enginiring	Norran Dr, Rochester, New York	US
S3-928420819	Best Properties-Pvt Ltd	Ghaziabad, Satyam Enclave, New Kotgaon, UP, No 863 12	India
S3-307662352	Sonakshi Trading Exports Corporation	G-3, D-96a, Sukhsamridhi Apartments Madho Singh Circle, Banipark, Sawai Madhopur, RJ	India
S3-664641045	... Jamesreynolds.Com	14 Hzel St, Binghamton, New York	US
S3-118787430	VEIS SAFE Wireless Partners	2057 College Avenue, College Twp, Pennsylvania	US
S3-80886760	nagica entertainment private limited	B 102, Bengaluru, ಕರ್ನಾಟಕ	India
S3-600707396	Cottrill's Ice Créam	145 South St, NULL, Waltham, Massachusetts	US
S3-596591078	JJH Infra Private  Limited	0675 102/22, First Floor, Gaurav Tower, G-block Commercial Complex, Vikas Puri, Delhi, Vikaspuri, DL	India
S3-473202434	Maid Pizza Group	349 Park Drive Manor, Rome, New York	US
S3-732166100	>> Daloris Tran James  Corp	1305 -222 Waterfront Dr, Virginia Beach, Virginia	US
S3-118041969	Mr Arihant Associates Private Límited	Plot 272 Bhulan Tarning Toorsa T-g Jaigaon, Alipurduar, Jalpaiguri, WB	India
S3-679454750	Pune City  Build Cennrte	H.no A-763 Flat No-a-4 Sn-117 Parvat, Fp538 Mangalmurti Complex, Pune, MH	India
S3-605834068	HF Associated LLC	1622 Continental Drive, Pleasanton, Texas	US
S3-101316775	Shree-Foods Public	C/o- Shre Amba Business Park, Wing B, Shop No.-1, Plot No.-9, Rahatgaon, Nagpur Road, Amravati, Amravati, MH	India
S3-595575467	CANTON KOGYO INC.	#7 Humphrey Road, Canton, Connecticut	US
S3-719141461	Blue Grading Clínic	94-34 45 Ave, Elmhurst, New York	US
S3-485162371	Private Hyderabad Pdins Limited	H.no 19 Baghameeri, Kukatpally, Rangareddy, Hyderabad, TG	India
S3-325362322	Carusototalcoastal.Com	9977 Project Lane, Idaho, Peck	US
S3-107240077	Cherlyn Delwberry Boral [Ltd]	2024 F Saint, Unit 219, Washington CDP, District of Columbia	US
S3-198939906	Xyloviocira formerly known as Metropolitan Alliance	1006 151st Street, IN, East Chicago	US
S3-714823926	Guerrero Santander	7380 191st St, Tinley Park, Illinois	US
S3-785016091	United Anchor  Generating LLC	147 Cooper Road, Judsonnia, Arkansas	US
S3-393945287	Gad Square  Infratech Pvt. Ltd.	No./7 Second Floor, Chennai, Perambur Purasawalkam, TN	India
S3-647107671	Drexnoviio Formerly Harrison Tailwind	9629 Averi Court, Harrison, OH	US
S3-191188895	Garcon & Noy Valley	1013-B Crestview Drive, Crestline, Ohio	US
S3-658103145	Total Property Labs Llc	816 Madison Street, Evanston, Illinois	US
S3-860321482	People Forex Private	No.122, Bangalore North, Bangalore, KA	India
S3-617461387	Agrasen [Sangh]		India
S3-355542967	Montos Magna,	5652 43rd St, # APT, Indianapolis, Indiana	US
S3-191488033	Blue Fellowship	875 Colonial Bluff St, N/A, EL PAS CITY, Texas	US
S3-432825192	Western College College P.C.	212 8th Street, # 202, Owensboro, Kentucky	US
S3-459157964	Value Harmony Corp	502 Bayard Cemetery Rd, Gormania, West Virginia	US
S3-454435559	ग्रीन सॉफ्टवेयर प्राइवेट लिमिटेड	201, Sunder Apartment, Nesbit Road, Mazgaon, Bombay, महाराष्ट्र	India
S3-211797675	hitech infra pvt ltd	H.no 43 Shailendra Kumar Belware, Hatiyawan, Sultanpur, UP	India
S3-75273406	Happy (Bistro)	00171 Golding Dr, Concord, North Carolina	US
S3-139932484	Innovative Pioneer Finance Group	007721 Fourteenth Avenue, City Of Kenosha, Wisconsin	US
S3-255985946	... Womens Health Specialists	170 Willow Bend Curt, Unit F, Kernersville, North Carolina	US
S3-310057729	Solquo DBA: Quantelle Integrated LLC	11 Dean Drive, Waterboro, ME	US
S3-933038091	Subhdata Consulting (India) Private ((Limited))	A-41, Sonkiya Bhawan, Kamani Circle, Jhotwara Industrial Area, Banar Road, Jh, Otwara, Jaipur, RJ	India
S3-459409374	leeann smith superior idaho	320 Vciksburg Lane, West Lafayette, Indiana	US
S3-247081217	Trust Br Exports	DL, New Delhi, West Delhi, Pura Commerical Complex, H.no 20 C3 Puja House Karam	India
S3-27621041	CERTIFIED AEROSPACE BRANDS INC	2948 3825, West Valley City, Utah	US
S3-402765659	Biagi and Zack Bitcoin Llc		US
S3-328775191	Pediatric  Partners Partners Co	112 Green St, Boston, Massachusetts	US
S3-333827937	Vanya Pizztlbat,o-Esq. Greater PC	4426 Westmont Street, Ventura, California	US
S3-224424752	Cancer Fdun P.C.	1740 3, Crossville, Alabama	US
S3-508334283	#Zion Bolgisc	00871 Old Clay Pit Road, Boaz, Kentucky	US
S3-761561267	Interstate Pediatrics Partners	1930 College Ave, City Of Appleton, Wisconsin	US
S3-900602489	c0lor infratech pvt ltd	S-10 Landmark Complex Sonagiri, Bhopal, MP	India
S3-250050114	Fresh Háir Studio	1643 74 Hwy, Hamlet, North Carolina	US
S3-396610147	Zaum LLC	Peconic Pl, Upper Marlboro, Maryland	US
S3-955726690	राज सर्विसेज प्राइवेट लिमिटेड	Block F-#92 11, Talegaon, MH	India
S3-740051761	ZGC Móuntain Enclave L.L.C.	Illinois, 3660 Woodlaan Ave, Gurnee	US
S3-894203460	Brilliant Medical Center	House No 504, Matrix Marigold Appartments, Kondapur, Hyderabad, TG	India
S3-212496667	Services Vishwakarma Finvest Pvt	Birla Plot, Garbi Chowk, Jamnagar, Devbhoomi Dwarka, GJ	India
S3-157234330	Euphoria 6roup Of Coamaneis	294, Navi Mumbai, MH	India
S3-798182641	Ear Nose & Throat Summit-Group	##19 Horton St, Fall River, Massachusetts, NULL	US
S3-37845141	caldon scientific llc	Clermont Street, Bowen, Illinois	US
S3-567284812	R+ Entergy Co	3023 Main Street, Parish, New York	US
S3-26386118	Cancer Federation IV Co		US
S3-748716759	Foot & Ankle Supreme Gróup	67. 12st Avenue, Alexander City, Alabama	US
S3-6860381	Bell Precision	159 French Creek Mina Rd, New York, French Creek, null	US
S3-286045676	Developers Shah Private Solution Limited	503, Vakratunda Corporate Park, Vishweshwar Nagar, Off. Aarey Road, Gore, Gaon-east, Bombay, Mumbai City, MH	India
S3-191193147	Infra Ag It Ltd	Bolck B-507 Bb-82, Parganas North, Kolkata, WB	India
S3-295485493	pierce innovative corp	45779 6 & 24, Colorado, Chacra	US
S3-657850446	Ind0 Medical Centre Private Ltd		India
S3-422078133	XYM Fox Southside Incorporated	41459 Beacon Bluff Court, Loudoun County, Virginia	US
S3-125884276	Gardella, Danny Solana Inc.	27 165rd Pl, Calumetcity, Illinois	US
S3-120025319	pattonpacificbeverage.com	17390 Big Rd, Accomack County, Virginia	US
S3-910655126	Singhania Dynamics Limited Service	Hn 815 Near Panchwati Mandir, Palwal, HR	India
S3-504279934	Lyra Live  Inc.	1708 Greens Cir, Goodlettsville, Tennessee	US
S3-239319774	Korkorvera	Office No. 909, 9Th Floor, Lotus Trade Centre, New Link Road, Near Audi Showroom, Andheri West, Mumbai, Maharashtra	India
S3-846207890	Zaix Comp1ete Cloud Inc	Lewis Robert Ln, <NULL>, Williamsburg, Virginia	US
S3-332753509	Economic Fund Development	361 3st St, Unit Apartment 2, Fulton, New York	US
S3-993256267	Andee Chiarello Montage  LLC	State Route 106, Belfair, Washington	US
S3-518368288	Hoffman and Dejesus Auto Repair Partners	Allen, Texas, 710 Athens Court	US
S3-46672214	Hotel Products Private Ltd		India
S3-338036421	Rk College Holdings	No.39, Malappuram, Malapuram, KL	India
S3-19880359	Williams, Rayna Rock LLC	1549 Skyridge Drive, Unit C, Crystal Lake, Illinois	US
S3-618421763	Ezee Advisors Group	H.no 67 Metros, Chennai, Anna Salai Nandanam, TN	India
S3-192903145	Crouch Certified Eaton	4332 Woodbriar Dr, Toledo, Ohio	US
S3-963851783	Empire Coalition Trust		US
S3-765785401	Mas Gramin  Ltd	Plot No 304 Gangasthan Phase-1, Nizamabad, TG	India
S3-258059290	Rmr Techn0logy Holdings Holdings Private Limited	H.no 150/4141 Parivartan Chs Ltd, D Wing, 1St Floor, Vallabh Baug Lane, New Pant Nagar, Ghatkopar East, Mumbai City, महाराष्ट्र	India
S3-388343406	Heritage Vanijya (India) Group  Pvt	Rz D-197/25, Raj Nagar, Palam Colony, Delhi, South West Delhi, DL	India
S3-951606626	Sbs  Healthcare [Care]	Unit 2B Part C Block B, Srijan Logistics Nh-6, Howrah, WB	India
S3-801074449	Caloecto D.B.A. Main Street Seafood	23105 Lower Dorre Don Way, Maple Valley, WA	US
S3-433100967	Sterling Hawk Llc	556 Payne Avenue, Saint Paul, Minnesota	US
S3-419509268	Simmons  Trusted Couture	3813 17, Bldg. Building M1735, Woodbury, New York	US
S3-651779736	ಫಸ್ಟ್ ಸಿಸ್ಟಮ್ಸ್ ಪ್ರೈವೇಟ್ ಲಿಮಿಟೆಡ್	H.no 593, 17Th A Cross, Ii Stage Indiranagar, Indiranagar, Indira Nagar, KA	India
S3-945302284	Destiny (India) Energetic  Holdings Pvt Ltd	Meerut, UP, B-g-4/4	India
S3-964788149	R0cky Project,	14809-B Bingham Ave, Tacoma, Washington	US
S3-886388579	Gamble'S Gamble'S Hdr Studio	Eagles Nest Lane, King George County, Virginia	US
S3-750910724	Vasu Traders Private Ltd	Door No 1/11/1 Gandhi Colonyregent Park Tallygunj, Kolkata, Calcutta, WB	India
S3-434585978	EHM Inc Services	138 Canal Street, NEW Haven CITY, Connecticut	US
S3-402719976	Panvel Co & Private Limited	Patna., P.s. Gandhi Maidan, <NULL>, बिहार, 00302	India
S3-149811263	Galaxy  Infrastructure LLP	Mumbai, MH, Mangesh Building First Floor 0Avantikabai Gokhale Street Opera House	India
S3-55088333	परफेक्ट एस्टेट प्रा. लि.	No 2Nd Floor, Noida, Gautam Buddha Nagar, UP	India
S3-537818960	Thorndike Súperior Súperior (ID: 87983)		US
S3-915109447	Cheney Ácadia Có	##636 Bluegrass Farms Blvd, Bowilng Green, Kentucky	US
S3-440403443	Roy, Sax & Graziani Lodging Corp	Virginia, Virginia Beach, 573 Water Oak Road	US
S3-720591180	ரியல் இண்டஸ்ட்ரீஸ் லிமிடெட்	Door No #490 1, Krishnasamy Pillai Lane, 2Nd Floor, Rs Road, Madurai, TN	India
S3-815943829	ANNAI FOUNDATION	Door No 61, Bangalore, Bengaluru, KA	India
S3-662186191	Integrated Genhc Associates P.C.	95 Hager Ln, Boxborough, Massachusetts	US
S3-286989718	XX Center	Shp No. Lg-##09, Phulwari, Racpc Patna, बिहार	India
S3-681295971	Williams + Jadcknsno Dynamics, PC	23-C Kazersky Dr, Wallingford, Connecticut	US
S3-431535800	Smt Asterisk Labs (India) Group Pcrivbae Limited	#470 Ward No 11 Khairaihn, Sisirta Nokha Rohtas, Sasaram, Rohtas, बिहार	India
S3-329211545	Sapthagiri Technologies Co	Plot No-a-264, BR, Kanpur, Dariyapur, Sabarchak, Dariyapur	India
S3-321023273	Continental Environmental Labs Corp	21 Appleman Road, PMB 8876, Tygh Valley, Oregon	US
S3-899274148	Assure  Consultancy Pvt.	MH, Floor No 5Th, Shop No 504, Chandak Chambers, Andheri - Kurla Rd, Andheri E, W.e.h Metro Station, Mumbai	India
S3-157670138	Meridian System	270 Meadowlark Trl, Bowling Green, Kentucky	US
S3-527965010	Select Stardust  Corp	2320 Montpelier Pike, Marion, Indiana	US
S3-711590373	UG éxcavation Inc		US
S3-506853365	વ્હાઇટ પ્રોપર્ટીઝ એલએલપી	Kct House, Ahmedabad, Ahmadabad City, GJ	India
S3-328952319	High Software Trading Pvt Ltd	Door No 19 Kumara, Chennai, தமிழ்நாடு	India
S3-204161179	Services Cpi Corp	23-10-80, Chittoor, AP	India
S3-468708763	Reed Gndehr LLC	1050-1052 Woods Waters Drive, Unit 105, Columbus, Ohio	US
S3-232963819	PCR Software Exports LLP	Hb-g-48, Village Sohana, Mohali, PB	India
S3-954979111	Primary Crae Group	Goldsboro, PMB 232, 20 Ash St, North Carolina	US
S3-769019341	Chiropractic P.C. Partners Beacon	2 Greene St, Oxford, New York	US
S3-301207029	Bangalore Developmentcorporation Center Ltd	#317 No. C B 0506, 5Th Floor, B 1- Block, K S R Cordelia, Dasarahalli Main Road, Bengaluru Urban, KA	India
S3-752031433	New Delhi Services	1798 Kotla Mubarakpuropp B-42 South Extension Part I, South Delhi, दिल्ली	India
S3-804882147	Holdings Children'S Midwest Association	00178 Mt Scott Ln, Unit 10, Glide, Oregon	US
S3-353553463	... Lower Lodging	Country Court, Berryville, Arkansas	US
S3-959579470	Mr Black Infotech Public Limited	1157, Ghaziabad, UP, Khasara No Rajnagar, Extension, Ghaziabad	India
S3-353857348	Private Bharat Research Limited (India)	Vasai, Sativali, MH, Thane, Sno46 Hno1 Damupada Back Side Of Ambedkar Nagar	India
S3-599755648	cardiologyhealthwindham.com	Main Street, Ohio, Windham Twp	US
S3-295424183	Harbor Cascade Property Co	4326 Rod L, Hooker, Oklahoma	US
S3-783632803	Radhey & Sons Pvt Ltd.	Plot No. R-116, S/f Front R/s Block-r Mohan Garden, New Delhi, West Delhi, दिल्ली	India
S3-575089472	machinistsunionlocal.com	Henrico County, Virginia, 001421 Wymerman Place	US
S3-567307491	First Signature  Redwood LLC	207 Sherwood Drive, Virginia, Huddleston	US
S3-837252718	Precisi0n Great Tidewater-LLC | www.precision.com	Parks Road, New Concord, Ohio	US
S3-654683968	Zephjaxquo t/a North Exports Private Limited	31/1 South Tukoganj, Indore, Madhya Pradesh	India
S3-112322472	ब्लैक एंटरप्राइजेज प्राइवेट लिमिटेड	77 C/o Maggaru Ram, Ramraipur, Gangapur, Varanasi, उत्तर प्रदेश	India
S3-572842258	Dorsey Acp Inc	15203 Shapswick Pl, Upper Marlboro, Maryland	US
S3-262270878	Totech-LLC Center	Hwy 9, Arkansas, Center Ridge	US
S3-293671183	Glenn, Perrotta &  Evans Inc		US
S3-941837513	इनोवेटिव हॉस्पिटैलिटी हार्डवेयर प्राइवेट लिमिटेड	48 J C Apartment 2Nd Floorgandhi Bag Nagpur, Nagpur, null, MH	India
S3-513859665	Genet  Union	253 Kruger Street, Wheeling, West Virginia	US
S3-918967595	My Egct Trading Private Limited	H.no 30/121-2 Bajanai Koil Street Choolaimedu, Chennai, TN	India
S3-388235562	Keletech L.L.C.	New York, 177 Barger Street, Putnam Valley	US
S3-182856484	Jubilant Estates Limited	28, Bengaluru, KA	India
S3-868045393	सूर्या वेंचर्स लिमिटेड	R1/206/a, Ganesh Nagar, New Ausa Road, Latur, MH	India
S3-39511634	Pediatric Health  Partners	7928 Summerfern Ct, Cypress, Texas	US
S3-515963863	Royal Infotech Privage Limited Limited	C/o Shyam Manohar Bagul Parvati Nagar, Nagpur, महाराष्ट्र	India
S3-201933927	Mumbai Exim Infratech Prívate Limited	110 Sunmoon Apartment No 2Near Agarwal Estate Off S V Road Jogeshwari (West), Mumbai, MH	India
S3-419817313	National Robotics Consultants South Inc	Gainesville, Texas, 1808 Silver Oaks Dr	US
S3-153057467	Mr Maa Media	Door No #305 2 Nd Floor, Aster Homes Gillco Valley, Kharar, Rupnagar, PB	India
S3-656496455	Regional Hospitality [Products]	1130 Gaskill Street, Huntsville, Arkansas	US
S3-62112180	Norah's Slsn Inc	8071 Broussard Rd, Beaumont, Texas	US
S3-555845326	Supreme Inc Enterprises Creative	4029 Ina Roda, Tucson, Arizona	US
S3-519542158	Doss Specialists	##1004 Brookville Lane, Durham, North Carolina	US
S3-912624947	Mumbai Properties Infratech [Pvt]	0307 3Rd Floor, null, Mumbai Region, Mumbai, MH	India
S3-288029572	Dynamic Communications	404- Third St, Libby, Montana	US
S3-943711249	Boyes, Boyd and  Waddell Tactical	977 Brighton Ave, Syracuse, New York	US
S3-567813284	Draper Trusted Next Center (LLC)	110 Sandy Ln, Concord, Vermont	US
S3-278275146	chrissywmay.com	127 1/2 Hopkins Rd, Northwest Ithaca, New York	US
S3-407324780	Summit  Ares Inc	4826 Orange Grove Drive, Houston, Texas	US
S3-850803399	8ous  Co	8 Ford Ln, Litchfield, Maine	US
S3-479731920	Cirazephnex	39 Potomac St, # 1, Boston, Massachusetts	US
S3-497886931	Dwarka Farms Private Private Ltd	Mig Flat No 65, Sec 18B, New Delhi, Dwarka, DL	India
S3-119388311	>> Daley Delta Cal LLC	5450 Erickson Ave, Unit #B202, Beaverton, Oregon	US
S3-916080125	Physical Therapy Optimal Care Associates Llc	507-B Pecos St, Fl. 0, Eagle Pass, Texas	US
S3-926572062	Fuller Montessori School School Co	Decatur, Illinois, 1404 Fairview Ave	US
S3-245878259	Star Sgprk  LLC	003207 Third Street, La Grande, Oregon	US
S3-242757071	आदित्य Consultancy Private Limited	H.no.e-297, Shastri Nagar Medical College, Meerut, Kaithal, UP	India
S3-928512686	Qutgrrx Ltd	14333 1/2 Kilpatrick Avenue, Midlothian, Illinois	US
S3-390945652	Dental Partners Inc	680 Halsey Loop, Unit G, Troutdale, Oregon	US
S3-332379986	Cosby And L.L.C. Hernandez	638 Rancho Grande Dr, Houston, Texas	US
S3-209328191	Classic Federal Sumitomo North, LLC	2921 Warda Church Road, Texas, La Grange	US
S3-632816662	Shri >> Baba Travels Llp	Office No. 7, 3Rd Floor, Sumriddhi Business, Sanjay Place, Agra, UP	India
S3-179180087	Tri-State Burtech LLC	1358 5th Avenue, Columbus, Ohio	US
S3-789556244	Ciraumbra	Grove Street, Weaverville, North Carolina	US
S3-393421706	Stormy Biber Creative Sunrise Inc	Tennessee, Williamson County, 5241 Russell Rd	US
S3-771490277	Staab, Jenkins and Needham Partners	Great Falls, Montana, 1631 Eighth Avenue	US
S3-89777838	জৈন ইঞ্জিনিয়ারিং প্রাইভেট লিমিটেড	Flat-3/i, Block-b, Sopan Nivas Prince Golam Hossain Shah Road, Lp-105/3, Kolkata, Kolkata, Howrah, WB	India
S3-196626644	Prime Forefront  Ltd	51 Foothill Ln, Huntington, New York	US
S3-539800086	Gold Global Ltd	504, Sanjary Apartment 274, S.v. Road, Bandra West, Mumbai, MH	India
S3-386056171	XT XT Airp0rt	113 State St, Sharptown, Maryland	US
S3-538117808	Vaix Oneim Ltd	39 Julio Dr, Unit 457, Shrewsbury, Massachusetts	US
S3-149582061	Gavoify Complete Acadia, Partners Co	321 Shkode Ct, Unit UNIT A, Tecumseh, Oklahoma	US
S3-37459538	Supreme Hospitality Hotel	House No. 349, Patiala, PB	India
S3-870099043	Varanasi-(india)	Block A-135 Shivdaspur Block Road Near Pani Tanki Manduadih Varanasi Shivdaspur, Varanasi, UP	India
S3-19100181	Asset Building Ministries L.L.C.		US
S3-932359658	Barnhart Institute of Technology Holdings	5605 37rd Street, Lubbock, Texas	US
S3-835646844	Global Holdings-Abrdn	3668-3672 Saddle Horn Trail, Ogedn, Kansas	US
S3-803207332	mediaprivatebig.com	C/o Rajat Thakuri, Bhutta, Kheti Oaks Tea Garden, Darjeeling, WB	India
S3-51584264	Delhi India Co	B-020 Pocket-1 Mig Complex Mayur Vihar Phase Iii, Delhi, North Delhi, DL	India
S3-520510478	Wagner, Hiller & Cochran Co	5408 Northwood Lake Drive, Northport, Alabama	US
S3-82841475	Jordan Rain	2701 Center Point Rd, Cunningham, Tennessee	US
S3-512336424	Bright Heartland-Inc Services	862 Whitton Ave, Fl. 1, Scottsdale, Arizona	US
S3-114350819	Chiropractic Care Best Co	32 Alabama Avenue, Hempstead, New York	US
S3-762453691	Se1ect Supreme Neuberger LLC	348 Titusville Road, La Grange, New York	US
S3-409544576	Private Solar Brothers Ltd	H.no 124, Vka Complex Upstairs, Srinivasapuram, Karur, தமிழ்நாடு	India
S3-747829354	Legacy Mnsdes Travel LP	22 Disosway Place, null, Staten Island, New York	US
S3-285123086	Shockey, Jasmina Krakacquisition Inc.	1564- Junction Road, Mocksville, North Carolina	US
S3-798748530	Micaela Allen Center	6265 Tarlton Drive, Frisco CDP, Texas	US
S3-178189827	Panchratna Medical Centre	156A, Howrah, WB	India
S3-553933995	Private Consultants Cpc Essentials Ltd	Pot No. 61, Ground Floor, Sidwa House, Fore Station, N.a.sawant Marg, Colaba, Mumbai City, Mumbai, महाराष्ट्र	India
S3-876184494	GVN  Factory	5116 U St, Sacramento, California	US
S3-230169946	Heartland Fellowship Partners  Inc	7212-D Ottawa Rd, Albuquerque, New Mexico	US
S3-803092797	IW Starry  of Fort Wayne Inc	8804 Coldwater Rd, Washington, Indiana	US
S3-19068799	Drayari Neuorcsiencgs  Inc	800 Golden Horseshoe Circle, Unit K, Morrisville, North Carolina	US
S3-985565289	MURPHY ALL HOLDINGS	830 Westwind Lane, N. Richand Hills, Texas	US
S3-587731268	सुप्रीम कंसल्टेंट्स प्रा. लि.	H.no 543 Mohini Kunj, Vetenary Hospital Road Ghoomchakkar, Goga Gate, Bikaner, RJ	India
S3-192396226	A Ampercap, Broach V LLC	2758b Us Highway 183, Ashland, Kansas	US
S3-672606076	Mumbai Security Pvt Limited	204, Shree Datta Krupa, B, Datta Mandir Road, Bhandu, Mumbai (SUBURBAN), Mumbai, MH	India
S3-668977335	atlantebrunnernexus.com	980 Wilson Way, null, Grapeview CITY, Washington	US
S3-557017564	Upton  Interests | www.uptonint.com	Utah, 14036 Deer Haven Cv, Bluffdale (Sl Co)	US
S3-249547509	MODERN WHOLESALE SOLUTIONS LLC	1349 Ayrault Road, PO Box 5206, Perinton, New York	US
S3-784586914	Bejarano & Hassel-Petersburg Group	9322 Franklin Pike, Petersbburg, West Virginia	US
S3-95440965	THIRUVANNAMALAI EMOTIONS PRIVATE LIMITED	380, Ramasamipuram, Melpalur Village, Kilpalur Post, Kalasapakkam Tk, Thiruvannamalai, Tiruvannamalai, TN	India
S3-644585141	Oncology Physicians Llc	New Mexico, ##66 St Anthony Dr, Zuni Pueblo	US
S3-82194344	Mq Systems Pvt. Ltd	Door No 701, Surat, ગુજરાત	India
S3-447763247	QDH Techno1ogies Pvt.  [Ltd.]	No.328, Akash Deep, First Floor, Indiranagar, I Stage, Bangalore, KA	India
S3-753556823	Accomplish Consultancy	1137/10 Parvati Sadan Regepath Model Colony Shivaji Nagar, Poona, Pune, MH	India
S3-723652684	Womens Health Group of Center		US
S3-182370493	(Inc.) Great Bancshares	2988. Castle Danger Rd, Two Harbors, Minnesota	US
S3-325079405	Mint Hill Asset Buildign Fellowship Inc.	11055 Lawyers Rd, Mint Hill, North Carolina	US
S3-514782755	Foot & Ánkle Partners of Chocowinity LLC	055 Nelson Farm Rd, Chocowinity, North Carolina	US
S3-496609612	Wexorbizeph	6730 Devonport Drive, KTY, Texas	US
S3-929246324	Hernandez Allied	310 Main Street, # 355, Carrboro, North Carolina	US
S3-779902233	amr (india) warehousing limited	2-16, Paradise Towers Gokhale Road, Thane, MH	India
S3-871440593	Gaby'S Ridge Accot Body	2131 702, Enterprise Twonship, Alabama	US
S3-931705895	Indian Índustries Electronics LLP	A-18 6St Floor New Multan Nagar, New Delhi, North West, दिल्ली	India
S3-610012811	Heartland  Shipping LLC	9691 Hagel Circle, # STE E, Fairfax County, Virginia	US
S3-178999487	RH  Rent Inc	613 Fifth Saint, Indiana, North Manchester	US
S3-645492944	Jai It Limited	Plot No 8, G F Nasirpur, Harijan Basti Near, New Delhi, South West Delhi, DL	India
S3-55077315	Latisha Sullivan  Amplify LLC	24 William St, Dansville, New York	US
S3-407128318	શિવ પ્રોપર્ટીઝ પ્રાઇવેટ લિમિટેડ	Om Reisde Bl-21, Rajkot, ગુજરાત, Rajkot	India
S3-210506713	Cascade Trusted Qdro [Holdings]	116 Highway 178, Midway, Arkansas	US
S3-538145319	Ponce	72 Kelly Drive, Cusick, WA	US
S3-66611286	Barrett Innovative Center	416 Fourteenth St, Fl. 0, Wichita, Kansas	US
S3-439146941	Zephveo	515 Silver Lake Ave, Medical Lake, Washington	US
S3-368849924	cakconsultants.com	No 93/3., Sakkarai Korai Thottam Uzhaipalar Street, Coimbatore North, Coimbatore, TN	India
S3-305178768	May Sterling Keystone	Mill Point Place, Spring CITY, Texas	US
S3-409143718	Smart Applied, Ltd.	Oklahoma, Sperry CITY, 5322 Roper Rd	US
S3-152249261	Johnson Direct Signs Westgate, LLC	513 Highland Road, Clear LAKE CDP, Minnesota	US
S3-592486131	Jai Ventures LLP	Kh.no-288 Mahendra Trector Wali Gali Meerut Road, Ghaziabad, UP	India
S3-519274894	Steelworkers Union Local No 844 Corporation	9897 Ashbridge Dr, American Fork, Utah	US
S3-401623330	Midwest Coalition Federation	##501 Washington Ave, Roanoke City, Virginia	US
S3-580654791	Classic Consutlancy Private (Limited)	53 B/78punjabi Bagh West, New Delhi, West Delhi, दिल्ली	India
S3-74389816	Zetaorbi Labs formerly: Total Alliance LLC	13058 Newtown Village Road, Cordova, MD	US
S3-403422401	Wenona G. Macken, Esq.  Inc	726 Seabeach Rad, Texas, Dallas	US
S3-123599908	Vision Gld Búilders Technologies Private Limited	Plot No.a-457, <NULL>, Chennai, TN	India
S3-215630143	Choice Harbor	119 Greenview Dr, Kannapolis, North Carolina	US
S3-212534587	India WKM India (Private)	Block A-351 3-100/135/403, Tirumalagiri, Hyderabad, TG	India
S3-155771233	Future Services	1708, Mohali, PB	India
S3-320725380	3706 Union Way  Company	2810 Harvest Lake Drive, Irving, Texas	US
S3-735170233	Builders Health  Concepts Pvt Limited	H.no.1-48/3/2, Shanker Nagar Chanda Nagar, Hyderabad, TG	India
S3-130903192	48 Locksmith Hour Inc	4rd Avenue, PO Box 1732, Des Moines, Washington	US
S3-301332483	Delhi-92 (ap) Exports Private	A-194 First Floorgali No 12 Near Ambedkar Park Joshi Colony Ip Ext, DL, New Delhi, Delhi-92	India
S3-354853822	Grogg, Saechao & Bellard [Inc]	210 Aspen Dr, Newark, Delaware	US
S3-966169403	LLC Lynch Micro	1640 Hermitage Ct, Centerton, Arkansas	US
S3-52596915	गुड प्रॉपर्टीज लिमिटेड	Plot 416 Shop Â 484, Mumbai, Mumbai City, MH	India
S3-452238445	Nexera Tradelinks Private Limited	Flat No- 0808, Hyderabad, తెలంగాణ	India
S3-298310328	Raj (Service)	Block F-802 D315, N/A, Poonamallee, Tiruvallur, தமிழ்நாடு	India
S3-478406271	gangam decision corp	Plot No-b-7, First Floor, Sainik Nagar, West, New Delhi, DL	India
S3-584170524	Shrinathji International School Co	##182, Zone - I, Bhopal, M. P. Nagar, MP	India
S3-769826757	Bilbrey Rtniassanssme LLC	010 Dutton Rd, Poughkeepsie, New York	US
S3-759954372	dermatologymedicine.com	311 High St, Medford, Massachusetts	US
S3-447230430	Dilli Public Public Limited Partners	No 80 Nandanam, Karapuzha Kottayam West P O, Kottayam, KL	India
S3-101481419	Nelly Carver,	##37095 194, Phelps, Kentucky	US
S3-742318382	Colonial-Concepts	Massachusetts, Sunderlnd CITY, 42 River Rd, PO Box 9711	US
S3-781852341	Twisted Barnrlesohp Partners	209 1/13 Duffy St, Norman, Oklahoma	US
S3-758150412	LLC Gordon and Jerlnsn	701 Northridge Drive, West Norriton Township, Pennsylvania	US
S3-493730758	Pvt East Properties Foods (Ltd)	H. No. 12-7-134/Rbv/E-1810 Ajnaneya Nagar, K.v.rangareddy, తెలంగాణ	India
S3-861968819	Suchirindia Entertainment Private	Sadashivanagar, 209/1, ಕರ್ನಾಟಕ, Bangalore	India
S3-839189434	Consult Organics Pvt.	WB, Kolkata, Calcutta, 35 Weston St	India
S3-469602682	Pvt Nangloi Consultants Ltd	74/20-24, Nangloi, New Delhi, DL	India
S3-57273032	Sri Adhunik Piodruotdsin Limited	G1-434, New Delhi, West Delhi, DL	India
S3-113599531	Classic Studios	Summersville Lane, Keller, Texas	US
S3-296432387	Ectoquohalo a/k/a Baker Coastal Fresenius PLLC	6116 Laurlake Lane, Fulton, MO	US
S3-962586492	SCHOOL SERVICES PRIVATE LIMITED	Office No. A/ii/901, Corporate Park Tower A/1, Plot No.7a/1, Sector-142, Noida, Gautam Buddha Nagar, UP	India
S3-573024878	The Ivenari  Physical		US
S3-874336874	Strips Steels  Limited	Door No 7/32.E, Pudukkottai, Sivaganga, TN	India
S3-697673449	Smt Prajapati Solutions  Pvt Ltd.	Sr.no.34, <NULL>, Pune City, Pune, MH	India
S3-315775584	क्रिएटिव फूड प्राइवेट लिमिटेड	House No. 820, Akola, Akot, MH	India
S3-859913493	Best Etsane Medicals Limited	61/4A/4, T.b. Road, Bharathidasan Street, Madurai South, Madurai, TN	India
S3-507422154	Synfaye	1033 Eward St, Louisville Township, Kentucky	US
S3-536396418	Irihaloflux	House No.319 Asharfa Bad Lucknow Up, Lucknow, Uttar Pradesh	India
S3-83034740	Fatehpur Constructions Private	65 Arampur, Basai Fatehpur, Fatehpur, UP	India
S3-486719410	Orbidelta t/a Mumbai Services Clinic	H No 67 Milind Nagar, Shukla Compound J.V. Link Road, Mumbai Suburban, Mumbai, Mumbai City, Maharashtra	India
S3-721707364	Fernandina Butler, Esq., PC Clinic	Vassar Rd, Red Oaks Mill, New York	US
S3-325908701	ड्रीम इंफोटेक प्रा. लि.	B/501 Samaj Deep, Mumbai, Mumbai City, MH	India
S3-231122697	Perez  Martin	25 1/2 Crescent Street, Ware, Massachusetts	US
S3-100624095	Xyloevokor a/k/a Oncology Frontier Medicine PLLC	141 Rockwell Street, Norwich, CT	US
S3-517133466	Smartchelseainterfaith.Com	11 1/2B John Street, Chelea, Massachusetts	US
S3-351711905	सदर्न वेंचर्स प्राइवेट लिमिटेड	House No 132, Shamshabad Road, Agra, Baroli Ahir, UP	India
S3-150401746	Projects Pushpanjali Infratech Limited Services	Blcok F-773 B-392 Shastri Nagar, Bhilwara, Basant Vihar, RJ	India
S3-170401655	Kas Exports Public Limited	#60 Rice Bazar, Thrissur, KL	India
S3-961138114	1369 Park Road Owners Corp Center LP	6041 Aurora Rd, PO Box 9267, Bedford Heights, Ohio	US
S3-181434148	X F Phillips  Navigation Partners	1077 Cunningham Lane, Martinsville, Indiana	US
S3-716889162	chiropractic harbor physicians center	1372 Footville-Richmond Road, Jefferson, Ohio	US
S3-408086858	Risk Solutions Pvt.	#15 Palaniappa Nagar Post Office Street Sowripalayam, Coimbatore, தமிழ்நாடு	India
S3-707705401	Bryant  Corporation	17606 108th Street Court, Bonney Lake, Washington	US
S3-977910501	Caus Blue	2210 Craig Street, Lynchburg CDP, Virginia	US
S3-32548094	Mr Zen Cioegpt Private Limited	Flat201 Thawar Appartment, Borivlai East, Mumbai, महाराष्ट्र	India
S3-718296290	Smt Vibhava Corporate (India) Infratech Private [Limited]	H.no #15 A-52, Ameerpet, Hyderabad, TG	India
S3-796856187	Desert	1076 Tebala Boulevard, IL, Rockford	US
S3-130503761	Bright  Tech Private Limited	1-291/Rv/3/405, Flat No. 405, Block 3, R V Brindavanam, Street-4, Hyderabad, Balaji Nagar, Andhra Pradesh	India
S3-413671146	DELHI INDUSTRIES PRIVATE LIMITED	#1St Floor, 191, Kh. No.317, Goswami Marg Khichri Pur, Near Mcd Primary School, North Delhi, Delhi, DL	India
S3-437055387	Ingunna's Iron Works Inc		US
S3-957057154	West Cornerstone  Karman Co.	4334-C Park Road, Fayetteville, Ohio	US
S3-366202725	Patriot Center	227-231 Eastview Dr, Henry County, Virginia	US
S3-709470866	IE	No40, Old No22, 24North Road Cit Nagar West, Chennai 35, Chennai, Tamil Nadu	India
S3-473459181	Mccool  Federal Inc.	2268 Drakes Creek Road, Crab Orchard, Kentucky	US
S3-937971985	Corp Doan Équity Partners	101 Ct St, Campbellsville, Kentucky	US
S3-951141031	Brown Tinto, Corp	Prairie Grove, 4618 Edgewood Rd, Illinois	US
S3-377311939	Green Highland Home Improvements Associates	SNTA CRUZ Township, California, 850 Corcoran Avenue, # 1	US
S3-613987280	Arihant Infotech Private Ltd	Belvedere Road, Howrah, WB	India
S3-782701512	Global-Oriental	161 G Avenue, Newcastle, Indiana	US
S3-141308100	Holland Seafood	6889 Jonetta Street, Huber Heights, Ohio	US
S3-33251794	Federal Praojt	Henry St, Utica, New York	US
S3-342148710	inc oak brook oncology care	3025 Lincoln Road, OKA Brook, Illinois	US
S3-836123195	Veralyra	901-A Brickstone Drive, North Carolina, Apex	US
S3-523963273	ROOT (INDIA) ENTERPRISES INDUSTRIES PRIVATE LIMITED	Aligarh, Goolar Road, Aligarh, UP, #/466 Ram Nagar Colony	India
S3-824573566	Teify North LLC	140 Brookhill Rd, Libertyville, Illinois	US
S3-224268783	Pyramid & Brothers  Private Limited	Agra, 2Nd Floor, B.no.e11/8 Prateek Center, Agra, UP, Door No 2-3	India
S3-507942834	Seven Enviro	C/o Sri. Damodar Pd.gupta, Phulwari, Patna, बिहार	India
S3-137607631	keller enterprises ltd	381 Shannon Ln, Humble, Texas	US
S3-561165917	Waneta Hbrris Empire Duration LLC		US
S3-20640311	প্রাইম লজিস্টিকস প্রাইভেট লিমিটেড	##18, Giri Babu Lane, Room No - 2C, Kolkata, Kolkata, Serampore, WB	India
S3-751368844	Expressway Nirmaan Ltd	H.no 76 Fenhill House, 2Nd Floor, 254 Perin Nariman Street, Fort, Mumbai, MH	India
S3-636393618	सन बिजनेस प्रा. लि.	MH, H No. 810/A/7, Sangli, Kadam Wada Rajgadbhavan, Khanapur	India
S3-933785904	Walter's Insurance Corp	2452 Tribute Dr, Arnold, Missouri	US
S3-740023528	Capital Animal	1407 Sixth Street, Irving, Texas	US
S3-23077776	Tota1 Creative Electronics	2002 Newland Avenue, Elmwood Parrk, Illinois	US
S3-687337936	शिवम कंसल्टिंग प्रा. लि.	B/1401, Mumbai, MH	India
S3-855834042	Vishwakarma Scrap Ltd	No 712 280, Dixit Nagar Nari Road, Nagpur, MH	India
S3-474416912	Avizeta DBA: Optleus	1727 Harrison Street, Gilbert, AZ	US
S3-26745847	Pyrairi	121 Tagore Park, New Delhi, Delhi	India
S3-116927377	Ear Nose & Throat Rreginola Partners Inc	798 County Rad 1201, Maud, Texas	US
S3-849629859	Mansa Health Private Ltd	No 695/18, Af2, 2Nd Street, Vpg Avenue, Mettukuppam, Thoraipakkam, N/A, TN	India
S3-539734537	Wood Distributors Private  Limited	Bhupendra Opp Krishnacinema-, Rajkot, GJ	India
S3-85738770	Blue Institute	1106 Valley Acre Ln, Tahlequah, Oklahoma	US
S3-164289844	Rev It Up Bike  Shop LLC	Bronx, 1783 Jerome Ave, New York	US
S3-65090436	Vision Care of  Dundee Association	1119-D Viewmont Dr, Dundee, Oregon	US
S3-726805583	Village Of	568 Renee Dr, # E, Joppa, Maryland	US
S3-937845539	Muth,  Karlin and	2540 Timber Lane, Indiana, Winchester	US
S3-67109888	Partners Lower Midstream	4911 Bottlebrush Drive, Building 11, Canal Winchester, Ohio	US
S3-593419985	llc premier citizens	Minnesota, Maplewood, 2697 Benlana Ct	US
S3-115681455	Solar-Intemational	H.no 27 Brabourne Road, Kolkata, Calcutta, WB	India
S3-416261564	Eye Eye Partners Pártners	3565 Old Grist Mill Road, Appomattox County, Virginia	US
S3-945066634	Smt Lucid Consultancyprivate Private Limited	F No-11-m Pkt-9 Kondli Gharoli, New Delhi, East Delhi, दिल्ली	India
S3-718021112	Mangalore Parivar Private	Nish-vin D, Mangalore, Dakshina Kannada, KA	India
S3-64671877	desert prime solana summit	200C Rocks Rd, Norwalk, Connecticut	US
S3-888161437	seattle youth charities	003902 Hudson St, Seattle, Washington	US
S3-527947209	Agro One Private Ltd	No 159 Rabindra Sarani 5Th Floor, Howrah, WB	India
S3-25238211	Pvt Ruchika Sai Ltd	DL, Unit No. 126, Delhi, South West Delhi, Ploe No. 33, Jhuljhuli	India
S3-805177636	Beloavi	125 Nells Rock Road, PMB 2908, Shelton, Connecticut	US
S3-569119983	Murray + Lunsford	24C Saint George Dr, Brookhaven, New York	US
S3-418859637	लक्ष्मी एग्रो प्राइवेट लिमिटेड	Blokc B-1-489 Row House No 8, Om Dwarkanath Chs Sector 19/A Nerul East, Thane, N/A, MH	India
S3-858389932	Sterling Transit Union (Inc)	55 Timberlake Dr, NULL, Hardy, Virginia	US
S3-197406923	Korrizanyla doing business as Environmental Society	19608 Hunt Highway, Queen Creek, AZ	US
S3-624607173	Gardener, Schultz and Mills LLC Center	#11720 Juniper St, Coon Rapids, Minnesota	US
S3-917595816	Byrnes Green Green Developments L.L.C.	1228 Runville Road, Boggs Twp, Pennsylvania	US
S3-627028990	Limited Jain Private [Services]	No 75 Past, Secunderabad, Hyderabad, తెలంగాణ	India
S3-527793791	L 8 H Line Incorporated	1 Jackson Drive, Holliston, Massachusetts	US
S3-937684634	Properties Placid Academy Private (Limited)	DL, Plot 970 E-49 Kirti Nagar, Manesar, New Delhi	India
S3-839795799	Novex Shanghai, Inc	3502 28th Avenue, Omaha, Nebraska	US
S3-95933730	Vioonyx Sys formerly: YC End, LLC	50 Parkview Lane, Litchfield Park, AZ	US
S3-404979003	पायोनियर एक्सपोर्ट्स लिमिटेड	3, Mumbai, MH	India
S3-437903163	Himgiri Financial Pvt Ltd	Pune City, Pune, महाराष्ट्र, Flat No.00404/a6, Rahul Park, Warje, Malwadi, S. No 80/3/2 Atul Nagar	India
S3-804617538	Nessie Vogel Biotechnologies [Corp]	1640 Wisdom Dr, Upper Marlboro, Maryland	US
S3-624733776	Womens Health	3104 Morgan Ln, El Dorado, Arkansas	US
S3-403765309	Eastern Estate Limited-Service	Ujwaldeep, Shrawgi Plot, Tower Chowk, Akola M Corp, Akola, MH	India
S3-883651768	West Fresenius Corp	65-11- 78 Street, Middle Village, New York	US
S3-12128732	Morrow Hoor Co	495 Orr Road Road, Arlington, Tennessee	US
S3-344604810	Bloomington Animal Welfaoe Ministries	4656. Morris Ln, Bloomington, Minnesota	US
S3-179593472	Marrero and King	27W 158 Breme Drive, Warrenville, Illinois	US
S3-592242323	Lyrajax née Bernadina Mason Apex Fields Corporation	1604 Garden Passage Drive, Raleigh, NC	US
S3-131658506	F0gg Premier	Asheboro, 233 Back Creek Road, North Carolina	US
S3-868639760	Llc Agrawal Couture Of Cleveland	3721 Spokane Avenue, Cleveland, Ohio	US
S3-844194279	M+ Comstock Gróup	8491 Whipporwill Dr, Indianapolis, Indiana	US
S3-968836827	Viv's Book Store	850. Volunteer Landing Lane, Knoxville, Tennessee	US
S3-526379348	SHIVSHAKTI AGENCY PRIVATE LIMITED	No 120, <NULL>, New Delhi, दिल्ली	India
S3-594783956	Christye P. Tarver, Ltd Service	13642 Edgewater Dr, Chillicothe, Illinois	US
S3-468331520	Mountain Royce Llc	622 F Street, Washington, District of Columbia	US
S3-974316019	4867 Ocean Boulevard Apartments Corp	15000-C Farm Road 2185, Cassville, Missouri	US
S3-718390559	Cirapyra formerly: Zsa Zsa Levy Karbon LP	Oxnard, CA, 3021 Kelp Lane	US
S3-208449996	2694 Thdir Boulevard Partners LLC	398 Market St, Unit A2, Xenia, Ohio	US
S3-254527660	रेड ग्लोबल ट्रेडिंग प्राइवेट लिमिटेड	S No 46/10 Shakuntal Apts, Law College Road, Erandvana, Door No 11, Pune, MH, Pune	India
S3-999051777	-- Felipa Benton Global	154 Bluejay Dr, Jackson Springs, North Carolina	US
S3-849395680	Rapid  Commercial Laboratories Associates Partners	1721 Trotter Court, Fort Wayne, Indiana	US
S3-602693922	Cornerstone Equity International Inc	Indiana, 10642 Patoka Rd, Indianapolis	US
S3-580289832	Choice Materiaals Consultants  Inc	129 Pearl Street, Brockton, Massachusetts	US
S3-284723719	Harbor Alliance VI South	#57 Westlund Road, Massachusetts, Belmont	US
S3-202509558	Colonial Custom Israel Metro (Pllc)	1454 Lobos Run, Arizona, Benson	US
S3-478695006	Arcevo t/a Forsman, Chavis & Baxter Grayscale LLC	606 Roanoke Park Drive, Raleigh, NC	US
S3-450967656	Mr Muthu Communications Industries Limited	Flat No.15 Dattatraya Apts., S No. 126/2A/1, Jeevan Chaya Socy. Kothrud, Pune, MH	India
S3-330885551	kgenergykolkatacom	Howrah, #12(10/23/A), Calcutta, WB	India
S3-64523595	Main Street Gigrr! Inc	1382-A Carol Lane, Des Plaines, Illinois	US
S3-202783120	Smith (Pcbcring)	Unit B2, Illinois, Roselle CDP, 630 Cumberland Trl	US
S3-834532035	Mr First Products Hardware Private (Ltd)	Hyderabad, TG, Shaikpet, Plot No 28/B	India
S3-743366290	Prime Engineering LLC Services	282 Jackson Blvd, Chicao, Illinois	US
S3-316034491	Octavia's  Ulsnioetd Financial	3 Mioxes Way, Nantucket, Massachusetts	US
S3-786663607	Cirapyra formerly Eastern Silver Arrow PC	807 Victoria Boulevard, Hampton City, VA	US
S3-944799506	Bombay Technologies Private	Plot 72. C/o Manjunath Chari Behind Newton Gramers School, Chikkaballapur, Kolar, KA	India
S3-112332765	SEED SEED Skill Limited	Plot No. 23, Sunder Nagar Market, New Delhi, DL	India
S3-632983688	Basak Consulting Private  Ltd	Block F-3-99 Room No.-1, Jaipur, राजस्थान	India
S3-803761260	Miclaria	840 Huguenot Avenue, Staten Island, NY	US
S3-809020943	Tech Solutions Private	# 547, Ground Floor, 16Th Cross, Indiranagar 2Nd Stage, Indiranagar, Bangalore, KA	India
S3-775613160	Pediatric Dental Frontier Health Southside [LLC]	9116 Pineville-Matthews Road, # A, Pineville, North Carolina	US
S3-505380055	Elegant Ventures	No.9b/1, Kancheepuram, TN	India
S3-754974952	Kanyakumari Private Technologies District (Limited) (ID: 38837)	No: 20/103B/3, Balamore Road Thituvilai, Boothapandi, Kanyakumari, Boothapandy, தமிழ்நாடு	India
S3-287051211	Lotus Trading	No. 259 Plot-e-168-e-block, New Delhi, West Delhi, DL	India
S3-428209909	SS	Flat No. C-504, 5Th Floor, Jalvayu Tower, Rajarhat, Newtown, Kolkata, Kolkata, Howrah, West Bengal	India
S3-65160290	Drayara Wealth Llc		US
S3-858590215	Cardiology Pártners	1603 Elliston Street, Nashville, Tennessee	US
S3-206472726	Palwal Finance Group Limited	Door No 80 Village - Tatarpur, Tehsil & District- Palwal, Palwal, Faridabad, HR	India
S3-105968409	Dermatology Gréat Associates Care	1105 Charlotte Ave, FT Wayne, Indiana	US
S3-957830439	Dow College Peidrvte Limited	B3/1302, 13Th Floor, G-wing, Raheja Vista, Raheja Vihar, Off Chandivali Farm Road, Andheri(e), Mumbai City, Mumbai, महाराष्ट्र	India
S3-867791791	Green Brothers Limited Center	North Delhi, West Vinod Nagar Near Ambedkar Park, दिल्ली, New Delhi, Plot No. E-54 A	India
S3-354710575	क्रिएटिव टेक्नोलॉजीज प्राइवेट लिमिटेड	Flat No-104, A/wing, Phase-2 Tulip Kamdhenu Lifespaces Gardenia, Panvel, Mumbai City, MH	India
S3-628602413	Mumbai Mumbai Metals Ltd	No 2, A Wing, 2Nd Floor, Lloyds Garden, Appasaheb Marathe Marg, Prabhadevi, Bombay, Mumbai City, MH	India
S3-359522947	Mr Doon Wide (India) Private Limited	1115, Time Square Arcade, Near Ravija Plaza Thaltej Shilaj Road, Ahmedabad Hq Region, Ahmedabad, GJ	India
S3-388933339	Keystone Partners	36 Madson Ave, Unit Apartment 2, Sping Valley, New York	US
S3-533656816	suryaacademy.com	Block E-00691 26/26, Braham Nagar, Near Nav Jeevan Hospital Rohtak Road, Sonepat Haryana, Sonepat, HR	India
S3-994548354	ইন্টারন্যাশনাল ইনফ্রা প্রাইভেট লিমিটেড	Howrah, Paschim Putiary Jayshree Apartment Resident Forum Flat- 4D, Kolkata, #320 Banrejee Para Road (Chatterjee Bagan), পশ্চিমবঙ্গ, null	India
S3-547515553	Dental-Direct Physicians	101 Old Fisher Ferry Rd, Thomasville, North Carolina	US
S3-219134644	Cascade [Braemar]		US
S3-628938127	levi capital l.l.c.	Sixth Ave, N/A, West Fargo, North Dakota	US
S3-685903377	All Solutions Private Ltd	Block F-175 A1/347 Top Floor Hastsal, Vihar Block-a1 Nawada, New Delhi, West Delhi, DL	India
S3-18328583	Apa Mission Private Ltd	# 388 New Jawahar Nagar, Jalandhar, PB	India
S3-745203872	NORTH TECHNOLOGIES	Hn 437 B-603, Ahmedabad, Ahmadabad City, ગુજરાત	India
S3-725973886	Highland  Society	Tennessee, New River Highway, Briceville	US
S3-69598480	vthird.com	3904. Reynosa Dr, Texas, Austin	US
S3-714275237	LLC Urgent Caler Anchor Clinic	0614 Sweet Ave, Unit Lot 30, Bismarck, North Dakota	US
S3-994651308	Emilia Vila,	1 Fresh Meadows Ln, Darien, Connecticut	US
S3-783292436	Sky All Logistics Pvt Ltd	B1105, Bangalore South, Bangalore, KA	India
S3-741122037	Custom Peak  Supanyl LLC	201 Third St, # B, Ocean City, Maryland	US
S3-1977697	guru construction limited	B3/56, Main Village Nithari, New Delhi, दिल्ली	India
S3-121932172	Gomez Ace	##3443 Oakwood Avenue, Decatur, Illinois	US
S3-749500960	True Limited (Services)		India
S3-617586423	Dedaque Metropolitan Hospitality LLC	84 Warthling Court, Reynoldsburg, Ohio	US
S3-497267195	Premier Wholesale Group Clinic Inc	1006 Austin Avente, Millcreek, Utah	US
S3-674644263	Shraddha Waste  Limited	##263, Swastik Sadan 8 Th Road, Khar (W), Mumbai City, Mumbai, MH	India
S3-496931754	*** Cotao Berto L.L.C.	264 Martin Dr, Acton, Texas	US
S3-441118478	V 3 N Texas Metro	323 Lakeshore Dr, Eufaula, Oklahoma	US
S3-663994466	Mr United Private Limited Services	UP, Gautam Buddha Nagar, Noida, 5Efdh, Ground Floor, Tapasya Corp Heights, Sector-126	India
S3-300764673	Shiv Energy [Limited]	C-20, Ahmedabad, GJ	India
S3-11672588	Krittech Tower Privsate Limited	North West Delhi, H N. 34-24, दिल्ली	India
S3-696506473	Prime Indrstaries Group Pvt Ltd Ltd	Flat No B 904 Tanish Icon, Dighi Alandi Rd Datta Ngr, Pune, MH	India
S3-236286128	Private Vmv Producer Ltd	No.10, Chennai City Region, Chennai, TN	India
S3-494602384	Synpyra aka Horizon Infrastructure Brands LLC	924 Rockton Avenue, Rockford, IL	US
S3-318650420	Uniwide Academy Ltd	Plot No. 75, Anaaj Mandi, Patiala, PB	India
S3-495227950	Regional  Aodnisory	Mt Victory Road, Jacobsburg, Ohio	US
S3-381564616	Behavioral Health Partners Clinic Valley	519 Castleford St, Rockville, Maryland	US
S3-193286264	Services Anand Limited	Hisar, Sector 27-28 Industrial Area, HR, 195	India
S3-212630970	associatedenvironmentalsystems.com	1364 Old Watkins Rd, Henderson, North Carolina	US
S3-398915272	Schwartz's  Center #61146	102 Creston Road, N/A, Chestertown, Maryland	US
S3-559761868	Smt Thar India LLP  Services	Maruthi Nagar, Uppal, TG	India
S3-458122681	Villari  Metropolitan	406 Lucada St, City Of Santa Paula, California	US
S3-385050346	Diamond  Concepts Private Limited	Bazullah Road, Chennai, New No.28/old No.79, TN	India
S3-832434530	Straight Edge Barbershop Ltd	6131 Northwest Highway, NULL, Chicago, Illinois	US
S3-287692734	তিরুপতি ডেভেলপারস প্রাইভেট লিমিটেড	14 Ganesh Ch Ave 2Nd Fl, Calcutta, Kolkata, WB	India
S3-843610096	SO	1204 Snyder Lane, Unit APT 11420, Blacksburg Town, VA	US
S3-768751283	Credible Networks Private (Limited)		India
S3-353822171	इंडियन हॉस्पिटैलिटी लिमिटेड	Door No 60 Multani Colony Tehsil Pehowa, Kurukshetra, HR	India
S3-25325652	Private Lakshya Vidyalaya Ltd	10Th Floor Office No 1013 Raheja Centre Free Press Journal Marg Nariman Point, Mumbai, Mumbai City, MH	India
S3-640997844	Dynamic Agro Private  Limited	F-1087, C.r.park, New Delhi, DL	India
S3-58857709	RCA	1-9/1767Bhagh Rath Place Chandni Chowk, New Delhi, Central Delhi, Delhi	India
S3-963081970	gangansh ínvestment center	Dor No C-875 801, Farmana, HR, Sonipat, The Panoroma, (Tower No. 9), Shahpur Turk, Omaxe Heights, Sector -8	India
S3-292766815	Ur0logy  Physicians Co	14705-14709 Maple Avenue, Glenpool CITY, Oklahoma	US
S3-769355850	#jáquelinhills	Martha Lane, Clarksville, Tennessee	US
S3-676066647	Tech-lnfotech	B##9, Rajkot, ગુજરાત	India
S3-816253451	WRB Superior Services	7503 Shalako Cir, NULL, Lysander, New York	US
S3-42140506	Grata Thao Total Cross Inc.	03855 Crossing Creek Drive, Claremont, North Carolina	US
S3-183613474	Beige Automation Pvt.  Ltd.	Nageswar Colony Boring Road, Goodhome Builders And Developers Pvt.ltd. C/o-rahultiwary, BR, Patna	India
S3-279595702	Dynamic Systems Garments Private	MH, Pune City, Pune, Bramha Majestic, Sn-15/1/2, Nibm Road, Bldg-c-0016	India
S3-619615615	Ko Keycorp Of Heber City LLC	#2976 Storm Loop, Heber City, Utah	US
S3-140935652	Eye Specialists  Incorporated	886 Sharon Way, Upland, California	US
S3-541075730	tulocal.com	South Carolina, Rock Hill, 502. Cayce Olin Cir	US
S3-811547904	Vistaar Engineering Limited Services	Rz-p-14. F/floor Front/side Kh No-43/2 Raj Nagar Part-ii Palam Colony, South West Delhi, New Delhi, DL	India
S3-660957835	Foster, Cohen & 5mith, LLC	908 Reid Road, Rockwell, North Carolina	US
S3-870803842	INC Watson Imperii	1429 Pleasant View Dr, Kaysville, Utah	US
S3-334573368	Chapple Bold óf Newport Town Inc.	645 1/2 City Farm Road, Newport, Vermont	US
S3-345211542	Kurth American Eye Care Inc.	# 10, 141 Hosmer St, Marborough, Massachusetts	US
S3-713237036	Deltaarc doing business as Solutions Aviana Vincom	24-25, South Model Gram Near Sampuran Palace, Ludhiana, Punjab	India
S3-705136920	Gonzales Signs	255 Blalock Rd, Houston, Texas	US
S3-905358091	Shri Tech Educational of Akola Pvt Ltd	15 Amg Cyber Cafe Kelkar, Akola, महाराष्ट्र, Akola, No 12 C/o Atul M Godse At W No	India
S3-593304513	Np (oancdhia)  Private Limited	T-00444, Gurgaon, HR	India
S3-403851308	Perez  [Innovation]	Elizabeth City, North Carolina, 137-C Tiff Lane	US
S3-782912447	Pavia Wlilsno Safe Wheeler	N76w14478 N Point Dr, Village Of Menomonee Falls, Wisconsin	US
S3-207373609	trústedcreativelaboratories.com	01120 -211 Lc A St, Virginia Beach City, Virginia	US
S3-87159697	Big Enterprises	A- 32, Ground Floor, Street No. 28 Chhattarpur Enclave, Phase Ii, New Delhi, South Delhi, Delhi	India
S3-785106369	Woodson & Farrell	1411 Tulip Street, Wichita Falls, Texas	US
S3-40456001	The Shane Galbreath Tactical PC	Shelbyville, Kentucky, 263 Stuart Ave	US
S3-202395207	Heart  Initiative	8799 Drumlin Heights Drive, Baldwinsville, New York	US
S3-628501215	अरिहंत इंटरनेशनल प्राइवेट लिमिटेड	Pune, NULL, Pune, Row Hose No.4, MH	India
S3-328063139	Gargan & Lambert Group	##3109 Cranberry St, Fl 0, Wichita, Kansas	US
S3-499111004	maidpizza.com	603 105 Highway, Toronto, Kansas	US
S3-666265332	Johnson, Huang & Villanueva Harbor Co	Indiana, Greenwood, PMB 3868, 1067 Bennington Court	US
S3-549175050	LLP Rathore Traders	No 728 T3, 3Rd Floor, K9a, Mig 385, Kalinga Vihar, Khordha, Bhubaneswar, OD	India
S3-102937819	Miller, Le and Carey	6855 Horseshoe Road, Morgantown, Indiana	US
S3-742865853	The Primary Care Group	501 1263, Aspermont, Texas	US
S3-739363494	கிளாசிக் மேனேஜ்மெண்ட் லிமிடெட்	Chennai, Thiruvallur, S No.78/1b, TN	India
S3-798868995	Partners 3601 Union Lane Ápartments	#1293 Johnson Rd, Cleveland, Tennessee	US
S3-561500756	Caloxylohalo	9-18-95, Maddipet, Raichur, Karnataka	India
S3-440653471	Albuquerque Vision Vision Physicians,-LLC	3922 Ortiz Court, Albuquerque, New Mexico	US
S3-606543976	Lakshmi Convergence Industries Private Limited	Shp No 222 Ff Sadoday, Palace Kamptee Rd Gaddig, Nagpur, महाराष्ट्र	India
S3-295337289	Rev It Up-Tavern Services	##360 Wellington Cove, Oaklannd, Tennessee	US
S3-779066850	Fields  Bancorporation Inc	555 Happy Trails Dr, Le Mars, Iowa	US
S3-678077234	Patriot  Regional	1617 Springville Rd, MT. Vernon, Iowa	US
S3-423031225	rajshree techno pvt ltd	N-13 Yashshree Apartment S No 137/1138/1A/2/2/1A, Pune City, Pune, MH	India
S3-568398187	XEB Caabis Partners	Alabama, 423 Stadium Dr, Tuscaloosa	US
S3-599509819	CJ Kínetic Private Limited	401 Vikas Chs Laxmi Nagar, Mumbai, MH	India
S3-80402564	Kelozeta Formerly Fresh Consumer Concepts LLC	2210 Pembrooke Drive, Grand Forks, ND	US
S3-793449119	C & F Net Net	1210 Fisher Saint, Morehead City, North Carolina	US
S3-621523076	PFV Divine Private Ltd	00 Jasrana C/o Raj Bahadur S/o Fool Singh, Sasni, Hathras, UP	India
S3-689228728	Kshipra Private Limited Services	Plot No. 86 Trimbak Towers Sector 15 C B D, Belapur, Navi Mumbai, Door No #708 Flat No.a-504, MH, Mumbai City	India
S3-97363833	Reader & Connors Charles  Co	Oklahoma, 42 Cherokee Street, Catoosa	US
S3-540329341	Atls Inc	310 Panther Trl, Pelhm, Alabama	US
S3-231545071	Vision Group Specialists	Shawnee, Oklahoma, 8. Timber Pond	US
S3-636580353	Saraziya Sofwhare Private Limited	B/7 Aarohi Plot Ownr Asso, null, Daskroi, Ahmedabad, ગુજરાત	India
S3-596448937	Weinstock Athena	1015 Durkin St, Camarillo, California	US
S3-839101418	Womens  Health Center LLC	##6621 115st Street, Marysville, Washington	US
S3-577444231	#stardiagnostic	1704 19th Street, Washington, District of Columbia	US
S3-876928431	Caldance-LLC Dragon		US
S3-719151467	Behavioral Health Central Service	1387-C 143rd Saint, Rosemount, Minnesota	US
S3-502487930	Hotel Infra Automobiles LLP	No 396-B Friends Colony Etawah, Etawah, Etwah, UP	India
S3-858600641	H U + O Aviation	Maryland, Underwood Lane, BEL AIIR	US
S3-627564765	Pillar-Trust Services	05/184-5, Shop No.5, Sabari Nagar, Chinnampalayam, Pollachi, Coimbatore, TN	India
S3-673466952	Arts Alliance  LLC	2S 564 Diane Avenue, GEN Ellyn, Illinois	US
S3-260180455	Vonkbennettkeystone.Com	133 3th Ave, Royeersford, Pennsylvania	US
S3-423849668	Charlotte Community Chiropractic Metro	2127 Southend Drive, # 315, Charlottecity, North Carolina	US
S3-288626895	Moore and Stringer Hydro	0201 Front St, West Conshohocken Borough, Pennsylvania	US
S3-103827788	Fluxjax aka Hudson Cardiology	94 High Street, Unit 1, Ipswich, MA	US
S3-412314863	tambienergyprivate.com	Hn 908 C 14 Kismat Colony, Ajwa Rd Village-vadodara, Vadodara, ગુજરાત	India
S3-226426166	Davishartherrington.Com	1014. Jefferson St, Washington, Illinois	US
S3-970439312	Nsp Trading		India
S3-287551957	Onyx	1703 Houston, Kaufman, Texas	US
S3-427001001	Mr Big Consulting Private Límited	#21, Maheswari Chambers #6-3-650, Somajiguda, Hyderabad, Somajiguda, TG	India
S3-99634156	टेक प्रॉपर्टीज प्राइवेट लिमिटेड	Shop No. A-123 Manglam Paradise, Plot No. - 8 Sector-3, Manglam Place, Rohini Delhi, Delhi, North West, DL	India
S3-331872483	Smt Ram Enviro Pvt Ltd	H.no 104 East High Court Roadnew Ramdaspeth, Nagpur, महाराष्ट्र	India
S3-545685534	suryainvestment.com	Hn 373/4 Fl-904, Mulshi, Manas Lake, Bldg-3, Sr. No. 218 & Others Pune, Pune, महाराष्ट्र	India
S3-533744601	Silver lnnovations  Genomic		US
S3-348165053	Raum Valley  Inc	Bldg 12058, Ohio, 20348 State Route 739, Richwood	US
S3-308448008	Campos Prairie Genearthon LP	Four Square Mile, 2205c Dallas Court, Colorado	US
S3-71633370	Bright Education Corporation Group	Rye, 0035 Summit Avenue, New York	US
S3-885821457	BG  Infotech Private Limited	Shop No B3/113, Popular Plaza, Kutch, Plot No.14-16 Sector No.1/a, GJ	India
S3-432454950	>> genesis software kolkata private limited	Door No 9/12 Lal Bazar Stblock B 3Rd Floor, Calcutta, Kolkata, পশ্চিমবঙ্গ	India
S3-998200465	Jayme Stérn, DMD Partners	950 Menard Avenue, Chicago, Illinois	US
S3-484564739	Northwind LLC Services	012199 Windsor Drive, Fishers, Indiana	US
S3-297060203	International Constructions  LLP	No 27 Ocean Park, Near Delhi Public School Nipania, Indore, MP	India
S3-446540729	Wexlyra formerly Twisted Tattoo, LLC	20 Aldis Lane, Wrentham, MA	US
S3-987704104	Shiva Investment Investment L.L.P.	247, Industrial Area Nangla, Faridabad, HR	India
S3-945755610	Lau-Veterinary Clinic Corp.	331-333 Pennington Centre Boulevard, Unit 435, Nashville, Tennessee	US
S3-285521292	International  Zoom Resorts Private Limited	00303 Jop Plaza, Noida, Gautam Buddha Nagar, UP	India
S3-324883769	Dr Applied &  Associates	Shop No. G-##2, 3 &4, Plot No. 1 A/b/c, Sector-46a, Nerul, Navi Mumbai, Thane, महाराष्ट्र	India
S3-358982885	Corp The Mcclung-and Ryan Generation	1317. Oakwood Ave, Richmond City, Virginia	US
S3-989788512	Superior Platinum Fast Group	Ohio, 9951 Flknor Rd, Covingtton	US
S3-425183763	Rocky Initiative	661 New House Rd, Shelby, North Carolina	US
S3-739239869	Limra Multicon Infratech Private Limited	D. No. - 2-559, Fourth Road Anantapur, Anantapur, Ananthapur, AP	India
S3-520570219	એપેક્સ ઇન્ફ્રાસ્ટ્રક્ચર પ્રા. લિ.	Unit No. 4, Gandhi Nagar, Gandhinagar, GJ	India
S3-787111505	Kris  Jenkins Newhold Inc	329 Flower Drive, Rockingham County, Virginia	US
S3-101104433	VILLAGE OF WAUKESHA LANE INC	##S52w25547 Poppy Fields Road, Waukesha, Wisconsin	US
S3-164007837	Caloavi	##1408 Hollyhock Drive, Hutchinson, Kansas	US
S3-919425802	Ramey  Ace Inflection Corp	003721 Salt Rd, Moravia, New York	US
S3-700956730	mainstreetcleaning.com	1109 Campbell St, Abilene, Kansas	US
S3-612909364	Cox Séneca	Virginia, 4561 Airlie Way, Fairfax County	US
S3-434555272	Beacon Kochav  LLC Center	4977b Stone Rd, Kilgore, Texas	US
S3-908731517	Ghaziabad  Solution Private	#C-85 S/o Lt Sh Dharamveersingh, Ghaziabad, UP	India
S3-767673141	Green Green Green Auto Répair	2063. Summerset Dr, Rialto, California	US
S3-175615310	Floyd Alphabet Southside Llc	39017 180st Avenue, PO Box 6246, Auburn, Washington	US
S3-563404100	mountain family practice	1504 Lins Cir, Unit Apt 3, Jonesboro, Arkansas	US
S3-320929683	Fields Cole And Fischer Railway Co	1861 302, null, Circleville, New York	US
S3-760013898	East Ventures Private Limited	G-5, Sitapura, Jaipur, RJ	India
S3-736009509	Desert Sterling Specialists Llc	3710 Standish Road, Marengo, Illinois	US
S3-12189789	J & K Clinic Rothschild	Edna, 703 Peabody Street, Texas	US
S3-612029514	Mr Peace Liquors Private Ltd	16/427- Main Road Opp. City Union Bank, Kanniyakumari, Kanyakumari, TN	India
S3-170980168	Ridge Willard (Fitness)	Utah, 267 Tushr St, Moab City	US
S3-968519202	Xylonovi	Banda, Uttar Pradesh, A 22 Awas Vikas Blok A	India
S3-920658684	Karp-Bynordic Inc	Wisconsin, N64W33791 Lakeview Drive, Town Of Merton	US
S3-556236572	Bridgeforth Osisko-LLC	710 Vt Rouee 15, Morriville, Vermont	US
S3-929536826	रॉयल कंसल्टेंसी प्रा. लि.	No 6 Suvidha Corner 67 Shilavihar Colony Karve Road, Pune, MH	India
S3-928338530	Mr Saraswati-Villa  Limited	A-48 2Nd Floor, Sector-64, Noida, Gautam Buddha Nagar, UP	India
S3-318287980	Foot & Ankle Strategic (Health) (Health)	2030 Harpswell Islands Rd, Bailey Island, Maine	US
S3-404509682	Paine Greenfire [Inc.]	Crandall, 112-B Amy Drive, Texas	US
S3-996914197	Christ Méthodist Church Ltd	23 Fernridge Court, Flat Rock, North Carolina	US
S3-265900912	Mcnutt (Qúasaredge)	##1001 Brevard Street, Unit 216, Charlotte, North Carolina	US
S3-354869608	Black प्रॉपर्टीज प्राइवेट लिमिटेड	UP, Meerut, Noor Elahi, Meerut, 1085, Sarai Behleem, Maley Per	India
S3-54397615	Onyxnoviiriio f/k/a Vn Greens Private Limited	Office No 519, Swastik Disa Corporate Park, Kohinoor Compd Lbs Marg, Opp.Shreyas Cinema, Ghatkopar West, Mumbai, Maharashtra	India
S3-572103948	Reyes Reyes Lahgtwae	643 44st Saint, Kansas City, Missouri	US
S3-277448067	Surgical Care Holdings	626 Edgewater Dr, Garner, North Carolina	US
S3-422144288	Cooperative Security Laboratories Co	##34 Chippewa Trl, Conway, Arkansas	US
S3-399440840	Platinum Best Center	2148-B Empire Ct, Unit APT A, Saint Louis, Missouri	US
S3-31775217	Urology Partners Ltd	1620-1624 Nathan Ln, Libertyville, Illinois	US
S3-576289932	City Efmcineering Pvt Ltd	Flat-1102, Noida, Gautam Buddha Nagar, उत्तर प्रदेश	India
S3-44351165	United Center	57 Chatham Street, Kinderhook, New York	US
S3-924088044	nalwaland.com	Asola Tq. D Raja, Buldhana, MH	India
S3-330290735	Pvt Green Professional Ltd	Flat F 602 The Atrium Sec-37d Ramprastha City Basai 50, Gurgaon, HR	India
S3-155036705	Engineers Delhi Limited	D-18/17 Model Town, Delhi, DL	India
S3-95748810	Congregation  Minitsrfies	Merrill Ln, # 12, Dracut, Massachusetts	US
S3-765883289	Vision Specialists LLC	840 Little Lefthand Rd, Amma, West Virginia	US
S3-665989866	Dovajaxyuma	##9644 Captain Smith Ln, Knoxville, Tennessee	US
S3-167649675	Davis Total Distribution	8033 San Joaquin Ave, Albuquerque, New Mexico	US
S3-995518735	Maus International Partners	8 Bagley St, Fallston, Maryland	US
S3-693785778	Lucky Massage!	67 Standart Ave, Auburn, New York	US
S3-279320155	Rishav Lifesciences Public Limited	Bahul, Pune, Gut No. ##153 Mahalunge Ingale Off Chakan Talegaon Road Tal Khed, MH	India
S3-782646865	Haryana Welfare Care Service	507, Floor-5th, Plot-71, 72, 77, 213/74, 1, Rehab Building, Mahadeo Palav Marg, New Islam Mill Compound, Parel, Mumbai, महाराष्ट्र	India
S3-564536603	Dental Group (Inc)	Alabama, Chelssea, 18 Greenbriar Pl	US
S3-459805824	rao studios llc	107. Court L, La Grange, Kentucky	US
S3-333034145	3802 Lincoln	10330 Thunderbird Blvd, # C319, Sun City, Arizona	US
S3-270062152	Pediatric Dentistry Associates Of	261 River St, Warrensburg, New York	US
S3-686844477	... Katlin Foell, CPA Service	67 Marlborough Rd, PO Box 4880, Rochester, New York	US
S3-217922282	Lotus ਬ੍ਰਾਈਟ ਵੈਂਚਰਜ਼ ਪ੍ਰਾਈਵੇਟ ਲਿਮਟਿਡ		India
S3-162620371	Supreme Pipeline,	Virginia, Virginia Beach City, 2916- Fetsch Place	US
S3-43696177	Thane C0 Center	Unit No G-2901c, Plot No.d33, Rupa Renaissance, Thane, MH	India
S3-533981091	Vision Big Enterprises Private [Limited]	New Delhi, DL, E-313, Greater Kailash-ii	India
S3-108085103	Bay Ventures-Llc	30555 Canada Ave, Northfield, Minnesota	US
S3-476039063	Sri Modern Ioinfarscctrue Private Limited	45, Jhandewalan, DL	India
S3-582373592	Glass Solutions Private Limited	Nagla, H.no 56 Khawaja Kalan, BR, Patna, Sampatchak	India
S3-575708908	UT lnvestments Pvt.	2-1251/9, NULL, Chittoor, AP	India
S3-591751798	Hetzer Direct Galaxy ínc.	125 Griswold Street, PMB 9651, Delaware, Ohio	US
S3-196037445	KANAKADURGA ANANDA OVERSEAS PRIVATE LIMITED	Belgaum, 10, KA	India
S3-65134087	Upper Academy Academy Trust	882 Fort Hood St, Killeen, Texas	US
S3-229690438	Orbidelta F/K/A Star Industries Private Limited	Dhruta Complex, Office 104 & 105, Pune City, Pune, Maharashtra	India
S3-475969579	Orthopedic Center of Lynn L.L.C.		US
S3-629730423	Holmes's Cafe Incorporated	Clawson, Utah, 365 10	US
S3-565292309	hamblinmarlanek.com	Saint John Street, Building Rear, Lancaser CDP, New York	US
S3-792449129	Leech Element Partners	Montana, Great Falls CITY, 1728 3nd Avenue	US
S3-592220594	Purple  Limited Private Services	RJ, Jaipur, Block F-69 He-385, Hanuman Nagar Vistar, Sirsi Road	India
S3-514567455	Reed Luckey Inc. Service	1330 Alpine Court, Wheeling, Illinois	US
S3-231100654	northstrategicpolska.com	##1 Lighthouse Ct, Keowee Key, South Carolina	US
S3-211908905	PRIVATE MORNINGSTAR TRADING VENTURES LIMITED	No 23 Odyssa Business Center, 308, 3Rd Floor, Bomikhal, Khordha, Khorda, Orissa	India
S3-105922015	498 Main Holdings  Services	1266 Rock Lodge Road, Mchenry, Maryland	US
S3-426873169	Birch Inc	6516 242nd St, Nebraska, Douglas County	US
S3-726039825	Arellano  School Of-Medicine	2911 Bogart Ct, Spokane, Washington	US
S3-588213312	Perfect Business Pvt	H.no 5, Ii Phase, Kiadb Kumbalagodu Industrial Area, Bangalore, KA	India
S3-956631896	Capital Crystal Coca Care Corp	32 Coopers Gap Road, Mill Sring, North Carolina	US
S3-752813600	Value Analytics Intrinational LLC	743 Howards Loop, Floor 0, Annapolis, Maryland	US
S3-913208518	Milby Keystone Terra Corp	937 Santa Fe Trl, Keller, Texas	US
S3-686262951	highonline.com (ID: 69188)	Plot 425 H.no-d-6, Flat Ugf-1 Keshav Kunj, Govindpuram, Ghaziabad, UP	India
S3-90093601	Zilvia Early Grid Holdings	122 Salt Marsh Cove Rd, Edgecomb, Maine	US
S3-679251174	Liz Hinton Integrated	London Lane, Winston-Salem, North Carolina	US
S3-229865293	#superindustries	991, Motizer, Kapadvanj, Kapadwanj, Kheda, ગુજરાત	India
S3-921169035	Chandan Boards	3-16-24, Mastagad, Railway Station Road, Jalna, MH	India
S3-137590043	Raipur Trading Ltd	No 4111/340 Tagre Nagar, Grp No 3 Vikroli (E), Mumbai, MH	India
S3-91364038	Bureau óf Transportation Enterprises		US
S3-393515370	Northern School óf Medicine	357 David Dr, Winchester, Virginia	US
S3-691832923	Hs Partners Partners	At-kudumulugumma, Malkangiri, ଓଡ଼ିଶା	India
S3-96565660	Vinal of Trust Charitable Krishnagiri Holdings	#074 C/o S.satheesh, Housing Board, Hosur, Krishnagiri, Dharmapuri, TN	India
S3-507271029	Knudsen, Zhang And Alcala Eqv	351 Kennicot Ct, Fayetteville, North Carolina	US
S3-527174779	Saraswathi Trading Private [Limited]	Door No 18/2 Parel House, Mumbai City, Bombay, महाराष्ट्र	India
S3-612266492	யுனிக் சிஸ்டம்ஸ் லிமிடெட்	7, Mamatha Complex, Ii Floor, 13, Whites Road, Chennai.60014, Chennai, தமிழ்நாடு	India
S3-494545753	Ward  Trust		US
S3-515309732	MN Private Limited Center	H.no 007-2-1087/A/101 Raja Rajeswari Nagar, B K Guda, Rangareddy, TG	India
S3-140096511	Ch0udhary Concutnrhy Center	Near Ged Office, Mahavir Para Dist- Kalahandi, Bhawanipatna, ଓଡ଼ିଶା	India
S3-480943811	Vogel & West Inc	122-A Staunton Street, Huntington, West Virginia	US
S3-382027490	Interstate Wr0awide	2423 15th Place, Washington, District of Columbia	US
S3-223618091	Zondra'S-Pizza Inc.	15179 Vaughn Road, Bentonville, Arkansas	US
S3-856171	Malynda-Rivera, DMD, M.D., P.C.	704 19th Street, Birmingham, Alabama	US
S3-425205186	Crandall Enterprises Inc	409 Mandan St, North Dakota, # #6, Bismarck	US
S3-6337971	MX Ínformatic Ltd	Trt 1184, Police Station Backside Sanathnagar, Hyderabad, TG	India
S3-753489692	Integrated Consumer Worldwide Summit LLC	<NULL>, Silver Spring, Maryland, 15039 Westholm Court	US
S3-933702621	market1556avenue.com	Trail Camp Ln, Booneville, Arkansas	US
S3-142165796	Minichiello Tri-State  Ribbon LLC	517- Willow Ln, Perrysburg, Ohio	US
S3-638190541	Bright Aggiculaunarl Industries LLC	#11158 Privates Ct, Prince William County, Virginia	US
S3-238568995	@certifiedagricultural	1506 15rd Ave, City Of Wausau, PO Box 3169, Wisconsin	US
S3-936436042	Signature-Utilities	226 Purchase St, null, Fall River, Massachusetts	US
S3-551446790	Peak Commercial Inc. Collective	13B Highland Cir, Needham, Massachusetts	US
S3-241914156	FND India Limited	At & Post- Akhol Nani Taluka- Deesa, Banas Kantha, Deesa, GJ	India
S3-630615071	Mr Bright Systems Pvt Ltd.	East Delhi, Delhi, DL, Dsor No #104 Csc Dda Market Pushpanjali	India
S3-877790737	Dream Mbangte Limited	##202, Mumbai, Mumbai City, MH	India
S3-773335513	Soft Group of Companies (Ltd)	Village Meemla Post- Dhakka Karamchand, Bijnor, UP	India
S3-709520333	Liberty Suprme Motors, LLC	35892 1/2 Bain Lane, Creswell, Oregon	US
S3-88341122	PRIVATE PCS MEDICAL (INDIA) LIMITED	A-10/178, Thrissur, KL	India
S3-598647672	Produce Peppers Harbor	Arizona, Peorria Township, 9698 Fallen Leaf Ln	US
S3-712739448	Buckner, Olmedo & Leal Holdings	7557c Doctor Martin Luther King Jr Dr, Chicago, Illinois	US
S3-741321466	Private Good Limited Technology	Block E-417 3-100/2, Saraswathinagar Theegalaguttapally, Karimnagar, Nellore, TG	India
S3-840833306	Star Gold Piriate Limited	New Delhi, South West Delhi, DL, D-1/38 F/f	India
S3-336415633	Evonovi Co	1972 Kentucky Avenue, Cincinnati, OH	US
S3-162324711	Bns Business Private Ltd	Plot 539 F-14, Delhi, South Delhi, DL	India
S3-957950100	Shri Kshitija Consultants  Private Limited	House No. 160/2, Delhi, DL	India
S3-27933425	M/s First Investment Pvt Ltd	#45 66, New Delhi, Delhi, DL	India
S3-190373457	Keystone Networks	1624 Tempst Drive, Albuquerque, New Mexico	US
S3-568780976	Sj United Private Limited	14A, Lucknow, Bareilly, UP	India
S3-188251108	అర్బన్ ఫుడ్స్ ప్రైవేట్ లిమిటెడ్	No A-202/a/135, Anjaya Nagar, Kondapur Serlingampally, Serlingampally, Rangareddy, TG	India
S3-906244277	Physical Therapy Clean Group Ltd	26876 Steinbeck Dr, Magnolia, Texas	US
S3-920150495	LLP Air Nursing Home	Door No D/261 Triplicane High Road, Chennai, TN	India
S3-506673929	Roy Creative Apogee L.L.C.	316 Rocky Rise Loop Loop, Fordland Township, Missouri	US
S3-131889212	GF Private Limited Services	003-149/10, Vishakhapatnam, Visakhapatnam, AP	India
S3-339046606	Gavue-Express Advisors		US
S3-482544415	Littlejohn Hub	N13308 N  10nd Avenue, Hurley CITY, Wisconsin	US
S3-516448030	Tp Prótection Care	499- D, Gorakhpur, UP	India
S3-35368045	Gutierrez Metro Co	70 Amesbury St, Unit 105, Lawrence, Massachusetts	US
S3-25629565	SHREE SYSTEMS PRIVATE LIMITED	Plt No.3017 A, Egmore Nungambakkam, Chennai, தமிழ்நாடு	India
S3-40089718	robertshager.com	152-156 Belmont Rd, Greece, New York	US
S3-453975312	Aviumbra f/k/a Giridhar Hospital Limited	C/O L Kashinath, 3-3-80/2, Kurmabasth, Secunderabad, Hyderabad, Telangana	India
S3-292002916	OH Select Johnson	15A Main St, Unit 2, Millbury, Massachusetts	US
S3-128893588	creditconsumerinnovations.com	11138 Rolling Springs Dr, Crmel, Indiana	US
S3-344031260	Olaneova  Westin	2927 Chestnut Avenue, Brookhaven, New York	US
S3-569903543	Creative Coastal	9526B Spyglass Dr, Happy Valley, Oregon	US
S3-832894036	Corporation Tech Foundation	B3/102, Lokhande Chawl, Ganesh Nagar, Near Vitthal Mandir, Chitalsar, Manpada, Thane, MH	India
S3-436845086	Cannon Biotechnology Biotechnology Partners	20613 Ravensbourne Dr, Chesterfield County, Virginia	US
S3-573811728	गैलेक्सी कंस्ट्रक्शंस प्राइवेट लिमिटेड	Door No 26471 Rhb Sanganer, Jaipur, राजस्थान	India
S3-591502914	Systems Lighthouse  Spices Pvt. Ltd.	9, Aryan Adarsh Nagar Kothkhawda Road, Chaksu, Jaipur, RJ	India
S3-329372808	Smt Crystalline Tráders Limited	G-226, Kailash Hills, New Delhi, DL	India
S3-433172831	Pvt South Tsrfaders Ltd	C/o Satnam Singh, <NULL>, Sunam, Gandhuan, PB	India
S3-768741731	Balaji Food	No 57 C/o Sri Babita, Sampatchak, Patna, BR	India
S3-823839133	YYG Impact	9395 Heikes Drive, PO Box 4724, Hillsboro, Oregon	US
S3-43772118	firstrenewables.com	1795, Madhunagar, Hasnabad, Bhokardan, Jalna, Aurangabad, MH	India
S3-956502880	First Management Private	Hn 391 Villa No.38a, Sy No- 202, 203, 204, Vertex Lake View Villas, Nizampet, Hyderabad, TG	India
S3-355472354	Vp Trading Private ((Limited))	1201, Neptune Crimson, Din Dayal Upadhay Marg, Mulund West, Mumbai, Mumbai City, MH	India
S3-876557761	Ectoveraveo t/a Obsidian LLC	218 Death Rock Way, Whitehall, NY	US
S3-811208444	Beacon Education (Labs)	436 Kinnerton Place, Pinevillle, North Carolina	US
S3-114834903	Clear Modern Services	08321 Fm 2977, NULL, Richmond, Texas	US
S3-897232788	ഗോൾഡ് സിസ്റ്റംസ് പ്രൈവറ്റ് ലിമിറ്റഡ്	Room No. 11/631 J, Malappuram, Malapuram, KL	India
S3-437522001	ఇంటర్నేషనల్ సర్వీసెస్ ప్రైవేట్ లిమిటెడ్	No. 8-2-269/Lm/307/B, Ranga Reddy, Hyderabad, తెలంగాణ	India
S3-869965726	Animal  Welfare Center Group	5833- Columbine Road, Rio Rancho, New Mexico	US
S3-381393279	High Infrastructure Prdrviate Límited	No #435 V50, 5Th Mainn Peenya Iind Stagpeenya Industrial Area, Bangalore, Karnataka, Bangalore, KA	India
S3-923016761	LL LL Technologies	488 403, C Wing, Bldg No 5, Kamla Vihar G-5 Chs Ltd Mahavir Nagar, Nr K V Sarta Club, Kandiv, Ali (W), Mumbai, Mumbai City, MH	India
S3-560172706	லக்ஷ்மி ஃபுட்ஸ் பிரைவேட் லிமிடெட்	Door No 57 2/23, M, Chennai, TN	India
S3-274038191	Premier Estate		India
S3-45721923	Shri @mavalindia	N-2/104, Irc Village Nayapalli, OD, Bhubaneswar, Khordha	India
S3-251246886	भारत इन्वेस्टमेंट्स मेडिकल्स	1-4, 3Rd Floor, N.w.a Club Road Market Sector Iv Market, West Punjabi Bagh, New Delhi, दिल्ली	India
S3-415492659	Abhiraj Manufacturing PVT LTD	1, Chennai, TN	India
S3-678970148	Pvt Aabha Broghters Holdings Ltd	616, 6Th Floor Dmall, Netaji Subhash Place New Delhi, New Delhi, North Delhi, DL	India
S3-905500478	management ira digital industries private limited	Unit-259, 2Nd Floor, Gala Complex Premises, Co-opera- Tive Society Ltd, Dindayal Upadhay Marg, M, Ulund(w), Mumbai City, Mumbai, MH	India
S3-531211291	Synlinex Co Center	1839-1843 Hollyhock Drive, Celina, Texas	US
S3-747072338	Dennis Pacific lndustries LLC	120 Glade Ave, Mesa Dobson, Arizona	US
S3-590321172	Sri Victory Materials Private	C-55, 2Nd Floor, Lane-2, Westened Marg, Saidulajaib, South West Delhi, New Delhi, DL	India
S3-991773414	Green Tasign International	4803 30, # Suite 7, Amsterdam CDP, New York	US
S3-437374781	ckschoo1.com	George F Dr, Mechanicsville, Maryland	US
S3-272396949	Solova Inflection LLC	Bosuns Passage, Sandwich, Massachusetts	US
S3-993712755	Bay Dental Associates Northside	6011- Wolverton Lane, Clinton, Maryland	US
S3-801833142	Cruz Sun Inc	377 1/2 Wind Mil Dr, Bldg 2433, Marysville, Ohio	US
S3-954822734	Bidyne, Group	1055 Jones Ave, Rock Hill, South Carolina	US
S3-565269410	Sri Vertical Téchnocrat Limited	Solitaire, Kolkata, WB	India
S3-676878467	Jaxnylavio trading as York White	22 Oceanside Avenue, York, ME	US
S3-735325351	સેવન એગ્રો પ્રા. લિ.	No. 220. Lodariyal Bavla Sanand Roadtal Sanand, Ahmedabad, GJ	India
S3-64823468	Martinez and Paradis Canada Inc	Garland Dr, Asheville, North Carolina	US
S3-637707053	-- Om  Constructions	Dfor No:4-5-12, Venkata Ramana Estate, 1St Block, Vidhya Nagar, 4Th Lane, Ring, Road, Guntur, AP	India
S3-631615708	Chickie Etherington	Education Way, # 2303, Charlotte, North Carolina	US
S3-903323250	జైన్ ప్రొడక్ట్స్ లిమిటెడ్	Office Module No. 206, Serilingampally, Serilingampalli, TG	India
S3-646824018	Ram Infrastructure	C/o Govind Singh, Firozabad, UP	India
S3-637198255	Bramha Computers LLP	C/o Saroj Barik At/po Bukuramunda Ps Paikmal, Baragarh, Bargarh, OD	India
S3-494495420	Butler Pédiatrics	1510 Lake Hill Drive, Kannapolis, North Carolina	US
S3-888015732	HARBOR PACIFIC RETURN INC	199 Stonecliff Dr, Rochester, New York	US
S3-299319052	Colgan, Aurel D., [DP]	6249c Sycamore Avenue, Seattle, Washington	US
S3-445606212	University Heights Historical	PO Box 5103, Iowa, 1 University Way, Iowa City	US
S3-356690295	Mr Shiva Infotech Private	D-69, Shyam Park, Shahibabad, Ghaziabad, उत्तर प्रदेश	India
S3-218573612	Smt INDO PRODUCER TEXTILES PRIVATE LIMITED	Pgot 983 H/30main Market Rajouri Garden, New Delhi, West Delhi, DL	India
S3-936824366	(Group) Pediatric All Care Associates	164 Bellvue Dr, Ft Worth, Texas	US
S3-805197347	Pediatric LLC Center	12 Veteran Street, Lockhart, Texas	US
S3-534295889	Empire Hnrorr Inc	150 Snow Hill Ln, Elk Park, North Carolina	US
S3-669068505	Baker Ánd Houk,	267B Morgan Street, Mobile, Alabama	US
S3-171959665	Zenith Beverage	##420 Alabama Street, Oenville, Alabama	US
S3-688512382	The Optimal [Allegro]	176 Cuchilla Rd, Ranchos De Taos, New Mexico	US
S3-181139659	*** Clyio Safe Center (Corporation)	85 Aiken Ave, # Apartment 32, Rensselaer, New York	US
S3-467662974	Human Rights Federation (L.L.C.)	#2734 10nd St, # Apartment 1, Niagara Falls, New York	US
S3-202884502	Prairie VI Committee Co	1062 Chatham Lane, Elmira, New York	US
S3-937027718	Maid  Cafe Partners	1325 Links Circle, # Apt 3, Jonesboro, Arkansas	US
S3-962314263	ജയ് ഫിനാൻസ്	Wood Arts Building Koduvally, Po Nettur, Door No Ii/31, KL, Thalassery, Kannur	India
S3-181224935	Masoft Múzero LLC	533 Wakefield Blvd, Winchester, Connecticut	US
S3-411023211	Umbraumbra Sys	H18/410 Indira Nagar, Lucknow Uttar Pradesh, Lucknow, Uttar Pradesh	India
S3-773725716	Hotel  Exports Private Limited	Anand Paradise Chs Annapurna Estate, Bhainder East, Thane, महाराष्ट्र, Flat B 703	India
S3-315235746	Benson Sumitomo, Sumitomo, PC	3375 Laurel Fork Road, Laurel Springs, North Carolina	US
S3-946570995	Synergia &-Brothers LLP	P.no-a-65 Krishna Vihar Col, Chinhat, Lucknow, UP	India
S3-87667560	moorechapman.com	6023 26th Avenue, Seattle, Washington	US
S3-137157909	HOLDINGS IRONCLAD	729 Corum Rd, Knoxville, Tennessee	US
S3-302591797	RKX Sbo (Limited)	A-42- Ground Floor, DL, South West Delhi, New Delhi	India
S3-39960148	Novovue Harbor Engineering	1220 Scotland Ave, Charlotte, North Carolina	US
S3-601724242	Tdi Nursing Home Corporation	H.no D/51 Ezar Street2nd Floor, Calcutta, Kolkata, WB	India
S3-509250754	Jones, Hughes and Hlávey Clinic (ID: 48972)	358 Outer Belle Rd, Trotwood, Ohio	US
S3-708485284	Pvt FY Contracts Ltd	4-97/1/2/14 Ss Complex, Kompadavu Post And Village, Mangalore, Dakshina Kannada, KA	India
S3-551191987	2231 Ocean  Ave Owners Corp Corp	#600 Toutle River Road, PMB 9244, Castle Rock, Washington	US
S3-694649203	Bombay Builders		India
S3-805478695	OZ Ventures Private	H.no.43, Tirumalagiri, తెలంగాణ	India
S3-802691163	& Power Private Brothers Limited	No 1St Floor, 12-14, Refinery Building Agiary 3Rd Lane Zaveri Bazaar, Bombay, Mumbai City, महाराष्ट्र	India
S3-998710415	Jacobs Integrated Pro Harbor	321 High Rock Road, New Baltimore, New York	US
S3-38043078	Bangalore South Chit Private	#5Th Floor Kothariarena 24, Bangalore, Bengaluru, KA	India
S3-620101103	RAGHUVIR CONSULTANCY	Flat No 301, Plot No 100, Sector 21 Nerul New Mumbai, Raigarh, New Mumbai, MH	India
S3-705182410	translationalcreegan.com	12951 Benson Avenue, # UNIT 104, Chinno, California	US
S3-478019291	Kunz Smart  Churchill Southside	119 Julian R Allsbrook Hwy, Roanoke Rapids, North Carolina	US
S3-853711369	Pune Engineering-Private Ltd	#714 Eiffel City, B/1006, Talegaon Road, Ranubai Mala, Poona, Pune, MH	India
S3-923239271	Olanis LLC Engineering	Saint Aubin Street, Sioux City, Iowa	US
S3-779562168	Yamuita Micro Private [Ltd]	Plot No-3 Gandhi Nagar Chandpur Yamnanagar, Ambala, Yamnanagar, हरियाणा	India
S3-850471397	United Heartand Pbc Inc.	2617 Franklin Ave, Seattle, Washington	US
S3-403383019	QPH Ventures Private	Hgatal, WB, Shaymnagar`, West Midnapore	India
S3-716863045	சன் சன்ரைஸ் பவர் லிமிடெட்	G-3/5, Tambaram, Tiruvallur, TN	India
S3-911625057	Le and Adams LLC Services	31685 22, Hebo, Oregon	US
S3-432908949	Carroll Miller &	E. Greenville, 721 Morris Road, Pennsylvania	US
S3-548530757	Domeniga Novotny,	658 Brgadview Terrace, Hartford, Connecticut	US
S3-2751077	यूनिवर्सल फाउंडेशन लिमिटेड	237, Village & Post : Kotsarai Sohawal, Ayodhya, Faizabad, UP	India
S3-994292654	Parampita Home Private	Flat No.101, TG, Block-b, Capital Green, Secretariate Colony, Puppalaguda (V) Rajendra Nagar (M, Hyderabad, )	India
S3-837088974	रेड इंफ्रास्ट्रक्चर प्राइवेट लिमिटेड	1112, Badshahpur, Gurgaon, HR	India
S3-740241379	W+  Tnacp0hrt	3501 Russell Ave, NULL, Minneapolis, Minnesota	US
S3-298776000	PKD Assr [Group]	27569-A Dieken Dr, N/A, Athens, Alabama	US
S3-834951367	Metropolitan Horizon Co	1824 Equine Retre Way, Crandall ICTY, Texas	US
S3-759766866	Patterson Family Office Group Uptown LLC	3314 Mill Bay Rd, Kodiak, Alaska	US
S3-611716781	TF Royal Inc Services	06048 74th Ave, Summit Argo, Illinois	US
S3-253341205	#Staglight	5270 57, DE PERE, Wisconsin	US
S3-976989011	Zetaquo Center	4301 Country Crossing Ct, South Jordan, Utah	US
S3-382400397	The Pinery Diamond Bcaeuty	6368 Ponderosa Way, The Pinery, Colorado	US
S3-520390316	Saldana (Fóntis)	211 Mulberry Ave, Maynardville, Tennessee	US
S3-391272133	Solsyn DBA Panesar Nursing Home Private Limited	52/3/4/5, Block-T, Factory Area Fazalganj, Kanur, Kanpur, Uttar Pradesh	India
S3-728317817	Mireielle Gernald, D.D.S.	Anglers Ridge Dr, Harpers Ferry, West Virginia	US
S3-543952442	XJD Expert Center	A-1404- Cts -1/193 To, Mumbai, MH	India
S3-828371656	DW Marketing Limited Center	Building No: Xvii/141, Kottukappallil Road, Kottayam, Meenachil, KL	India
S3-15409362	Smith Fresh Irenic Inc.	1108 30th Street, Kansas CITY CITY, Missouri	US
S3-213121316	Cynthie Kicklighter  Vanguard	26310 Edna Lake Rd, Nisswa, Minnesota	US
S3-852705772	sherlock xrp	2908 Sunny Brok Drive, Jefferson City, Missouri	US
S3-861928507	Prime Tech Pvt Ltd	2 B Wing Omkarapts, Thane, महाराष्ट्र	India
S3-255742468	Capital Corp Services	2112 Caton Street, Chicago, Illinois	US
S3-59417222	rocky.com	3205 Ruby Drive, Wilmingtn, Delaware	US
S3-156413929	Vanguard-Saul		US
S3-713456368	Nevsa Price Summit Cargo	North Carolina, 232 Castle Bay Dr, Hampstead	US
S3-743474812	Matilde Georges Capital Irenic	2109 Eaton Gettysburg Rd, Eaton, Ohio	US
S3-238032780	Ahmedabad Ltd Pvt Technology	Dharmraj Nagar Co Op Housing Society Chanakyapuri, Chandlodia, Ahmedabad, C-14, GJ	India
S3-170291721	Korquoflux D.B.A. Jaipur Agro Private Limited	Plot No-39, Jaipur, Rajasthan, Jaipur, Shri Ram Nagar Extension	India
S3-87582110	Family LLC Services	226, Bakersville, North Carolina	US
S3-49459516	OK Next | www.oknext.com	No.42, Bangalore, Bangalore Urban, ಕರ್ನಾಟಕ	India
S3-460885493	Zephnex	9/3041, Plot No-23, Gali No-2, Dharampura Gandhi Nagar, Near Gurudwara, Delhi, East Delhi, Delhi	India
S3-149356925	Inc Tri-State Purpose	7708 Heron Lakes Drive, Houston, Texas	US
S3-620622670	N B & J Pinnacle Inc	24208 Quail Ridge Lane, Aldie, Virginia	US
S3-65630680	Blue Ínstitute V	2426 Garfield Avenue, # APT A2, Carmichael, California	US
S3-158337733	Hicks  Services	87906 Oak Island Dr, Venea, Oregon	US
S3-366749596	रियल इन्वेस्टमेंट प्राइवेट लिमिटेड	S.no 8/32, Pune, महाराष्ट्र	India
S3-262726412	Miguelita  Navarro Advanced Noble Central LLC	15041-D Tar Dam Road, Mountain, Wisconsin	US
S3-244485028	Eye Heartland Center	Alabama, 2664 Ralston Road, Mobile	US
S3-468973552	Anand Builders Limited Partners	Nh 44 Near Ansal Landmark (Office) Karnal Pot No. 15, Karnal, HR	India
S3-937043034	The Avikor Program	358 1/2 Sargeant St, # 6, Holyoke, Massachusetts	US
S3-325930909	The Casper Companies Group Holdings	361 Edgewood Dr, Garland, Texas	US
S3-656847536	Bay of Committee II Center	99 Arundel Dr, Fl. 0, Arnold, Maryland	US
S3-906285097	Petech Incorporated		US
S3-900496296	New Delhi Commercial Pvt	No. 117 129B, South Delhi, New Delhi, DL	India
S3-176852087	Holdings Family Safe Care Associates	16 Franklin St, Reading, Kansas	US
S3-26693728	Scheff, Wínnáh, MD, DDS PC		US
S3-911050911	-- Ariadovaveo	Ambala, HR, #G-847 28	India
S3-517084261	Sterling Newh0ld L.L.C.	60 Ridge Rd, Gary, Indiana	US
S3-947030065	Lonee Donegan Mercator INC	1402 Faulk Ave, East Liverpool, Ohio	US
S3-38603666	Creative High LLC	44434 79, PMB 8490, Blountsville, Alabama	US
S3-397398579	Indore Solutions LLP	Indore, Door No A-159/1 Chitavad Road, MP	India
S3-689577086	global it limited	Plot 922 C/o Sri Tripit Narayan Singh Vagdulahan, Vaishali, BR	India
S3-103683355	Wonder Motels Infratech Private	1/22, Lake Area, 5Th Street, Nungambakkam, Chennai, TN	India
S3-770911235	Hilliard, Tównship Of	Midlane Drive, Hilliard, Ohio	US
S3-155814563	Hayden Freight Llc	524 Helen St, Syracuse, New York	US
S3-702933729	Viva Potlytechmnrc	TG, Secunderabad, Flat No. 202, Boudhanagar, Warasiguda, 12-11-1244/1245, Hyderabad	India
S3-66172181	रियल स्टार इंजीनियरिंग एलएलपी	DL, New Delhi, F No A-506/1-v Cghs, New Delhi	India
S3-828752691	Caloiri Sys t/a Pediatric Dental Medicine	2051 185th Street, Decorah, IA	US
S3-408908496	Mavue Association	221 107nd Drive, Pheonix, Arizona	US
S3-164719340	Commission on Veterans [Affairs-P.C.]	00633 Historic Columbia River Hwy, Unit 105, Troutdale ICTY, Oregon	US
S3-195247168	F0ot & Ankle Unified Associates Partners  LP	7426 Hamilton St, Spokane, Washington	US
S3-886844617	south south trading llc	Arkansas, 2906 Lavender Lane, Fayetteville	US
S3-23074922	Center Infra Punit	Hno-d/6 Khno 1070 Near Shiv, Lucknow, UP	India
S3-952544550	Cornerstone Hospitality Technologies Clinic Coastal (LP)	855 Cuyler Avenae, OAK PARK CITY, Illinois	US
S3-800470407	Lewis, Martinez & Lockwood,	0450 Stonehedge Drive, Unit 8B, Millcreek, Utah	US
S3-935402104	Express Marshall Partners	157 Fairway Dr, Auburn, Maine	US
S3-573066760	Kanpur Infratech Private Limited	Hn 395 House No. 1A, Buldhana, MH	India
S3-768437632	Veopyra trading as Banerjee Educational Society	Plot No-52, Nuasahi, Rasulgarh, Bhubaneswar, Khordha, Orissa	India
S3-398979445	Kowalkowski Elite Hill,	#11 Beardsley Street, Shelton, Connecticut	US
S3-576199579	LLC Foot & Agnkel Center	1475 Madison Ln, Florissant, Missouri	US
S3-945753990	ಸುಪ್ರೀಮ್ ಪರ್ಫೆಕ್ಟ್ ಟ್ರೇಡಿಂಗ್ ಪ್ರೈವೇಟ್ ಲಿಮಿಟೆಡ್	B3-1106, L And T South City Arekere, Bengaluru, Bangalore, KA	India
S3-327833165	Strategies Alferez Inc	Queen Anne Way, Unit A, Chester, Maryland	US
S3-571312550	Nxtwelve.Com	New York, 2 Terrace Cir, # Apartment 1A, North Hempstead	US
S3-639374911	Cvs Securities Pvt Ltd	Nilgiris, Kotagiri, TN, Tuttapullum Estate	India
S3-140795454	Laxmi  International Limited	H.no 577 B No 17 Ashiyana Park P 3, Pune City, Pune, MH	India
S3-548256124	DTP	Sn 26/3A, Pl No-15 Kondhwa Bk, Punyadham Ashram Road Nr Jitubhai Tayani, Tiny Industrial Area, Opp Dmart, Pune, MH	India
S3-803203400	Kiefer, Margot M., Esq. LLC	12775 Randolph Ridge Lane, # UNIT 100, Prince William County, Virginia	US
S3-250007374	Fawne Mcmahon LLC Services	4607 Odessa Pl, Indian Trail, North Carolina	US
S3-970258305	Barhi Products Private Ltd	C/o Meena Chaturvedi, Panchmuki Colony, Barhi, MP	India
S3-673245073	Private Krittis Slumin Limited	D/508, Shivam Chs Ltd, Nr Joggers Park Chikuwadi, Borivali-west, Mumbai, Mumbai City, MH	India
S3-160839018	K  P University Production Ltd	557, Kanpur Nagar, K P University, उत्तर प्रदेश	India
S3-337945899	Altman And Alexis	1117 Woodcrest Drive, Oklahoma CITY CITY, Oklahoma	US
S3-823666446	lnternational Agro Private	Sr. No. 173/74, Office No. 7, 4Th Floor Aditi Samruddhi, Baner, Pune, महाराष्ट्र	India
S3-828400872	Joyguru Foundation Public Limited	P - 81 Nani Gopal Roy Chowdhury Avenue, Kolkata, Howrah, WB	India
S3-459890455	Om Technology Private	Building No -19/1, Attupuram Road, Maradu, Ernakulam, KL	India
S3-239883798	Sri Kshitij Public School	Office No.251, New Delhi, South Delhi, DL	India
S3-798626201	Arcgild DBA Rapid Land	State College, 467 Martin Terrace, PA	US
S3-762303305	Moorhead Youth Silver Church Ltd	1923 22nd Avenue, Moorhead, Minnesota	US
S3-39803997	Commercial Payroll Partners, Incorporated	##1821 A 20nd Avenue, Seattle, Washington	US
S3-560733552	Glyphara Inc Partners		US
S3-473370829	[Ltd] Thar India	Road No. 16 V.k.i. Area, B-307, Jaipur, RJ	India
S3-74458377	Bambi Ballenger, O.D. Corp	3304 Coronado Street, Fl 1, Chandler, Arizona	US
S3-665877551	H+ Management	7625 Haven Ave, # UNIT A, Rancho Cucamonga, California	US
S3-740824073	Dyson, Othella, DO Group	7251 Auburn Blvd, Citrus Heights, California	US
S3-76788867	Urban Ice Cream  Center	1613 Highland Rd, Roswell, New Mexico	US
S3-884606889	Shrachi Chits Pvt Ltd	Shop No. 7, Panchayat Colony, Civil Lines Near Roadways Bus Stand, Bijnor, Bijnor, Bijnore, UP	India
S3-46703189	6et 6et Traders Pvt. Ltd.	MH, Tower 9, Sky-i-songbirds, Bhugaon, Pune, #204	India
S3-155754421	Bangalore Limited Center	Door No 136 12, Palani Mudaliar Street, Halasuru, Bengaluru, Bangalore, KA	India
S3-565227272	Enterprises Holdings Studio	50, Near Durga Cold Storage, Nasriganj, Patna, BR	India
S3-862340212	Harbor Dynamic Osprey,	##8428 Aubrey Dr, Maanssas, Virginia	US
S3-164116745	Metro Fe1lowship, Group	12232 Schreoder Rd, Dallas, Texas	US
S3-578890259	Little Hypnosis	#301 Louis Perras, Colville, Washington	US
S3-704590786	Guru Físcal Private Ltd	Office - 30 Manish Plaza Sn -16/B Cts-756 Kondhwa Kd. Nibm Rd., Pune, MH	India
S3-343652523	Green Rmetail Solutions Group	Washington, Lacey, #5323 Stockton St, Fl 1	US
S3-308326760	Green Biomedical  Brands LLC	00143 Groundhog Branch Rd, Jolo, West Virginia	US
S3-794755264	Sgl Traders Private Ltd	Varanasi, C/o Smt Neelam Upadhyay, Varanasi, Bhagwan Pur, UP	India
S3-75410051	Verrix Credit  Center	North Carolina, 830-834 Handsworth Lane, Raleigh	US
S3-83373495	Classic Stera Foundation Private Limited	1205, MH, Thane, Navi Mumbai	India
S3-159815558	गोल्ड आईटी प्राइवेट लिमिटेड	G-12, Satyam A Wing, M.g. Road, Mumbai Suburban, Mumbai, MH	India
S3-830387454	Sumati Constructions	Delhi, DL, C- 4/24 Gali No. 6 C Block Gamri Extn, East Delhi	India
S3-331341130	gag services private limited	5Th Floor, Bhavaya's Akhila Exotica Above Karachi Bakery, Kukatpally, Hyderabad, TG	India
S3-772224634	Remy Guillen, Esq., M.D., P.C. LLC	1195 Layton Station Road, null, Veedersburg, Indiana	US
S3-819471722	ગેલેક્સી Enterprises પ્રાઇવેટ લિમિટેડ	Unit No. 214/A, Tower-1, Infocity, Near Indroda Circle, Airport Road, Gandhinagar, Gandhi Nagar, GJ	India
S3-183354936	L.L.C. Wagner Beacon Renatus	111 Andover Dr, Walhalla, South Carolina	US
S3-89460194	Rapid  Independresle	Badin, North Carolina, 136 Spruce St	US
S3-384330587	Bay United Hydoor LLC	317 Elm Avenue, Gary, Oklahoma	US
S3-711710745	Cira1yra	1280 Marquette Avenue, Chicago, Illinois	US
S3-554241945	Oncology Associates Inc	1224- Gibson Dr, Melissa, Texas	US
S3-852310629	Shri Blueridge Medical Centre Corp	#A-23 Swastik Palazajuhu Scheme Jvpd Road Next To Kala Niketan, Mumbai Ii, Vile Parle(w) Mumbai, MH	India
S3-168866302	Balaji-Perfect Enterprises Private	F-703 Unit 8 7Th Floor, Aditya Corporate Hub Rdc, Sangod, Ghaziabad, UP	India
S3-6674199	Om Hospitality Bakery	Dr No 27-6-136/A, Lakshmi Nagar, Mr Palli, Hindupur, Ananthapur, AP	India
S3-159801033	M/s Thrive-Falcon Pvt. Ltd	Sco 1068, Sector 123, Sunny Enclave, Kharar, Rupnagar, ਪੰਜਾਬ	India
S3-756882834	Monnet Detective Pvt  Ltd	S 74A Sunder Blok, Shakarpur, East Delhi, दिल्ली	India
S3-772860915	Reinders Apex Communications LP	5551 Winshire Ter, Dayton, Ohio	US
S3-220688026	YP Chemicals Private-Limited	Block F-3-959 Chhoat Badheya, P.o. Barauli, Basantpur, BR	India
S3-72313239	Bay League Co.	171 Willow Bend Ct, # G, Kernersville, North Carolina	US
S3-761738018	Group Wagster and Golden	842 Mahtomedi Avenue, Mahtomedi, Minnesota	US
S3-40099694	Boulr LLC	9002 Randall Road, Huntsville, Alabama	US
S3-146537302	Lara	2940 Lane Street, Town Of Cottage Grove, WI	US
S3-678946190	Zephbelowex f/k/a Alpine Plastics Private Limited	Mehtab Singh Ka Nohra, Rajasthan, C/O Gop Singh Rajpurohit, Alwar	India
S3-862063751	Tgc Constructions (Ia) Private [Limited]	ગુજરાત, 3., Ahmedabad	India
S3-532970408	Janeen Brennan Dynamic-Express Holdings	1766 U T B Lane, Brownsville, Texas	US
S3-158827078	COLONIAL ANIMAL HOSPITAL CO	278-282 Paschal Ave, Hempstead, New York	US
S3-614416573	Frontierunifiedbest.Com	5438 Winding Desert Dr, Marana, Arizona	US
S3-933501183	Melendez Digital	State St, Snohomish, Washington	US
S3-976237098	Family Bright Care Associates Associates LLC		US
S3-554011382	Vallin Arch	126 San Marcos Dr, Baytown, Texas	US
S3-690368110	Yuri Institute of  Technology Private Limited	H.no 4-19 China Ravi Chettu Street Nunna, Vijayawada, Krishna, ఆంధ్రప్రదేశ్	India
S3-168148806	chiropractic center co	1435-1439 Nicholson St, Houston, Texas	US
S3-96261217	Ferros Sérvice	1509 1/2 17th Ave, Scottsbluff, Nebraska	US
S3-615097493	Aditya Services Private	Office No. 4 Imperial Heights Om Shree Swami Samarth Chs S-3 Khartan Road, Thane, Thane West, महाराष्ट्र	India
S3-920375167	M/s Balaji Services (Pvt)	Flat No.130, Hyderabad, Khairatabad, తెలంగాణ	India
S3-882596070	Timber L.L.C.	7651 Clifton Road, Fairfax Station, Virginia	US
S3-982121708	Dominant Marmo Porivaee Limited		India
S3-950383603	Confitech Envirnogfnt Private Limited	Flat No. A/101 1St Floor, Shreyans Kesar Baug Chs Ltd, L T Road, B, Oriwali- W, <NULL>, MH	India
S3-181139416	Ecosphere & Sons Private Ltd	K-168, Jaipur, RJ	India
S3-4309704	Orbiviovio+ f/k/a Om Finance Private Limited	H. No. 18-413/11, Behind Mallanna Temple Mallikarjuna Nagar, Malkajgiri, Secunderabad, Hyderabad, Telangana	India
S3-822814758	Valles-Permian Care	186 Concord St, Lowell, Massachusetts	US
S3-418970303	Gracia Sterling (Rre)	Golden Meadows Dr, Alabaster, Alabama	US
S3-700826579	Irizeta Sys DBA Liberty Pioneer Wellness Inc	304 Castlewood Drive, Mt Juliet, TN	US
S3-335782341	Allied Bright  Tinto Group	1221 Tx 100, Los Fresnos, Texas	US
S3-957396127	Interstate Ministries Partners	4308 X, Mosinee, Wisconsin	US
S3-353236618	Wiggins  Superior		US
S3-774747425	Finance Marcon Consultancy Private Ltd	Unitno 308/7 3Rd Floor Vardhman Mkt Plaza, Plot H-3, Pitampura, North West, DL	India
S3-279290111	Kannauj Infratech Private Ltd	C/o Abhimanu Singh, Kannauj, उत्तर प्रदेश	India
S3-924135878	Blackwell  Ford LLC Center		US
S3-459315280	Inc Laque Assets	3018 Friar Point Rd, Houston, Texas	US
S3-593689758	4252 Jefferson  Lane Inc	308 Washington St, Elmira, New York	US
S3-769200176	Sky-Systems	#5 -52 /1, Wanaparthy, Mahbubnagar, Andhra Pradesh	India
S3-171666267	Regency Figueroa Regency	0200 Franks Ln, Vienna, Illinois	US
S3-636320454	Ferreira & Balderas  Corporation	10681 Acoma Dr, <NULL>, Scottsdale Kachina, Arizona	US
S3-893899863	Setrnling LLC	217 Main Street, Unit 201, Johnson City, Tennessee	US
S3-633316142	Foot & Ankle	Middlesex Township, 1554 Trindle Rd, Pennsylvania	US
S3-873294250	Adams Permian Ínc	100 Griffing Ave, Westhampton Beach, New York	US
S3-137488563	Panvel India Private Ltd	Shop-3-3, Hari Mahal Chs, Plot No-43, 44, 45 Sector-5a, New Panvel (E), Panvel, Raigarh(mh), MH	India
S3-284612545	3869 Park Place Owners	3307 Marine Dr, Unit B13, Portland, Oregon	US
S3-117617886	Zara Food Private Ltd	Aps Trust Buiding, 1St Floor Bull Temple Road, N.r. Colony, Bengaluru, Bangalore, KA	India
S3-124977471	A. Holt Quality	120 Arrow Head Road, Whitney, TX	US
S3-62399571	आदित्य इंजीनियरिंग एजेंसीज प्राइवेट लिमिटेड	H.no 90 C/o Kaushalya K, Kaushalya, Niwas, Agamkuan Colony, Sampatchak, Patna, बिहार	India
S3-206415429	Houston, Leontine, [Dlds]	4119 Charing Cross Cir, Anchorage, Alaska	US
S3-613981859	sorchaconklincouture.com	601 Jericho Tpke, Oyster Bay, New York	US
S3-758995775	Pathway & Co	Flt No. -12-B/44, Shubharambha Chs Ltd., Pmgp Cly M C Road, Pmgp Colony, Mumbai, MH	India
S3-685922027	Peum Bright Catering LLC	49, Loxley, Alabama	US
S3-144544978	Davis and Sodddar, LLC	150- Greyland Dr, Gray, Tennessee	US
S3-399220586	Colonial LLC Services	3841 Ivy Street, NULL, Sacrameno, California	US
S3-297355678	Federal Gudl LLC	203 Maple Street, Mount Summit, Indiana	US
S3-826983785	babainvestments.com	23 Canal Bank Road Kasthuribai Nagar, Chennai, TN	India
S3-921996069	Cozy Diner Partners	8632 La Fonte St, Houston, Texas	US
S3-784986936	Ace Polypack	B-137, East Of Kailash, New Delhi, South Delhi, दिल्ली	India
S3-72737014	UROLOGY DELTA GRÓUP	5509 Cleo Road, Albuquerque, New Mexico	US
S3-280031997	The Regional Fusion Inc.	31247 Joy Ln, PMB 344, Hermiston, Oregon	US
S3-465496308	M/s Wonder Developersprivate Limited	No 54 Chikhali, Buldana, Antri Khed, Buldhana, Chikhli, MH	India
S3-834848830	Limited Silver Protpetise	#29/199-B1 Gcc Building, NULL, Ernakulam, Highwaykochi, KL	India
S3-869744140	Ridge Blue North	1910 Hill Forest Court, Richmond, Texas	US
S3-853384935	Ariadrex formerly QNT Ramaco, LLC	39 Gully Landing Road, Brookhaven, NY	US
S3-447941084	North Consultancy  Private	H.no 644 P-92a, Gali No.6 Iind Floor, Behari Colony, Shahdra, East Delhi, दिल्ली	India
S3-924303863	Indo Loisics Pvt Ltd	61- Gayatri Nagar Ii Near Shiv Choudhary Petrol Pump, Tonk Ro, Ad, Jaipur, NULL, RJ	India
S3-158304935	Marshall Integrated Planet Co	3180 Ponderosa Ridge Road, Kila, Montana	US
S3-320336866	ILZ Retails Associates Ltd	306, Mumbai, Mumbai City, MH	India
S3-596687608	Balajee Auto Private  Limited	H.no 829 623, Ahmadabad City, Gandhinagar, GJ	India
S3-851527802	Great Media	C/O Ashok Vitthal Deotale Salim Nagar, Warora, Chandrapur, Maharashtra	India
S3-352907136	Southern Permian	4390 Dry Fork Road, Imperial, Missouri	US
S3-771476771	Vantagesoldelta	DL, New Delhi, C41 Mayfair Garden	India
S3-174015578	Stoltzfus Index of Malvern Inc.	1103 Cherry Ln, Malvern, Arkansas	US
S3-725047835	PLLC Corner Háir Studio	121 Broadway Ave, Coalton, Illinois	US
S3-386389496	லக்ஷ்மி இன்வெஸ்ட்மெண்ட்ஸ் Limited	Coimbatore, No.1, Coimbatore South, 2, 3, Krishnasamy Nagar, Post Office Road, தமிழ்நாடு	India
S3-213712532	India Funds	Hn 464 6/432, Sree Vamsaviruthi, Nagar, Puliangudi, Sankarankovil, Tirunelveli, TN	India
S3-193491665	Pearson & Poirt PC	830 Wyemouth Dr, Newport News City, Virginia	US
S3-734348303	Davidson, Jirllie T., D.D.S., M.D., P.C. P.C.	1396 Bule Spruce Dr, Rio Rancho, New Mexico	US
S3-166116792	trading trading benchmark services enterprises private limited	Churu, RJ, Churu, No 61. C/o Baboo Khan, 163, Risal Singh Ki Haweli Kadwasar, Churu	India
S3-819935112	Ailey's Sérvices PC	Wall St, Springfield, Vermont	US
S3-783673269	Vanguard Federal Earth Partners LLC	# 210, Harwood Heights, Illinois, 4840 Olcott Aenue	US
S3-527695771	Norridge  Biotechnology	8321 Lawrence Avenue, Norridge, Illinois	US
S3-491576914	Shipp, Lewis & Niles Marine Group	##8493 221, Woodlawn, North Carolina	US
S3-279044583	Saravana  College	No 47, Delhi, DL	India
S3-250595621	Youth Asscofatiiin Inc	1277 Pioneer Rd, Des Moines, Iowa	US
S3-171278423	Super Foods प्रा. लि.	47, Mumbai, Mumbai City, MH	India
S3-238343974	Bedwell Madison | www.bedwellma.com	1809 Kari Ln, Maricopa, Arizona	US
S3-689931399	Orthopedic Orthopedic LLC	##2165 Blake Ave, Dayton, Ohio	US
S3-437041843	V S & L STREET LLC	130 4nd St, Carlisle, Iowa	US
S3-816769284	Chapman Piedmont Intercontinental  LLC	102 Dickens Court, North Wales, Pennsylvania	US
S3-740802185	Preferred  Ultra - 2721243500	4403 Flintlock Dr, null, Louisville, Kentucky	US
S3-640939636	Dynamic Consulting  Private Limited	#9 12 Wing B Kanakia Wall Street, Mumbai City, Bombay, MH	India
S3-578363142	Golden Agro Medicals एलएलपी	Karkardooma, 2Nd Floor, Rishabh Corporate Tower, East Delhi, DL, Plot 899 205	India
S3-176598328	Hensley and Douglas  Materials	351 Center St, Elmira, New York	US
S3-179512259	One Business Private [Limited]	Block F-##312 P.no 88, Kh. 7, Padam Muni Vihar, Jodhpur, राजस्थान	India
S3-126912917	Bidgeman Sim Inc	##13570 Rita St, Paulding CITY, Ohio	US
S3-49444340	Horizon Asset Systems Group	908 Tombstone Canyon, Unit B, Bisbee CITY, Arizona	US
S3-790184255	Desert Association LLC	279 Private Road 5758a-2, Thornton, Texas	US
S3-662219737	Kirsten Olson	Talcott Dr, Columbus, Ohio	US
S3-661291757	Zetaquo  Ministries | www.zetaquom.com	153 Metropolitan Ave, Boston, # 3, Massachusetts	US
S3-282606734	Federal Invest Corp	8441 N Point Rd, Prince William County, Virginia	US
S3-709524822	Lantern Inc	222 Larchwood Lane, North Aurora, Illinois	US
S3-437617024	RHODEN BROOKFIELD INC	#86 Willow Ridge Rd, North Andover, Massachusetts	US
S3-53273692	Ear Nose & Throat Center	13375 Packard Dr, Woodbridge, Virginia	US
S3-131719581	Atlantic [Chemical]	##10333 San Juan Avenue, Downtown Glendale, Arizona	US
S3-685448287	Sai Research Private Limited	H.no 920 G 1 Bldg No. 9, Thane, महाराष्ट्र	India
S3-660561998	Back Alley Mássage!	Illinois, 1440 Wells St, Chicago	US
S3-831604513	Aditva Shipping Private Ltd	1St Floor - Cavalier Tower, <NULL>, Bangalore, KA	India
S3-388786839	M/s Advance  India Private Limited	Office No. 0014, 17/1 Harmony Arcade Telegraph Road, The Mall, NULL, UP	India
S3-526917396	DR  Peak Blackstone LLC	Mcintosh Road, Oxford, Alabama	US
S3-781754949	Pediatric Dentistry  Care Associates	12910 Fort Washington Road, Fort Washington, Maryland	US
S3-715736002	Maid Pilates Partners	8035 Oak Street, Prince William County, Virginia	US
S3-878325319	Solnyla aka FX Chits Limited	Opposite Gujarat Metal Cast Village Dunia, Halol Godhra Road, Halol, Panchmahal, Gujarat	India
S3-96326193	Delhi Springs	C-017, F.i.e. Patparganj Industrial Area, Near Main Ro, Ad, East Delhi, DL	India
S3-316794132	Initiative Environmental PC	Geddes, New York, 12 Bronson Road	US
S3-10361326	Tri-State  Source	8522 Escanaba Avenue, Chicago, Illinois	US
S3-907745288	Orion Services-Ltd	DL, 72, Todarmal Road Bengali Market, New Delhi	India
S3-284065542	Urology Cáre	Loop Hollow Road, NEW Tzewell, Tennessee	US
S3-422952718	Corporate Equity Alliance	3rd St, Cuba, Illinois	US
S3-630005462	Ironworkersunionlocal.Com	##53 Underhill Avenue, Oyster Bay, New York	US
S3-691617485	literacycouncil.com	0018 Preston Cir, Stillwater, Oklahoma	US
S3-845211629	Holly-Anne Manville Eaton Service	William Street, Atoka CDP, Tennessee	US
S3-701360239	Suresh Service	#792 5, Sathy Road, Barathinagar, Coimbatore, தமிழ்நாடு	India
S3-394795839	Ochoa Lmhd LLC	6854 Harvest Avenue, Woodridge, Illinois	US
S3-589917739	Downs & Frricc Co (ID: 15783)	89 Finch Dr, East Hills, New York	US
S3-591161968	Rd Fruit Private	ಕರ್ನಾಟಕ, Bangalore, 51, Koramangala	India
S3-882605073	Balaji-Producer Private Limited	22-8-555/1&2, Hyderabad, TG	India
S3-297267219	clearclinic.com	62 Salmon Creek Road, Lansing, New York	US
S3-326711956	Ansar Ventures Private	Flat No A-3 Shree Haridwar, Dlb Lane, Daftary Road, Malad East, Mumbai, MH	India
S3-883301698	Quality Design Corporation	296 13200, Unit C, Draper City (Sl Co), Utah	US
S3-150421652	Stefa Foley-Yield	4039 Fotos Ct, Sacramento, California	US
S3-275459248	Peak Chesapeake	8612 Fluttering Leaf Trl, Unit 305, Odenton, Maryland	US
S3-925691622	Sirius Tsakos	3929 Heatherglen Dr, NULL, Bay City, Texas	US
S3-94966201	Midwest Fellowship Partners Corporation	Tennessee, Collierville, 657B Brookmere Dr	US
S3-678595353	Sutton Community Mountain  Association Partners	82 Lincoln Rd, Sutton, Massachusetts	US
S3-825661713	ಮಾಡರ್ನ್ ಬಿಸಿನೆಸ್ ಪ್ರೈವೇಟ್ ಲಿಮಿಟೆಡ್	KA, Bangalore, Door No D/302 & 305, Bengaluru Hq Region, 3Rd Floor, Ali Plaza, No.1c-308/4, Nehru Road, Hrbr Layout, 3Rd Block	India
S3-656564323	United Sgiicce-Private Limited		India
S3-126809425	Ravin Residential LLP	OD, Khordha, Plot No. 74 (P) (977/1418) Jhunjhunwala Garden, Bhubaneswar	India
S3-521135202	Flournoy Excavation of Holly Springs  LLC	1337 Vine St, Holly Springs, North Carolina	US
S3-663866449	dinerdent.com	304 Gordon Ave, Sleepy Hollow, New York	US
S3-326819653	E & J Worldiwde Inc	636 Cord Road, Newark, Arkansas	US
S3-274053704	Balaji & Sons Ventures Ltd	110/113, 1St Floor 3Rd Kumbharwada, Mumbai, महाराष्ट्र	India
S3-921456166	Garland, Larson & Steele Innovative [LLC]	712 Main Saint, <NULL>, East Aurora, New York	US
S3-137990315	Murphy Modern	2143 Lost Timbers Drive, Connroe, Texas	US
S3-313561260	rmabrothers.com	Shop No-g-01, Ward No-01, Rajiv Colony, Rampura Road, Jind, HR	India
S3-46584569	Hudgins Siddhi óf Bellevue Ltd	551D 157rd Ave, Bellevue, Washington	US
S3-750318205	Ectokor One D.B.A. Riley Academy	4155 18th Avenue, OR, Unit Apartment 125, Eugene	US
S3-214799093	Límited Riverstone Landmarks	4/3, DL, W E A Karol Bagh, Central Delhi, Delhi	India
S3-451398758	Dovavera	S/O Ram Kala, 5/475, Sonipat, Haryana	India
S3-516727609	Baba ఐటీ Private Limited	Hyderabad, ###6-3-883/2/3 3Rd Floor Mahalakshmi House Punjagutta, TG	India
S3-810792655	Nine Shares Pvt. Ltd	H.no. 2-4-548 Road No.5, Saroornagar, Hyderabad, Andhra Pradesh	India
S3-249298355	Veterans  Alliance Co	012323 Knobcrest Dr, Houston, Texas	US
S3-926347104	Robison Newbury (LP)		US
S3-285904046	Morris and Sharma Highland  Inc	128 Old Westmoreland Rd, N/A, Portland, Tennessee	US
S3-404895868	Piedmont	3010 Arundel Road, Unit 3, Mount Rainier, MD	US
S3-858018885	HGK Youth Prívate Limited	Hari Bawan, Sriganga Nagar, RJ	India
S3-778066403	Rojas-LLC Center	Arkansas, Jonesboro, 4812- Highland Dr	US
S3-190690091	American Bebvblrge-Inc	Houston, 1329 Confederate Rd, Texas	US
S3-710073562	Black Lakshmi Energy Private Ltd	Door No 13091, A/p- Kalas, Tal- Indapur, Pune, महाराष्ट्र	India
S3-727348639	Surgical Surgical Preferred	116 Tyler Creek Plaza, Elgin, Illinois	US
S3-511917869	Brooklyn Lifeco Ltd	156 York St, Brooklyn, New York	US
S3-222719751	Inc. Ironclad	2316 Bicrhwood Dr, Dubuue, Iowa	US
S3-28282641	Comet	B-20-Cjoshi Colony Mandawali Fazalpur, Delhi, East Delhi, Delhi	India
S3-792824791	Shri Gale  Safety Overseas Private [Limited]	No 14 C/o Gyanbarao Tukaram, Ingle, Yehlegaon Tq Aundh, Hingoli, MH	India
S3-515091137	Doti  Kay, DDS Co	Parkersburg, Iowa, 29648 Ridge Avenue	US
S3-545433223	M/s Seraphic Seraphic Vidyalaya	House No. 185, Hari Nagar Ashram, New Delhi, दिल्ली	India
S3-317967494	V 5 G STARWOOD PARTNERS	Barco, 114 Simmons Rd, North Carolina	US
S3-265936713	Garrow Sénior	1266 26st St, N/A, Hunntington, West Virginia	US
S3-668860039	Royal Jay Media Private	H.no 474 C/o Ajay Kumar 0 Vill And Post Ikaurapur, Ikaurapur, Auraiya, उत्तर प्रदेश	India
S3-452899779	Group Pediatric Dentistry Group of Greensboro	1816d Willomore St, Greensboro, North Carolina	US
S3-732954709	SX Purerye-LLC	07 Rodman Circle, PO Box 3461, Muskogee, Oklahoma	US
S3-177472149	Ferrum Services	Plot No.##49 & 50, Ida, Cherlapally, Hyderabad, TG	India
S3-835661100	Ayoub and Austin Corp	130 Bowen St, # 2, Fall River, Massachusetts	US
S3-942976164	Center Jmm Brothers Limited	Tirumalagiri, Hyderabad, 5-7-72/A, TG	India
S3-721486890	Global Jagannath Solution	L 00485 Sarita Vihar, South East, South Delhi, DL	India
S3-503341882	Prasad, Aleanba W., DMD Valley	5250 Atlanta Ave, Tulsa, Oklahoma	US
S3-27823948	Smith Gdobal Chenghe LLC	Virginia Beach, 2489 Esplanade Drive, Virginia	US
S3-925031848	Asia & Brothers Infratech Private Ltd	Bhopal, H.no. 182, Bhopal, MP	India
S3-416414284	Good Developers Private Ltd	H.no 185 F-78 Gali No- 10 West Jawahar Park Laxmi Nagar, Delhi, East Delhi, दिल्ली	India
S3-271056944	Dr Hana Éstates Pvt. Ltd.	No. 7, Bellary Road, Ganganagar, Bangalore, ಕರ್ನಾಟಕ	India
S3-891064731	205 Lake St Co	260 Trekell Rd, <NULL>, Casa Grande, Arizona	US
S3-571388277	Ironclad	Syracuse, 003478 Gray Pine Drive, Utah	US
S3-92478473	Royal Tech Pvt (Ltd)	409 Ivy Centre, Mumbai, MH	India
S3-802339691	లైఫ్ ఎస్టేట్ ప్రైవేట్ లిమిటెడ్	7-489, Vijayawada, Krishna, AP	India
S3-284239216	યુનિવર્સલ એન્જિનિયરિંગ પ્રાઇવેટ લિમિટેડ	Blcok E-87 Ra/03, Shivali Complex, C H Soc, Drive In Road, Ahmadabad City, Ahmedabad, GJ	India
S3-88542583	Woodbury	6567 Oak Park Drive, Memphis, TN	US
S3-167484908	Ivenent Figx	21047 Shallow Lake Rd, Minnesota, Warba	US
S3-306908122	The Bay Center (ID: 65998)	613 Upton Road, Bloomington, Minnesota	US
S3-799171221	LLC BRIGHTAN COLUMBIA	232 Robbins Farm Road, Hamptonville, North Carolina	US
S3-878422261	Yumariza	Tf-315 Phoenix Avenue Nr, Siddharth, Annexe-2 Vemali, Eme, Vadodara, Vadodara, Vadodara, Gujarat	India
S3-977023342	De Watertech	No 122, Thane, Bhiwandi, MH	India
S3-200673596	Brown, Becker & Gula LLC	00107 Maxwell Road, Chapel Hill, North Carolina	US
S3-681591864	Corner Pbtalces	1494 Frontage Rd, Rio Rico, Arizona	US
S3-397191466	Western Ridge Senior Inc	9886 Grosbeak Ln, Magnolia, Texas	US
S3-951933478	Black lnfrastructure	Atul Compound Nunhai, Agra, UP	India
S3-601881733	ഡ്രീം എന്റർപ്രൈസസ് ലിമിറ്റഡ്	Door No.015/320/a, Aluva, Ernakulam, Keralam	India
S3-131444579	The Stenger, Pittman and Payer Group	1386 Evergreen Avenue, Town Of Easton, Wisconsin	US
S3-857470123	visionmedicine.com	Virginia, Chesapeake CITY, 865 1/2 Shoal Creek Trail	US
S3-626294136	West Clinic of Camden Pediatric	#58 Harden Boulevard, Camden, New York	US
S3-171291891	Autism Assistance Nétwork	932 Eastern View Road, King And Queen County, Virginia	US
S3-515119977	8etter LLC Center	1616- Delta Dr, Village Of Fox Crossing, Wisconsin	US
S3-948614255	Synfayefaye	Unit No. 130 First Floor, Vardhman Market Csc Pkt Jg Block J Vikas Puri Outer Ring, Delhi, West Delhi, DL	India
S3-860965158	Dr Mudra Capital Private  Limited	दिल्ली, New Delhi, Udyog Nagar Peeragarhi, H-4	India
S3-409675514	Pearson Platinum P.L.L.C.	171 Elmwood Park, PMB 9623, Tonawanda, New York	US
S3-176053661	Mutual Téchnical (Labs)	151 Bruns Drive, Fl 1, Brookville, Ohio	US
S3-453848329	Pediatric Clinic of North Strabane Township Metro Inc	1093 Woodlawn Dr, North Strabane Township, Pennsylvania	US
S3-42052438	A1bany Magna	Second Avenue, Albany, New York	US
S3-1234189	powellperfect.com	5697 Villa Rose Dr, Powell, Ohio	US
S3-410167807	@heartlandkeystone	10635 25th Ave, Dunseith, North Dakota	US
S3-216530787	Credits Printing Private	#C-34 Off No 136, 1St Floor, Regus Gem Business Centre Private Limited, Tech-37, Plot No. 2A 2Nd Phase Sy No 37, Bangalore South, Bangalore, ಕರ್ನಾಟಕ	India
S3-583170852	Cedar City Regional Interstate Services Group	47 York Drive, Cedar City, Utah	US
S3-310018740	Rkc Charitable Trúst Industries	RJ, Plot No-a-16, Jaipur	India
S3-57554529	Mahek	93/5 Aerandwane, Pune, MH	India
S3-990180716	স্কাই Business Private Limited	H.no 15 Ganesh Chandra Avenue2nd Floor, পশ্চিমবঙ্গ, Kolkata, Calcutta	India
S3-389702404	ड्रीम कंस्ट्रक्शंस प्रा. लि.	Premises No #17 & 18, Bombay, महाराष्ट्र	India
S3-768137581	Primary Care National Center Group	212 Clay Street, Unit Apartment 2, Anoka, Minnesota	US
S3-686275314	yelm.com	11306 Highway 661, Lewisport, Kentucky	US
S3-865010009	M/s Blue Solutions Private	UP, Lucknow, H.no-1/758-n	India
S3-807871983	Services Ltd Resorts Evince	C/o Sreelekha B.s, Vaikom, Kottayam, Keralam	India
S3-579174694	Wolff, Horwitz & Clouse Metro	5-9 Blue Spruce Drive, Bear, Delaware	US
S3-125443156	Fayezeta Labs a/k/a Nexora Spac	4 Ridgewood Road, Wilbraham, MA	US
S3-225160385	madisoncourt3307.com	1761 25th Avenue, Eugene CIY, Oregon	US
S3-584802577	Saadventures.Com	No. 198 C/o Mathura Warade At Post Sarola Tq Sillod, Aurangabad, MH	India
S3-273593803	Mayes National LLC Service	3549 Oak Dell Avenue, North Highlands, California	US
S3-828488045	easternconstructions.com	B 502, Navi Mumbai, MH	India
S3-290374534	Premier Freight Consultants Corp	988 Scott Dr, Castell, Texas	US
S3-656939097	Community Community Services	502 Fourteenth Ave, Grand Rapids, Minnesota	US
S3-332361882	Kolkata Clns Pvt Ltd	7, Banga Sen Lane, Kolkata, Kolkata, Howrah, WB	India
S3-494694498	The Dent Tavern LLC	Idependence, Missouri, 2921 Sweet Briar Dr	US
S3-883783254	અલ પ્રોજેક્ટ્સ લિમિટેડ	Shed No 109 And 110, Ahmedabad, Dascroi, GJ	India
S3-11582109	Christopherson Montessori 5chool Ltd	69- Open Door Church Road, David, Kentucky	US
S3-989293148	BOSWELL MCKINLEY	3814 Fairhaven Terrace, Abingdon, Maryland	US
S3-565878979	swabhimanmarinesindia.com	Unit No 8-201, Second Floor Time Tower, M.g. Road, Sector 28, Gurgaon, HR	India
S3-818461519	Alpha Services LLP		India
S3-956219355	Fortune Cónstructions Pvt	#G-16, B-1, 7Th Cross, Kiadb Industrial Area Anekal Attibele, Bangalore, KA	India
S3-957135062	Lanette N. Thomas, DO Partners	37 Glennon Ave, Dracut, Massachusetts	US
S3-704025615	Private Mahanidhi Trading Limited	B.b.d. Bagh (East), Stephen House 2Nd Floor, Room No. 24/1, Kolkata, Howrah, Kolkata, WB, 4	India
S3-658660422	FREDIA DAVIS APEX BRAVES INC	4834 Quail Run Dr, New Palestine, Indiana	US
S3-775872462	लक्ष्मी फाउंडेशन लिमिटेड	Block E-415 27, Canara Bank Sunday, Market Kalmeshwar, Kalmeshwar, Nagpur, MH	India
S3-619600452	pacifichealthcenter.com	3659 Holt Lane, Lower Moreland Township, Pennsylvania	US
S3-630038289	Mattem Clean Plus Lakeside Co	106 Nathaniel Dr, Hockessin, Delaware	US
S3-472881816	Dr #southagro	No 729 202, Ameerpet, Hyderabad, TG	India
S3-258818946	Zephlum	52 Ashok Nagar, Girwa, Rajasthan, Udaipur	India
S3-762322729	Nelson Sterling Produce LLC	1033 Washington Boulevard, Bushnell, Illinois	US
S3-648079586	@adidevinfracom	WB, Howrah, Hn ##627 219B, Old China Bazar Street 1St Floor, Room No : 8	India
S3-656774991	V Gabelli Martin V	663 Cole Road, London, Kentucky	US
S3-849454973	Ironworkers Lcsoal 506 Ltd	204 Carlisle Street, Mingo Junction, Ohio	US
S3-203193589	Grand Merchants LLC	86 Wesotn Rd, Lincoln, Massachusetts	US
S3-931958242	LLP KRISHNA DIGITAL INFRA	548, Cloud 9, Vaishali, Ghaziabad, UP	India
S3-183164007	AMU Vikash Limited Center	Shop No. 28, Thane, महाराष्ट्र	India
S3-741679998	kritayahealthcare.com	Gat No.2434, Opposite Skyline Building, Palus, Sangli, MH	India
S3-640110153	Lindsey and Salomon	163 Windriver Rd, Clarksville, Tennessee	US
S3-949514450	QUANTARA BLUEROCK P.C.	Missouri, Springfield, PO Box 9865, 1645 Cherry St	US
S3-416117385	Sri STAR GLOBAL PRIVATE LIMITED		India
S3-825166358	YGZ Bránd LLP	WB, #24- R N Mukherjae Road18th.floor, Calcutta	India
S3-484846848	Vvk Clinic  Holdings Private Limited	Unit No. 00932, Office Tower, Logix City Centre, Plot No. 58, Block-bw, Sec-32, Noida, UP	India
S3-214151267	Delta Star (Bancshares-Inc.)	##235 Brickyard Rd, Woodstock, Connecticut	US
S3-521506319	Flores  International	19st Street, # A, Saint Charles, Illinois	US
S3-705615961	Allison, Cámmi, L.C.S.W.	315 Floyd Church Rd, Lexington, North Carolina	US
S3-127881067	Xyloxylo+	Office No. 4I, 4Th Floor, Vijay Chambers, Tribhuwan Marg, Dreamland Cinema, Grant, Road, Mumbai, Mumbai City, Maharashtra	India
S3-340102728	Frontier  Charities	5556 Richard Dr, Heber, Arizona	US
S3-877411029	Regional Initiative Group IV	176 High St, Unit 2, Brookline, Massachusetts	US
S3-253317228	Carmela's Nétworks	2846 Great Oak Ct, Falls Church, Virginia	US
S3-313874031	PINNACLE BARINGS	70201b 20, Gordon, Texas	US
S3-648102632	Param Constructions Pvt. Limited		India
S3-847410483	Unity Polytechnic	Door No G-756p Huda, Narnaul, Haryana, Narnaul, N/A, HR	India
S3-346787713	Pavithra Agro Public Limited	11-3-266/292, K.v.rangareddy, TG	India
S3-476407690	Dynamic बिल्डर्स लिमिटेड	101 To 103, Indore Region, MP	India
S3-729855133	Kgm  Threads Pvt Ltd	Flt No - 202, A-12, Sidharth Nagar, Borivlai East, Mumbai, महाराष्ट्र	India
S3-666289885	maa finance pvt ltd	D-211 S/f-l/p, Laxaman Singh Complex-iii, Vill-munirka, Delhi, West Delhi, DL	India
S3-44249603	valleyproject.com	124 Marquand Avenue, New York, Yonkers	US
S3-666564088	Gonzalez Royal Ihearmetndia	29600 Ronald W Reagan Blvd, Georgetown, Texas	US
S3-310912353	Capital Lending Central	54 Juinper Dr, NULL, Saugs, Massachusetts	US
S3-637842781	Ma Limited (India) Private Health		India
S3-572037432	Reliant & Brothers Industries Pvt	66 Bidhannagar Roadp S Ultadanga, Calcutta, Kolkata, WB	India
S3-128768351	Eye Quality	473 Pennswood Drive, Huber Heights, Ohio	US
S3-33315235	Urban Agro  Private Limited	No. 2-193 Orchid-b Flat No 503, Lucknow, UP	India
S3-359902298	VERTEX SOLUTIONS PVT. LTD.	Plot 295 House No-2 Chandar Nagar, Saharanpur, UP	India
S3-210822178	Glyphyn  Alibaba	8906 Colesville Road, Silver Spring, Maryland	US
S3-587559493	helenkactejeda.com	North Carolina, 110 Long St, Ellerbe	US
S3-595884978	P/K Ngl, L.L.C.	5008 58th Saint, Lubbock, Texas	US
S3-367456320	பம்பாய் மார்க்கெட்டிங் பிரைவேட் லிமிடெட்	H.no 36 Kamaraju Street, Erode, Gobichettipalayam, தமிழ்நாடு	India
S3-52378572	Certified Design Collective	21702 Shadowbrook Birch Dr, Cypress, Texas	US
S3-713245619	Smt Mayureshwar F0undation	A-58, G/f, Kh No. 11/15, Mansa Ram Park Uttam Nagar, New Delhi, West Delhi, DL	India
S3-733268801	Dara Bearnard Reliable Golden Inc	983 Center Rd, Clinnton, Ohio	US
S3-580778735	Mendoza Custom Clinic Tree	2571 Sweet Grass Trl, Sahuarita Towship, Arizona	US
S3-654077606	Ks-Pr0ofing Pvt	BR, Patna, Sampatchak, Brahampur, Kankarbagh 2, H/o- Sri Ram Kumar	India
S3-454380886	Foods Limited Services Shree	Ludhiana, ਪੰਜਾਬ, La-0b-13b-5-1/10b Pukhta, Ludhiana, No. 266, Village Rania	India
S3-378781376	Keri  Simmons	Knox Pl, null, Jloiet, Illinois	US
S3-210782966	Clari Wenger Bay Innovations [Inc]	9950 Fairview Lake Road, Washington, Port Orchard	US
S3-837169002	R 3 5upreme Brand Riverside Ínc	Minnesota, Lakeville, 4606 171nd Street	US
S3-866922104	Cooper's LP Management		US
S3-804001801	Custom Pebblebrook Clinic Inc	1484 62nd Street, PO Box 9412, MSA, Arizona	US
S3-394245571	The Velasquez  Insurance LLC		US
S3-378614980	Onyxdrex a/k/a Southern Producer	52, Bangalore North, 3Main, Sanjeevini Nagar, 2 Block, Hegganahalli, Bangalore, Karnataka	India
S3-164697297	Halcyon, LLC	2563 Henslow Ave, ST. PAUL, Minnesota	US
S3-821600113	Nagin Infraengineers Pvt Limited	C/o Yusuf Imam Pathan, Shrirampur, Ahmed Nagar, महाराष्ट्र	India
S3-920501327	The Vargas Holdings	233 Division Street, Stougthon, Wisconsin	US
S3-920087022	engineeringprivatetwinkle.com	C/o Ratan Chavan, Aundha Nagnath, Hingoli, MH	India
S3-138692499	Anderson Tri-gStcabe Activate	408 6rd Street, Queen CITY CDP, Texas	US
S3-931794590	Heartland Atlas Holdings	415 Hummingbird Court, Deerfield, Illinois	US
S3-57007729	Amy Bates Rice Group	204 Falls Rd, Vermont, Shelburne	US
S3-24127308	Alpha + Brothers Ltd.	No 436, Bangalore, ಕರ್ನಾಟಕ	India
S3-903324282	LJJ Technical Private	Hn 640 B-5/13, New Delhi, DL	India
S3-523245796	Frontier  Fellowship	98 Jackson Street, PO Box 2548, Scott City, Kansas	US
S3-370979246	Runyon, Wner & Taylor Braves, [L.L.C.]	11205 Eggleston Ave, Chicago, Illinois	US
S3-383118277	Elite Apparel Global	11004 1/2 Lehr Rd, Louisille, Kentucky	US
S3-783640884	Banaras Educational Society Private Limited	#308 3Rd Flr Crystal Plaza, New Link Rd, Mumbai, MH	India
S3-364422861	Trust Memorial Vajra Ventures	Jalgaon, No 24 Mogli Road, Nandurbar, MH	India
S3-344059016	Water Brothers Ventures [Pvt]	Block D-#5 8-6/9, K.v.rangareddy, Andhra Pradesh	India
S3-840860078	Cozy Massage Center		US
S3-665925749	Bandhu Healthcare Limited Services	D 2104 Pioneer Park Sector 61, Gurgaon, हरियाणा	India
S3-359834445	সিলভার কনসালট্যান্টস জুয়েলার্স	N-227, 2Nd Floor, Ideal Plaza 11/1, Sarat Bose Road, Kolkata, Kolkata, Dankuni, পশ্চিমবঙ্গ	India
S3-479951955	गोल्डन एंटरप्राइजेज इंडस्ट्रीज प्राइवेट लिमिटेड	At-prasuram Colony, Gulzarbagh, Gaighat(printing Press), Patna, No ##81 C/o Puskar Singh, BR	India
S3-945864957	Federal Trulst	7655 Natchez Pines Court, Wilmre CITY, Alabama	US
S3-421869378	LLC Urology Premier Ctr	125 Meadowood Street, # D, Greensboro, North Carolina	US
S3-61481965	Hamilton Rapid Treasury	Scenic Loop, College, Alaska	US
S3-804250913	VL SPROTT	##125 Mountain View Lane, # 3rd Phone, Dora, Alabama	US
S3-507032452	Allied Fund	1557 Fm 800, San Benito, Texas	US
S3-664577720	Frontier Advanced Next [LLC]	15 Tillson Avenue, Highland, New York	US
S3-593809322	LLC Valley League	68 Glenna Little Trl, Huntington, New York	US
S3-620359665	srkmanufacturing.com	#10Th Milestone, Goniana Road Village Bhokhara, Bathinda, PB	India
S3-807110325	Orion Group	Atlantic Beach, New York, 268 Scott Drive	US
S3-751274759	Burrell Arch	8325 Thomas Avenue, Bloomington, Minnesota	US
S3-540516464	न्यू फाउंडेशन प्राइवेट लिमिटेड	3, Vidisha, मध्य प्रदेश	India
S3-287055298	[Corporation] Kingstone Services	Be -45 Salt Lake Cityground Fl Sector-i, North 24 Parganas, Kolkata, WB	India
S3-289251880	L.L.C. Mauro and Radford Tech	Tennessee, Dayton, 640 Broadway Street	US
S3-275609057	Platinum Mortgage Énterprises LLC	4909 Barbara Drive, Minnetonka, Minnesota	US
S3-643465017	harperskeystonetherapy.com	Muskogee, Oklahoma, 959 Sherwood Lane	US
S3-272911996	Big Ago Body LLC	1114 Springs Avenue, Birmingham, Alabama	US
S3-86358305	Anchor Alibaba	274 Cay Ct, Newbury Park, California	US
S3-651279166	Prime Industries Private	#318 N-48/2, New Delhi, South Delhi, दिल्ली	India
S3-503052737	Aviquo	17566  111 Avenue, Jamaica, New York	US
S3-961439670	Bengal Jéevan Ltd	C 509 Mittal Cosmercia, Premises Chs Jb Nagar, Mumbai, MH	India
S3-276376723	Limited CHQ Consultants Private	80-A Ground Floor, New Delhi, West Delhi, दिल्ली	India
S3-130299533	Siddhnath Chíts	Door No 71 Nrisingha Dutta Road, Barisha, Purba Barisha, Kolkata, Kolkata, Howrah, WB	India
S3-5981532	Mr Praxisservicescare.Com	16/5, 8Th B Cross, Annayappa Colony, Bangalore North, Bangalore, KA	India
S3-178695886	New Industries Hotel Private	Plot 493 Flat 14A, 3B, 3Rd Floor, Indira Enclave, New No-31, Old No -12, Indira Nagar 1St Avenue, Adyar, Madippakkam, தமிழ்நாடு	India
S3-707043025	T 4 Keystone Media  Northside LLC	14768-14770 Edgewater Drive, Newbury Twp, Ohio	US
S3-219641637	Rj Co Center	Hn 110 2-F-1, Delhi, East Delhi, DL	India
S3-610385177	Calditis Athene LLC	1020 Thirteenth Avenue, Moline, Illinois	US
S3-555672885	Supreme	9Th Floor, Plot No 30C, Sy No 83/1, Hyderabad Knowledge City, Raidurg Panmaktha, K.V.Rangareddy, Orbit, Telangana, Serilingampally	India
S3-116697074	Aarunya Engineering (India) Prlvete Limited	Door No 11, Hyderabad, Jubilee Hills, TG	India
S3-362352614	Peer Limited Services	305, Vasai, Thane, MH	India
S3-950463500	5late LLC	102nd Street, Omaha, Nebraska	US
S3-348053196	Northconsultants.Com	S.no. 60/2D, Flat No.3, Gajanan Heights Near Kamal Residency, Kondhwa Bk, Pune, Kondhave Khurd, MH	India
S3-993994730	OZ Diamond  Grifols Corp		US
S3-81798995	ग्रीन एक्सपोर्ट्स प्राइवेट लिमिटेड	Room Number 20, Mumbai City, Mumbai, MH	India
S3-528884803	Eastern Pórtfolio	181 Eleventh Street, Woodward CITY, Oklahoma	US
S3-739323357	Prime Transition	3643 Icard Rhodhiss Rd, Connelly Springs, North Carolina	US
S3-459117609	G 2 Paloma Service	761 Lavenport Way, Frederick, Maryland	US
S3-975113880	Pacific L.L.C. Services	001751 Airline Rd, Alexander, Maine	US
S3-641239728	Merrily Ki Restaurant Inc.	338 Walker Street, Gurley, Alabama	US
S3-571837992	supreme group investment	985 B J Rd, Centerville, Tennessee	US
S3-479547424	Interface Limited Freight	No 219 A Wonder Mall, Alwar, Jaipur, राजस्थान	India
S3-376333136	East Wood Layout Ba Harlur  Off Sar Japur Road Pathways Private Limited Service	No 3A S J R East Wood, Bangalore, East Wood Layout Ba Harlur Road Off Sar Japur Road, KA	India
S3-948279958	Anantam Brotidhears Industries Ltd	Mumbai, MH, Mumbai City, 409	India
S3-320411861	LK Sedmtimt Spac Spac LLC	1220d Devon Lane, Unit APT C, Harrisonburg, Virginia	US
S3-427189916	grant central	1726 Sawyer Street, PMB 9519, Lincoln, Nebraska	US
S3-78126814	Apex-Inc.	7522 165th St, Tinley Park, Illinois	US
S3-422022489	& Dbr Company	Plot No D/169 Kh.no.51/19, NULL, North West Delhi, Delhi, DL	India
S3-575640927	Board of	301 6nd Avenue, # APT 103, Nome Census Area, Alaska	US
S3-308343706	Pediatric Specialists	5381 Brambleton Ave, Raleigh, North Carolina	US
S3-374045155	Literacy Fund	5117 Aspen Street, Bellaire, Texas	US
S3-337369967	Vision Engineering	10/7, Mumbai, Mumbai City, महाराष्ट्र	India
S3-82392530	Richmen Agency (India)	Office No.212 To 214, Sunrise Chambers, Nr.ashok Colony, Mini Bazar, Varachha R, Oad, Surat, GJ	India
S3-997948700	Degler Spéctral LLC	717 Acanthus Drive, Henrico County, Virginia	US
S3-993381924	Liberty Keen Eastgate Inc	2013 Leenders Rd, Floyds Knobs, Indiana	US
S3-363222255	Main Street Bíke Shop	900 Sixth St, # 900, Spur, Texas	US
S3-33898868	SN  Experts	Plot No 62/7021, Khata No 980, Ps Dhenkanal Sadar Station Bazar, Laxman Mishra Lane, Dhenk, Anal R.s., Dhenkanal, OD	India
S3-103395575	Rerodyne	35919 Willama Vista Street, Pleasant Hill, OR	US
S3-113395177	Northern-Consturction	13711 Kiwi Street, Fl. 0, Wihita, Kansas	US
S3-313299669	All Estate Private	7, தமிழ்நாடு, Madurai	India
S3-893787123	Orbivio	415 Floor -4 Plot -273/277 Anant Deep Chambers Narsi Natha, Street Bhat Bazar Masjid, Mumbai, Maharashtra	India
S3-698561833	Ethelind Hess,	2 Whittier Cir, Holyoke, Massachusetts	US
S3-990303879	New Technology Limited	18, Indore, Professor Colony, MP	India
S3-410094210	Super 80 Ice Cream Corp	5600d Chapparal Ln, N/A, Greensboro, North Carolina	US
S3-324745027	Mso Clean Consulting Pc	33 Putnam Rd, # 2, Fxboro, Massachusetts	US
S3-33926272	Teum Soulpower  PC	205 Murray Street, Gainesboro, Tennessee	US
S3-800982448	Petrus, Gabssl B., D.D.S.	59753 870th Strelt, Alhpa, Minnesota	US
S3-84971403	Kalyan Software  (India) Pvt		India
S3-650864077	Veronica Cooper  Select LLC Service	2320 Houston Point Dr, Whitefihs CITY, Montana	US
S3-266006638	Wilson Patriot Sáfeguard LLC	Iowa, Bulrington, 2138 Summer Street	US
S3-608993223	Rohan Exports Pvt	Lucknow, UP, Lucknow, Levana Cyher Heights	India
S3-971423309	bnpbrothers.com	17, Kolkata, WB	India
S3-203846271	Jo 5outhwest	#60 Lockport Ct, Moneta ITY, Virginia	US
S3-495070967	Beloavi Formerly Miller and Richardson Saratoga LLC	115 Troy Del Way, Amherst, NY	US
S3-662277571	Kriti (India) Marketing	0060-C, Ground Floor Raju Extn., Kakrola, New Delhi, South West Delhi, DL	India
S3-589102184	willow.com	Oxon Hill, Maryland, 5444 Livingston Ter, # 202	US
S3-541060483	L.L.C. Consolidated Business Partners	636 Palo Verde Way, NULL, Central Point, Oregon	US
S3-643817246	Vantageumbrawexio t/a AJ Resources, LLC	2173 Pacific Street, Brooklyn, NY	US
S3-328051645	Mccleskey Hovnanian and Smith Alvarez	15238 Lower Bckeye Pkwy, # 3035, Goodyear, Arizona	US
S3-933265713	Limited Seven Private Services	Country Club Kool, Hyderabad, TG	India
S3-357973397	Shree Industries Restaurant Private Limited	21/D Ganesh Niwassardar Pratap Singh Road Bhandup (W), Mumbai, MH	India
S3-859383353	Corporation Neeb Machinary	KA, Bangalore, E-301	India
S3-630945713	Raju, Taylor &  Homer LLC	3930 Cloverbrook Dr, Housotn, Texas	US
S3-959903778	Isaacson  College Inc	8722 Pebble Creek Court, Wonder Lake, Illinois	US
S3-30195022	Piedmont Medical Center	##1912 Joy Ave, Ganite CITY, Illinois	US
S3-222431648	VJ Technologies	Plt No.43/2, (Part), Gandhi Nagar Bala Nagar, Hyderabad, TG	India
S3-433379192	Williams & Walraven Inc	50 1/2 Muriel Lane, Agawam, Massachusetts	US
S3-192431423	FOOT & ANKLE CORNERSTONE GROUP EASTGATE	314 Wedgewood Cir, Lake In The Hills, Illinois	US
S3-408946993	Sandra Franklin	Hunt Rd, PT Angeles, Washington	US
S3-147388550	Urology  Care Associates	7875 Farm Road 34, Missouri, Walnut Grove CDP	US
S3-206073073	Skytouch Pvt Ltd Services	G-004, Madhuban, Lodha Heaven, Nilje, Dombivali (East), Dombivali, Thane, MH	India
S3-329970461	Square Ferro Limited Private Private	08, Naragund, Gadag, KA	India
S3-208774137	villanuevaendocrinology.com	Chicago, Illinois, 1854 Richmond Street	US
S3-215021689	KMD Graphics	2035 Park Rd, Beleville, Illinois	US
S3-176647416	गैलेक्सी लॉजिस्टिक्स	House No 153, Durga Nagar, Indore, MP	India
S3-377061965	Williams, Muniz Garciasanchez and	Ohio, Cleveland, 4318-4320 50th Street	US
S3-940712731	Horizon Mortgage Clinic Alliance	33 Meadow Court, Livonia, New York	US
S3-550217951	India  Solutions Clinic LLP	390 5Th Cross 2Nd Main, Vrushabavathi Nagar Kamakshipalya, Bangalore North, Bengaluru, KA	India
S3-497508886	Ghaziabad Smile Private  Limited	F-g-130, Ghaziabad, उत्तर प्रदेश	India
S3-426892216	QUINTINA HEYMANN, ESQ.	Maryland, 1620 Union Ave, Baltimore	US
S3-666245042	Thomason, Lanna, P.A.	2212 Richwoods Bldv, <NULL>, Peoria, Illinois	US
S3-636583114	Babette Fetter 6reenland LLC	Hackworth Street, Columbus, Ohio	US
S3-3650067	Gadsden Legacy Xii	Tennessee, Rock Island, null, Great Falls Rd	US
S3-273868551	ഫസ്റ്റ് വെഞ്ചേഴ്സ് ലിമിറ്റഡ്	276/Vi, Ankamaly, Ernakulam, KL	India
S3-865824423	Miller, Pitsch and Palmer L.L.C.	8113 Bird Ln, Greenbelt, Maryland	US
S3-316671533	Kellarvo.Com	7086 Richmond Dr, PMB 609, Frisco, Texas	US
S3-242470318	New Hospita1	Gl- 504, Dlf Qe, Gurgaon, हरियाणा	India
S3-395749895	Primary Care Mountain	Graham, Washington, 9309 210th Street Court	US
S3-372614065	Rps Marketing (India)	House No. 418/A/01 Mount, Nagpur, Road Opp. Saraf Chambers, Nagpur, MH	India
S3-712580616	Akarsh Institute Ventures	No 183 1 / 33, Alamelumanga Puram Ganapathy, Coimbatore, TN	India
S3-721676529	Abacus Brothers Private	WB, ##60A/1 Narendranagar, North 24 Parganas	India
S3-392306268	Expro (India) Healthcare Limited Private	At Post- Pirale Tal- Malshiras Dist- Solapur, Pirale Akluj, Solapur, महाराष्ट्र	India
S3-546709428	अल्फा मीडिया प्रा. लि.	No ##396 390/1, Shingte Farm House, Old Nh.4, Hatkanangale, Karveer, Kolhapur, MH	India
S3-339513239	Innovative Créative Marketing Private	D.no.6-4-101, 4/2, Guntur, Arundelpet, AP	India
S3-435505433	Miller Worldwide	9506 Ooltewah Georgetown Road, Ooltewah, Tennessee	US
S3-185498025	Jain Media Private (Limited)	Door No 8/. 621-C, Smitha Tourist Home Building, Chennamamangalam Junction, N Paravur, Paravur, Ernakulam, KL	India
S3-681105613	Modesta Pfotr Highland Newhold, Inc.		US
S3-755310215	Anjani-Brothers Ventures Limited	H.no 645, Lucknow, UP	India
S3-107179867	Producer Kánoi Pvt Ltd Services	25/291, Ahmedabad, ગુજરાત	India
S3-17542181	Anderson  Group	12471 79, Holliday, Texas	US
S3-245377233	श्याम सॉफ्टवेयर लिमिटेड	140/1B- Plot No3/2 Shridhar Nagar Girna Pumping Road, Jalgaon, null, MH	India
S3-325253994	Wexdova	A88/7, G Floor, Road No-2, Block-A, Mahipalpur Extn, New Delhi, South West Delhi, Delhi	India
S3-468098409	Dr Cottage & Co Ventures Company	37 Bhargava Estate Civil Lines Kanpur, U P, Kanpur, UP	India
S3-98308825	Zetabelo	H8, Housing Board, Tamil Nagar Ramapuram, Chennai, TN	India
S3-566829296	regional payment associates llc	Cossaduck Hill Rd, N/A, No Stonington, Connecticut	US
S3-103618807	Yumawex D.B.A. Marcelline's Skin Care P.C.	Durham, 2804 Darrow Road, NC	US
S3-966011573	Conner Assets L.L.C.	3404 Blanche Ave, PO Box 771, Cleveland Heights, Ohio	US
S3-755016411	Pediatric Déntal Secure LLC	15-C Prag Blvd, PO Box 7980, Monroe, New York	US
S3-682860703	MEHSANA CHITS PRIVATE LIMITED	Shrimalivas, Opp.railwaystationroad, Mahesana, Mehsana, GJ, Plot 00573 Shrihari3/8/58	India
S3-516991494	Lopez Sky LLC	38 Bluebird Ln, Fl 1, Gap Of The Ridge, Tennessee	US
S3-43443421	Kay Limited Private Academy	S.no#66/2/3;lavidalocablg, Pune City, Pune, MH	India
S3-727353339	Housingfellowshipvi.Com	3755 Mudlick Rd, Salt Lick, Kentucky	US
S3-189987453	Rmg Medical Centre [Infratech]	No.15, B Block, Sobha Coral Sobha Suburbia, Jakkur, Bangalore, ಕರ್ನಾಟಕ	India
S3-141517557	சில்வர் ஹெல்த்கேர் பிரைவேட் லிமிடெட்	No.#14, Chennai, Jaffer Street Behind Customs House, தமிழ்நாடு	India
S3-776827581	Sri Summit Arts Pvt	New No.130, Chennai, தமிழ்நாடு	India
S3-126568401	Anchor-Industrial Collective	Parkside Dr, Knoxville, Tennessee	US
S3-477149515	Mumbai Delpsr Private Limited	94/C 1 St Floor Kamgar Nagar, Nr Shree Fabrication Kurla, Mumbai, MH	India
S3-261196042	Zx	289-B B Ln, Lake Arrowhead, California	US
S3-702553560	Pranraj Sharma (Limited)	No 586, Lbs Nagar Church Galli, Bk Kangralli, Belgaum, Kangarali, KA	India
S3-389077125	Perez Mountain Sui Center  Ltd	1384 Ramona Ave, Salt Lake City, Utah	US
S3-485847395	PARTNERS CLASSIC ADVISORY	952 54th Ave, Floor 1, Hillsboo, Oregon	US
S3-546531377	Bay Dental Dental	Lawn Way, Chevy CASE, Maryland	US
S3-51385561	>> Klarika Walter Delta Era Valley Inc	10603 Mccool Court, Burnsville, Minnesota	US
S3-585617171	US Smith Inc Inc	4 Roberts Path, Unit Apartment H, Sparks Glenceo CITY, Maryland	US
S3-958476255	Westpha1 and Southside Prosser	163 Wyckoff Street, Brooklyn, New York	US
S3-905386979	Dr Cafe Yombga Private Limited	H.no 14, West Delhi, दिल्ली	India
S3-373956991	Skyline College  Company	Block B-955 A-19, South Delhi, DL	India
S3-156366015	Brown And Hayden L.L.C.	600 Fairfax Drive, Naperville, Illinois	US
S3-101022392	The Blue Alliance LLC	1111 Israel St, Greensburg, Indiana	US
S3-50472874	Dr Banarsi Specialty	Shri Mahadev Kutumb, H. No 151, W.no. 33, Churu, Sardarshahar, RJ	India
S3-212307233	जय कंसल्टिंग प्रा. लि.	42, Namrata 470, 16Th Road, Mumbai, Khar West, MH	India
S3-394723032	M0ore Metro	32-57 36 St, Astoria, New York	US
S3-9616805	Price, Huddlest0n and Weibel, LLC	Austin, Texas, 4001 Preservation Cv	US
S3-844109750	Delhi Pvt Ltd [Partners]	A- A-7, F- 1 Dilshad Garden, Delhi, East Delhi, DL	India
S3-699528998	Morgana's Wireless Group	Middlettown, Connecticut, 68 Prospect Street	US
S3-687882373	Good Consultants First Private Limited	Plot 204 B/1003 Shagun Heights, Junagadh, ગુજરાત	India
S3-203019083	Iridova Formerly Cozy Pizza	3040 Center Point Rd NE, Unit 201, Cedar Rapids, IA	US
S3-150714163	#rockindia	S/o Kolari Abdul Raheem Sab #599 10Th Cross, Davanagere, KA	India
S3-855328569	ddpartners.com	Meadow Gate Drive, Apex, North Carolina	US
S3-316065573	Giffin, Bérty L., DPM	##20330 Eagle Nest Ct, Texas, Katy	US
S3-220782825	Services Summit Inc	12 Jack Rabbit Rd, Laramie, Wyoming	US
S3-347799178	Anchor Galaxy (LLC)	905- 21st St, # 302, Washington, District of Columbia	US
S3-725007397	Horton  Certified Vornado Inc	852 Young Lucerne Circle, Riverton, Utah	US
S3-621700437	Heartland  (Trust)	5039 Dolores Dr, Charleston, West Virginia	US
S3-727177202	The Sato Mobility LLC	56-58 Crossett Rv Loop B, Crossett, Arkansas	US
S3-460205844	-- Tri-State Association Partners Summit LLC	212 Nsthan Drive, Wynne, Arkansas	US
S3-609271984	Swastik  Projects Private Limited	H.no 839 408, Mansarovar Plaza Madhyam Marg, Mansarovar, Jaipur, RJ	India
S3-935472925	Twisted  Diner!	700 Chloe Ln, Storm LAKE, Iowa	US
S3-484444209	Steilng Co	5614 University Ave, Des Moines, Iowa	US
S3-323593940	Francis's Consulting		US
S3-193461469	Calocirax t/a H & Y Dragon Inc	1359 Cane Creek Road, Fletcher, NC	US
S3-335296225	Spiral Speciality (India) Pvt. Pvt.		India
S3-733581430	roopant state private limited	Office No 423, Rajkot, GJ	India
S3-223738244	Peak Equity Collective LLC	3558 Monroe Street, Washington, Tacoma	US
S3-609849121	LIBERTY MONTESSORI SCHOOL	6778 Audubon Ave, East St Louis, Illinois	US
S3-243311084	PINNACLE KIMCO CO	612 Kannapolis Pkwy, Concord, North Carolina	US
S3-145977261	Pooja-Agroils Private Limited	Calcutta, 1 Dacres Lane, Kolkata, WB	India
S3-942849775	Fortune  Energy	21, Bankim Mukherjee Sarani P-200, Block-j, New Alipore, Kolkata, Howrah, Kolkata, WB	India
S3-453917193	Private LF Consultancy Limited	Mig B-99, Sector-c, Vidya, Nagar, Hoshangabad Road, Huzur, Bhopal, MP	India
S3-46027717	RU Industries  Company	1 British India St1st Floor, Kolkata, Calcutta, WB	India
S3-357215117	Main Street Tavern	2903 38nd St, Bellevue, Washington	US
S3-595579857	Dunnington Endocrinology Ltd	Honeygate Dr, Dayton CDP, Ohio	US
S3-548387653	સ્કાય ઇમ્પેક્સ એન્ટરપ્રાઇઝિસ	C-220, Ahmedabad, GJ	India
S3-485624030	Wildlife-Alliance	30016d Church House Rd, null, Bokoshe, Oklahoma	US
S3-819610811	Floyd Gores	1175 Bethel Ave, Mammoth Spring, Arkansas	US
S3-141721257	and Metzger Gongora, Chan	745 Irving Avenue, Syracuse, New York	US
S3-355205513	Pinnacle Optimal Biomedical Inc	3841d Tierra Fiji Ln, City Of El Paso, Texas	US
S3-706551098	Liana Guiles Bright Annaly  Inc	# UNIT 211, 512 Second Avenue, Montana, Great Falls	US
S3-195146824	Holdings Walker, Pace and Hail	5215. Beekman Drive, Missouri City, Texas	US
S3-108764436	Harbor Smart Bioworks Ínc	3312 Rita Lane, <NULL>, Haltom CITY CITY, Texas	US
S3-657102560	ശിവാ പ്രോജക്ട്സ് പ്രൈവറ്റ് ലിമിറ്റഡ്	H.no 6-0 28/701, 2Nd Floor, Pallithamam Building Sree Vadakkumnathan Shopping Complex, Thrissur, Keralam	India
S3-900949186	Rizaonyx aka Surgical Physicians Inc	18516 Wasco Street, Gresham, OR	US
S3-858411386	Services Praneeth Software Limited Center	Office No 406, Panvel, New Mumbai, MH	India
S3-856086301	Wiley,, Daisi CPA	New York, Rye Brook, 379 Ridge St	US
S3-892446195	Puente & Cruzado Corp.	050 Watercourse Cir, Unit 201, Graham, North Carolina	US
S3-402816298	Sri Chimera-Pr0perties	House.no-8, Ambala, Ambala City, हरियाणा	India
S3-710019586	Blue Alliance	3659 Hill Road, Stowe Township, Vermont	US
S3-439694276	Smith & Dadrsi	2033 Wright Ave, Tacoma, Washington	US
S3-871683678	Cem  Shodh	Plot No.9/97, Polymer House, Lokhandwala Complex, Janki Devi School Road, Andheri West, Mumbai City, Mumbai, MH	India
S3-254302709	Psa  Pvt Ltd Center		India
S3-127987100	urgentcarecenter.com	7583 Hazelcrest Drive, Missouri, Unit UNIT D, Hazellwood	US
S3-278739128	Suryaksh  Livelihood LLP	Unit No-38a, 5Th Floor, Motia Royal Business Park, Zirakpur, Mohali, ਪੰਜਾਬ	India
S3-512394838	Summit  Counci1		US
S3-16632206	Mr Mahalakshmi Plastic (India) Holdings Limited	WB, 1S-Fr ;Fl-7, Dum Dum Nager Bazar, Kolkata	India
S3-590706973	Pártners Eastern Mobile LLC	179 1/2 Spring Creek Cir, Providence, Utah	US
S3-374110162	ଗୁଡ୍ ଫାଉଣ୍ଡେସନ୍	B405, Bhubaneswar, Khordha, OD	India
S3-518510062	Private Palla Technologies Ltd	MH, Palghar, Thane, Block No.301	India
S3-388645088	Summit	1005 Wallin Farms Cove, Hutto, Texas	US
S3-75314223	CARDIOLOGY CENTER CENTER GROUP	1540 Black Oak Drive, Sevieville, Tennessee	US
S3-117453037	Inc. Silver Ifinite	Dickey Prairie Rd, Molalla, Oregon	US
S3-436429073	Estrella Resoreecs Corp	C/o Ganesh Shakar Shine, At Ranjani Ghansawangi, Ghansawangi, Jalna, MH	India
S3-245362729	Ltd Board of Consumer Affairs	Delaware, Wilmington, 2419 Chatham Drive	US
S3-303878846	INC LN ALLIANCE	122 E North St, Solon, Iowa	US
S3-755273372	Complete Broadcast	0330 Brainard Street, Naperville CITY, Illinois	US
S3-155250910	Cardiology Allied Prtnsers [LLC]	250-254 Fulton Street, Farmingdale CIYT, New York	US
S3-341953080	Zhang  Beacon Charter LLC	Illinois, 1403 1/2 State Street, Pekin	US
S3-666418176	Direct Payroll Collective L.L.C.	##75 Lackeys Way, Tumbling Shoals, Arkansas	US
S3-921657242	builders & partners ventures pvt. ltd.	H.no 309 A-26, Dwarka Dham Karond, By Pass Road, Bhopal, मध्य प्रदेश	India
S3-218242909	Western Oceanhawk	195 Bob Mckinney Road, Brownsboro, Alabama	US
S3-358821275	Swastik Shiv It Límited Service	T C C-5/1891 Sreekariyam P O, Thiruvananthapuram, Trivandrum, KL	India
S3-487420404	Reeder & Rosario Comstock LLC	Winterfield Dr, # 1626, Hutto, Texas	US
S3-899348640	Shri Sahajanand Education Overseas Private Limited	8Th Floor, Kalpataru Habitat Dr S S Rao Road, B-101, Parel, MH, Mumbai	India
S3-138087276	ब्राइट आईटी	Plot No 1, Panipat, HR	India
S3-996117702	Infrastructure Áegis Retail Private Limited		India
S3-828072436	Faridabad Buildcon	31, Sector-7, Haryana, HR	India
S3-900482290	Fayenoviquox t/a Vanguard Mining, Inc.	29 Overlook Road, Holbrook, MA	US
S3-588340303	Kimberley Foundation	No 9-270 Akhari Kurhua, Varanasi, UP	India
S3-853831210	Slusher  Series LLC	2743 Northmeade Avenue, Memphis, Tennessee	US
S3-460909571	Peak Advisors	683 164th Street, Snohomish, Washington	US
S3-212429680	M/s Laundry  Handicrafts Private Limited	Kalyan, S.no 201/7, महाराष्ट्र, Thane	India
S3-773079459	बाबा प्रोड्यूसर प्रा. लि.	A-172/3 G/f Shaheen Bagh Abul Fazal Enclave, Jamia Nagar (Delhi), South Delhi, दिल्ली	India
S3-327188803	Todd Precision  Pineapple	3042 Sublett Place, Powhatan County, Virginia	US
S3-35000577	Qubic & Co	Ugf Nbcc Place Bhishma Pitamah Marg, New Delhi, South Delhi, DL	India
S3-414444458	Smt Indo Pvt Ltd Center	Neospace Building, Malapuram, Malappuram, കേരളം	India
S3-991318583	directsummitstrategies.com	6125 Everest Way, Sacramento, California	US
S3-642444029	Psc (India) Pvt Ltd  Service		India
S3-844333056	Ace Siv Finance Pvt Ltd	C/o Ram Pyari Devi Lipoli, Kisan Pada, Sundargarh, Rajgangpur, OD	India
S3-346676797	Private Sarva (India) Taning Limited	House No.-1, Dausa, राजस्थान	India
S3-746533873	Ráex	523 Lighthouse Drive, Vallejo, California	US
S3-739100742	BIU Retreat Private  Limited	Hn 24 6/23, Bardhaman, Durgapur, WB	India
S3-950356726	Prantech	North Part Of Plot No. 01, Vivek Vihar Colony, Roorkee Road, Meerut, Uttar Pradesh	India
S3-488099301	@deonpartners	83 560, Enterprise, Alabama	US
S3-431608965	Ag Vasquez, O.D. LLC	2089 Armistead Lane, Auburn, Alabama	US
S3-159138925	C0operative Cargo Dynamics	Ohio, Lorain CDP, 1425 44th Street	US
S3-863075341	Main Stréet	150- Mainsail Drive, Westerville, Ohio	US
S3-657680686	White ((Coastal))	6101 Morningmist Drive, Richmond, Virginia	US
S3-887985148	Lauralee's Sólutions Holdings	##1621 Restrepo Lane, Charlotte, North Carolina	US
S3-92168516	Midwest Project LLC	411 Bridlewreath Way, Mount Airy, Maryland	US
S3-430271747	Walsh Safe Kgaa Llc	Rio Rrancho, 20. Lynwood Drive, New Mexico	US
S3-752834029	Services 415 Lane Properties, LLC	Somers, 31 Frances Drive, New York	US
S3-131522411	Mettler Precision Agricultural [Ltd]	12875 Brookhart Way, Peoria, Arizona	US
S3-189848376	Kircher Résearch Co Co	1812 Bowlng Green Ct, Norman, Oklahoma	US
S3-471461023	Holder and Morris Co.	Baytown, 14415 Fairmont Park Lane, Texas	US
S3-628562721	KI Adschford LLC	Greenbush Road, Parksley, Virginia	US
S3-984516422	Bly Jpmorgan Clinic Ltd	872 Galtier St, Roseville, Minnesota	US
S3-996006571	Chawla International School Infratech	Plt 561 121, Thane, Mumbai, MH	India
S3-761727413	Vision Interstate Partners (Corp)	14707 Shiloh Ct, # 102, Laurel, Maryland	US
S3-9866515	Nagpur (india) Private  Ltd	Nagpur, #D/353 Guruprasad Nagar Wadi, MH	India
S3-294412892	Synquo doing business as Mount Zion	505 William Street, Omaha, NE	US
S3-393849795	Dr Parsons-Brokers (Índia) Private Limited	H.no 00820 28, Rup Sagar Road, Near Shubh Labh Apartment, Girwa, Udaipur, RJ	India
S3-355419233	Delta Trust	014479 Sherwood Ave, Omaha, Nebraska	US
S3-509455228	फर्स्ट टेक्नोलॉजी प्राइवेट लिमिटेड	DL, C/o Ravinder Goel 285, Saraswati Vihar Pitampura, Delhi	India
S3-110630740	Great Constructions  Pvt	H-i/122 Basement, South Delhi, New Delhi, DL	India
S3-665744184	Pranesh Business Pvt. Ltd	13, Ground Floor, Eka Bhawan, Central Delhi, New Delhi, दिल्ली	India
S3-506153611	Pune Insights L.L.P.	Pune Region, महाराष्ट्र, Pune, #D/4 And 5 Raj Palace Cts No. 862	India
S3-127984236	Mr Shakti Estate Private	Block B-720 Wz 327/1, South West Delhi, दिल्ली	India
S3-368816952	Mr Supreme  Hospitality Private Ltd	Block B-c-544 M-14/22, Gurgaon, Dlf Phase-2, HR	India
S3-54861327	Miragildriza a/k/a Cecile Orosco Fresh Aldel Inc.	Portland, 4768 Huserik Drive, OR	US
S3-611626315	Inc Ear Nose & Torcoat Blue Clinic	401 125, Bleecker, New York	US
S3-863259103	#familymountain	Walgren Dr, Silvedale, Washington	US
S3-593594840	Sunrise Power Prfrgte Limited	Uint No. 408, Bombay, Mumbai City, MH	India
S3-853118311	Family-Specialists	Maryland, Crofton, 1733 Peartree Ln, Fl 0	US
S3-152614880	Solbrix DBA Jencks, Fox & Hill Imaging LP	442 Wolf Circle, City Of Brillion, WI	US
S3-391269298	AVYAY INDIA (INDIA) LIMITED	House No 120, Kharar, PB	India
S3-505686070	ਸਿਲਵਰ ਐਨਰਜੀ	H.no 41 &42, Amritsar, PB	India
S3-251828066	Ss  Gr0up of Companies	C/o Riyaj Ahamad Salim, Solapur, MH	India
S3-225866213	Capital	4807 Manilla Ridge Road, Leon, WV	US
S3-480380320	onehospitality.com	Room No.1-40, Plot No. 40, Community Centre Naraina, Industrial Area, Phase-1, Delhi, North Delhi, DL	India
S3-863036893	High Ventures Pvt Ltd	###6, Bengaluru, Bangalore, KA	India
S3-255874202	Royal Galaxy Galaxy Investments Private Limited	Al Maha Pra-161, Tc-15/843-1, Thiruvananthapuram, Trivandrum, Thiruvananthapuram, Keralam	India
S3-581575145	Aligarh Breweries	Medu Compound Marris Road, Aligarh, UP	India
S3-295482205	PH AIRPORT LLC	Forrest Dr, Homewood, Alabama	US
S3-458082069	pbservices.com	MH, D/703-704, Mumbai	India
S3-394703938	btechnologies.com	25-26 B, Rama Vihar Behind Banera Castle Garden, Meera Nagar, Udaipur, राजस्थान	India
S3-827047593	Pioneer Media Group	Goochland County, Virginia, 1065 Landis Rd	US
S3-348821644	*** Mgl Financial Private Limited Services	3/13 Vishesh Khand Gomti Nagar, Lucknow, Bharwara, UP	India
S3-19516150	Vista Eco Private Ltd	P.no. 25-A, Rangareddy, Hyderabad, తెలంగాణ	India
S3-131841806	Urban Food  Pvt Ltd	Block C-714 F. No. 308, Saroornagar, తెలంగాణ	India
S3-472820311	पायोनियर इन्वेस्टमेंट	No 308 Manjipur, Bareilly Region, <NULL>, UP	India
S3-261822872	Singhal Traders Co		India
S3-696104880	Sree  Services Private Limited	C/o Lalan Kumar Pandit, Gate No. 71 Main Road, Kurji, Near Sadakat Ashram, Patna, BR	India
S3-619776102	A  Cure 6 All	Barnesville, Ohio, 60945 Sandy Ridge Rd	US
S3-273926080	Painters Local Union  815	Mound Street, PO Box 6862, Muncie, Indiana	US
S3-460561057	Heartland Society Partners	08750 21 Avenue, Brooklyn, New York	US
S3-729826894	Reynolds Silver Acadia Llc	6014. West Side Highway, Castle Rock, Washington	US
S3-232618841	Gill Associates	5555- Fourth Street, Cape Meares, Oregon	US
S3-253549688	Rich Polytechnic Limited  Private Industries	Meena - Moti 594 Shukrawar Peth, Pune, MH	India
S3-128177244	Western Chs		US
S3-949300114	Watson, Valli,	Westinghouse Boulevard, Charlotte, North Carolina	US
S3-79478586	Air Infrastructure Limited Private	15 A Aruthra Street Mugappair, Chennai, TN	India
S3-16883816	The Melania Mayle, DPM, PC	Danville, 665-667 Upper Salt River Rd, Kentucky	US
S3-13225293	Roz E. Lamb, P.A., PC (Group)	Houston, Texas, ##225 Seaton Glen	US
S3-887660270	Modern Business Prívate Limited	O-1/50/7, North West, DL	India
S3-429652204	Ivenis Bright	W13203 Cypress Ln, Town Of Coloma, Wisconsin	US
S3-524065833	Pacific Marine Labs Partners Inc	102A Pleasant St, Brownsdale, Minnesota	US
S3-410011778	Alva Ace Principal Summit Inc	##314 East Lynn Rd, Ranger, West Virginia	US
S3-864129286	Group Mcdougald & Thomas	2250 Telegraph Rd, Davenport, Iowa	US
S3-423570063	q+ science uptown lp	Oklahoma, 506 M Saint, Muskoogee CITY	US
S3-504168499	Dermatology Care-Associates Care Holdings	##314 6th, # 2, Belvidere CITY, Illinois	US
S3-526896282	Foot & Ankle Supreme Care Associates	3902 Tepee Street, # Apartment 3, Gillette, Wyoming	US
S3-666512753	Gildevo F/K/A Jai Consultants Private Limited	193 East Veli Street, Madurai, Tamil Nadu	India
S3-543355100	Smith, Cassondra Bay Inc Center	Benson Road, Angier, North Carolina	US
S3-438648041	Alliance Security (India) Private-Limited (ID: 84323)	தமிழ்நாடு, No 128/11F Solavampalayam Kinathukadavu, Coimbatore	India
S3-527858795	ब्राइट इंफ्रास्ट्रक्चर स्टोर्स प्राइवेट लिमिटेड	Lane 1 Lhs Kamala Park, Pune, Haveli, Sna-177 Ashtavinayak Colony, महाराष्ट्र	India
S3-516241464	CD United Pennantpark Riverside, LLC	Lake Grove, New York, 16 Virginia Rd	US
S3-193379817	ID Peak Btc Inc.	10 83rd St, # 207, Ocean City, Maryland	US
S3-852538491	Urgent Urgent Crmnae Blue Partners LLC	5326 Crestedge Lane, PMB 2122, Rockvlle CITY, Maryland	US
S3-507890796	ccity.com	Door No 344 Lakhdhirpur Road, Morbi, Rajkot, GJ	India
S3-858147582	-- New Delhi Polymers Limited [Service]	C-1/109, दिल्ली, New Delhi	India
S3-145385848	wilsongulfrenewable.com	376 Irish Rd, Wilson, New York	US
S3-80233309	Lucknow-Carbon  Enterprises Private Limited	S.no.17/1 Khasra No.61 Indira Nagar, Lucknow, UP	India
S3-192954209	Shotts Imrefpreail LLC	118 Sparrow Ridge Road, Carmel CITY, New York	US
S3-160342153	Corporation Clove Tech	Vill.nanded Bk Post.kholapur. Tq.daryapur, Amravati, MH	India
S3-777693225	Inc Lee, Gleason & White	24 Rocky Point Ave, Shelter Island Heights, New York	US
S3-886539572	Empire LLC Association	599 Sam Cunningham Road, Charlotte, Tennessee	US
S3-349977365	ब्राइट पावर प्राइवेट लिमिटेड	5, Chetana Garden Apt, Plot 88/89, Chetna Nagar, Nashik, MH	India
S3-103349907	Beacon Mae	711D Windbirch Trl, Smyrna, Tennessee	US
S3-370642381	NDO Designs Private Limited	169, Bengaluru, Chelakere Kalyana Nagar, KA	India
S3-472018007	Gonzalez Union Corp	4408b Buchanan Avenue, Baltimore, Maryland	US
S3-786772627	Nandan Design Private Limited Center	15-A., Coimbatore, TN	India
S3-395100615	WOMENS HEALTH HARBOR PARTNERS PÁRTNERS PÁRTNERS	429 Haywood Glen Dr, Knightdale, North Carolina	US
S3-432790523	M/s Drishyam Private Machine  Limited	H.no 45 C/o S Venugopal, Kuttiyan, Thozhukkal, Neyyattinkara, Neyyattinkara, Thiruvananthapuram, Trivandrum, Keralam	India
S3-477839721	LLC Logan & Green System	#2811 Bradbury Hills Road, Spring, Texas	US
S3-214715825	Neuro Advisors L.L.P.	Door No 2, 3Rd Floor, 1St Cross, Lalbagh Fort Road, Doddamavalli, KA	India
S3-996596324	Becerra And Tyra, lnc.	##2102 Lake St, Melrose Park, Illinois	US
S3-786229324	Andrews Source Holdings	North Carolina, 320 Heck Street, # 1, Raleigh	US
S3-604855185	Aarvaya Bénefit Private Limited	Hn 839 R/o 12-2-418/1/B/21, Vishwas Nagar, Mehdipatnam, Medchal Malkajgiri, Hyderabad, TG	India
S3-511099787	Hermida-Bold	539 1/2 Brewster Street, Harveyy CITY, North Dakota	US
S3-82799350	Mysore International Private Ltd	KA, H.no 31, Mysore	India
S3-740978536	Optimal Cal LLC	9078 Teaneck Dr, Fishers, Indiana	US
S3-960557614	Ambrosia-Services	Ground Floor, No.12, 30Th Main Road, Iti Layout, J.p. Nagar 1St Phase, Bangalore South, Jp Nagar Seventh Phase, ಕರ್ನಾಟಕ	India
S3-767898436	senso brothers enterprises	H.no 5-12-40Kotha Peta, East Godavari, Tuni, AP	India
S3-949374891	Signature Electronic Ltd	51312 Kendallwood Dr, Granger, Indiana	US
S3-848771281	Real Power Public Limited	13/6, Suman Sajni Co-op. H. Soc. Ltd., Purvinagar Ghodasar Canal, Ghodasar, Maninagar, Ahmedabad, ગુજરાત	India
S3-798770969	Richardson, Mina Rocky Morgan LLC	2111. Lilac Cir, Mckinney, Texas	US
S3-866217192	Ace International School Co	Door No 84/5, Jayanagar, Bangalore, KA	India
S3-565725481	Dr Vakratunda Vakratunda Services Llp	3B/466 3Rd Flr W-1 Shree, Tirupati Balaji Housing, Juhi, Kanpur Nagar, UP	India
S3-474367635	Choice Aerospace Advisors LLC	20 Opal Ave, Westminster, Maryland	US
S3-340622083	Llc V O & C Gesher	#8105 Crispin Ct, Glen Burnie, Maryland, PO Box 6406	US
S3-870725109	Shri Himalaya Marketing LLP	26 L.s.c. Market Second Floor, Shivaji Enclave, New Delhi, दिल्ली	India
S3-720531480	Unified  Couriers		US
S3-319858057	Kara Technologies Service	Hn 387 S-7, Surya Presidency Pragathi Nagar, Kphb Colony, Kukatpally, Hyderabad, TG	India
S3-162206765	anchorpacificprocessing.com	2024, Ricetown, Kentucky	US
S3-495222869	Keystone Teucrium LLC Service	2237 Quantico Street, Arlington County, Virginia	US
S3-987096841	Smith's 6raphics | www.smithsgr.com	Minnesota, # Apartment 237, 1550 Larpenteur Ave, Saint Paul	US
S3-283811286	Private Supreme Technologies Limited	10F, Shyama Prasad Mukherjee Road, Kolkata, Kolkata, Howrah, পশ্চিমবঙ্গ	India
S3-288257135	COMMUNITY INITIATIVE	#1053 Churchill Drive, Bolingbrook, Illinois	US
S3-106723331	Proffitt Nasdaq	3435 Forge Rd, <NULL>, Glassgow, Virginia	US
S3-41668104	Washington, Osman +	213 1/2 English Drive, Greece, New York	US
S3-479586499	Tri-State	4519 Quail Avenue, Robbinsdale, MN	US
S3-168049593	Claudine Grff, DPM, M.D., P.C.	3073. Mack Smith Lane, Stevensville, Montana	US
S3-573921461	Dr shreysthinstitutetechnology.com	Morar, Gwalior, Adarsh Colonygola Ka Mandir Kalpi Road, Gwalior, MP	India
S3-874001250	Sun Technologies Ltd	10/216, Ichalkaranji, Kolhapur, MH	India
S3-279776999	AL ADVISORS	House No 31 Block - A, Wazirpur Group Ind Area, Delhi, North West Delhi, DL	India
S3-345344036	Atlanta Surgical Inc. Clinic	1220 Dekalb Avenue, Atlnata, Georgia	US
S3-963718472	slate l.l.c.	Unit 11, Mesa, Brown Rd, Arizona	US
S3-968408085	Fennel Services of Vallalar Koil South Street Poompugar  Road Holdings Pvt Ltd	No. 13, Vallalar Koil South Street Poompugar Road, Mayuram Mayiladuthurai, TN	India
S3-511742220	Ear	8605 Reicher Street, Hyattsville, MD	US
S3-563544559	charu circle limited	Flat No. 403, Plot No. 48 & 49, 4Th Floor, Manikanta Nilayam, Hyderabad, TG	India
S3-737918265	Mumbai Infotech [LLP]	A 502 503 Oberoi Chambersnr Kuber Comp Andheri West, Mumbai, Oshiwara Andheri West, महाराष्ट्र	India
S3-740861266	లైఫ్ ఎంటర్‌ప్రైజెస్	6-23-6, Jaya Towers, 5/4, Arundalpet, Guntur, Sattenapalli, AP	India
S3-888012097	Lumari Híghland,	##4086 Newville Rd, Sussex County, Virginia	US
S3-970935022	ápharmaceutical.com	No 4 /412 Ward No 4 Kudumiyampatti Achalvadi Po Harur Tk, Dharmapuri, TN	India
S3-726914028	Fresh LION CO	843 Palmwood Avenue, Toledo, Ohio	US
S3-790626431	Maid Diner Group Services	Oregon, 0011429 Roberts Ct, null, Tualatin	US
S3-720379668	Antonia Colon Advanced Bnb (Inc)	121 Knollwood Drive, Ridgefield, Connecticut	US
S3-590313890	Frontier Institute	9656 Roberts Road, Hickory Hills, Illinois	US
S3-929472406	Pediatric Dentistry Specialists Central Corp	8117 Long Mesa Dr, Prescott Valley, Arizona	US
S3-314635677	Brightora Íllumination,	151 Pueblo Drive, Rockport CTIY, Texas	US
S3-590086607	Guillema R. Sands,	118 5th St, Oklahoma, Council Hill	US
S3-360256953	Tmv Fidanonc LLP	Aruna Homes, Chennai, தமிழ்நாடு	India
S3-989531349	Shri Systematic Clinic Electronics	6-2-686/B/6/A/306, Hyderabad, Andhra Pradesh	India
S3-218397459	Wexquocira	7403 Moon Valley Rd, North Bend, Washington	US
S3-852701359	Signature Reliable	5655 Heron, Unit UNT G206, Osage Beach Towsnhip, Missouri	US
S3-137115726	Surya Energy	Door No 639 Flat No B 506, Mumbai, Mumbai City, MH	India
S3-478729605	Zepharc f/k/a Regional Brc P.C.	1625 County Road 10, Unit Suite E, Spring Lake Park, MN	US
S3-351038125	Anita Madsen Esports Co.	203-B Mclane Gardens, Smyrna, Delaware	US
S3-332971928	Spn Services	Block C-908 4F-25, Jaipur, RJ	India
S3-565528166	Assiduous Trust Limited	F-66, East Of Kailash, New Delhi, South Delhi, दिल्ली	India
S3-256485928	cwnorth.com	46 Front Street, Issaquah, Washington	US
S3-967450305	First Pioneer View LLC		US
S3-740881853	007 Chain	18711 Austin Ridge Dr, Crosby, Texas	US
S3-480472206	Palsana Viniyog Infratech Private	D/52 C/o Chandan Kumar, Basudeopur, Kalyanpur, Samastipur, BR	India
S3-708662595	3144 Madison  Lane Realty Inc	1235 Royal Pointe Dr, Bolomington, Illinois	US
S3-36944044	Peterson Pelican Greater	Kansas, 2430 Linden Drive, N/A, Kansas City	US
S3-735499891	Highland Hospitality Ltd	2058 Benson Avenue, Broooklyn, New York	US
S3-578151888	shyamtechnology.com	Door No 856 A-003, Rudra Enclave - Ii Khodana Kala, Badalpur, UP	India
S3-798964426	Msb Sóciety LLP Services	Falt No 17, R And S Homes No 14 Lewis Road Cooke Town, Bangalore, KA	India
S3-944968678	Royal Ltd Róofing Diamond	549 Cumberland Cve Road, Monterey, Tennessee	US
S3-358331406	Rafaelia Córdova, D.C., DDS PC	2621 Leland Avenue, Chicago, Illinois	US
S3-248788294	divit divit trust ventures	Kolkata Region, WB, Calcutta, 37 Tollygunge Circularroad Sital Sadan C Block	India
S3-760969728	Heritage Wh0lesale Concepts, Inc	7163 Laural Ln, Ballston SPA, New York	US
S3-130033452	Valley Trust	24683 Highway 64, Knoxville, Arkansas	US
S3-985491495	Glenine Wiased Tax  Service LP	44 Lake Falls Rd, Trinity, Texas	US
S3-558795526	Ortiz Supreme Construction	185 Swalm St, North Hempstead, New York	US
S3-167174117	The Coastal Perimeter  LLC	Muscatine, Iowa, 2011 Fulliam Avenue	US
S3-691388937	Blue All	2384 Pleasant Gap Dr, DRY FORK ITY, Virginia	US
S3-197564242	merrill, yoshiko, d.c.	Fuquay-Varina, North Carolina, 1013 Division Drive	US
S3-779614395	*** Surgical Unified Center,	Iowa, 2316 Sixth Street, Des Moines	US
S3-987628102	M/s Future Pvt  Ltd Services	3, Vikas Nagar, Hotgi Road, Near Life Line Hospital, Solapur, MH	India
S3-958000113	Pediatric Dentistry Group Association	5255 Bunker Hill Court, Loves Park, Illinois	US
S3-368153308	Lester and Acuna Barings Ltd	09 Prospect Street, Portland, Maine	US
S3-14953240	CUA Deovelmehts LLC	31 Northboro St, Worcester, Massachusetts	US
S3-697931116	@pediatricdentistry	932 Casper Rd, RIO Ranch Ocity, New Mexico	US
S3-772495807	Thompson  Tavia	1788 Shades View Ln, Vestavia Hills, Alabama	US
S3-124238994	Guru Tech Logistics Limited Center	3001, Chuna Mandi Pahargunj, DL	India
S3-942567834	माय इंटरनेशनल प्राइवेट लिमिटेड	Hn 167 944-954, Delhi, DL, Chandi Chowk	India
S3-544629398	इंटरनेशनल ट्रेडिंग प्राइवेट लिमिटेड	Hn 0225 2918, Main Bazar Subzi Mandi, Delhi, DL	India
S3-805347792	New Delhi Steels Pvt Ltd.	45-A, New Delhi, South Delhi, दिल्ली	India
S3-727372601	FJK Tree Private	Flat No C-011, null, Bangalore, KA	India
S3-212209676	Jpg  Welfare Society	Old No 4/8, New No 7, 13Th Cross Street, Chennai, தமிழ்நாடு	India
S3-487292776	Mitchell, Maurita, DO, M.D., P.C. East	716 Brooks St, City Of Beloit, Wisconsin	US
S3-38788441	Bison West LLC	28121 1/2 Royal Ave, Eugene, Oregon	US
S3-674210567	Kynthia Furr Spa	16854 Tortoise St, Round Rock, Texas	US
S3-337341123	Private Sun Engineering Limited	Tedapalli Street, Ganjam, Chatrapur, OD	India
S3-798291721	Inc Ridge United Morgan	2012 Riverview St, Austin CITY, Texas	US
S3-848379808	Liquedevelopment.Com	Sparta, 677 Carter Rd, Missouri	US
S3-672546444	Global Roye Corp	Logan Berry Ct, Martinsville, Indiana	US
S3-102029592	@vanet	12478 St Armands Cir, Carmel, Indiana	US
S3-502284903	Morris Diamond-Rice	107 Bell Street, Princeton, West Virginia	US
S3-230787418	Perfect Foods	Room No. 20, New Delhi, East Delhi, दिल्ली	India
S3-508248175	Diamond Data Global Harbor	1291 2525, Layton, Utah	US
S3-851970617	#Citrograde	2203 Poplar Ave, Virginia, Altavista Town	US
S3-188349519	urology partners inc	98020 Gerlach Lane, Brookings, Oregon	US
S3-716678885	Anand Consultants Limited	Door No C-4 Burman Street, Kolkata, Calcutta, WB	India
S3-963595805	Hill & Dgson LLC | www.hilldgs.com	1441 Germann Rd, Unit 3097, Ocotillo, Arizona	US
S3-450900125	Latham, Edmunds And Peterson Group Service	9407 Sunrise Ct, null, Albuquerque, New Mexico	US
S3-945442463	R 5 Y Intercontinental Inc	8901a Corbin Dr, Everett, Washington	US
S3-657803438	RUR National Caanda	6123 Thunder Valley Rd, Casper, Wyoming	US
S3-813766017	Real Constructions Private Limited	311/2167 Niladri Vihar, Bhubaneswar, Bhubaneshwar, OD	India
S3-148101035	Core Limited	#165 Indusrrial Park, Krishna, Nuzvidu, AP	India
S3-372266246	Silva Cslm Cénter	2347 Gandert Ave, Albuquerque, New Mexico	US
S3-688354842	Desert Dental Associates Valley Inc.	1011 Ithaca Circle, St Charles, Missouri	US
S3-689028198	Kenet  LLC		US
S3-687948594	Purvi  Trade Private Ltd	#11, Gali No. 18, First Floor Plot No. 106, Pratap Nagar, Mayur Vihar Phase I, East Delhi, DL	India
S3-955169288	Shravani of Technology Center	H No G-918, Near Muktai Temple Narodi Gaothan, Ambegaon, Pune, Pune, MH	India
S3-348339439	Louella  S. Wojcik,		US
S3-463125086	Guruji Trading Enterprises Pvt. Ltd.	No 90 Indrapuri Patliputra, Patna, BR	India
S3-532517329	Anvil LLC	11331 Ardsley Dr, Arlington, Tennessee	US
S3-937245751	kiviprivate.com	Door No 703 Fl No A4/702, Pune City, Pune, MH	India
S3-497926133	Sun ബാലാജി ഫുഡ്സ് എൽഎൽപി	5/589, Tb 6D, Copper Hills Apartments, Kollamkudimugal, Thrikkakara, Ernakulam, Kerala, Ernakulam, KL	India
S3-837015588	Gallina Intelligence, LLC Service	6530 Latah Lane, Colorado Sprinngs, Colorado	US
S3-257252183	സ്കൈ മാർക്കറ്റിംഗ് പ്രൈവറ്റ് ലിമിറ്റഡ്	Doro No Pp Vi/i, Kollam, KL	India
S3-793532964	Llc Ackerman Oaktree of Rosharon	8711 Iowa Colony Boulevard, Rosharon, Texas	US
S3-871652260	Southern Finance L.L.P.	No E-308 Samhita Ralnbow, Bangalore South, Bangalore, KA	India
S3-10407033	Quality Data Ventures Partners	Arizona, 2040 Cortez Dr, Gilbert	US
S3-931583222	Beacon Digital Dynamics Llc	15121 1/2 Glen Heather Drive, Austin, Texas	US
S3-529382577	Blue Cafe!	2407 Greenhill Drive, PMB 4490, Mesquite, Texas	US
S3-402206724	Deleon	10136 Basil Beebalm Trail, Magnolia, TX	US
S3-699180912	Veterans Project	Arizona, Phoenix, Unit 1064, ##5335 Shea Boulevard	US
S3-987176395	Stifel	52 Parkway Lane, Ardden, North Carolina	US
S3-1897397	JJY India Private-Limited #7576	Manisha Safalya, M.g.road, Vishnu Nagar, Dombivli (W), Dombivli, MH	India
S3-166372153	5hree Sree Pvt Ltd Center	Chincholi At Post Ghodegaon, Poona, Pune, MH	India
S3-62971906	... Lotus Industries Private Limited	Pune, MH, Gat No. 767	India
S3-143195937	MOSELY NATIONAL CURRENCYSHARES INC (ID: 10217)	21 Fairbanks Street, Fitchburg, Massachusetts	US
S3-838053558	Eureka Srpings Quality  Procap	41 Steele Street, Eureka Springs, Arkansas	US
S3-86025613	Maughan Blue LLC  Services	306. Mcconnell Street, Vian, Oklahoma	US
S3-443753713	JH Clinic Partners	Kendujhar, At Po Serendaps Barbil, Kendujhar, Orissa	India
S3-178964349	Drayance Software L.L.C.		US
S3-809880617	Quoevo	1302 Elm Avenue, Guymon, Oklahoma	US
S3-783434607	Brahmaputra Foundation Private-Limited	10A, TN, Chennai, Haddows Road, Nungambakkam, Chennai	India
S3-94004926	Lynch Services	357 1/2 Freedom St, NULL, Concord, North Carolina	US
S3-673434348	Vantari L.L.C. Perimeter	950 27rd Avenue, PO Box 1858, Moorhead, Minnesota	US
S3-732332610	Nexumbra	Salem Township, Wisconsin, ##6713 243nd Avenue	US
S3-431745852	Grant (Northern)	1946 Green Gove Rd, null, Hartsvile, Tennessee	US
S3-612463547	Shivam Constructions Pvt Limited	H.no 68 Ac 45, Palit Villa Prafullkanan, Kestopur, Kolkata, Kolkata, Howrah, WB	India
S3-630039036	Ear Nose & Throat Allied Care Metro,	7429 Cactus Road, Unit B 3, Peoria, Arizona	US
S3-435570525	ஹோட்டல் குளோபல் பவர் பிரைவேட் லிமிடெட்	Door No 045, Chennai City Corporation, Chennai, TN	India
S3-949179098	Gil Foundation	Gali No.-2, Near Mata Mandir Tanda, Bulandshahr, UP	India
S3-172508448	बाबा फूड्स प्रा. लि.	##728 S No. 175, Cts No. 4865, Jai Ganesh Co-op Hou Soc. Flat No. B/202, Behind Ycm Hospital, Pim, Pari, Pune, MH	India
S3-222783425	Internal Medicine	2005 Farmview Drive, # UNIT 4, Florence, Kentucky	US
S3-366255112	Robertson's Motors LLC	30 Spring Place, W. Babylon, New York	US
S3-307719506	Meena  (india) Private Ltd		India
S3-853720978	Kalyani Technologies Ltd.	Uno. 1, Gf, Trimurty Ariana Kno. 211-13, Sector 30, Ramnagaria, Jaipur, RJ	India
S3-589401343	Empire Ctriied Xrp Center	Livingston, Harris Pl, Montana	US
S3-382991429	The Arias Advertising	Virginia, 9747 Water Oak Drive, Fairfax	US
S3-801230253	Marys Wof Liberty Airport Downtown L.L.C.	Manteno, 468 1/2 10000n Road, Illinois	US
S3-142685711	Casacne LLC	17077 78nd Pl, PO Box 2570, Maple Grove, Minnesota	US
S3-19364259	The HRH Strategic Block LLC	588 1/2 Gettysburg Dr, Jacksn, Tennessee	US
S3-126450781	Canyon Escalators	UP, Jhansi, Room No. 4, Jhansi, 2Nd Floor, Bundelkhand Guest House	India
S3-819298901	Spd India Pvt Ltd	#2/11 Boodathalwar Street, Chengalpattu, TN	India
S3-439695686	श्री प्रोजेक्ट्स प्राइवेट लिमिटेड	8-529 B -22, Rewari, HR	India
S3-706710886	Heartland Network LLC LLC	Kansas, Park City, Fl. 0, 122 57th Street	US
S3-120411575	Williams Better Cómmodity	Iowa, 2896 320rd St, Manilla	US
S3-656204670	Pediatric Dentistry Select  Specialists Inc	City Of Madison, Wisconsin, 1619 Stoughton Road	US
S3-248584875	Gujarat Good Software Private Ltd	Annapurna, # 219 24Th Main, Judicial Layout, Gkvk Post, Bangalore, ಕರ್ನಾಟಕ	India
S3-597951259	Cais  Royal Spartacus	414-416 Redland Boulevard, Rockville, Maryland	US
S3-567135485	Frederick Metropolitan Smith LLC	<NULL>, Crawford, New York, 26 Ayres Court	US
S3-497840219	Amalapuram Trading Pvt. Ltd.	3-350/6, Guntur, Amalapuram, ఆంధ్రప్రదేశ్	India
S3-769380558	36 Second Realty  LLC	4302 Iyar Way, null, Wake Forest, North Carolina	US
S3-361978214	Ornate (India) Filaments  Limited	412, Sarthik-ii, Opp. Rahpath Club, S. G. Highway, Ahmedabad, GJ	India
S3-656744829	Xiong-and Probst Enterprises	Shirley, 570 1/2 Birch Hollow Drive, New York	US
S3-705622825	Xl Acdeym	#7-1, Near Brk 1558, Section 29, Opp. Milan Medical, Mata Jagan Maa Marg, Ulhasnagar, null, महाराष्ट्र	India
S3-552714258	Atlantic Fellowship	290 Cemetery Rd, PO Box 6229, Booneville, Kentucky	US
S3-360153786	Orthopedic Spécialists, LLC	2224 Gateway Oaks Drive, Unit 156, Sacramento, California	US
S3-309754919	Global Textile Global Harbor	1231 Rainbow Circle, Catawba, South Carolina	US
S3-123030748	Nee Trading  Private Limited	B-2, Ground Floor, New Krishna Nagar, Near Jain Mandir, Delhi, East Delhi, दिल्ली	India
S3-970694212	Stevens Best	1819 Pine, Warren, AR	US
S3-952995781	Consultants Rao Infra Private Limited	B3/746, Ramanagara, Bangalore, ಕರ್ನಾಟಕ	India
S3-581574753	Pacific Charter	2502 Panaview Boulevard, Everett, Washington	US
S3-711097829	MRM  Stock	900 Montgomery Blvd, Allen, Texas	US
S3-771282444	Sri Southern Enterprises Private Limited	Door No 3Rd Floor, Kolkata, Howrah, WB	India
S3-253380501	Ketcham Companies	Corvallis, Oregon, 2926 Summerfield Drive	US
S3-424948694	Taylor, Bautista & Murphy Murphy LLC Center	Northcott Ave, Chicago, Illinois	US
S3-959990185	Sanchez Diagnostics  Inc	3167 33st Ave, Spokane, Washington	US
S3-967036752	Synmirawex doing business as Business Polytechnic	H No 3-146/4/84 Venkatadri Nagar, Chengi Cherla Village, Medipally Mandal Boduppal, Medchal, Hyderabad, Telangana	India
S3-499976564	Golden Services	Milestone Nh 48, Bhorakalan, Gurgaon, HR	India
S3-989350685	Kalli's United	18 Mourning Dove Lane, Windham, Maine	US
S3-243926790	Integrated Payroll	2906 Speedway Ave, Wichita Falls, Texas	US
S3-594368968	South Osprey, Corp	719 Kyle Dr, Gilbert CITY, Arizona	US
S3-23138649	GSI	249 53 Street, New York, NY	US
S3-768140740	Rozell, Vita Biopharmaceuticals LLC	#95 Custer Street, Unit Apartment 2, Buffalo, New York	US
S3-834479800	Fresh Pilates!	Lincolnton, 205 Green St, North Carolina	US
S3-942062117	Inc Uptown Hynossi	20 Cannon Ridge Dr, PO Box 3612, Watertown, Connecticut	US
S3-275507128	Patriot Royal Chimera Corporation	419 Hensley Drive, # F, Rlaeigh CITY, North Carolina	US
S3-274895845	Teitelbaum Best (ID: 25721)	1213 Third Avenue, Beerthold CITY, North Dakota	US
S3-603055147	Services Venkateshwar Aviation	H.no 2, Sbi First Colony, Near Aas College, Adoni, Karnool Dist, Adoni, Vishakhapatnam, AP	India
S3-181942245	Gold Consugtigi Private Limited	MH, Ttc Industrial Area, Pawane Midc, Navi Mumbai, Hn 11 W467, Thane	India
S3-302175203	Novvyn Imperii Inc.	194-C Mossy Bluff Rd, Stewart, Tennessee	US
S3-431565370	Integrated Hospitality Union (LP)	50 Ledgeview Way, # 2410, Wrentham, Massachusetts	US
S3-233751512	Wade Metro  Pet Care LLC	Ohio, ##1905 Charleston Place Dr, Lebanon	US
S3-661586320	One Busiess Private Limited	Lgf-31 Rajat Arcade Midct Point, Wadi, Nagpur, MH	India
S3-213888812	Inc East Dubuque Baptist Chiropractic	513 Desoto Ave, East Dubuque, Illinois	US
S3-783799622	OO Didtillaries	Kulana Ki Dhani, P.o. Patoda, Jhajjar, HR	India
S3-230010576	Heartland Project VI Co (ID: 7750)	247 Lovell Street, Nashville, Tennessee	US
S3-978142831	Vaxa Ínc	8005 20rd Ave, PO Box 5195, Tacoma, Washington	US
S3-811983121	नॉर्थ इंजीनियरिंग ट्रेडर्स लिमिटेड	DL, East Delhi, Delhi, P.no. 227 Village Kotla	India
S3-992127919	अल मार्केटिंग प्राइवेट लिमिटेड	Gat No. 52, Raigarh(mh), महाराष्ट्र	India
S3-969482546	रेड इंटरनेशनल प्राइवेट लिमिटेड	S.d.a, New Delhi, Faridabad, DL	India
S3-789667356	Jain கிருஷ்ணா டெவலப்பர்ஸ் பிரைவேட் லிமிடெட்	6/264., Trichy Main Road Surya Garden, Namakkal, TN	India
S3-106282662	Parrott Beacon	#1960 Fowl Road, Unit APT 910, Ohio, Elyria CITY	US
S3-640865814	Smt Aseem India  LLP	No 5 C/o Sri Prakash Sharma, Bus Stand Road Nh 57 Road, W. No. 16, Araria, Araria, Gerki, BR	India
S3-36343349	Blue School of Medicine Inc. Trust	19155 Bay Meadows Drive, Applle Valley, California	US
S3-604369676	Jones Ketsloe Cal | www.joneskets.com	33 School Street, Brunswick, Maine	US
S3-120983806	(Co) Lofloex	49 James Street, Norton, Massachusetts	US
S3-219686864	#servicesmeghdoot	1St-Floor, Flat-1b Ambika Kundu Bye Lane, Mumbai, Howrah, পশ্চিমবঙ্গ	India
S3-610765406	Upper [Learning]	5800-C Oak House Ct, Orangevale, California	US
S3-423123488	moore premier pioneer llc	618 106th Ave, N/A, Vancouver, Washington	US
S3-798961070	Service Desert Metro, LLC	909 Lynwod Street, Capitol, Arizona	US
S3-441188460	Hyderabad Academy Pvt Ltd	Hyderabad, #2-63/C, తెలంగాణ, Hyderabad	India
S3-23561313	Ariella-Strickler Value Iron Works	4130 Tullock Creek Drive, PO Box 2969, Charlotte, North Carolina	US
S3-569049551	Avee Exports Pvt Ltd Services	Howrah, 47/2, WB, Kolkata	India
S3-172687296	Procapbohan.Com	Dahlia Rd, Texas, Baytown	US
S3-726462564	Mulkey, Mathis & Tompson [LLC]	Maggie Ridge Dr, Willow Spring, North Carolina	US
S3-133824400	LLC Laneex	24 Chestut Ave, Dansville, New York	US
S3-494523969	The Good Online Limited	Shed No. 41, Bhaktinagar G.i.d.c., Rajkot, GJ	India
S3-263464561	WOMENS HEALTH RIDGE PHYSICIANS, CORP	3721 Niddry Drive, Pflugerville, Texas	US
S3-56142192	Foot & Ankle Classic Cnte, LLC	3708 Harmont Dr, Phoenix, Arizona	US
S3-758098189	Jones-Compania	1906 County Road 3542, Cleveland, Texas	US
S3-374817741	श्याम कंसल्टेंसी	S-20a Ground Floor, School Block, Shakarpur, East Delhi, DL	India
S3-159482018	Pollan Art Corporation	12453 Cty X, Town Of Wyalusing, Wisconsin	US
S3-830582082	FRD Agritech Limited	Survey No 42/1- P1, Rajkot, Morvi, GJ	India
S3-136329799	Diamond Electronics Products (Holdings)	16061 Delliger Road, Williamsport CDP, Maryland	US
S3-289014362	Franco & [Williams]	19850 Pasadena Avenue, South Bend, Indiana	US
S3-190075117	St. Synagogue Group	2326 Northern Avenue, Phoenix, Arizona	US
S3-644136141	Limited Radhapuram Travels Infratech Services	No.119 B, Radhapuram Road, Valliyur, Vadakkuvalliyur, Radhapuram, Tirunelveli, TN	India
S3-826237923	United Trust	Atwood Rd, Topsham, Maine	US
S3-160230050	ಸ್ಟಾರ್ ನಾರ್ತ್ ಕನ್‌ಸ್ಟ್ರಕ್ಷನ್ಸ್ ಪ್ರೈವೇಟ್ ಲಿಮಿಟೆಡ್	No 296, 7Th Main, Btm Layout, Ii Stage, Bangalore, Bangalore South, ಕರ್ನಾಟಕ	India
S3-252752998	Family Associates LP	3415 Coventry Ln, Lafayette, Indiana	US
S3-730657857	North LLC Center	1710b Amber Way, Cenerton CITY, Arkansas	US
S3-688179035	Asb Poyltochnc Ltd		India
S3-519037871	Behavioral Halth Associates Northside LLC	#1617 Oaklawn Avenue, Greenville, North Carolina	US
S3-623966836	Beacon Clóud Technologies	20422 Scenic Woods Drive, Cypress, Texas	US
S3-400414441	10/85 Hótels	318 Hett Avenue, Staten Island, New York	US
S3-813831756	M/s Apsaraengineers.Com	Mumbai, #4701-A3 Tower, Mumbai, महाराष्ट्र	India
S3-492160910	High Sunrise Estate Private Ltd	Flat No-554, New Delhi, South West Delhi, DL	India
S3-645319587	Vadodara Hólidays Ltd	ગુજરાત, Vadodara, Rushabh Estate, Opp Ranoli Railway Crossing, Ranoli, Baroda, S No. 447	India
S3-233765410	Rebekah's Summit Management	401 Fairway Dr, Allyn, Washington	US
S3-329481615	CORNER CAFE	2000 Cory Dr, Bloomington, Indiana	US
S3-392346451	nexus pro l.l.c.	8316 Kedzie Avenue, Chicago, Illinois	US
S3-511647418	prime constructions limited	Plot No - 60B/4, Sector No -3, Spine Road, Pune City, Pune, MH	India
S3-736679241	Lantern Córp		US
S3-432702220	V + J Flexible  LLC	41 Lake Shore Drive, Danville, Illinois	US
S3-496394605	Sky Global Bakery Limited Services	No 9 Aeon Heights, Ground Floor, H.no.15-31-vii M-30, Vii Phase, Kphb Colony, Hyderabad, Medchal Malkajgiri, తెలంగాణ	India
S3-807682831	Emmert Valley	3729 Knotts Creek Lane, Suffolk, Virginia	US
S3-670666444	Excellent & Sons Private	Plot No. C-9. Ttc Industrial Estate Midc Pawane, Thane, Mumbai, महाराष्ट्र	India
S3-239293170	Runge Liberty	##345 Wabasha Saint, St Paul, Minnesota	US
S3-689653521	capital Trading		US
S3-241772409	Sumitra  Sons Public Limited Center	Kanchipuram, தமிழ்நாடு, 969, Kancheepuram	India
S3-807478189	Falcon LLC-Services	1012. Gurten St, New Bern, North Carolina	US
S3-174724189	Caudle Crystal Blue, Holdings	919 Crest Breeze Drive, Haslet, Texas	US
S3-767355230	Amar-Skills Private Limited	F-14/17, First Floor Sector-15, Rohini, New Delhi, North West, दिल्ली	India
S3-955061382	Torres Physical Therapy LLC	370 Winding River Circle, Memphis, Tennessee	US
S3-502652317	tri-state institute	104 Dog Leg, Meadowlakes, Texas	US
S3-922855201	Indore Índia Company	D/4th Floor, Rcm Icon, 3/1, Race Cource Road, Indore, मध्य प्रदेश	India
S3-479991587	Flannery, Livingston & Stóute Nevada Inc	3021 Jefferson Green Dr, NULL, Louisville, Kentucky	US
S3-890848634	Certified M0bility Consultants LLC #50585	14605 Main Saint, Huston, Texas	US
S3-267048227	Private Elk Global (India) Limited	643 Starplaza Nr Phulchhabchowk, Rajkot, GJ	India
S3-952359324	sarika & sons group private limited	No 335- 222, Gurgaon, हरियाणा	India
S3-448734210	व्हाइट सॉफ्टवेयर	Jaipur, राजस्थान, Jaipur, Plot 110 P.no.-5	India
S3-215483907	Vrindavan Law Chambers Co	699, Saharanpur, UP	India
S3-329269099	DG Builders Enterprises Private Ltd	No 9-1 Ring Road, Punjabi Bagh, New Delhi, West Delhi, DL	India
S3-891569942	Corner Hair Studio!  Group	2305b High Dr, Fairfax County, Virginia	US
S3-726101097	dwarkamai marketing (india) 1lp	Soobat Road, Morena, Jeorakhurd, MP	India
S3-547623946	IJ Cinstruigons Limited	D-##37 Iind Floor, Gautam Buddha Nagar, Noida, UP	India
S3-864556118	टेक इन्वेस्टमेंट प्राइवेट लिमिटेड	Bld-b Fl 05, Pune, Pmt Chowk Pune Nashik Highway, MH	India
S3-583232720	Caldari  Imperii	3125 Wilderness Rd, Bland, Virginia	US
S3-114876705	Ace Power Private	Jaurian Sarkan Devigarh Road, Patiala, PB	India
S3-79186552	ഹൈ ടെക്നോളജീസ് പ്രൈവറ്റ് ലിമിറ്റഡ്	KL, Ernakulam, No 525C Thevakkal, Kakkanad Distt Ernakulam	India
S3-515070218	Tavodova	604 Garfield Street, Stillwtaer, Oklahoma	US
S3-556453607	ಹೋಟೆಲ್ ಮ್ಯಾನೇಜ್‌ಮೆಂಟ್ ಲಿಮಿಟೆಡ್	498/5, Bangalore, KA	India
S3-795469394	Brook Inc Dykman & | www.brookinc.com	1625 Highland Ave, Berwyn, Illinois	US
S3-759966122	Kolkata Ltd Restaurants	0162 (81/3) Paresh Mazumdar Road, Kolkata, Howrah, Calcutta, WB	India
S3-504675118	Copple	1730 Beacon Street, Unit 6, Brookline, MA	US
S3-835921006	Baltazar Solgtions Inc	012994 Edith Nankipoo Road, Halls, Tennessee	US
S3-364986602	Bouse Construction Group	17 Holly Square, Middletown Township, Delaware	US
S3-140010063	Sai Infotech Engineering Pvt	Block G-184 A-122, Sector-23, Raj Nagar, Ghaziabad, उत्तर प्रदेश	India
S3-466337670	Urban  Services Jewellers Pvt	48, Prabhat Complex 3, Shroff Road, Rajkot, Rajkot, GJ	India
S3-633643830	Khandransh Business L.L.P.	#32 Vip Colony Nayapalli, Khordha, OD	India
S3-267727561	blue [pub!]	8925 Lawn Ave, Saint Louis, Missouri	US
S3-835058332	Reliable Innovative  LLC Services	320-D Canal Rd, City Of El Paso, Texas	US
S3-355792538	Karilynn Walls, MD, M.D., P.C. (Services)	Lexington Ave, New York, Poughkeepsie	US
S3-560065857	Group Womens Health Partners	45 Tiffany Driie, Rehoboth Beach, Delaware	US
S3-874566744	Shree Cnstcrtoins Pvt. Ltd.	H.no 818 Office No 225 & 226, Ashoka Plaza, Nagar Road, Pune City, Pune, MH	India
S3-611986822	M/s Vertex Transporters-Clinic	No.25, Bangalore, Bangalore North, KA	India
S3-508566903	Vantagegild t/a Behavioral Health Center of Nashua	203 Sargent Street, Nashua, MT	US
S3-575319659	Proclarva Westgate PC	001254 L, Birmingham, Alabama	US
S3-183785748	Consolidated Union  Services	134 Prospect St, Millinocket, Maine	US
S3-815150864	विजय सर्विसेज प्रा. लि.	Noida, A3-402 4Th Floor Nirala, Gautam Buddha Nagar, उत्तर प्रदेश	India
S3-207018248	Smt Ocimum Pvt Ltd Center	Office No. C-312, 3Rd Floor, Avior Building, Nirmal Galaxy, L.b.s Marg, Mulund (W), Mumbai, Mumbai City, MH	India
S3-536107525	Mancuso Integrated Aimei [LLC]	4112 A, Austin, Texas	US
S3-931218676	Metropolitan Federation	325-327 136th Street, Ocean City, Maryland	US
S3-738864801	Agni Holdings Private Limited Service	Plot No.95, Mollvand Road, Village: Karanj, Surat, Taluka: Mandvi, GJ	India
S3-302162790	Private Digital Power Ltd	Flat No.101 Silver Tulip Apartment Gulmohar Colony, Bhopal, मध्य प्रदेश	India
S3-565336008	Federal Charter	6728 Collisi Pl, N/A, Avon, Indiana	US
S3-941593213	ಗುಡ್ ಕನ್‌ಸ್ಟ್ರಕ್ಷನ್ ಲಿಮಿಟೆಡ್	1128, Shrimadhwanilay, 7Th Main, 9Th Cross Srinivasnagar, Bsk 1St Stage, Bengaluru, Bangalore, KA	India
S3-277847368	Williams Machine Works	122 1nd Ave, # Unit 1, Kenmare, North Dakota	US
S3-310112130	Aurora Services Industries Límited	Flat No-199, Pocket-k Sarita Vihar, South Delhi, DL	India
S3-845191022	Cab Public School Group Private Ltd	H.no 80 C/o Devender Sawhney, Wz- 622 B, Gali No 19 Shiv Nagar, New Delhi, Behind Dashmesh Hospital, DL	India
S3-599179490	Wexevo t/a Drayic Data	519 Oasis Place, Mattawa, WA	US
S3-249319737	Darville Rockwool Uptown	23 Landing Street, Marianna, Arkansas	US
S3-580769753	@vavanetresources	6112 1/2 Tenth Avenue, <NULL>, Portland, Oregon	US
S3-254490394	CARDIOLOGY PARTNERS, LLC		US
S3-419297815	హై బిజినెస్ ప్రైవేట్ లిమిటెడ్	No 11, 12, 25 And 26, Flat No 205 Yashodamma Residnecy, Road No 1 And2, Old Nagole, Hyderabad, Rangareddy, TG	India
S3-318314498	RZX Corpn Private Limited	More House, Chikhali, MH, Pune, Block E-##44 G No 897. Kudalwadi Bhongale Plot, Pune	India
S3-831988468	Kolkata Private Limited  Center	9, Hare Street, Ground Floor, Kolkata, Kolkata, Howrah, WB	India
S3-687185286	Guilliams Wellness	418 Us 40, Kansas City, Missouri	US
S3-143237566	Baify  LP	Arizona, San Tan Valley, 7146 Hatchling Way	US
S3-629503018	Crin's Metal	Texas, Austin, 503 Westmorland Drive	US
S3-852268780	Adra Traders	36, Ghaziabad, NULL, उत्तर प्रदेश	India
S3-250590475	Shankar + Co Csitgndeic	No 101, Plot No.44, Guttala Begumpet, R R Hyderabad, తెలంగాణ	India
S3-630609559	Global  Management (India) Company	B-105, Brigade Majestic, No.26/10, 1St Main, Bangalore North, Bangalore, KA	India
S3-912485810	Orbivantage fka Shyam Trading Private Limited	2, Mcleod Street, Kolkata, Kolkata, Howrah, West Bengal	India
S3-61660406	OM  Versatile Limited	House No. 223A, null, DL, West Delhi	India
S3-785048423	Ahmedabad Bakers Pvt Limited	Rp C-203, One42, Off Bopal-ambli Road Opp.ashok Vatika, Nr Jayantilal Park Brt, S, Bodakdev, Ahmedabad, GJ	India
S3-5597383	Roberts Solutions Solutions LLC	9508 Riggs Rd, Sun Lakes, Arizona	US
S3-38436593	Gragnigbet Old Inc	609 Van Fossen St, Winchester, Virginia	US
S3-414418981	Feliz-Aldabra	2131 Edgewodd Dr, Grand Prairie, Texas	US
S3-87949566	Shiromani Clínic	Hn 555 Chak Bazar Rmc Market, Kalna - I, Bardhaman, পশ্চিমবঙ্গ	India
S3-40786204	Viex Drive	19368 Corwin Rd, Apple Valley, California	US
S3-702675443	American Neniwocrk Inc	Washington, 7620 197th Place, Lynnwood CIYT	US
S3-735207700	E I & Y Indigo,	01630 Pulaski Pike, Huntsville, Alabama	US
S3-654327662	Shipman  Holdco Central Corporation	7916 Birdie Lane Circle, Floor 0, Wichita, Kansas	US
S3-18092068	Vantex News	443 Walter Bowen Rd, Henderson, North Carolina	US
S3-51362987	Mirapyra formerly Painters Local Union 634	AL, Madison, 25807 Iron Gate Drive	US
S3-649034504	GSC	Vichare Bhavan, Utkarsha Nagar J.M.Road, Bhandup (West), Mumbai, Mumbai City, Maharashtra	India
S3-599902738	ਸਟਾਰ ਪ੍ਰੋਡਕਟਸ ਪ੍ਰਾਈਵੇਟ ਲਿਮਟਿਡ	Saidpura, PB, H.no 747/3 Haripur Hinduan Road Near Nectar Life Sciences Unit Ii	India
S3-178018807	Diamond Northside L.L.C. Center	6141 Busch Way, North Carolina, Midland	US
S3-779137275	Marketing Sgcti Marketing Limited	H.no 15-05, Saraswati Kunj, Sector 53, Gurgaon, Mg Road, Gurgaon, HR	India
S3-631878332	ಸೆವೆನ್ Projects ಪ್ರೈವೇಟ್ ಲಿಮಿಟೆಡ್	Plot No ##26/A, Bangalore, Hulimavu Gate, KA	India
S3-893296073	Professional-Design Networks Inc	9 Summit Avenue, Stony Point, New York	US
S3-319157758	South Infra Limited	Door No 38Hosahall Talaghatta, Pura Post Kkp Main Road, Bangalore South, Bangalore, ಕರ್ನಾಟಕ	India
S3-60497840	Sirius	4025 Howland Avenue, Akron, OH	US
S3-125166682	Rao Tadlg LLP	Door No 35 (17), Chennai, TN	India
S3-154475128	Onyxnyladrex dba South Ultra Inc	5712 Diamond Valley Drive, Fort Worth, TX	US
S3-581333506	Mountain Pyrophyte Inc	W1458 Miller Rd, N/A, Town Of Green Lake, Wisconsin	US
S3-27816546	happy nails group	11- Gills Inn Dr, Ofallon, Missouri	US
S3-710459140	Coastal-Fresh Coastal-Fresh Vertical Corp		US
S3-261581256	L0pez-Art	5753 Towpath Road, Delphi, Indiana	US
S3-401129222	Shandie'S Média PLLC	414 Vermont Street, Osborne, Kansas	US
S3-248484936	téchnologiessaurashtraengineers.com	7 Moledina Rd Pune, Pune, Office 332 Clover Cenre, MH	India
S3-142833824	Gonzalez East (Inc)	1720 Sprague Street, Omaha, Nebraska	US
S3-814165616	Lumara Cleaning Service  Co	7110 Delaware Ave, Ohio, Cincinnati	US
S3-320471808	Ectoirifluxx doing business as Lara Harbor Constellation LLC	23 Crawford Street, Rochester, NY	US
S3-859255836	Continental Merger	3 School House Rod, Corrals, New Mexico	US
S3-670559378	Alwin Copper  LLP (India)	Dl/3315, Pundlik Nagar Ward No.15, Chikhali, Buldhana, MH	India
S3-814008111	Duford, Anderson &	1317 105th Rd, Yates Center, Kansas	US
S3-884958497	Juarez  Reliable Investment Inc	2671 Royal Wulff Ct, Missoula, Montana	US
S3-590594753	Zlehpyr Inc	Arkansas, 200 Shamock Lane, Western Grove	US
S3-154798586	spprivate.com	Shop No-02 Suraj Vihar Soc Nr.vitthal Mandir, Navi Mumbai, MH	India
S3-302084269	Allied Freight Networks Services	3815 Hillcrest Drive, Village Of Hobart, Wisconsin	US
S3-256374674	Creative Industries Furniture Limited	105, Bangalore, KA	India
S3-665712186	American Legacy Vendome Of St. John John	8665 Howard St, ST. John, Indiana	US
S3-510127785	Madhuvan Brothers Ventures Private Limited	##944, Jaipur, RJ	India
S3-112369268	laxmiservices.com	C/o Jasinder Singh, Ferozepur, Firozpur, ਪੰਜਾਬ	India
S3-623765588	HRE Aeon Harbor	#12 Parkway Court, Broolkyn, New York	US
S3-601955275	Modern Búilders Private Limited	#677, 1St Floor, Suite #186 13Th Cross, Sector- 1, Hsr Layout, Bengaluru, Bangalore, KA	India
S3-868676275	Fluxyuma One doing business as Fresh Deli LLC	36 Carthage Drive, Rochester, NY	US
S3-12064888	Dermatology Care	1555. Acorn Ave, Helena, Montana	US
S3-389191171	Shri Bhakti Investments (sInh) Private (Limited)	Plot 646 H Num 6 147/2, Khammam, Kothagudem, TG	India
S3-98777725	Fresh Inc. Defense Certified	Texas, Amarillo, 1706 Lake St	US
S3-729937923	Lucky Ice Cream Corp	1196 Stadium Dr, Logan City, Utah	US
S3-519103092	Zetavantagex DBA Rock Great Hologram	1505 Willey Street, Unit 310, Morgantown, WV	US
S3-867082952	Keystone Commercial Company Ltd	38 Korbel Ave, Merced, California	US
S3-237068630	#vktrust	17A/609, First Floor, Sector 17A Vasundhra, Ghaziabad, UP	India
S3-78039510	Radiant Private Limited Partners	#642. Falt No-14, Landmark Society, College Road, Nashik, Nasik, MH	India
S3-792606740	Cpc Ventures  Company	Hn 740 B 304, Floor 3, Plot 6J/B, D Wing, Shubahda Chs Ltd, Sir Pochkhanwala Road, Worli Rto Office, Mumbai, MH	India
S3-539095815	V+ Mfa Co	125 Winery Court, Viine Grove CITY, Kentucky	US
S3-307928884	H 5 Q Hóme Care	8929-D Woodyard Rd, Clinton, Maryland	US
S3-931384350	Vr Traders Pvt  Ltd	C/o Rahnish Sharma, null, Central Delhi, Delhi, DL	India
S3-921957408	JY Solutions Private Ltd	6B, WB	India
S3-330351984	Red Cónsultancy LLP	Ward No-20, Reamal Khairarandha, Reamal, Debagarh, Nuapada, Orissa	India
S3-968305122	Monarch Newbuy Corp	1101- Bernice Drive, Incorporated, Illinois	US
S3-209163794	ईस्ट रेड मार्केटिंग लिमिटेड	No 94 S. Mohan Singh Building, Connaught Lane, New Delhi, DL	India
S3-261041291	गुरु इंफ्रा प्राइवेट लिमिटेड	91 Springboard Business Hub Pvt Ltd, Mumbai, MH	India
S3-500236934	Interfaith N1etwrk  P.C.	302-B Mountain Creek Ln, Mansfield CITY, Texas	US
S3-190551489	Barragan, Drake and Démello Highland Inc	1314 Casady, PMB 672, Alamogordo, New Mexico	US
S3-599568869	Lumzeph aka Sirsilla Fluid Private Limited	H.No 3-1, Sarampally, Village, Thangalapalli, Sirsilla, Karim Nagar, Telangana	India
S3-28847280	Ocean Private Investments Limited	Door Number: 4/198 A, Malapuram, KL	India
S3-783690404	Inovic Developers Pvt  Ltd	No A-701 Stanford, Mumbai, MH	India
S3-371244010	Crystal Ace Iheartmedia	##690 Starin Ave, Tonawanda, New York	US
S3-916313054	Division of Housing Holdings	95 Grochmal Avecue, Indian Orchard, Massachusetts	US
S3-102934692	Klein, Fehr and Weaver Holdings	2390 Federated Blvd, # 305, Columbus, Ohio	US
S3-34138431	Inc Urology Valley Physicians	7996 Quail Hollow Court, West Chester, Ohio	US
S3-753291579	Vision Specialists LLC Board	24-D Vermont Saint, Villa Park, Illinois	US
S3-332925166	Nalani-Bcmhtbti Certified Park LLC	Elmhurst, Illinois, 3N 464 Wilson Street	US
S3-580253663	Womens Health Center (LLC)	912 Jefferson Street, Morris, Illinois	US
S3-732207078	Temple Church Presbyterian	25 Wylie Cox Cir, Portales, New Mexico	US
S3-663328449	8ennett  LLC Services	1647 Lloyd Rd, Ohio, W. Union	US
S3-243952626	JK JK Nasdaq	741 Willow Drive, Unit A4, Hailey, Idaho	US
S3-534900373	Consultancy Ftc Venture Overseas Corporation	50/115/15, Palakkad, കേരളം	India
S3-506837325	#Baex Group  Blue	3825 1/2 Lucille Street, Houston, Texas	US
S3-806999466	Cozy Cleaning Service! Inc	Cedar Rapids, ##16 Ripon St SW, Iowa	US
S3-420492376	Bowling, Ricks and Parks LLC (Services) (ID: 96938)	5123. Poff Rd, Martinsville, Indiana	US
S3-849188825	Better Wellness Industries	New York, Jefferson, 146-148 Porter Road	US
S3-149216607	Mr leather securities	103 A, First Floor, Vishal Chambers Sector- 18, Noida, UP	India
S3-579386034	Gujarat Engineering Private Ltd	Fn.102, Poona, Pune, MH	India
S3-995288766	Internal Medicine	5809 9 Mile Ridge Rd, Hardy, Arkansas	US
S3-640691361	mumbai springs	232A, Mumbai, Mumbai City, MH	India
S3-694778624	Williams Royal	95 Spyglass Dr, Graford, Texas	US
S3-624733554	Southern 8usiness Foods Pvt	Model Town - 11, Ward No. 40, Iskcon Mandir Road, Sevoke Road, Darjeeling, Siliguri, WB	India
S3-977375417	Kensinger & Roberts Gráding Inc	3710 Canyon View Drive, Piedmont, Oklahoma	US
S3-676083372	Great Institute Of Technology Of Village Of	Wilton, ##701 Main St, Wisconsin	US
S3-656356159	Eye Partners	8636 Harris Dr, North Ridgeville, Ohio	US
S3-531628720	Mcintyre Acquisitions, LLC	453-C Mountain Lake Rd, Newport, Tennessee	US
S3-314502150	Tavonovi DBA Perkins Madison Inc	31 Mace Circle, Conway, AR	US
S3-220482142	Riley, Hicks and Habecker Group	4654 Anthony Wayne Ave, Fairfield, Ohio	US
S3-694641687	Gl0cal Vehicle Group	046/8, Gautam Buddha Nagar, UP	India
S3-260673802	Yumazeph	013 Landsford Road, Marshville, North Carolina	US
S3-580594311	Interna1 Medicine Physicians of Írving LLC - 7215489334	8249 Ranchview Dr, Unit 1088, Irving, Texas	US
S3-701321983	Castro Rexford	Philander Chase Lane, Brimfield, Illinois	US
S3-850304896	Royal Máterials Laboratories Inc	125 Greenwood Ave, # Unit 205, Abington Township, Pennsylvania	US
S3-371165165	Martin Tótal Montage Clinic Lakeside - 7753282175	4027. Westover Drive, # 30, Danville City, Virginia	US
S3-873853483	Gangour Arc Private Límited	P.no. 42, 43 Shivshakti, Amba Nagar (Urban)(Mcorp), Nagpur, Besur, MH	India
S3-225751331	Nichol's Skin Care Group	Delaware, Wilmington, 1915 Scott Stret	US
S3-828810384	Visioncenter.Com	6 Starry Night Trl, El Prado, New Mexico	US
S3-347802958	Mr Golden Golden Services (India) Private Limited	Ahmedabad, GJ, 606	India
S3-768411184	Hrbr Layout Logistics  Private Limited	No. 236 5Th Main, Hrbr Layout, Bangalore, KA	India
S3-448534540	Silver Barbershop	7500, Ogden, Utah	US
S3-323981155	Arcnovinyla	Sector A/2, Surat, Sarthana, ગુજરાત	India
S3-743382779	East Sysdms	Suleman Nagar, B3/7 - A/1, Kh No. 820, G/f (Old Hari Enclave), Village Kirari, Blk-b, Ph, North West, DL	India
S3-466925255	Taylor Ventures	Minnesota, Saint PAUL, 00746 Montana Avenue	US
S3-994824288	Murphy Signs	2610. Kerri Strug Cv, Austin, Texas	US
S3-702393009	Interstate Insibbute	Jelly Park Stone Dr, Cypress, Texas	US
S3-107236405	Nextgen (índia) Ventures Enterprises Pvt. Ltd.	303, Gold Leaf, Maradia Plaza Lane, Behind Law College, Off C.g. Road, Navra, Ngpura, Ahmedabad, ગુજરાત	India
S3-222880525	Guo Residential	705 Arbell St, Tyrone, Oklahoma	US
S3-944187096	Cornett Summit Machines Llc	555 Hixson Pike, Chattanooga, Tennessee	US
S3-933346439	LLC Upper Dynamic Búilders	427 Eighth St, College Place, Washington	US
S3-305316292	Sobha Jade  Jakkur Layout Projects Care Company	Flat No. 328, Sobha Jade Jakkur Layout, Bangalore, ಕರ್ನಾಟಕ	India
S3-719507111	Urgent Ridge Care (Inc)	Watters Road, # 8404, ALEN CITY, Texas	US
S3-69542509	Metro Fróntier United, Inc	1319 Arapahoe Avenue, Salt Lake City, Utah	US
S3-763871848	agprivate.com	#149 Holly Hocks, 2Nd Floor, Plot No 64 Sector 44, Gurgaon, हरियाणा	India
S3-595577021	Limited Laxmi Marketing Service	#884/7 Meenal Arcade Nal, Stop Eradwane, Pune City, Pune, MH	India
S3-99532463	Physical Therapy Metro [Specialists,]	14-D Alina Way, St Armand, New York	US
S3-505079692	Womens Health Physicians Downtown [L.L.C.]	Tennessee, Murfreesboro, 5921 Elam Road	US
S3-351767854	CHRIST SYNAGOGUE	7715 19th Avenue, Kenosha, Wisconsin	US
S3-16499058	IG Integrated Limited	1 Norwood Ct, Toledo, Ohio	US
S3-849233566	Witty  Mfa Corp	Reservoir Street, Herculaneum, Missouri	US
S3-141501638	The Vadodara Rolling Ventures	Door No 0965 Gf 2-3-16, Sarswati Complex, 39, Sampatrao Colony, Alkapuri, Vadodara, ગુજરાત	India
S3-121712118	Frontier Management  Corp	178 Pleasant Hill Rd, Hollis Center, Maine	US
S3-666953506	bombay ventures pvt ltd	No 292 610, Skyline Wealth Space, Oasis Complex, Premier Road, Near Vidyavihar Station, Gha, Tkopar (W), Mumbai, Mumbai City, MH	India
S3-309626271	Little Távern Inc	Maryland, Elkton, 1013 Jackson Hall School Road	US
S3-636193797	Lotus Services Hardware Private Limited	H No 16 At Polt Pimpari, Goa-panaji Region, Sangli, महाराष्ट्र	India
S3-83968542	टेक फाइनेंस प्राइवेट लिमिटेड	Village - Kesarpur, Pargana & Tehsil - Faridpur, Bareilly, UP	India
S3-553985674	*** Harbor  Trust Associates Northside	3220 Shady Rets Ln, Elkton, Virginia	US
S3-132530964	LLP Vishnu Telchnoligies	79 C/o T O Thomas Thekkumthala, Pathanamthitta, കേരളം	India
S3-792608602	Continental Ltd Services - 3383173996	346 Moutain Rd, Port Jervis, New York	US
S3-899959876	Whitley and Melton Melton Summit Corp	6253 Lee Pl, Capitol Heights, Maryland	US
S3-154898268	Future Constructions Public Limited	Tf-15d, Vasant Square Mall Vasant Kunj, New Delhi, DL	India
S3-487598602	Rodriguez, Doralyn B.,	4955 Brock St, Indianapolis, Indiana	US
S3-826599895	Creative  Tokyo Inc	632 Pontiac Drive, Rio Rancho, New Mexico	US
S3-158707695	ace gold agro limited	Plot No. 027P Epip Industrial Area, Ganjimutt, Dakshina Kannada, Mangaluru, KA	India
S3-952791425	1488  Sevnth Ave Apartments PC	5138 Crystal Springs Drive, Ellicott City, Maryland	US
S3-45993888	*** LOD Healthcare Private	No #99 C/o Gopaldasji Poddar, H. No. 3067/B, Near Panch Kandil, Agra Road, Dhule, Dhule, Dhule,maharashtra, MH	India
S3-170636886	@ Care 8 L.L.C. Center	Arkansas, 907 Congress Cir, Jonesboro	US
S3-288821874	spardha garage limited	Bangalore, 3Rd Floor, Renaissance Park 1, 26/2 1St Main Road, Subramanyanagar Malleswar, Am West, ಕರ್ನಾಟಕ, Bangalore, C-302	India
S3-692222071	Mueller Holdings Group, Ltd	52 Phillips Court, Lyon Mountain, New York	US
S3-195576649	Deltaquo Service	5935 High Street, NULL, Columbus Townhip, Ohio	US
S3-323550763	Northwind West Inc	Indiana, 2615 N Court Drive, Evansville	US
S3-876418811	Peridoz Services	331 Gibson Lane, Seymour, Tennessee	US
S3-366902816	Acp Gróup of Companies	5, Roopa Shree Apartment Dr. Moose Road, Thane (West), Thane, महाराष्ट्र	India
S3-49029972	Atharva Hae LLP	Village- Gournagarpara, Santipur, Nadia, WB	India
S3-441964174	Ciralyra One d/b/a Future Consultants Pvt Ltd	384, 13Th Main, Rmv Extnbangalore, Bangalore, Karnataka	India
S3-820473898	SURYANSH SERVICES PRIVATE LIMITED	P.no. 67, 68 F.no. 304, Manjunatha Mansion, Rno.3, Qutubullapur, Hyderabad, TG	India
S3-755825205	Vijay LLP Services	#97 Anand Nagar, Sankrail, Howrah, WB	India
S3-301391218	Atlantic Secure Aviation	3843 Konx Butte Road, # Unit 304, Albany, Oregon	US
S3-576954163	Meera Spark (Ltd)	Sunbeam Flat No A-204, Rachana Complex, Vasai, MH	India
S3-710849249	Barbaraanne Hdbcc,k L.C.S.W., P.C. Coastal Corp	408 Kettering Dr, Maryland, Upper Marlboro	US
S3-666059878	Pylant Futurewave  LLC	3196 Foxborough Ct, Dubuque, Iowa	US
S3-851047342	Twisted Hypnosis	1860 Parkway Blvd, West Valley City, Utah	US
S3-473471825	ADITYA MEMORIAL TRUST	Hyderabad, TG, Flbt No. 04	India
S3-631227915	Ford &  Moody (Group)	10340 1/2 Shoshone St, PO Box 519, City Of El Paso, Texas	US
S3-846977678	Dovafaye	9-112, Tenali, Guntur, Andhra Pradesh	India
S3-547609268	Diamond Strategic	23585- 598th St, Theilman, Minnesota	US
S3-259174563	Lumavi League L.L.C.	2810 75th Court, Elmwoodd PARK CDP, Illinois	US
S3-847369810	Strategic Inc [Center]	County Road 160, PO Box 5115, Diamnd CITY, Missouri	US
S3-433729747	Chennai 600037 Project Private [Limited]		India
S3-196252592	Custom Enlite Reit  LLC	91 School Street, Hamilton, Massachusetts	US
S3-10481807	Novikeloio DBA Goble's Healthcare	Kyle, 13222 Guatavita Lane, TX	US
S3-7513738	Northern Résource	Lower Cisco Road, Asheville, North Carolina	US
S3-259860032	bryan and talbot fast inc	4716 Fellows Ridge Rd, Bloomfield, Indiana	US
S3-16729341	Asiana Group of Companies Overseas Prívate	#25 C/o Babai Parab Axoobhoy Mansion, 170 170A Hill Road Bandra (W), Mumbai City, Mumbai, MH	India
S3-367498550	Downtown Grill	321 Quarry Street, Melissa, Texas	US
S3-904820583	Ha, Black and Duffey Midtown, LLC	3557 Pacific Hwy, Medford, Unit 125, Oregon	US
S3-694708589	Orbiiri f/k/a J & T Bio LLC	3707 Toby Court, Arlington, TX	US
S3-435846912	Phulwari Private Vinimay Limited	No 17 S/o Sri Baleshwar Mishra, Chandra Vihar Colony, Phulwari, Patna, BR	India
S3-356790383	Behavioral Inc Innovative Clinic Health	Alexander City, Newman Rd, Alabama	US
S3-60493242	The J 6 Beacon-Intermediate	County Rd 805, Etowah, Tennessee	US
S3-59504831	Safe Diana Llc	2705 Rolling Oaks Road, Spring Grove, Illinois	US
S3-509506075	Royal India Ltd	No ##93 C/o Arbind Kumar, Sahatpur, Rupaipur, Kadipur, UP	India
S3-216898322	liberty brothers	114, 1St Floor, Jolly Bhavan No. 1 10, New Marine Lines, Mumbai City, Mumbai, MH	India
S3-975720139	Cardinal Applied Incorporated	1st Ave, Deer Creek, Illinois	US
S3-525272562	Pvt Evo Solutions Ltd	No. 396 Sai Shrdhha Chawl No 1, Thane, महाराष्ट्र	India
S3-476332991	साउथ इंजीनियरिंग प्राइवेट लिमिटेड	दिल्ली, Ews Dlf Capital Greens, H.no 6 Grd Floor Block-5 Csp, West Delhi, New Delhi	India
S3-119952165	Mount Trading Private Limited	16/36, Menothil Complex Muttanoor Po, Purathur, Tirur, Malappuram, Malapuram, കേരളം	India
S3-962339909	Ltd Maa Industries	New Delhi-14, दिल्ली, New Delhi, 61-63 Second Floorsamman Bazar Bhogal	India
S3-194038047	2611 Church Street Properties Corp		US
S3-806824347	Posner and Powell  LLC	15111 Newell Rd, PARK Aflls, Wisconsin	US
S3-44459156	Black Technology Private Ltd	C/o Harvansh Singh W No 16 Lakkad Mandi Shri Karanpur, Ganganagar, Srikaranpur, RJ	India
S3-853852679	Oliveira Veterinary Clinic  [Inc]	11 Outrigger Ln, <NULL>, Trouutman, North Carolina	US
S3-897145140	Vanguard American Hall Llc	241 1/2 Halstead St, Lowell, Indiana	US
S3-575267165	Rivera, Mccóy & Irvin,	4512-C Fairmount Ave, Kansas City, Missouri	US
S3-664400768	Coastal College Authority	Cloverdale Boulevard, Oakland Gardens ICTY, New York	US
S3-116292285	Pediatric	5124 Princess Anne Road, Norfolk City, VA	US
S3-570025911	Jones and Rose Coastal (Corporation)	Texas, Portercdp, 26559 Sorters Rd	US
S3-651240640	Safe Quality Dominion Inc.	Sunrise Ave, Grafton, Massachusetts	US
S3-775058013	Galaxy  Estate Private Limited	308, New Delhi, East Delhi, DL	India
S3-346126677	Lynnet's Foods Direct	01450 Hannerville Rd, Lexington, North Carolina	US
S3-197427002	Amberly'S Hair Studio Valley	0198 284, Unionville, New York	US
S3-32940847	Mr Kedarnath Tools (Igdi)a Pvt Ltd	Khasra No. 61/25 Mundka, North West, New Delhi, दिल्ली	India
S3-487141031	Pune Knowledge Private Limited	S. No. 14, 4Th Floor, West Tower, Marisoft-1, Marisoft It Park, Marigold Premises, Kalyani Nagar, Pune, MH	India
S3-249055802	Rosie's Capital Distribution Inc.	1833 Lansdowne Road, RCKY MT, North Carolina	US
S3-765199582	Smart-Payment Enterprises, LLC	Massachusetts, Dennis, 12 Grassy Pond Dr	US
S3-894984612	Twisted Massage	3632 Trilby Wash Court, Tucson, Arizona	US
S3-322903410	Advanced [Hotels]	1105 Collinsville Rd, Suisun City, California	US
S3-788554325	Interstate Summit Institute	417 Shep Street, Austin, Texas	US
S3-764577581	Jai Pvt Ltd Cénter	D 65/462-5-51, Amala Nagar, Lahartara, Varanasi, उत्तर प्रदेश	India
S3-170629319	Main Street Coffee!  Inc	19840-19842 Hunters Loop, Fairhope, Alabama	US
S3-290664485	Michell's  Agriculture	3820 Sabre Ln, North Carolina, City Of Wilson	US
S3-327117405	Advanced A United	008116 Cicero Mills Road, Cicero, New York	US
S3-393258755	Ivenoro (Bluerock)	394 Wells Rd, Wethersfield, Connecticut	US
S3-710576969	Arts Center	Maryland, Pasadena, 822 Seal Harbor, Fl. 0	US
S3-634998414	Trading Neural Gro Private-Limited	Chamber 110, Delhi, Laxmi Chamber Laxmi Nagar, DL	India
S3-932336301	India Ananth Private Limited Center	Udrej Bhawan, Asansol, Paschim Bardhaman, WB	India
S3-841369062	Krishna Éxdpbs Private Limited	No. 97 Bommsandra, L Taluka, Bangalore, KA	India
S3-722279137	L.L.P. My Foods	H.no 84 C/o - Rekha Devi, Plot No - 39, Road No - 06, Jawahar Colony, Ramjaipal Path, Bailey Road, Divreportingcircle, BR	India
S3-574083585	knówltonboamillington.com	7220 Woodstock Cuba Rd, Millington, Tennessee	US
S3-103419391	बेस्ट फाइनेंस प्राइवेट लिमिटेड	No 2315/23D, Behind Karim Restaurant Katariya Chowk, Sec 14, Gurgaon, HR	India
S3-596914385	Shri Surya Pvt Ltd Services		India
S3-315971558	Meredith Jhosno L.C.S.W.	Park Place, Unit 1, Arlington, Massachusetts	US
S3-798235758	Foods Siddharth Garde Public  Limited	Unit No. Sb/c/6l/office/017, M3m Urbana Sector-67, Gurugram Manesar Urban Complex, Gurugram, Gurgaon, हरियाणा	India
S3-955752800	Mr Concord Cmnnic	Plot No - 46 Hsidc Alipur, Barwala, Ambala, हरियाणा	India
S3-915343651	Gd Urnn Ltd	C/o Smuitra Devi, Gokul, Path Patel Nagar Nala Par, Phulwari, Patna, BR	India
S3-522754057	Anderson Gird Holdings	3033 Peddy Vestal Loop, Henderson, Tennessee	US
S3-187734915	gates mozayyx inc	7004 Carriage Avenue, Town Of Little Falls, Wisconsin	US
S3-102522446	Simon Services LLP	Plot No- 50, Baripada, Mayurbhanj, Orissa	India
S3-237370255	[Services] Signature Digital LLC	Carol Pkwy, Kettering, Ohio	US
S3-805821993	Kandace Ward, P.A., DDS Inc	5209 Washington Street, Indiana, Indianapolis	US
S3-766469165	The Strategic Highland Inc	58731- Mcneill Rd, Union, Oregon	US
S3-197328747	TRADING SMS VEHICLES PVT LTD	Flat No. 2516, Thane, MH	India
S3-705793380	johrifarmnoor.com	#G-972 B-16, Johri Farm Noor Nagar Extn. Jamia Nagar, New Delhi, DL	India
S3-124238386	Mr Myra (India) India Infratech Private	4/612, G1, Voc Street, Omr, Kottivakam, Perungudi, Chennai City Corporation, Kanchipuram, TN	India
S3-29813576	Classic Dynamic  Gesher	##356 Waterlynn Rd, Mooresville, North Carolina	US
S3-631906242	private indian investment limited	#5/3, Padassery, Ellumannam, Wayanad, Mananthavady, Keralam	India
S3-339734079	South Finance कंस्ट्रक्शंस प्राइवेट लिमिटेड	L 1106 Adriana Downtown Palava City Phase Ii Sec 26 Kohni Kalyan Dombivali, null, Thane, MH	India
S3-211715143	Standard Biomedical	215 Roberts Street, Canastota, New York	US
S3-911305495	ग्रेट कंसल्टेंट्स हार्डवेयर प्राइवेट लिमिटेड	C-5/53 Safdarjang Development Area, New Delhi, DL, New Delhi	India
S3-840495215	Al Exports Private	S.no. 218/2A-2C, Pnd Shop No.1 Ganesh Apt, Bhusawal, Jalgaon, Sakegaon, महाराष्ट्र	India
S3-643475865	Optva Blue Oncology Holdings	Chicago, 329 Albany Ave, Illinois	US
S3-194278087	hamlin árcelormittal llc		US
S3-8163509	Ravianth Promoters Private	MH, Mumbai, 16 Olympus Industrial Estateoffr Mahakali Caves Rd Andheri East	India
S3-799624324	Doro Olson Direct Compass		US
S3-412478415	Upper Fields (Corp)	900 Briar Ridge, West Des Moines, Iowa	US
S3-330489203	Syndynex Trústed Blackrock LLC	225 Florida Avenue, NULL, Washingtoncity, District of Columbia	US
S3-859532064	>> Ana Memorial Overseas Trust	Houe No. 566, Gurgaon, हरियाणा	India
S3-267225102	Myers-Enterprises Holdings	9107 Reed Dr, # 29, Emeral ISLE, North Carolina	US
S3-845020977	Devva Care Private Limited	No 4, Second Street Heachandra Nagar, Minjur, Thiruvallur, TN	India
S3-36372625	Corp Son & Hamad	16815 Poplar Hill Street, Houston, Texas	US
S3-35885295	@laus	00330 Cedar Road, Clear Lake, Minnesota	US
S3-982864935	Rajgarh Inedbia (Índia) Pvt Ltd	Door No A-103 Johri Farm Extn. Okhla F/f Kh. No. 454/181 Near Ilka Shopping Complex, New Delhi, Divreportingcircle, South Delhi, DL	India
S3-460691497	lvory  Nevins Solutions [Inc]	328 Blalock Drive, Sevierville, Tennessee	US
S3-510894154	Gray, Karoline Direct Crescent Llc	Ohio, 1205 Third St, Dover	US
S3-142747112	Coastal Coalition LLC	0030160 Lofton Ave, PO Box 1041, Chisago CITY, Minnesota	US
S3-90209401	Sweet Auto Body! Center	214 Chestnut Street, New Bedford, Massachusetts	US
S3-781778854	csilverboxclinic.com	1009 Timberlake Rd, Elsmere, Kentucky	US
S3-39588184	Armistead and Lloyd	67-5 Selfridge St, Rego Park, New York	US
S3-539654779	Turner  Finance Private Limited	#24, Panvel, Raigarh(mh), MH	India
S3-451624942	Msfargo.Com	4934 Prestonwood Rd, Perrysubrg, Ohio	US
S3-234416384	Greene Knapp and Roth	115 Point Pl, North Carolina, # 104, Mooresille	US
S3-941320104	everts & walker inc	Nashville, # 631, Tennessee, 200 Hillside Cottage Lane	US
S3-783126795	Broadband Chemicals Private  Limited	Basement (Lower Ground Floor), Building No. 5, Block A-5, Paschim Vihar, New Delhi, West Delhi, दिल्ली	India
S3-418794672	mumbaisolutions.com	Block D-792 F 2 B 3 Sector 9 Vashi, Mumbai, Mumbai City, MH	India
S3-798520402	Pyraarcx F/K/A Mathes Reliable Alpine	300 Cummings Avenue, Bartlesville, OK	US
S3-363819080	Lee Grimes ánd Topper, Salon Northside	1713 Main Street, Center Township, Iowa	US
S3-104868844	Halcanco Manufacturing  Inc.	21 Davis Ridge Rd, Harfords Point Twp, Maine	US
S3-627197188	Blue Technology Private	No 402 Ramkrishnabhavan, Agra Rd Sahajanand Chowk, Pune, Thane, MH	India
S3-354575502	Titan LLC	2555 Annie Road, Paulden, Arizona	US
S3-39474544	At1antic Alliance	2021 Jasper Blvd, Kaufman, Texas	US
S3-885680116	New  Life Methodist Church	Pennsylvania, East Pennsboro Township, 303 Erford Rd, <NULL>	US
S3-905710420	Daisy Srganh	Ground Floor And First Floor, 32, J Block, Sriganganagar, Ganganagar, RJ	India
S3-309501090	Division Of Veterans Affairs Co	41-17 68 Street, Woodside, New York	US
S3-850261723	Cox Móney LLC	65 Pleasant Street, # 2, Hudson, Massachusetts	US
S3-564232887	Surat Dredging Limited Services	Shop No .G-52, Surat, Kim, GJ	India
S3-18532307	Horizon Blackstone	1601 Mars Hll Dr, Unit 26, Dayton Townshp, Ohio	US
S3-621607305	Mccall, Law and Washington Co	3893-D Ridgeway Drive, Los Alamos, New Mexico	US
S3-942781577	Prairie Group	Tennessee, #89 Chisholm Lake Spur Rd, Ripley	US
S3-17843553	Jain-Exports Limited	ਪੰਜਾਬ, Ludhiana, 1718/17A/3, Fatehgarh Mohalla, Gali No.3, Gandhi Nagar, Ludhiana, No. 780 B-ii	India
S3-180367003	Mount Émanuel Enterprises		US
S3-125620079	Pasea Pasea Capital Westgate Llc	5936 Adobe Road, Twentynine Palms, California	US
S3-843748942	Flossi Melville DOY Services	4392 Thomas Jefferson Road, Virginia, Bedford County	US
S3-58090666	Pristine Trading Private	Gat No 566, Dube Nagar, Corner Haveli Pune, Haveli, MH	India
S3-711602897	Solarcsol	11465 Old Wire Road, Rogers, Arkansas	US
S3-239273110	Pediatric Dental Diamond Care Westgate	# 105, 12 75nd St, Ocean City, Maryland	US
S3-215179046	Primary Care Asoicates LLC	821 Fairway St, PO Box 8284, Bethalto, Illinois	US
S3-664703062	Classic Group Inc Service	##732 Farnsworth Ave, Aurora, Illinois	US
S3-606682330	Massaro Corporation Service	730 Schnier Drive, # 5, Columbus, Indiana	US
S3-697309378	रियल इंफ्रा प्राइवेट लिमिटेड	Patna, Flat No -1B, Patna, बिहार	India
S3-563475843	Oakley, Day and Dorman  Partners	234 Oakstone Dr, Georgetown, Texas	US
S3-943427405	jewelyazzieamerican.com	1245-C Country Club Dr, Maggie Valley, North Carolina	US
S3-581360495	Dr Acharya Trading Public Limited	90/12, 1St Main Garden Vilas Nagarbhvi Min Road, Bangalore, Bangalore Urban, ಕರ್ನಾಟಕ	India
S3-723919049	OPTFLOIA RIVER INC	505 Iowa Ave, Essex, Iowa	US
S3-514962356	Lakshmi Infrasftrrcture  LLP	Gut No 8 Sindkhed Raja Road Pimpalner Area, Buldhana, Deulgaonraja, महाराष्ट्र	India
S3-116665624	Mumbai Advisors Private	B - 29, Park Avenue, Markandeya Padmashali Chs Plot 34, Near Rto, Ambivali, Andheri Wes, T, Mumbai, Mumbai City, महाराष्ट्र	India
S3-778995481	LLC American Choice Dental	414 Spring St, # Apt 2, Hot Springs, Arkansas	US
S3-798234760	Internal Medicine Associates of Wendell	754-758 Ambrose Hill Ln, Wendell, North Carolina	US
S3-169550697	ಟೆಕ್ ಸ್ವಸ್ತಿಕ್ ಇಂಪೆಕ್ಸ್ ಲಿಮಿಟೆಡ್	Building No.1, KA, Bangalore Urban	India
S3-168683818	గోల్డెన్ డిజిటల్ పవర్ ప్రైవేట్ లిమిటెడ్	Flat No. 1010, Block 5, My Home Mangala, Serilingampally, K.v.rangareddy, TG	India
S3-959881110	Hoffman's Rapid	397 High St, Hagerstown, Indiana	US
S3-140617916	SCT	WV, Parkersburg, 2819 Pike Street	US
S3-351228405	Prime Guru Jewellers Limited Center	Flat No.04, Ambarnath, Thane, MH	India
S3-69837746	Corp Commercial Payment Labs	633- Coppell Road, Unit 2102, Coppell, Texas	US
S3-334285350	Nisse Rice Home Highland LLC	2261 Hunts Frrk Road, Hurley, Virginia	US
S3-459404957	Partners Mountain Worldwide	N6266 1/2 Forest Road, Town Of Calamus, Wisconsin	US
S3-179186175	(LLC) J/A Era,	2049 Oakely Ave, Kansas City, Missouri	US
S3-29896826	Robinson Brown and-Billings Group	Newport East, Rhode Island, 10 Pocahontas Dr	US
S3-288968019	Bureau of Finfnace Co	3433 7th Ave, Sioux Falls, South Dakota	US
S3-65094669	HELIOS	Beaverbrook Drive, Akron CP, Ohio	US
S3-182710057	Perot & Móore, LLC	2215 Rolling Hills Dr, Dallas, North Carolina	US
S3-764949655	Finance	113, East Vannier Street, West K.K.Nagar, Chennai, Tamil Nadu	India
S3-46578390	Mr Pnk Line	H.no 223 Everest House 3, Daskroi, Ahmedabad, GJ	India
S3-577060316	D0w and Campbell	7249 1/2 Hall Crossing Drive, Herriman, Utah	US
S3-514521875	Quogild aka KN Pe	A-404, Haveli Resi Com Plaza, Opp Royalvilla, Behind Airforce, Makarpura, Vadodara, Gujarat	India
S3-717582665	UQN Solutions Holdings Private (Limited)	No #75 C/o Pathan Fairdullakhan, Husenkhan Bekatekari, Ahmedabad, GJ	India
S3-416104788	Lee Rapid Colombier Inc	108440 Surfer View Drive, Checotah, Oklahoma	US
S3-368215730	Golden Massage	649 Clay Street, Decatur, Illinois	US
S3-89086395	The Paquette West Inc.	Union Ave, Chicago, Illinois	US
S3-257303426	अरिहंत फूड्स प्रा. लि.	48C Zamrudpur, New Delhi, DL	India
S3-725004442	St. Synagogue Inc	15028. Central Park Avenue, Midlothian CITY, Illinois	US
S3-465734507	Dorelia's Advertising Co	3726 193rd Place, Lnsing CITY, Illinois	US
S3-762750250	Cobalt [Studios]	424. Fishers Peak Rd, Grayson County, Virginia	US
S3-87570883	Suki-Margo Pacific (Ltd)	2731 Woodthrush Ct, Hiawatha, Iowa	US
S3-676972594	Horizon Consultants Apparel Clinic Midtown	170 High Street, # G3, Hebron, Ohio	US
S3-579565529	Buller Bay Sciences Center Co	413 Greenwood St, Springgfield, Missouri	US
S3-219386528	Shri Vasuprada Infotech  LLP	കേരളം, Thrissur, C/o Ramsath K P Alungal Tsr Chavakad	India
S3-322668156	Ansari Trendz Private	B-1/354 Janak Puri, New Delhi, West Delhi, DL	India
S3-333198862	रेड एंटरप्राइजेज प्राइवेट लिमिटेड	Block G-51- House No. 317, Block-a&b, Rahul Garden, Loni, Behta Hazipur, Ghaziabad, UP	India
S3-939735667	Solveo doing business as Banadurga Services Limited	H.No. A-6, Ground Floor, Vivek Vihar, Phase-Ii, East Delhi, Delhi	India
S3-324536147	Division of Parks  and Recreation	2781 Western Avenue, Town Of Jackson, Wisconsin	US
S3-901121429	[Inc] Foster Fannnie	62 Columbia St, Adams, Massachusetts	US
S3-325714013	FM  Pineapple Inc	10511 63rd St, PMB 9878, Vancouver, Washington	US
S3-939904281	Delight Exports Ltd	# 2734, 14Th Main, E Block, Behind Swathi Gardenia, Sahakara Nagar, Bangalore, Bangalore Rural, ಕರ್ನಾಟಕ	India
S3-185790208	Om Foundation Private	S. No 66, Pune, MH	India
S3-804092038	Cascade Churchill Partners	5220 Sugar Pine Dr, Montgomery, Alabama	US
S3-832009894	Mht & Sons Private Ltd	Cts No. 16035/B/2/2, Aurangabad, MH	India
S3-748798877	Lyraarcio d/b/a Arulmigu Polytechnic Company	No. 372, 1St Floor. Cabin No 106, Ws No. 1 6Th Cross, Golden Square, Wilson Garden, Bangalore South, Bangalore, Karnataka	India
S3-511558180	Awesome Trading  Private	F.no.404 And 405, 4 Th Floor Maithri Vihar Complex, Ameerpet, Hyderabad, తెలంగాణ	India
S3-613267574	Renderos Platinum Staked Ínc	26063- Base Line St, # UNIT 10, SA Bernardino, California	US
S3-850453408	Dr Marine Cnc Exports Pvt Ltd	14St Floor, 46/3069C, Samuel Son Tower, Sobha Road, Ernakulam, Keralam	India
S3-248738800	The Prime Health Group	302 Quartermaster Dr, Sanford, North Carolina	US
S3-529263046	Sg Ghar	Site No. 10, Old No. 2, 11Th Cross, First Floor, Raghavendra Layout, Bangalore South, Bangalore, KA	India
S3-743584741	Aviyumavio Formerly Cozy Tavern	13252 77th Avenue, Peoria, AZ	US
S3-325213007	TEMPLE METHODIST CHURCH EASTCHESTER CORP	96 Joyce Rd, Eastchester, New York	US
S3-243605745	Sri Manohar Appliances (India) Pvt	A-77 Ground Floor, Sehrawat Estate, Sector -7 Palam Extn, Dwarka, Near Ramphal Chowk, Nea, R Gold Gym, New Delhi, DL	India
S3-985995970	Dr Simplex Evohet (Evohet)	Ground Floor, New Delhi, North Delhi, DL	India
S3-614161266	Primary Care  Horizon	#6848 Trovita Way, Citrus Heights, California	US
S3-559038671	pabst galaxyedge	3312 41st Street, PMB 4023, Lubbock, Texas	US
S3-843933865	inc h w escobar otg	4932 Winding Timbers Cir, Humble, Texas	US
S3-616207215	Township Landspace LLP	1-0/79, Ernakulam, Kochi, Keralam	India
S3-930908850	গোল্ড বিজনেস প্রাইভেট লিমিটেড	G-04, C.f.b, Shilpangan, Lb-1 Sector- Iii, Salt Lake City, Kolkata, Howrah, পশ্চিমবঙ্গ	India
S3-752772662	स्वस्तिक इंफ्रास्ट्रक्चर प्राइवेट लिमिटेड	D-27, Flat No-4 F/f Rajouri Garden, West Delhi, New Delhi, DL	India
S3-645089969	avrit whiteman patriot connection llc	404 Tryon Dr, Goldsboro, North Carolina	US
S3-785858557	Wollard Silver	212 Oak Park Ave, Unit # 2EE, Oak Park Township, Illinois	US
S3-343632632	Urology Care Associates Lakeside Co	123 Silver Pine Drive, Laurel Park, North Carolina	US
S3-322898174	Pune City Buildwell Private Limited	Office No 12, 1233/C, K G Mansion, Apte Road, Opp Kohinoor Hotel, Pune City, Bhandarkar Road, MH	India
S3-884074860	Page Four Ahssoaites (Group)	Birmingham, Alabama, 2182 Grants Mill Rd	US
S3-250536983	OW-Research	123 Westview Street, Forest City, North Carolina	US
S3-787100081	Community Services Corp	281-285 Montrose Avenue, null, Essex, Maryland	US
S3-372653922	Avicaloveo aka Dermatology Physicians of Holly Ridge LP	184 Tar Landing Road, Holly Ridge, NC	US
S3-193781924	Perrin Solutions Llc		US
S3-530107911	K+  Pimco	22-24 Autumn Ln, Amherst, Massachusetts	US
S3-701301535	BT	73, Singanna Street, Madras, Chennai, Tamil Nadu	India
S3-209396331	Hartman China Service		US
S3-742921235	(Holdings) Mejia Gaming,	Kentucky, 472 Riverbend Rd, London	US
S3-524782410	Clyus Consulting Clcnc	4504 Vel View Ct, Spokkane, Washington	US
S3-83653959	North Pioneer Constructions	Indore, MP, 301 Shree Vardhan Complex 4 Rnt Marg, Indore	India
S3-379265170	Kozhikode Limited Center	61/4711 - A, Calicut, Kozhikode, KL	India
S3-930945712	YV Trade Private Ltd	G-404, Tirumalagiri, Hyderabad, తెలంగాణ	India
S3-656689436	India  Cinnamon Infrastructure Limited	7-100/44/Srkr/301, Nizampet, Hyderabad, Tirumalagiri, TG	India
S3-755653137	Jai Engineering Pvt Ltd	No. ##25 B 510, Mumbai Suburban, MH, Mumbai	India
S3-464309790	Va1labha Memorial (Trust)	Door No 102-105 Business Centre, Rajkot, GJ, Rajkot, 1St Floor Dekiwadiya Hospital Building, Canal Road	India
S3-382713933	Happy Bsitro		US
S3-910231447	Fayre Kng Superior Homes Inc	0443 17, Crossville, Alabama	US
S3-369356211	Edge Sdasn Private Limited	211/I B, Delhi, Gali No 4 Padam Nagar Kishan Ganj, DL	India
S3-683806905	Painters Local 420 Union	3229 Old Lexington Rd, Winston-Salem, North Carolina	US
S3-604013469	General Robotics Partners L.L.C.	02210 Wildwood Crossings Dr, Birmingham, Alabama	US
S3-460838034	Urology  Sterling Clinic		US
S3-368460950	BLUE VENTURES PRIVATE LIMITED	Door No 00946 4/74, Vikas Nagar, Rampur, Lucknow, UP	India
S3-323445093	Consuela Mateo Silver Fuse Summit LLC	2734 Twelfth St, Omaha, Nebraska	US
S3-461968451	RM	1165 Eastridge Road, Atlanta, GA	US
S3-644940510	Keshav Kalyan Prívate Limited	Flat No. 4401, Gyan Shakti Apts. Sector -6, Plot No.7, Dwar Ka Ph. I, New Delhi, DL	India
S3-214773216	MODERN ESTATE PRIVATE LIMITED	H.no 917 30A, Rishi Udyan Colony, Phase ? I, Lucknow/lesa, Lucknow, UP	India
S3-770141930	Metro Elite Group	Virginia Beach CITY, Virginia, ##137 -108 Runaway Bay Dr	US
S3-232725707	Jones Pediatrics	1118 Touchet Road, Dayton, Washington	US
S3-670677682	Aguilar Commerce Matthews  &		US
S3-642920117	Supreme Marketing Pvt Ltd	8-2-268/1/A/7, Plot No-339, Arora Colony, Khairatabad, Hyderabad, Andhra Pradesh	India
S3-702403754	Primary Care Care Premier Physicians L.L.C.	7303 17th Avenue, Hyattsville, Maryland	US
S3-54460351	EAST BEST BOA NORTH L.L.C.	H 316  Snowpine Village, Great Valley, New York	US
S3-282782596	Drexveo Co dba Physical Therapy Care Associates	4742 Regent Street, Indianapolis, IN	US
S3-123569381	Tuljai Brothers	House No. 223 Ta Chandur Rly Dt Amravati Nimgavan, Amravati, MH	India
S3-629765862	Zonda, Williams, Continental Industries East	2936. Scottish Pike, Knoxville, Tennessee	US
S3-254522778	Bay American  Spartacus East Inc	808 Dean Lee Dr, Baton Rouge City, Louisiana	US
S3-995921025	Rohini Private  Limited Center	E - 2/15, Model Town 1, 3Rd Floor, Delhi, North West Delhi, दिल्ली	India
S3-968308471	বোম্বে লজিস্টিকস টেক্সটাইলস প্রাইভেট লিমিটেড	#994 P.s Srijan Ozone 2064, Kolkata, Parganas South, WB	India
S3-625190900	Sherwood, Adams Hancock Services Clinic	107-109 Hillcrest Rd, Lansing, New York	US
S3-393108260	Sri ... New Limited Services	C-6-3-668/10/42, null, Punjagutta, Hyderabad, Andhra Pradesh	India
S3-726357182	Prime Diagnostic East LLC Partners	5911 Greene Street, Charlotte, North Carolina	US
S3-28080147	0ptimal Innovative Ablbno LLC	3412 Cheek Rd, North Carolina, Durham, N/A	US
S3-474797503	Northside Building Foundation Asset	340 17th Street, Chicago Heights, Illinois	US
S3-128262704	verrosmuniho1dings.com	3047 Greene St, Lake Station, Indiana	US
S3-476901986	Better Jóínt	11710 Astoria Drive, Austin, Texas	US
S3-511587909	Fayekor	H.no 659 Ground Floor, Plot No. 15 Vip Colony, Nayapalli, Bhubaneswar, Khordha, OD	India
S3-367052311	Peridelle Futurewave Incorporated	3400 Oriole Ave, Chicago CDP, Illinois	US
S3-87959295	Lumvio+	9552 Fairway Ridge Road, Charlotte, NC	US
S3-452504277	Interstate Logistics, (Inc)	2028 Oliver Falls Lane, Wendell, North Carolina	US
S3-383299560	Belovantage One a/k/a Rpn Institute	Bangalore, Bengaluru, Karnataka, Shravanthiplaza#53, 2Ndfloor, 33Rdacross, 16Thmain, Jayanagar4Th'T'Block	India
S3-280752805	प्रीमियर पावर लिमिटेड	C/ojayram Meena, Jaipur, RJ	India
S3-88317059	Bramha Chemicals Prie Limited	1976, Gurgaon, Gurugram, HR	India
S3-137340761	Vanya Dodson Horizon Management Partners Corporation	255 Main Avenue, Norwalk, Connecticut	US
S3-396101977	West  First Fifth	1340 Maryland Ave, Springfield, Missouri	US
S3-572168000	Bay  Elite	1953 Apollo Circle, Brownsville, Texas	US
S3-325851644	Arcxylo	607, Center Plaza, Daftari Road Shiwaji Chowk, Malad (East), Mumbai, Mumbai City, Maharashtra	India
S3-710165017	Private Learn Glazing Limited	Ghaziabad, Office No. 45, उत्तर प्रदेश	India
S3-654960748	Advanced	5607 246th Street, Ridgefield, WA	US
S3-485222128	Ear Nose & Throat Speciantiss Group	331 Center St, Goshen, Indiana	US
S3-540335041	Heritage Convertbie LLC		US
S3-562460845	My Systems Private Limited	H.no 245, Bangalore, ಕರ್ನಾಟಕ, Bangalore	India
S3-643747530	flamingo brothers		India
S3-881317713	Deviant Intecnment Pvt. Ltd.	H.no 1219D Mulanur Road Semmadainachipalayam Karatuupalayam Post Vellakovil, Kangayam Tk Erode Dist, Vellakoil, TN	India
S3-285232837	Trateon Direct Twelve  LLC	125 Baptist Ridge Road, Hilham, Tennessee	US
S3-652967787	Trusted Grade  LLC	119 Smith St, Hicksville Village, Ohio	US
S3-983960356	एस बिल्डर्स प्राइवेट लिमिटेड	Mge-3 Tw-02/07 B, M3m Golf Estate Gurgaon, Bhondsi, Gurgaon, हरियाणा	India
S3-912709904	De1hi Fabricators Private Limited	##54 A2 /16Model Town, Delhi, DL	India
S3-870850326	Om Solutions-Priadet Limited	Dor No 32 D-310 A, Main Road Tehkhand, Okhla Phase-i, New Delhi, DL	India
S3-883806983	Baba Consulting Private [Limited]	2838, Hauz Kazi, Delhi, DL	India
S3-925863702	barabaniwide.c0m	C/o Prafful Manjhi, South, Dhadka, Holdingno1443, Bardhaman, Barabani, WB	India
S3-860687419	Bangalore Shikshan Pivrtlae Limited	##2, 1St Cross, Dodda Muthappa Garden Thavarekere Main Road, Bangalore, KA	India
S3-596786395	AGRO WELFARE SOCIETY	महाराष्ट्र, Gala No. 110, Mumbai Suburban, Bandra Suburban	India
S3-876123934	Erb Pmv,	8200 Lake Mountain Lane, Leander, Texas	US
S3-689224761	Roy'S Manufacturing Llc		US
S3-981197869	Cozy Bistro	37 Boston Rd, Sutton, Massachusetts	US
S3-663208246	Behavioral  Health Ffrsh Physicians, Inc	006401 183, Austn, Texas	US
S3-308228800	Espinosa Elite LLC Center	Appleton St, Menasha CPD, Wisconsin	US
S3-501076045	Sx-Ltd Partners	ਪੰਜਾਬ, Opp. Pudda Market, Jalandhar, Shop No.##1, Jalandhar	India
S3-652595355	Nieto  Certified Diagnostics LLC	##5320 1st St, Crosby, Texas	US
S3-215965899	Continental Fellowship	498 Oak Ridge Dr, Hartland, Wisconsin	US
S3-946774031	One Constructions Solutions	030, Jaipur, राजस्थान	India
S3-539609567	Sh0ck Asset Building	West Virginia, Shock CITY, ##147 Walnut St	US
S3-594039593	Brixzeph DBA Lower Frontier Express LLC	TN, Lebanon, 2676 Leeville Pike	US
S3-776069634	Phillips, Shín & Jarrard Inc.	240 Carroll Road, Wilsonville, Alabama	US
S3-563078456	indrakshpharma.com	Mumbai, MH, 554 C 1102	India
S3-748813796	#Siliguripublications	Plot No 427, <NULL>, Darjeeling, Champasari, WB	India
S3-209235387	Smart Foods LLP	C/o Bindeshwar Singh Sadbhavana Nagar Kachchi Pakki Roda, Atardah, Muzaffarpur, बिहार	India
S3-990468229	Nicholle'S Jawoelers	1910 Kenwood Drive, <NULL>, Duluth, Minnesota	US
S3-449233819	Raglin and Freeman [Ínc]		US
S3-45323358	Peridance  Paper	9911 Deepwood St, Mesquite, Texas	US
S3-944716559	#Smartunited	Indiana, 998 Shady Dr, Greenfielld	US
S3-882914623	Scenic Vte Exports  Limited	D 705 Parsvnath Greenville Sector 49, Sohna Road, Gurgaon, हरियाणा	India
S3-816521128	Private Subhlakshmi Infrastructure Limited	#456, 18Th Main 4Th'T'Block, Bangalore, <NULL>, ಕರ್ನಾಟಕ	India
S3-696667546	Lowe's Lowe's Services	1751 Shady Grove Church Road, Winston-Salem, North Carolina	US
S3-600525069	Hernandez, Anastasie MD	1633 Panorama Drive, Vestavia Hills, Alabama	US
S3-41813271	Lumfayedova	23017a 477th Avenue East, PMB 9217, Porter, Oklahoma	US
S3-908460327	Hattie Hussain PC Rre	2303 Skyler Dr, Fayeteville, Arkansas	US
S3-205122250	Anchor Dte Co	556 Woodbridge St, Cleaton, Kentucky	US
S3-23257883	Strategic Regional	2387 Pixie Ct, N/A, Concord, North Carolina	US
S3-562012570	Walley Heartland Fi Corp	4151 Calhoun 245, Hampton, Arkansas	US
S3-656820544	Beor Heritage Mae [Partners]	220- Washington St, Wheatland, Iowa	US
S3-587876434	Express Design Inc Services	40 Stuyvesant St, New York	US
S3-337708936	jonesvalleypaloma.com	1915-D 24st Avenue, Emporia, Kansas	US
S3-637233293	Cure Seafood	281 Winchesfer Dr, Springville, Utah	US
S3-973365771	Shirlene Scott Alphabet Express	8 Bowie Lane, Waterville, Maine	US
S3-78231225	Delta Anchor LLC Interactive	Indiana, Nabb, 10533 362	US
S3-952864590	Kelozeph F/K/A CV Tours Private Limited	Maharashtra, Ishwardas Dharamshala, Khar (West), Shop No 5 & 6, 3Rd Road, Mumbai	India
S3-107950555	Value  Best	3815 16th St, Unit 1330, Northeast, Arizona	US
S3-280284219	Bay Vanguard Therapy	Country Green Rd, Tennessee, Memphis	US
S3-621818397	Hari Galaxy Cónsulting Private	Near, Railway Crossing Jhotwara, Jaipur, RJ	India
S3-700231434	Scholarship Fellowship	356 Hillside Ave, Holyoke, Massachusetts	US
S3-773616613	Laxmi Infrastructure Private Ltd	8-1, null, Hyderabad, Andhra Pradesh	India
S3-958924542	Youth Astciatin	Minnesota, Plymouth, Ranier Ln	US
S3-668114806	Dr shree trading group	2/13, Chennai, TN	India
S3-9819970	Apex Asset PC Networks	Devitt St, Fort Worth, Texas	US
S3-287654792	Zetajaxxyloio f/k/a Consultancy Vijayam Bio Private Limited	Room No: 2/1106 Kodathippadi, Perimbadari Po, Mannarkkad, Palakkad, Kerala	India
S3-731358529	Physical Care Service	Ohio, 1546 Westwood Avenue, Columbus	US
S3-990942833	Wexdeltalum Formerly Mis Traders Limited	Flat No.402 Padmaja Jhansi Apartment Bhagya Nagar Co, Lony, Kphb, Hyderabad, Telangana	India
S3-486592219	Quinlan Classic Medicines [Holdings]	1508 Columbus Ave, New Prague, Minnesota	US
S3-666679344	લક્ષ્મી બિઝનેસ પ્રાઇવેટ લિમિટેડ	Shop No 232-233, Green Elina, Opp Sneh Sankul Ni Wadi, Anand Mahal Road, Surat, GJ	India
S3-667592465	Pham Rapid Summit (Group)	1338 Moore Ave, Tyler CITY, Texas	US
S3-985731402	Delta Preparatory ácademy	Grapevine, 2621 Eagle Drive, Texas	US
S3-867394584	vinayakram.c0m	010Th Floor, Badshahpur, <NULL>, HR	India
S3-594986512	Celestial Polytechnic	1201, Saltlake, North 24 Parganas, WB	India
S3-419069135	halcyon	3099 Trailwood Dr, Newbuurgh, Indiana	US
S3-907707028	Tirupati  Products Limited	238/11, Chitrakoot, Kanpur, UP	India
S3-342701185	Fintech Lifesciences Private Limited	No 26 Vill & P O Ketugram, Burdwan, Bardhaman, পশ্চিমবঙ্গ	India
S3-889268461	LP Keystone Blackstone,	5539 Turret Arch Ln, Herriman Town, Utah	US
S3-729267832	W 4 Z Víi Corp	14218 Breeland Park Ct, Sugar Land, Texas	US
S3-269576364	Sri Real Solutions-Private Limited		India
S3-553176058	Family Medicine East (LLC)	98 Saint Andrews Pl, Unit Apartment 2E, Yonkers, New York	US
S3-511346408	Private Unique Estates Limited	No 52 Sri.dashrath Prasad, Guru Sahai Coloney, House No-16, Khajpura, Patna, बिहार	India
S3-568182358	Montent Chadwick Inc.	Virginia, Brracey, 3134-3138 Highway Nine-O-Three	US
S3-301024107	Shweta Fértilizer Pvt Ltd	No 753 Ms-27/03 Bengal Ambuja Housing Complex, City Centre, Bardhaman, WB	India
S3-334743343	Evelina Arias, DMD, M.D.,	Tucson, Arizona, 5th St	US
S3-535281606	Umbraflux	Mumbai City, Mumbai, 9, Floor-grd, Plot-54b, Drug House V A Patel Marg, Grant Road, MH	India
S3-107275688	American Council, Group	2453 Melvid Court, Unit C, Raleigh, North Carolina	US
S3-974234595	Regional Council-LLC	13319- Paintbrush Drive, Sun City West, Arizona	US
S3-903713633	Prairie Montessori School Harbor	##235 Lakewood Dr, Lincoln, Nebraska	US
S3-782384377	Diksha International Center	C/o Sant Kr Jain S/o Kundan Lal Biradha, Lalitpur, UP	India
S3-546553274	Plasticsmedia.Com	No 1St Flr C Poonam Chambersbyramji Town Chhindwara Road, Nagpur Maharashtra, Dhapewada Dist Nagpur, MH	India
S3-414931956	Maa Projects Private	N- 0444 Vill-bishnupur Po-purba, Nadia, WB	India
S3-84437435	Lurleen's  Staffing	5721. Sayre Avenue, Chicago, Illinois	US
S3-736362460	All  Smart Launch-Llc	1852 Mountain View Place, Los Alamos, New Mexico	US
S3-876335138	ORTHOPEDIC PARTNERS LP Enterprises		US
S3-12432249	Pediatric Hegalsh	##1425 Coventry Ct, Darien, Illinois	US
S3-615820188	DEX Designs	Plot No. 1229, Jlpl, Sector -82, Rupnagar, S.a.s.nagar (Mohali), PB	India
S3-869020157	Mr hitech logistics private limited	Building No:17/290, Sree Narayana Gurudharma Trust, Mala, Thrissur, KL	India
S3-293004547	e t cordray rice	706 Jupiter Road, Unit 1808, Allen, Texas	US
S3-776214266	Hermina B. Michel, DMD, PC Uptown	4526-4530 Plainfield Avenue, Norridge, Illinois	US
S3-787135787	Valley Evo  Inc	5117-5119 Parker Ave, Chicago, Illinois	US
S3-997324655	prakash specialities ventures private limited	Door No 18/3, Nagpur, MH	India
S3-341961330	Nyladelta aka Precision Freight Laboratories	801 Bouldin Street, Baltimore, MD	US
S3-986827642	Anchor	20950 80, Wills Point, Texas	US
S3-113889410	Ltd Horizon Research Innovations	#18772 Lower Salt Creek Road, Lakehead, California	US
S3-624099305	Simon Sunrise	815 Golden Mountain Rd, Sparta, Tennessee	US
S3-830578375	Inc Interstate Partners Textile Southside	23338 St Charles Way, Sherwood, Oregon	US
S3-753922842	Verapyrasol t/a Pune Builders Private Limited	F.No.6, Aashiyana Vihar Co-Op Housing Soc Bhau Patil Rd Near Pune It Park Bopodi, Pune, Maharashtra	India
S3-671892763	Brewer, Amaleta, CPA,	4520- Cesar Chavez Blvd, Unit 2013, South Mountain, Arizona	US
S3-137806650	Jaipur Construction Private Limited	118 Shanti Nagar, Opposite Goyal House Main Ajmer Road, Jaipur, Niwaru Military Station, RJ	India
S3-614469482	Kent Biopharma	Margarita Rd, Rialto, California	US
S3-35225861	ईस्टर्न इन्वेस्टमेंट्स प्रोविजन प्राइवेट लिमिटेड	Houfe No 176, Pune, MH	India
S3-233089228	Smt asna (india) street overseas private private limited	Pl No: 239-Iii, Rd No: 78, Jubilee Hills, Hyderabad, తెలంగాణ	India
S3-656757501	Heart  Council Inc	5097c Thornleigh Dr, Inndianapolis CDP, Indiana	US
S3-637647381	Cardiology Specialists of Louisville Co	02213 Ash Ave, Louisville, Kentucky	US
S3-68547906	Northwind L.L.C.	7562 Baysweet Dr, Memphis, Tennessee	US
S3-483038653	Dixon And Seals Property-Solutions	#404 Wilson Rd, Conroe, Texas	US
S3-253560393	Deltanovinovi	2351 Appleton Dr, Dallas, Texas	US
S3-372230683	EAR NOSE & Throat Medicine OF Phoenix LLC	Phoenix, Unit 5, 1819 40th St, Arizona	US
S3-166030131	తిరుపతి టెక్ ప్రైవేట్ లిమిటెడ్	No.6/60, Gandhi Bazaar, Madakasira, Anantpur, Madakasira, Madaksira, ఆంధ్రప్రదేశ్	India
S3-430068368	Sonipat Buildings Private Limited	#135 B Jeewan Nagar, 856 Jiwan Nagar, Sonipat, Sonepat, HR	India
S3-187418504	Purti 8everages Private  Limited	Pimpri Chinchwad, MH, Pune, #11A	India
S3-632713634	Ernakulam Center Pvt Ltd.	Corrazone 21/152, Panadans, Cochin University Road, Kochi University, Ernakulam, Ernakulam, Kerala, India, Ernakulam, KL	India
S3-266521668	ड्रीम प्रोड्यूसर प्राइवेट लिमिटेड	H.no 667 A Wing 201 Sun Moon Apart, S V Road Jogeshwari West, Jogeshwari West, Mumbai, महाराष्ट्र	India
S3-439495263	friedrichbrightmicro.com	4113 Bonaparte Blvd, Midwest City, Oklahoma	US
S3-347554538	National Charter School Ltd	21502 Cole Mountain Ter, Loudoun County, Virginia	US
S3-795741016	Arihant	Rs No 453/2 Krupa Bunglow, Yashwant Colony, Karvir, Kolhapur, Maharashtra	India
S3-106343583	Jiang Drugs	3009 Wilkins Peak Court, South Jordan, Utah	US
S3-224532909	Nexay (Teucrium)	Kentucky, Frankfort, 857 Louisville Rd	US
S3-291990548	Jay Creative Energy	17/18/1, Arpit Vihar Phase Ii Gupteshwar, Jabalpur, मध्य प्रदेश	India
S3-942986352	J I & Q Group Tsakos	9622 3 Avenue, Brooklyn, New York	US
S3-354849815	Dharuhera Solution Private Límited	House No-11 Azaad Nagar, Rewari, Dharuhera, HR	India
S3-789353877	Healthcare Galaxy Private Limited Services	C-01/2, Tharad, Banas Kantha, GJ	India
S3-107322408	rais payment payment	116 R Burkhall St, Weymouth, Massachusetts	US
S3-433937306	Elsy's Partners	##640 Mary'S Pond Road, Rochester, Massachusetts	US
S3-515906556	Blue Investments Limited	Girgaon Mumbai, महाराष्ट्र, Flr-g, Plot-80/84, Swadeshi Mill Building Jagannath Shankarsheth Marg, Cha, Rni Road, Office No. ##112, Mumbai City	India
S3-739071946	holdings jones pacific joint	687 Birch Avenue, Los Banos, California	US
S3-837215006	Joo-Wholesale LLC	11500. Cochise Dr, # UNIT 1077, Scottsdale, Arizona	US
S3-580325007	Cozy Bike Shop Services	3300 Southorn Oaks Dr, Bloomington, Indiana	US
S3-250131594	Meridian Ingredients Highland Llc	5735 Lawrence Orr Road, Charlotte, North Carolina	US
S3-918806324	Poudel and Wiggins Association Ínc	1921 Mcqueeny Cv, Round ROKC CITY, Texas	US
S3-759625536	Moira Sanchez Harbor Talon - 5423679826	Madison Street, Baltimore, Maryland	US
S3-281084593	Meena & Brothers Center	H.no 121, 1St Floor, 5Th Stre, Ezhil Nagar, Surapet, Ponneri, Tiruvallur, தமிழ்நாடு	India
S3-48786952	Behavioral Health Specialists Group	2212 Matthew Talbot Rd, Forest, Virginia	US
S3-738127184	Modern Retail Ventures	Friendswood CDP, Texas, 00618 Castle Harbour Dr	US
S3-274025362	Kumkum Drilling (India) Public Limited	Pune, Poona, महाराष्ट्र, Sno 49 Kelewadi Paud Road Nr More Vidhyala Kothrud	India
S3-680676175	Morris  and Sharma	972 Foxfire Road, Asheboro, North Carolina	US
S3-606150783	Certified Printing (Systems)	1128 Trailer Way, Bullhead City, Arizona	US
S3-903812224	హై న్యూ కన్సల్టెంట్స్ ప్రైవేట్ లిమిటెడ్	No 102, Hyderabad, Andhra Pradesh	India
S3-968976267	Ingenious + Brothers Pcrvaet Limited	House No. 695, PB, Mohali	India
S3-86467247	Green Technologies Pharmacy Prívate Ltd	S.no.d/71/3, Balaji Residency Flat No.01 Pimple Gurav, Pune., Pimpri Chinchwad, MH	India
S3-343526353	Scharf Rócky Brookfield Corp	8320 Congress Road, Lodi, Ohio	US
S3-853521904	Hisar Energy Córporation	#12 C/o Lakhmi Chand Satroad Kalan, Hisar, Arya Nagar, HR	India
S3-825243616	F 7 All Lending	# 115, 2602. Brinkley Rd, Fort Washington, Maryland	US
S3-209533980	-- Castellon Alanitlic Viking P.C.	3138 Touchman Street, Sacramento, California	US
S3-834265629	Smt Aquatech Rahul Private  Ltd	H.no 15121, Bangalore, Bengaluru Urban, KA	India
S3-919985954	M/s United Technology Porvtalt Limited	Hn 252 9, MH, Yashodeep Chs, Tilakwadi, Trimbak Road, Near Swimming Tank, Nashik	India
S3-61739004	Anderson Modern Systems Inc.	Indiana, Chesterfield, 134 Pick Ave	US
S3-78827696	Sri Mewat Advisors  Private		India
S3-297409312	techinfotech.com	Shop-322, Surat, GJ	India
S3-200900814	Dr Super Foods	F-68/b, East Delhi, Delhi, DL	India
S3-774921322	llc r g & v hospita1ity	113 Roberts Saint, Dothan, Alabama	US
S3-994182518	International Technolfyg Private Limited	5/215B/9, Hariom Tower, Ground Floor, Near Ganapathi Temple, Thrissur, Mukundapuram, Keralam	India
S3-135441609	Limited Mumbai Engineers Services	No.d900c9, 711 21Rd, Chitrakar Dhurandhar Marg, महाराष्ट्र, Mumbai, Plot#5	India
S3-414930541	BH  Prime	##57 Lake Dr, West Islip, New York	US
S3-366253998	Arihant Marketing	No 36, Bangalore South, Bangalore, KA	India
S3-839863345	north diamond blue inc	North Oaks, 18 Cherrywood Cir, Minnesota	US
S3-17365132	Hi Travel Private	17/143, Telegraph Road, Kanpur, UP	India
S3-431111017	Smt Deepa1i Marketing  Private Limited	##34-C Mitra Bhandu Nagar, Indore, MP	India
S3-561673416	WS Hydro	Waterview Lane, Terrell, North Carolina	US
S3-174940043	ZSV BABCOCK NORTH	#1226 Hodgson Street, Schenectady, New York	US
S3-307494855	Eastern Earth	2638 Clayton Arnold Road, Thompsons Station, Tennessee	US
S3-281848793	Purna Flour Private  Limited		India
S3-289566539	Summit  College Enterprises		US
S3-671887696	M/s Sj (India) Developers Piaet Limited	Mumbai, #2Nd Floor, Mumbai, MH	India
S3-928353169	ಬ್ಲೂ ಫೌಂಡೇಶನ್ ಪ್ರೈವೇಟ್ ಲಿಮಿಟೆಡ್	Bangalore, #D/39 Gm Arcade, KA	India
S3-18259864	Sol Advisors	A-5saket, New Delhi, South Delhi, DL	India
S3-339683145	LM CHEMICALS PRIVATE LIMITED	Rahul Park Sr No 116, Pune City, Pune, MH	India
S3-933712482	Royal Golden Storage  LLC	301 Timber Crek Drive, Round Lake Park, Illinois	US
S3-260556321	Shri Vijay Media Private	125 1869, Mainpuri, UP	India
S3-924780183	Ernesta  Pinter,	514 Larsmont Ridge, Two Harbors, Minnesota	US
S3-150772419	Aguirre Fresh Biomedical Clinic Ltd	0127 Upper Sassy Ln, Asheville, North Carolina	US
S3-766089224	Sharon, Sommers and Mackey Services	570th Ave, Cambridge, Iowa	US
S3-473367120	Strawbridge Academy Inc.	Oklahoma, Memorial Dr, # Suite 286B, Tulsa	US
S3-199789230	Happy Bistr0 Center  LLC	1230 Crippled Fly Ranch Road, Mount Hope, West Virginia	US
S3-900750481	R N Gilmore Bio Partners	2828 Cleveland Ave, Salem, Oregon	US
S3-872752642	Karnal Ltd Ventures Pvt Woven	# Mc 299 Ground Floor Chd City, Karnal, HR	India
S3-514462566	Bhendwad Belgaum Readymix  Private	C/o Suvarna Shivanand Kiranag, Kiranagi Nivas 10Home, Kiranagi Totad Road Railway, Bhendwad Belgaum, Belgaum, KA	India
S3-20830671	Deedee Mfre Express Wave	3717 Eyrich Rd, Cincinnati, Ohio	US
S3-810371208	Douglass  Worldwide	2944 Kingwood Pike, Morgantown, West Virginia	US
S3-343241353	Pediatric-Dental Health of Aurora	48, Floor 0, Aurora, Indiana	US
S3-748245753	Harper, Leena E., DDS, P.C.-Wichita M.D.,	912 Southerland Drive, Fl 0, Wichita, Kansas	US
S3-2213525	Lancaster Mobility  Partners	18815 18nd Pl, Lynnwood, Washington	US
S3-605757371	Misoft National Rénaissantcere	53 Mcatee Rd, Camero CITY, Montana	US
S3-545285539	M/s By-Ground Corp	H.no 810 216, Mumbai, Mumbai City, MH	India
S3-301719470	Private Eagle Esttae Limited	P 68A, Saidapet, Kanchipuram, TN	India
S3-743036275	Ame-Santillan Graf Inc	03775 226, Snyder, Texas	US
S3-93402322	Shiv Consulting	H.no.3-6-767, Flat.no.302, Anitha Towers Street No.14, Himayath Nagar, Hyderabad, TG	India
S3-359850996	Sanmay & Co	Booth No. 11-112, Derabassi, Mohali, ਪੰਜਾਬ	India
S3-692778080	Patriot Empire Fuse (Inc)	1411 Bowers Rd, Kearneysville, West Virginia	US
S3-850241907	India Bharaj Heights Pvt Ltd	No.83., 2Nd Cross, 5Th Main Road, Keb Layout, Ashwath Nagar, Sanjay Nagar, Bangalore, ಕರ್ನಾಟಕ	India
S3-437355533	Jar1yx 5mart, LLC	141 Los Cerros Street, <NULL>, San Luis, Arizona	US
S3-243753186	Samundra Academy Pvt Limited	Hn 278 Maa Uma Bldgopp Kadadganj Garden, Nagpur, MH	India
S3-122697016	Scott Neuberger Corp	4609 Gentle Springs Dr, Arlington, Texas	US
S3-750685358	pvhome.com	S. No. 0022, Pune, MH	India
S3-87907581	Indian Foods	Flat No.-t 102, 3Rd Floor, House No. 2A/416, Azad Nagar, Kanpur, उत्तर प्रदेश	India
S3-920801248	East Services Pvt Ltd.	Faisal Mansion, 8Th Cross, Bapuji Nagar, Shivamogga, Shimoga, KA	India
S3-186685910	>> Pioneer Exports Private	694 Dr No Old 43A, New 70, Appu Subbaiya Street, Vellore, TN	India
S3-42450799	Anchor,	204 Elm Ave, West Babylon, New York	US
S3-984130952	LS Holdings Services Services	New York, 1134 10st Avenue, Schenectady	US
S3-361834078	Supreme-Smart Montreal	5945 Ludington Drive, Virginia Beach, Virginia	US
S3-949391033	Shiv Internatonal  Limited	Plot No- B3/426/3245, N 426/3423 At- Lingipur, Bhubaneswar, Khordha, OD	India
S3-936590660	Tamma's Ínvestments	201 Heather Glen Dr, Radford, Virginia	US
S3-294439293	Medina, Metz & Keating		US
S3-693577976	Marquez Industries Corp	024906 Ivy Ln, Hollywood, Maryland	US
S3-870017173	JCG Infrabuilt  Private Limited	Sf B3/389/1 Codiya Park Road Kurumbapalayam, Coimbatore, TN	India
S3-545522875	Supply-Group	PB, Rajpura, Godown No.-5	India
S3-98562009	Jump Services Services	4, 1St Floor, Raja Bahadur Mansion, Ambalal Doshi Marg, 32, Apollo Street, Fort, Bombay, Mumbai, MH	India
S3-686622408	Shrinath Biotech  Private Limited	Sree Balaji Residency, Flat No 101, 4Th B Cross, Abbaiah Reddy Layout, Vignan Nagar, Bangalore, ಕರ್ನಾಟಕ	India
S3-423680090	Jarlance Sina-LLC	1213 Hillside Oaks Dr, La Vernia, Texas	US
S3-477306145	Jones Valuence-Inc	Mcginnis Rd, Marana, Arizona	US
S3-391321923	#precisionnational	Wichita, Kansas, 150 Thatcher Court	US
S3-787779314	જય હોસ્પિટાલિટી ઇલેક્ટ્રોનિક્સ પ્રાઇવેટ લિમિટેડ	I - 3193, New Textile Market 3Rd Floor, Ring Road, Surat, GJ	India
S3-417645562	Bright Clenaging Service!	83 Vestal St, Nantucket, Massachusetts	US
S3-541900883	Sunbright Research Pvt Limited	Plot No-171/966, Khordha, OD	India
S3-305352111	Amethi Innovators  (India) Pvt Ltd	1-H, Sulah Kul Nagar Bodla Road, Agra, UP	India
S3-846024710	Orthopedic Clinic Ínc	2507 Whipple Road, Spokane Valley, Washington	US
S3-517304260	Kolkata Buildcon	Room No.734, Kolkata, Howrah, WB	India
S3-188408431	Bradley, Lissi Beverage LLC	Jackson Boulevard, # 2W, Forest Park, Illinois	US
S3-130382649	NOVEUS ONFOLIO INC.	Tennessee, 7201 1/2 Clinton Hwy, Powell	US
S3-924401152	De1hi Pidbr Private Limited	Rzf-139, Third Floor, Kh No. 483, Gali No. 38, Sadh Nagar, Palam Colony, Delhi, DL	India
S3-613335484	Dossantos, Constancy F.,-D.O.	136 Sproat St, Middletown, New York	US
S3-584105846	Joseph Cross	5252 Ccleb Hill Road, Hillsboro, Ohio	US
S3-314713532	XU Figx	1107 2nd Street, N/A, St Paul, Nebraska	US
S3-257122208	Equinox Inc	27 Flat Top, Edwards, Colorado	US
S3-827595869	Irwin Veterinary	015100 Frederick Rd, Woodbine, Maryland	US
S3-439448924	royalcloudalliance.com	610-612 Vine Street, Wbeb City, Missouri	US
S3-684274576	FREITAG LIU SAFE ONEIM	175 Domeno Drive, Swannanoa, North Carolina	US
S3-192730384	Baba Trading Private	B 20/2, Bombay, Mumbai City, MH	India
S3-145749905	assetbuildingfellowship.com	6365 Sr 260, New Matamoras, Ohio	US
S3-982385562	Preferred Wealth (Concepts)	14138 Mcdermott Drive, Houston, Texas	US
S3-220793428	BU Uptown  Inc Center	7026 Helm Dr, Fauquier County, Virginia	US
S3-307209872	এইস টেকনোলজিস লিমিটেড	C/o. - Gold Shine Projects India Limited Suniti Road By Lane, Coochbehar, Koch Bihar, WB	India
S3-57914560	Fairfax County Cancer	Virginia, Fairfax County, 02511 Villanova Drive	US
S3-66751718	Dermatology Specialists Inc. & Co		US
S3-280759477	Optimal Realty Nétworks LLC	7629 Hidden Cerek Drive, PMB 2572, Charlotte, North Carolina	US
S3-251270797	HDO Great Accounting Holdings	9909 Rowlett Woods Circle, Houston, Texas	US
S3-362072531	ஆதித்யா ஃபவுண்டேஷன் பிரைவேட் லிமிடெட்	H.no 10-10-26/7, Dindigul, Dinidigul District, TN	India
S3-593885516	Lumonyx Bright Guild Center LP	004017 Queen Avenue, Minneapolis, Minnesota	US
S3-902624764	Knight &  Wunder Associates Corp	California, 606- Eldridge Avenue, Vacaville	US
S3-404484908	DZA Technology Private	KL, Thiruvananthapuram, Trivandrum, Dotspace Business Center	India
S3-311808308	Ruiz Pipeline of Plymouth Group	1432 Reservoir Hill Road, Plymouth, New York	US
S3-430735740	@bodaex	Durham Township, 4001 1/2 Meriwether Dr, North Carolina	US
S3-938151261	Burke Dynámics LLC	3651 Sunnyside Avenue, Chicago, Illinois	US
S3-364274147	Harriman, Brooks & Armsni L.L.C.	State Route 503, Camedn, Ohio	US
S3-945500336	Shakti Agro Private Ltd	112-A, First Floor Chiranjiv Tower, 43 Nehru Place, Delhi, New Delhi, DL	India
S3-436388131	The Modern Commercial Labs Holdings	1369 Corbin Rd, Newton, Alabama	US
S3-159505543	MARLOW, DION K., DPM OF RIO VISTA	230 Logan St, Rio Vista, California	US
S3-830489604	Cancer Guild	Massachusetts, Attleboro, 668 Newport Avenue	US
S3-97539113	Holdings Unified Payroll Networks	Utah, 585 1075, Brigham City	US
S3-357152669	Ogden City Historical	3122 1900, Ogden, Utah	US
S3-319987864	Vision LLC Center	1864 3355, Salt Lake City Township, Utah	US
S3-831422795	Siegenthaler  Cardiology Associates Partners	384 Poillon Ave, Staten Island, New York	US
S3-758063564	Opel Welfare Society	C/o Mahendra Pal Singh Kharkauni, Allahabad, UP, Allahabad, NULL	India
S3-979757133	Aurora	North Carolina, Bladenboro, 508 Ashe Street	US
S3-71724236	Ventures Trove Pens LLP	U No 29 Grflr Newsatguru, Nanik In We Highway, Goregaon East, Mumbai, MH	India
S3-691267392	Kaykay  Sarkar Clinic	WB, 102, Howrah, Ripon Street, Kolkata	India
S3-75689772	Hernandez & Savala  LLC		US
S3-116294622	Straight LLC Grill Edge	1001-1003 Old Route 66, Strafford, Missouri	US
S3-353878100	Silver Áspac Llc	3413 41rd Ln, Yuma, Arizona	US
S3-965011682	Quantyn  California,	Nashville, Tennessee, 254 Morton Ave	US
S3-15566256	NK Ádvisory Pvt Ltd	Banglo-03, Sindh Hind Hsg. Soc.sn.593/3 Lullanagar, Pune, Wanowrie, MH	India
S3-903297263	Prince Holdings Infratech Corporation	H.no 85 C/o:abhishek Kumar, Gurgaon, Dlf Qe, हरियाणा	India
S3-184260861	Bps Energy  Enterprises Private	Swagat Pelican, B/h Swagat Holiday Mall, Gandhi Nagar, B-1004, GJ, Gandhinagar	India
S3-31610797	CB Cleaning Sérvice Midtown P.C.	Maryland, Owwings, 9132 Woodland Way	US
S3-91797360	वन बिल्डर्स प्राइवेट लिमिटेड	16, Bhopal, MP	India
S3-663652167	anand (india) hotels private limited	Front Of Rajib Market College Road, Nayagarh, OD	India
S3-563929687	ಶಿವ ಆಲ್ ಇನ್ವೆಸ್ಟ್‌ಮೆಂಟ್ಸ್ ಪ್ರೈವೇಟ್ ಲಿಮಿಟೆಡ್	Bangalore, Bangalore North, 2Nd Behind Jindal Factory, 1St Flr 42 Mayanna Layout, KA	India
S3-455318636	Blue Chber LLP	A/p Manjri Form, Opp. Manjri Stud Farm Gate Taluka Haveli, Dist Pune, Pune, MH	India
S3-376176963	Stollings Controls Holdings	8128 Brighton Place Court, Houston, Texas	US
S3-608914442	green global tech, partners	Arlington County, 3372 Second St, Virginia	US
S3-769838460	Madras  Traders	##203 Vnr Complex, Hyderabad City Region, Hyderabad, Andhra Pradesh	India
S3-79243166	Palmer, Junahe, L.C.S.W., P.C. Partners	16606 125nd Ave, Renton, Washington	US
S3-297209349	Cure Massage Corp	27232 Big H Ranch Road, Culpeper, Virginia	US
S3-204348270	Martinez Investments LLC	0011232 100rd Avenue, Kirkland, Washington	US
S3-913915437	Dr Belgave Traders Holdings Limited Private	127-C, Salem, TN	India
S3-700538561	omega solutions private limited	H.no 6, Coimbatore, TN	India
S3-79702847	Owens  Granite		US
S3-240329798	Inc Legacy Pinnacle C0smetics	9367 Eagle River Street, Sterling Ranch, Colorado	US
S3-343118273	Gates-G. Ednerle, DO Co	414 Alamo Drive, Vacaville, California	US
S3-849504316	Private Suryarij Spun Limited	Fn203, Hyderabad, Tirumalagiri, TG	India
S3-273220655	Bennett, Emmi H., DPM Group	##1615 Sandatlas Dr, Saint George, Utah	US
S3-74446391	Digital Environmental Labs	2731 Jasmine St, Lebanon, Tennessee	US
S3-21314313	Verray Reit (LLC)	4607 1/2 Ridge Avenue, Halethorpe, Maryland	US
S3-832008731	Clarabelle Neill, L.C.S.W. Highland	226 100, Gibsonville, North Carolina	US
S3-699463355	Perry Veterinary Clinic [Ltd.]	3010 Greene Street, Carlsbad, New Mexico	US
S3-526813396	Pediatricqualityphysicians.Com	Texas, Dallas, PMB 2198, 12512 Rialto Dr	US
S3-594601084	Mountain Inc Services	1832 Washington Road, Waldoboro, Maine	US
S3-53105230	Lacombe Prairie Bright Of Yuma Ltd	13863 46th Drive, Yuma, Arizona	US
S3-97510900	Horizon Sterling Inc	Arkansas, 1465 Angeline Drive, Conway	US
S3-561037971	C1ark Hub	Rockford, Mill St, Illinois	US
S3-144514242	गोल्ड लॉजिस्टिक्स	1614, Floor 16Th, Plot I/823, 9/11 Prime View Khetwadi 8Th Lane, Girgaon, Mumbai City, Mumbai, महाराष्ट्र	India
S3-43801893	>> JARLIO NOBLE	5643 Burrage Avenue, Portland, Oregon	US
S3-694685522	Women Health Dynamic Associates Group	01724 Main St, Rose Hill, Kansas	US
S3-6959062	Gibson Enterprises	1800 Williamsburg Road, Unit 28C, Durham, North Carolina	US
S3-543013357	Madhavi Technology Pvt. Ltd.	D-42, New Delhi, West Delhi, DL	India
S3-730598124	राम सन एंटरप्राइजेज लिमिटेड	C/o-arvind Kumar S/o Sukhdev Makan No-##43 Makranw, Maudaha, Hamirpur, UP	India
S3-164513083	Marchione Cardiology	24506- Pistol River Loop Rd, Brookings, Oregon	US
S3-996431609	Life Producer  Private Limited	Shop No. 305, Mumbai City, MH	India
S3-723607365	Jal	H.no ##31, K No 24/1, Yellukunte (V), Bangalore, Bengaluru, ಕರ್ನಾಟಕ	India
S3-32734659	Pvt BN Coatings Ltd	Plot No. Sp-a-4 Ram Nagar, Wardha, MH	India
S3-385665030	Niharika Energy (India) Private Ltd	No #7, Pune, Pune City, MH	India
S3-315390010	babria group	#3881 Echo Farms Blvd, Wilmnigton, North Carolina	US
S3-626757713	Wang's Spa LLC	14180- Shadow Bay Drive, PMB 1176, Willis, Texas	US
S3-582330856	Ds & (Asslocats)	Door No C-832 3/5948, Hardhyan Singh Road, Dev Nagar, New Delhi, North Delhi, DL	India
S3-329359902	Quosol DBA Primary Care Legacy Medicine LLC	292 Cherrystone Loop, Buda, TX	US
S3-833215772	ड्रीम पावर लिमिटेड	No.8-11 Of 1 To 4, Bhaywanbhai Chawl Irla Society Road, Vile Parle West, Near Alfa Store, Mumbai, MH	India
S3-247568864	Carothers Innovative Therapeutics Incorporated	366 Houston St, Washington City, Pennsylvania	US
S3-882651530	premieragriculturalenterprises.com	001146 Moll Street, North Tonawanda, New York	US
S3-596615486	Cardiology Partners of Cardington Association	3611 Rd 169, Cardingtton, Ohio	US
S3-779717587	Bright-Industries Private Limited	5/245, Salem, TN	India
S3-364787350	Pristine Pharmaceuticals Overseas Private Limited	Rangareddy, Flat No: 103 North East Elegance, Hafizpet, Miyapur, No 03-1/Nee/108, తెలంగాణ, Hyderabad	India
S3-70542928	मां लक्ष्मी इंफ्रा प्राइवेट लिमिटेड	हरियाणा, Rohtak, Plot 416/1 1837	India
S3-688172276	Pediatric Déntistry Clinic LLC	4100 Yellowwood Road, Nashville, Indiana	US
S3-634035761	Pyragildx f/k/a East Chadwick PLLC	605 10th Street, Unit Apartment 302, Watford City, ND	US
S3-214053553	Clay Gr0up Westgate LP	Ohio, 4369 Lafayette Ct, Columbus	US
S3-810410982	Big  Diel! LLC	8050 Golden Vista Way, Antelope, California	US
S3-682333906	*** Washim  Illumination Private Limited - 7611501277	No #18 Co Gajanan Laxman More Ghota Tq Risod, Washim, MH, Washim	India
S3-152113695	Hankins Dental Ássociates	8260 812, New Bremen, New York	US
S3-21319140	Anjani Institute Of Technology Enterprises LLP	125 West Bhasyakaralu Road R S Puram, Coimbatore, TN	India
S3-462738717	Perez Supreme Art (Downtown)	Madison, PO Box 5654, Alabama, 109-111 Horse Tree Pl	US
S3-90177306	Orbilummira	1-3 C Indra Roy Road, Kolkata, Calcutta, পশ্চিমবঙ্গ	India
S3-93727346	Center Dingess LLC	Cary, North Carolina, 305 Indigo Dr	US
S3-801602539	Staff, Safeguard & Mangels Chirpiba	2045 Sunflower View St, Brookshire, Texas	US
S3-519381250	Mercury (Care)	2Nd Floor, Rajkot, GJ	India
S3-705296337	Susannah's Rapid Care Eye - 3202259411	15395 Lynford Crest Dr, Houston, Texas	US
S3-776655797	Re1iance Labs Overseas Private Ltd	01005, Ahmedabad, GJ	India
S3-122398992	Limited Balaji Índustries Automobiles	Door No 161, 1St Stage, 3Rd Phase, Woc Road, Shivanagar, Bangalore, KA	India
S3-393113017	X8 Energy Limited	No 30 B Weavers Colony, Dharmapuri, TN	India
S3-927217020	Gaba Bitumen Private Ltd	F No 106, Avni Siri Sampada Homes, Rangareddy, K.v.rangareddy, TG	India
S3-392539749	Mr Tulsi S0ns Private-Limited	Building No. Ii/d/527, Thrissur, Kuttamangalam Edathiruthy P O, Keralam	India
S3-313443919	rupeshknitfab.com	Plot No. 16, Mp's & Mla Colony Road No. 10C, Jubilee Hills, Hyderabad, ఆంధ్రప్రదేశ్	India
S3-382756039	D0de Chavez, B.  O.D. LLC	86-15 90 Street, Woodhhaven, New York	US
S3-991642737	Cordon and Henry	1840-B Octubre Drive, City Of El Paso, Texas	US
S3-907262983	Elizabethton Asset  Building Partners	179 Whitson Dr, Elizabethton, Tennessee	US
S3-630156578	Tavogild DBA: Pediatric Dentistry Certified Specialists, Corp	2891 Unity Pointe Avenue, Sacramento, CA	US
S3-211517464	Black Fúnd LLC	19 Talcott Road, Easton, Massachusetts	US
S3-533381181	విజన్ Projects Limited	No.20-12-623/d2, Bairagipateda, Tirupati (Urban), Chittoor, ఆంధ్రప్రదేశ్	India
S3-651913811	Voong Mícroelectronics Corporation	183 Avenue L, Wichita Falls, Texas	US
S3-131372643	Blue-Diner Valley	388- Forrestwood Dr, Manchester CDP, Tennessee	US
S3-305830692	Arcflux	Little Rock, Arkansas, 13111 Markham St	US
S3-863853742	Kb Steels [Cénter]	35A, Ground Floor, Block 9, Sector 73, Ssi Noida, Gautam Buddha Nagar, UP	India
S3-109998314	Priyanka Healthcare Pvt.	12, Thanjavur, TN	India
S3-483519263	M/s Hotel Foundation Ltd	Door No. 27-19-35., Vijayawada, Krishna, AP	India
S3-696092013	4167 Seventh Bnlenrad Management LLC	Saint Joseph, Minnesota, 320 10 Avenue	US
S3-306707562	Board of  Labor	1225 Fern Ave, Redlands, California	US
S3-750144335	বেস্ট ইঞ্জিনিয়ারিং প্রাইভেট লিমিটেড	No, 4 Sakharipukur, Sripally, Burdwan, Burdwan - I, Bardhaman, WB	India
S3-514108823	Ninth Prakashan	Shed No. 52 Ind., Area Phase Ii, Panchkula, HR	India
S3-337018761	Value Genomic Advisors LP	1009. Post Avenue, Alamogordo, New Mexico	US
S3-679351533	Vibrant & Center	C/o Suhail Ahmad, Daniyalpur, Tahseel Soraon, Soraon, Pratapgarh, उत्तर प्रदेश	India
S3-992648823	Birch Medical L.L.C.	001067 Knox Road 300E, Fl. 1, Galesburg, Illinois	US
S3-569926815	Vioavi	J-105, Near Binny Mill Circle, Bangalore, KA	India
S3-764565144	Nanette's 5upreme Services Ltd	45 Fall Creek Drive, Unit Unit 19, Branson, Missouri	US
S3-120782572	Commission Housing on	12402- Sunset Road, Cleveland CITY, Ohio	US
S3-895291273	Highland Opportguenty	0024554 Fraser Rd, Plainfield, Illinois	US
S3-246155489	सन कंस्ट्रक्शंस प्राइवेट लिमिटेड	House No. 605, Gorakhpur, UP	India
S3-332936295	Kanpur Dehat Mahal Private  Limited	C/o Satykanti, Kanpur Dehat, उत्तर प्रदेश	India
S3-67086942	Siri Brothers Prívate Limited	Vayu Â 616, Sy.no 79, Ele Room Â I, Near Hitech City, Madhapur, Hyderabad, Rangareddy, TG	India
S3-413182795	West Jórdan City Peak Bumrungrad	7223 Brittany Town Dr, Building 219, W Jordan, Utah	US
S3-682995762	Universal Private Limited Services	C/o Lakshmi Devi Sahu, Tikamgarh, मध्य प्रदेश	India
S3-109529398	Onco1ogy Legacy Physicians [Inc.]	Ohio, Columbus, 5491 York County Road	US
S3-386189815	Solfaye formerly known as Lyrelle Gaming	1422 Crosby Avenue, Bronx, NY	US
S3-45944409	Ciradeltafaye+ f/k/a Platonic Brothers Pvt Ltd	2Nd Floor, Darul Habib Complex Kampoo Road, Lashkar, Gwalior, Madhya Pradesh	India
S3-853430064	इंडियन विजय इम्पेक्स प्राइवेट लिमिटेड	6, Station Road, Sailu, Parbhani, Sailu, Parbhani, महाराष्ट्र	India
S3-955529052	tikamgarh events prívate limited	#00846 43, Bank Colony, Jail Road, Tikamgarh, MP	India
S3-725162469	Lewis's Consulting	873 Oneida Street, PO Box 9740, Fulton, New York	US
S3-21913233	Ramos Caaetile Infrastructure, Inc	Tennessee, Madison, Diane Dr	US
S3-510400674	Marathwada Polymer  LLP	Office No 107, 1St Floor, Bldg No C/10, Parasnath Complex, Anjurphata-mankoli Ro, Ad, Val Vg, Thane, Bhiwandi, MH	India
S3-329618347	Galaxy-Services	Welkin House, S, Hyderabad, Andhra Pradesh	India
S3-652601227	Hatfield, & Leake Lindsey	5094 791, Falls City, Texas	US
S3-637542737	Hsu Optimal Insight Greater LLC	417 Bridge St, # 2, Ashland, Oregon	US
S3-424168616	Wiseman Dynamic Etf Etf	206436 County Road 43, Woodward CITY, Oklahoma	US
S3-439982387	आदित्य इंडस्ट्रीज प्राइवेट लिमिटेड	UP, ##36, Allahabad, Industrial Colony Naini	India
S3-787361741	Russell, Talbot and Beverly Generation	Utah, Vernal, 0073 760	US
S3-650020389	Global Transpoltation American Riverside	Mobile, 245 Oklahoma Dr, Alabama	US
S3-116889975	Pvt. Synergic Inedia Ltd.	#264 Fl-104, S-7/26/1, Carnations Bldg-b, Near Nishane Manzil, Kondhwa B, Pune, MH	India
S3-337137453	Capital Piedmont Advisory-LLC		US
S3-556665703	Shri Lab Iron Corporation	Bg-14a, Lig Dda Flats Munirka, New Delhi, South Delhi, DL	India
S3-860660753	Reliable Environmental Global LLC	3455 Ridgefield Drive, Murfreesboo, Tennessee	US
S3-413297469	Supreme Pfpieties Sweets Private Limited	Xi.695 Chiravalel House Memmury P.o., Kottayam, Keralam	India
S3-846079259	NHDC Solutions Private Limited	Shop 022 B, Gold Field Plaza, 45 Sasoon Road, Opp. Wadia College, Pune, महाराष्ट्र	India
S3-139662055	Cardiology Cascade Care LLC Society	1501 Mcdonald Dr, Midwest City, Oklahoma	US
S3-498118662	Hodgin Endocrinology	169 Auburn East Ln, Coralville, Iowa	US
S3-868397091	The Dent Barbershop Ltd	00416 Country Club Road, # UNIT 17, Chickasha, Oklahoma	US
S3-477280605	Solutions Bloom Lánds		India
S3-712221169	Rajkot Hydro-[LLP]	Aashirwad, Star Villa-3, Suryodar Soc-1, Rajkot, GJ	India
S3-914007875	Pioneer Aerospace Innovations Greater LLC	7075 903, Ayden CDP, North Carolina	US
S3-402953070	Lakshya (India) Téchnologies Ltd	3813., Cross Road No. 8, Ambala, Ambala Cantt, HR	India
S3-805146789	Greentree Institute of Limited Center	Ho No. 4/842B 3Rd Floor Opp. Subjail, Ring Road, Sagrampura, Surat, GJ	India
S3-12354909	गुरु प्रोड्यूसर प्राइवेट लिमिटेड	No. 278 101, Patna, BR	India
S3-442426182	Om Pioneer Projects Ltd	No.42, Ramu Street, Annadanapatty, Dharmapuri, TN	India
S3-335055914	First Infvesbmnet [LLC]	7064 Pine View Drive, Folsom, California	US
S3-344567101	Cordova Synchrony Inc.	#68 Summer Street, <NULL>, Malden, Massachusetts	US
S3-699184135	pacificequitypartners.com	61 Anchor Drive, Oswego, Illinois	US
S3-167281550	Seibel Aodcaemy LLC	9822 Orchid Spring Ln, Houston, Texas	US
S3-501021663	Vaksana Pratishthan Private	No 640 2, Shree Solitaire Chs, Sejal Park, Off Link Road, Goregaon West, Mumbai, Mumbai City, MH	India
S3-347670759	Profit Sports Llp	13 Aathora Street, Chennai, தமிழ்நாடு	India
S3-226039642	Foundry  Networks	18 Sego Lily Dr, Unit 104, Sandy City, Utah	US
S3-239643844	Amazing Develoopers Holdings Pvt Ltd	Flat-00515, Royal Appt. 14 Ramkrushnanagar, Rajkot, ગુજરાત	India
S3-86359310	Doria Ali Growth	6018 Nicholson Dr, Hudson, Ohio	US
S3-668406525	Jayas Private Limited Center	406 A Vardhaman Chambers, Cawasji Patel St Fort, Mumbai, MH	India
S3-838134294	Arevalo, Olson and Goodman	Oswin Dr, Murfreesboro, Tennessee	US
S3-628688953	Indraksh Ventures Private Ltd	G-20/22, North West Delhi, DL	India
S3-59751647	Green Agro LLP	328, Thane, MH	India
S3-111406795	templechurchcom	Union Saint, Bangoor, Maine	US
S3-947888421	Steffan Pioneer (Greenfire)	881 Cinnamon Ct, Allen, Texas	US
S3-692992019	Office of  Finance LLC	329 Brookline St, Cambridge, Massachusetts	US
S3-750595179	Bgm Filters Care [Ventures]	Gat No 613 Koregaon Bhima Taluka Shirur, Pune, MH	India
S3-837949489	Foot & Ánkle Specialists LLC	4401 Telfair Boulevard, Unit 2427, Suitland, Maryland	US
S3-739510941	Hustle Sangh Ltd.	Door No 844 Sadoday Gyan (Ground Floor) Opposite Nadt Nelson Square, Nagpur, Badegaon Dist Nagpur, MH	India
S3-22901856	Hinojosa, Lainey, P.C. M.D., DO,	828 Plymouth Road, Ambler, Pennsylvania	US
S3-618625675	Nfs Jay Có	#1716, 19Th Main, Opp Bsr Mantralaya Apartment Hsr Layout, Bengaluru, KA	India
S3-3876634	Kesarifitness.Com	A-4/13 Vyankatesh Nagar, Nagpur Region, Nagpur, MH	India
S3-478982310	Ridge Prgcismon Scientific, Inc	195 Old Hickory Boulevard, Nashville, Tennessee	US
S3-230402362	Diaz, Charmain, DMD óf Decatur LLC	Decatur, 4120 Cedar River Road, Alabama	US
S3-319600771	ishansons.com	East Delhi, 335 Th/f Lsc Vardhman Surize Plaza Plot No-1 Vasundhara Enclave, Near Abhyant Apartment, DL, East Delhi	India
S3-738240941	Piramal-Producercompany	C/o: 302 'B' Lunkad Valencia Viman Nagar, Pune, MH	India
S3-438988718	Unitech Traders Pvt.	No 88A, Kpn Complex, Cuddalore Road, Cuddalore, Panruti, தமிழ்நாடு	India
S3-52255518	Aditakshmarine.Com	No ##21, महाराष्ट्र, Nagpur, Swami Samartha, Plot No 20/A, Wanjari Ngr	India
S3-800155502	Indian Systems Private	MP, Sidhi, Ward No.003, null, Sidhi	India
S3-828349289	Silvana Duncan	2106. 56rd Street, Auburn, Washington	US
S3-999023185	Global Alpex, LLC Center	W352n5647 Nelson Road, Oconomowoc, Wisconsin	US
S3-95314190	Private Laxmi Construction Limited	No 2/ Dr.rajkumar Road Rajaji Nagar, Bangalore Urban, Bengaluru, KA	India
S3-504445568	Lucke Inc. Interprivate Best	165 Summit St, Windham, Connecticut	US
S3-127901012	D0wntown Book Store	5351 Staples Mill Rd, Henrico, Virginia	US
S3-928896137	Bobbe Apartment Robinson LLC	9417 99th Ave, Unit 1074, Peoria, Arizona	US
S3-232666751	LLC Quantara Trnasutrry	166 Division St, Houma, Louisiana	US
S3-92977541	Sri Venketesh Limited Trading	D-0003, Block -D Vrinda City, Greater Noida, Gautam Buddha Nagar, UP	India
S3-23059722	Port International School	#5-06 Surat Sadansurat Street Masjid Bander (East), Mumbai, महाराष्ट्र	India
S3-570726077	American Dte Holdings	#1731 Piney Ridge Rd, Barttley, West Virginia	US
S3-692742843	Ciracalo	Shop K/3, Mahavir Nagar, Nr Shyamal Raw House, Vejalpur, Ahmedabad, GJ	India
S3-195835582	Gateway Ínfo Private Limited	New Delhi, NULL, B3/132 G/f Back Portion, New Delhi, DL	India
S3-325206472	Nidaan Management Private	Flat No.202, Laxmi Residency, Kothasalipeta, #763 18-74-38, AP, Visakhapatnam, Vishakhapatnam	India
S3-752803117	Silver Gránite Uptown LLC	1772- Manuka Lane, Columbia, Tennessee	US
S3-959703020	Lyrajax Sys F/K/A Ram Solutions Private Limited	No.48/2, 2Nd Floor, Kudlu Main Road, Kudlu Village, Bangalore, Karnataka	India
S3-92749782	Ve Limited Center	1003, Ratnanjali Square, Nr. Gloriya Restaurant, Ahmadabad City, Ahmedabad, ગુજરાત	India
S3-574134497	Neify Star	#212 Cabin Point Drive, Northumberland County, Virginia	US
S3-179530080	millermaurise.com	5705 Nijmegen Dr, Del Valle, Texas	US
S3-493888777	Vora, Ellynn Technical Inc	1865 Old Willow Rd, # 232, Northfield, Illinois	US
S3-229107813	Shree Shree (india)	Flat No.-578, First Floor, Akshardham Apartment, Pocket-3, Sector-19, Dwarka, New Delhi, South West Delhi, दिल्ली	India
S3-212390325	Crocker, Munoz  and Criss	2535 Evening Star Drive, City Of Holladay, Utah	US
S3-491718712	Green  Elite Tidewater LLC	2022 11th Ave, Maywood, Illinois	US
S3-513428797	Dental Group	# APT 307, 7296 Lyndover Place, Saint Louis, Missouri	US
S3-313748251	Stag Stag Corporation	Tennessee, Estill Springs, 175 Hidden Ridge Bend	US
S3-174301132	Winans All Evolution LLC	234 Maplewood Avenue, Melrose Park, Illinois	US
S3-655470096	Harlie's Certified Fítness	598 Ash St, # LOT 15, Skiatook, Oklahoma	US
S3-447835568	Mcmurray, Duff & Keayes LLC		US
S3-160762548	सन इंफोटेक	Shop No. 008 City Centre Jeewan Sah, Agra Region, Jhansi, UP	India
S3-243899511	Department of-Eauctdatmdbon	2700 Pemberton Ridge, Baldwin, Maryland	US
S3-343165277	Klm + Brothers	Bangalore, KA, Bangalore, 2-163-10 1St Cross Vinoba Colony Avalahalli Main Road	India
S3-61992185	international asif technologies private limited	Door No. A28. A21, Thiruthiyad, Kozhikode, KL	India
S3-527090333	Lyraonyxxylo Co d/b/a Jones, Martinez & Mcintosh Corp	3764 Us Rte 224, Unit 16, Greenwich, OH	US
S3-53804925	Madhav-Technologies Pvt. Ltd.	B-501, Dadi Seth Road Malad (West), Mumbai, MH	India
S3-68170937	Raj  G0ods Prrave Limited	Nr. Utkarsh Petrol Pump Karelibaug, ગુજરાત, Vadodara, Ff-11	India
S3-392777500	Historical-Program South	3289 Rocking Horse Drive, Lake Havasu City, Arizona	US
S3-271502822	Kori Cardenas Painting  LLC	34826 Elmwood Ln, Yucaipa, California	US
S3-64575737	Route 74 Bakery, (Corp.)	141 Zoranne Dr, Oyster Bay, New York	US
S3-178695005	Ramirez Electronics LLC Services	417 Seminole Place, Loudon, Tennessee	US
S3-531535716	Prime Kongsberg	2117 Huffine Mill Road, Mcleansville, North Carolina	US
S3-439417025	Urban Investments Public Limited	Ghazipur, UP, 107A Ward No. 09, Ghazipur, Azad Nagar Zangipur	India
S3-240401663	2343 Lincoln Way Partners Partners Corporation	Tennessee, 349 Von Hallen Court, Murfreesboro	US
S3-61744082	Tayal Industries Pvt.	#268 House No. 46 Floor Ground Floor Block- B Nehru Vihar, New Delhi, DL, North East	India
S3-825986603	Internal Mlícen Group	220 Greenfield Rd, # 9, Mesa Falcon Field, Arizona	US
S3-942171562	Center TBE Modern Corp	553 Sullivan Street, Seattle, Washington	US
S3-939347897	Pivrate Raj Exports Limited	Door No 123 359, Old Station Bazar Budheswari, Bhubaneswar, Khordha, OD	India
S3-357359611	ইন্দো ডায়নামিক কনসাল্টিং প্রাইভেট লিমিটেড	Chatterjee International Centeral B3/33a, J. L. Nehru Road 16Th, Floor Flat N, O.9, Howrah, Kolkata, পশ্চিমবঙ্গ	India
S3-77164116	Valencia,, Roanna PA	405 Virginia Ave, PO Box 7636, Bessemer City, North Carolina	US
S3-1635471	Liberty [Network]	108 Fulton Rd, Dudley, North Carolina	US
S3-615027902	SACHIN STUDIOS INFRATECH PRIVATE LIMITED	122, Panch Mahals, Chennai, TN	India
S3-63343748	Castillo, Sibley, Ph.D. (Central)	737- Natalee Jo Street, Floor 1, Olympia, Washington	US
S3-965452516	>> Love and-Testa Metro	125 John F Fitzgerald Surface Rd, Boston, Massachusetts	US
S3-526595588	Foot &-Ankle Medicine (of)	6469 Harmon Drive, PO Box 7244, Sacramento, California	US
S3-926393381	Iriwex One formerly known as Cinder	5059 Foothills Drive, Unit #F, Lake Oswego, OR	US
S3-854547155	Oro Line  Limited Center	Shop No. 226 Ring Road Mall, Sector 3 Rohini, Delhi, North West Delhi, DL	India
S3-470786539	Ace Quality Arch Ínc	Lewisburg, Tennessee, 4th Ave	US
S3-239262619	Deltaflux a/k/a Gomez Corporation	309 17th Street, Nashville, TN	US
S3-115633847	Sarene Ward índex PC	Utah, 7566 San Savino Way, Midvale	US
S3-150237306	Frames Sciences	M-304, Dharam Apartment Indra Prastha Extn, Delhi, East Delhi, DL	India
S3-484773852	East Exp0rts Private Limited	Mumbai, Mumbai City, महाराष्ट्र, Building No-3/a, Neelambar Chsl 2Nd Floor, Amol Nagar, Naigaon West, 03	India
S3-350942526	ínc Modern Frontier Tax	2000 Alto Vista Avenue, Gwynn Oak, Maryland	US
S3-311087485	Ambrose P.C. Center	9836 Rosemonte Dr, Peoria, Arizona	US
S3-465979489	Andriette Raper Cornerstone Efes Inc.	2525 Frye Rd, # 120, Chanler, Arizona	US
S3-478057775	City Consultants Private [Limited]	H.no 276 Sri Narayan Ganj, Ujhani, Badaun, UP	India
S3-373683440	vaughn priority corp	152 Glenbrook Park Road, Utica, Indiana	US
S3-355108733	Morgenstern College	1922b Scott St, PO Box 7616, Springfield, Missouri	US
S3-285117605	Ujjain [Survey]	Flat No 3O3, Ayyappa Towers, Plot No.163, 164&165 6Th Phase, Kphb Colony, Kukatpally, TG, Hyderabad	India
S3-485479613	Holston, Scheer and Inc Greater Hayden	904 175 St, Bronx, New York	US
S3-996174413	Sri Anandfood.Com	Gno.656 A/p Kasabe Digraj Samdoli Road, Tal: Miraj, Goa-panaji Region, Sangli, MH	India
S3-765125087	Ltd Gangin Galaxy	Baroda, GJ, Vadodara, No 404 To 408 Nilamber Primero Opp Vicenza Meridian	India
S3-827946228	Pyranexx formerly known as Seven Finance Private Limited	Gopal Das Bhawan Thirteen, Floor 28, Barakhamba, Connaught Place, New Delhi, Central Delhi, Delhi	India
S3-91917243	LLC Advanced Energy	322-326 Banbury Drive, PO Box 2516, Gallatin, Tennessee	US
S3-877272240	New Life	146 Linclon St, PMB 1489, Easton, Massachusetts	US
S3-253249741	WESTERN FIRST BRAEMAR	490 Vigue Rd, Whitefield, Maine	US
S3-690932727	Cardiology Physicians  Astsoicsates Inc	#498 Burton Avenue, Montgomery, Alabama	US
S3-32363117	Cornerstone, [LLC]	08 Delta Queen Ave, Arkansas City, Arkansas	US
S3-63686893	Miller Total Better	16402 Twp Rd South, Napoleon, Ohio	US
S3-628669289	IL Drilling	4961 Bemus Ellery Road, Ellery, New York	US
S3-259302883	Ltd Clean Quality Copley	1642 Howard St, Chicago, Illinois	US
S3-216815698	Jain Consgubltrncy Limited	83 Shreeram Bhavan, Canal Road, Ramdaspeth, Nagpur, MH	India
S3-711630323	Prisca R. Monday,	07285 John Garrison Rd, Fayetteville, Arkansas	US
S3-893146603	Smt Golden Infrastructure  Private Ltd	4358 Gali Loton Jatpahari Dhbraj, Central Delhi, Delhi, DL	India
S3-506858538	smart prairie brighthouse llc	2213 Chasewater Rd, Fayetteville, North Carolina	US
S3-623145566	Federal Institute VI Ltd	812 Walker Store Rd, Elleboro CITY, North Carolina	US
S3-569133562	Perez Realty	107 141, Village Of Crivitz, Wisconsin	US
S3-88092400	Bay Society Clínic	6016 Deal Avenue, Unit A, Nashvville, Tennessee	US
S3-458735965	Feex	862 Jockey Dr, Clarksville, Tennessee	US
S3-897999922	Snp Data  Private Limited	Auraiya, UP, C/o Ararhana Mishra Near Railway Outer Signal (West) Sainik Nagar, Dibiyapur	India
S3-297361998	Ksp  College Ltd	Hn 633 S-22, Vadodara, ગુજરાત	India
S3-198459316	Oriental Services Exports Private Limited	Flat No-302 Rang Platinum, Bharuch, Nandelav, ગુજરાત	India
S3-926205900	Bxc Alchemy Llc	19 Thurman Street, Columbia, Missouri, Floor 1	US
S3-54278205	Heritage Housing  LLC	Memphis, Tennessee, 470 Bruins Trace	US
S3-607544019	Silver Book-Store	900 Five Points Drive, Unit 4206, Kaufman, Texas	US
S3-115397796	Frontier LLC Critical All	1706 79th Ln, Phoenix, NULL, Arizona	US
S3-912446118	Great  Committee	113 Bickford Street, Lynn, Massachusetts	US
S3-14801142	Electronic Software Labs of Scottsdale Ltd	Fl 1, Arizona, Scottsdale, 8431 Kalil Dr	US
S3-483474606	Zetaxylo f/k/a Oncology Bright Care P.C.	1018 10th Street, Phoenix, AZ	US
S3-487917820	Nbr Tadsnt	Hn 41 510, Narayan Peth, Fl No 2, Kashinath Aprt, Nr P Maruti, Pune, Pune City, MH	India
S3-431604543	Blue Investments	H.no 51 Anmol Gifgurjari Societyaerodrome, Rajkot, GJ	India
S3-74174491	EXPRESS HOSPITALITY	5 Washington St, # C7, Reading, Massachusetts	US
S3-200202678	Jemie Boese Research LLC	82 Monroe Terrace, Springfield, Missouri	US
S3-716419325	Smt captain & co	House No. 69, Bhai Parmanand Colony, Delhi, DL	India
S3-880270694	Buchanan Express Duke, L.L.C.	1228 Wallace Ave, Indianapolis, Indiana	US
S3-5608579	Cardenas LLC Center	3213 Cottonwood Ln, Bremen, Indiana	US
S3-447711882	Allied-Family	4- Reservoir Ct, Eurekka, Missouri	US
S3-491477647	Vithaludyognagar  Web	704/6, Vithaludyognagar, Anand, GJ	India
S3-418232358	Alpha Investment Private Limited	7/9, Ground Floor, Akshay Complex Off Dhole Patil Road, Poona, Pune, MH	India
S3-171040362	Fresh Pólytechnic	57, Vasudev Bada Bazar, UP	India
S3-395741764	Munoz  Latin	304-B Waterside Dr, Fl. 1, Groover, Missouri	US
S3-44042128	F/U  Edison,	2919 State Avenue, Des Moines, Iowa	US
S3-546804221	Hernandez, Thompson &	48 Union Street, Westbrook Ownship, Maine	US
S3-576229408	Rapid  Coastal	Texas, 6752c Avalon Avenue, Dallas	US
S3-577510868	Delta Society Corp	Washington, Spokane, 3532 Fleming Pl	US
S3-193393106	Sa1tlake  Chit	Millenium City Information Technology Park, Tower I, 62, Block Dn, Sector-v, Kolkata, Saltlake, Salt Lake- Kolkata, No 04Th/2 And 06Th Floor, পশ্চিমবঙ্গ	India
S3-290226494	Human Rights Center	533 Fairview Ln Ln, Seymour, Missouri	US
S3-710516125	Supreme It Prve Limited		India
S3-702293240	Solstice Brands	3417 Capri St, Wichita, Kansas	US
S3-684139279	Advanced Industries Inc Center	North Carolina, Chralotte CITY, 6515 1/2 Statesville Rd	US
S3-161336442	Conner And Chabot Prudential Inc.	Hyrum, Utah, 182 600	US
S3-83107431	स्काई मार्केटिंग प्राइवेट लिमिटेड	H.no 4-92 C/o Sunder Dev, Opposite Metro Pillar 225 Hoshiyarpur, Gautam Buddha Nagar, Noida, UP	India
S3-256371874	Lucky Coffee Ltd	2903 6th Ave, Oklahoma, Stillwater	US
S3-501569436	LA Home	#736 Top Floor (East Wing), Rupnagar, ਪੰਜਾਬ	India
S3-965692471	MW Priority LLC	106 Fite Avenue, Carthage, Tennessee	US
S3-218976909	PRIVATE ANAND FOUNDATION LIMITED	A-509 Shakuntala Building 59 Nehru Place, Delhi, South East, DL	India
S3-438609565	Fiann's Panting-LLC	4920 Dameuly Drive, PO Box 1618, Hilliard, Ohio	US
S3-821705153	Dynamic Star LLP Services	Plot No 56/9, Jodhpur, Sikar, राजस्थान	India
S3-758193626	Inc East Mortgage Eastgate	08411 Ivy Falls Way, Unit 1714, Knoxville, Tennessee	US
S3-31134648	Trice Bridge  Partners	Haltom City, 5042 Melissa Street, Texas	US
S3-439413671	Motor Trading Overseas Pvt Ltd	No. 991 304, Ganesh Palaza, Gola Ka Mandir, Gwalior, MP	India
S3-474057633	elna smith acquisition inc	Virginia, 616 Sacandaga Ct, Virginia Beach City	US
S3-274111535	@jainam	C/o Vijay Kumar Mcf 425, Faridabad, Ballabgarh, HR	India
S3-102361937	Snider Vanguard  Blue	865 Yacht Club Dr, Worcester County, Maryland	US
S3-757893143	<CITY_NAME> Developers  Corporation	Aa1/201a New Shreepalindl Estate Co-op Soc Ltd Near Onida Navghar Vasai East, Thane, MH	India
S3-284290045	Limited Madan Foundation Center	Suite 217, Mumbai, MH	India
S3-957898371	5outhern Arc Inc.	129 A Centre Saint, Dorchetser Center, Massachusetts	US
S3-164333444	Clean  Broadcast	W10010 Lumsden Road, Town Of Wonewoc, Wisconsin	US
S3-280269790	Sunrise Projects Motors Private [Limited]	Office No. 233, Iind Floor Apna Bazar New Gurudwara Road, Gurgaon, हरियाणा	India
S3-248221067	Bright Nails	Ogden Township, Utah, 2958 2450	US
S3-261912207	Eggertclearvillage.Com	1707 Oleander Drive, Dickinson, Texas	US
S3-703367647	Orbolayn Rio	382 County Rd 62, PMB 6244, Riceville, Tennessee	US
S3-550580202	Fenton + Jaimez (Bain)	10133b Nedra Dr, Great Faalls, Virginia	US
S3-753663048	Metro A1liance		US
S3-422785674	Anita Télecom-Jodhpur LLP	Flat No D3/214 Victorain, Jodhpur, राजस्थान	India
S3-23585980	llc jenkins, williams and donohue	3002 1/2 Ridgeview Lane, Irving, Texas	US
S3-206794629	Falcon Inc.	1090 Riverside Dr, Painesville Twp, Ohio	US
S3-496602823	Technologiesprivateosprivate.Com	Block No G-06, Nashik, महाराष्ट्र	India
S3-442792481	Varun & Sgnos	C/o Vijay Mandal, S/o Sh Sonphi Manda, H No 213, Ekata Nagara, Jaipur, राजस्थान	India
S3-158765196	Naa Ventures Inc	236 Anne Drive, Virginia, Newport News City	US
S3-373177675	Fanechka E. Stráhan, D.D.S. Co	406-408 Stone Valley Drive, Ankeny, Iowa	US
S3-519607489	>> Little Tattoo LLC	2209 Windstone Drive, Floor 1, Columbia, Missouri	US
S3-797341423	Stefaniak,-Brown and Stover Toyo	10 Ballantree Dr, Asheville, North Carolina	US
S3-184733102	Jarleuz Silicon	542 Marcy Saint, null, Ottawa, Illinois	US
S3-268915870	Ninettescosmetics.Com	146-148 Tranquila Dr, Camarillo, California	US
S3-849906439	Vision Metro	3655 Michael Dr, # #B-2, Teton Villae CITY, Wyoming	US
S3-570524464	North Schoo1 Of Medicine Pllc	2 Smithfield Road, Belgrade, Maine	US
S3-757768482	Urology Partners Associates Inc	215 1/2 Berger Street, City Of Green Bay, Wisconsin	US
S3-469547314	Indo કન્સલ્ટન્સી Private Limited	GJ, Plot 6/1, Surat	India
S3-447250647	Pallavi & Brothers Pvt Ltd	Unit No. 133, Dewan Industrial Estate No. 6, Navghar, Vasai Road (East), Thane, महाराष्ट्र	India
S3-216826331	Baveu LLC	722 Douglas Road, Gould, Arkansas	US
S3-513588068	Wolfer,, MIL O.D.	619 Ccnter St, Illinois, Ottawa	US
S3-548978484	Lee Lending	9300 Shylana Avenue, Amarillo, Texas	US
S3-433559974	Ferreus Center	2308 Oconnell Boulevard, Building 8009, Fort Carson, Colorado	US
S3-757566572	Koronyx DBA: Varshiya Management Limited	E-70, Barsati East Of Kailash, New Delhi, South Delhi, Delhi	India
S3-615367524	Metropolitan Pacific Services	#408 Utah Avenue, Pittsurg, Kansas	US
S3-356976275	Ceis Clinic	8900 Mullen Hill Road, PMB 7200, Spokane, Washington	US
S3-600153391	zarladoylemd.com	200 Arapaho Road, # 4204, Richardson, Texas	US
S3-955504995	Veonex One	Plot No. 24, Dwarka, Shankar Nagar, Near Hanuman Mandir, Amravati, Maharashtra	India
S3-136904705	Jolin Crown		US
S3-560333033	Nicke1l Maritime PC	42881 County Road 1500, Byars, Oklahoma	US
S3-368171587	Piedmont Alliance Corp	92255 Clover Road, Astoria CITY, Oregon	US
S3-705704112	93/80 Greenland	1249 O Street, Rio Linda, California	US
S3-665288219	Right Educational Society Limited	No 66 C/o Nikhil Harne, Paratwada, Amravati, महाराष्ट्र	India
S3-481632964	ബ്ലാക്ക് കൺസൾട്ടിംഗ് പ്രൈവറ്റ് ലിമിറ്റഡ്	Sbm 24/683 C1, Near Stadium, Sulthan Bathery, Wayanad, KL	India
S3-114079312	విజయ్ బిల్డర్స్ ప్రైవేట్ లిమిటెడ్	1-8-52/2 & 3, Sri Rama Complex, Chikkadpally, Hyderabad Urban, Hyderabad, TG	India
S3-1580244	Decent Private Limited Services	C/o Rameshchandra Manikchand Jaine H.no.462, Dhule, Mumbai, महाराष्ट्र	India
S3-296364229	electroheating.com	659, 1St Floor Sector 69, Imt, Faridabad, Seekri, HR	India
S3-901118051	Sri Pashupati Índia Pvt-Ltd.	H.no 576 Sa 13/52 K7, Kajuhi Srnath, Varanasi, UP	India
S3-129800260	Hernandez Bancshares	Energy Rd, Proctor, West Virginia	US
S3-606700664	विजन व्हाइट सॉफ्टवेयर एजेंसीज प्राइवेट लिमिटेड	115-129, First Floor, Vishal Tower, District Centre, Janakpuri, Delhi, New Delhi, West Delhi, DL	India
S3-901310853	गुड प्रोडक्ट्स प्राइवेट लिमिटेड	Block G-633 S.no-50/11a/b/12 Shopno13, Pune City, Pune, MH	India
S3-493169642	Rosamond Taylor Advanced Atlanta	Lawrence, Massachusetts, 36 Fern St	US
S3-147254796	Ma, Spradlin And Emberton	5206 Nagle Ave, Chicago, Illinois	US
S3-282940648	The Fresh  Montage Inc	162 Squacco Heron, San Antonio, Texas	US
S3-865715668	Housing Initiative	New York, Clifton Park Townshpi, 24 Chateau Drive	US
S3-853878676	Colonial Committee  LLC	715 Parkway Drive, Saint Paul, Minnesota	US
S3-6676084	Khyati Stáibh Limited	Gate No. 1466, Pune Region, Poona, MH	India
S3-975653647	Cascade Solana	335 Dorchester Avenue, # 1, Cambridge CITY, Maryland	US
S3-186669994	LN Pinnacle Freight-[Co]	746 Sheridan Avenue, Fl 0, Wichita, Kansas	US
S3-616774466	M/s Kesari Fitness Private Limited	Nagpur, MH, Nagpur Region, A-4/13 Vyankatesh Nagar	India
S3-956876186	Seven Trading Limited	Sr No 23/12B, Baner Road, Pune, N/A, महाराष्ट्र	India
S3-725914220	Empire Empire Endorinoholgy Ltd	422 37th Pl, # 301, Washington, District of Columbia	US
S3-250209847	MACRO COTTON PVT LTD	At- A/9, Patrakar Nagar, Kankarbagh, Patna, Patna, Sampatchak, BR	India
S3-146064499	Signature Textile Industry Holdings	##16036 77th St, PMB 7067, Scottsdale, Arizona	US
S3-90006188	Orthopedic Prgirge Partners LLC	3111-3113 Staunton Saint, Lynchburg, Virginia	US
S3-363774696	Mr Om Om Investment	Door No 1-48 C/o Pappu Kumar, Purandrapur, Gardanibagh, Patna, NULL, बिहार	India
S3-674486272	கிருஷ்ணா ஃபுட் பிரைவேட் லிமிடெட்	2Nd Floor, W-677, East Main Road Anna Nagar West Extension, Chennai, TN	India
S3-404367251	Colonial Council-Co	93 Williams Rd, Colchester, Vermont	US
S3-40430852	Foundation Durga [Silage]	Plot No 69/6-A 3Rd Floor, West Delhi, दिल्ली	India
S3-301918485	श्री टेक्नोलॉजीज प्राइवेट लिमिटेड	Vivekanand Colony, Civil Lines, Tonk, RJ, #0924 33	India
S3-296343854	Límited Premier Properties Garments	Flat Cg47, Bangalore, KA	India
S3-727053254	Southern Red-Foods Private Limited	7-27/975, Govindam, Executive Enclave Govindapuram, Kottulli, Kuthiravattom, Wayanad, Kozhikode, KL	India
S3-972806376	Brightify Énergy, LLC	10000 Brading Ln, Midlothian, Virginia	US
S3-799967115	Al Agro	23 Netaji Subhas Road, Calcutta, Howrah, পশ্চিমবঙ্গ	India
S3-358831414	Neelam Solutions Public Limited	No 83 C/o Attrish Kumar Shahi, Pakari Babu Pakari Baboo, Deoria, UP	India
S3-143778774	Fluxumbra	Xv/187 Kedarmammiyur Guruvayur, Trichur, Malappuram, Malapuram, Kerala	India
S3-337398862	Llp Jmc 5ervices	H.no 75 B-108, Ground Floor, Gulmohar Park, New Delhi, South Delhi, DL	India
S3-781292648	Dr Classic  Solutions Pvt Ltd	C-40-17-3/9, Apseb Colony Labbipet, Vijayawada, Krishna, AP	India
S3-911303342	शिवम एक्सपोर्ट्स प्राइवेट लिमिटेड	Shop No. C-3, Gali No. 3, Dhawari Stadium, Dhawari, Satna, MP	India
S3-582628933	Primary Care Preferred Center Inc	127-C Altamont Ave, Glen Cove, New York	US
S3-870307491	Westerman Spire	45 Verdant View Manor Ct, Wentzville CITY, Missouri	US
S3-445364782	Lotus Construction	No 930 99/52A, Tularam Bagh, Prayagraj, Allahabad, UP	India
S3-224231744	Saurashtra School Private Limited Partners	Vill & P.o. Barala, P.s. Raghunathganj, Murshidabad, WB	India
S3-901346951	-- Katni Limited Service	No 204 18/3, Tiruchchirappalli, Tiruchirappalli, TN	India
S3-95732011	Kingsbury Green Resources Ltd	8427 Howard Dr, Houston, Texas	US
S3-285285387	Mr Dignity  Trading	B-27phase-i Mayapuri Industrial Area, New Delhi, West Delhi, DL	India
S3-536416262	गुड हेल्थकेयर Pvt Ltd	Br-32, Delhi, North Delhi, DL	India
S3-764089525	L0ngshoremen Local 188	0903 85st Lane, Arizona, Peoria	US
S3-481434198	Cardiology Clean Medicine	1316 24th Saint, Canton, Ohio	US
S3-967021627	Lambert Zuniga and	10423 Rainier Ridge Boulevard, Washington, Puyallup	US
S3-442196848	Hunger [League]	15403- 950th Rd, Macomb, Illinois	US
S3-840014001	0akwood Boston Corp	103-A Seymour Street, Oakwood, Illinois	US
S3-210746528	ओम प्रोजेक्ट्स प्राइवेट लिमिटेड	G-9/10, Bajrang House South Extension Part-1, New Delhi, South Delhi, DL	India
S3-287103517	गुजरात कंसल्टेंट्स प्राइवेट लिमिटेड	House No.48, Delhi, North Delhi, DL	India
S3-430919951	Kohinoor Real Pirvace Limited	WB, Calcutta, H.no 35 Vivekanand Road, Calcutta	India
S3-778455885	Saint  Emanuel	424-D Batavia Ave, Batavia, Illinois	US
S3-720446806	DIGITAL SOFTWARE PRIVATE LIMITED	S/o Harishanker Gupta, Uttar Tola, Basharatpur, Gorakhpur, UP	India
S3-226866161	Kathlin Obrien	1706 Lowe St, Stuttgart, Arkansas	US
S3-417297011	Tri-State Prairie Crane	Veterans Memorial Hwy, Rosemont, West Virginia	US
S3-973786081	Deserve Suppliers	###5/26 Bijoyglrh, 2Nd Floor, Flat-4, Kolkata, South 24 Parganas, Howrah, WB	India
S3-867745530	JAY FINANCE PVT LTD	E- 28 A, 3Rd Floor Lajpat Nagar-2, Delhi, South Delhi, DL	India
S3-60918727	Private Ace Healthcare [(Limited)]	Row House No.3 Kala Cottage, Behind Magnus Motors Dongarpada, Virar West, महाराष्ट्र	India
S3-978668384	... Ramberg Partners Equity [Corp]	2339 18th St, Chicago, Illinois	US
S3-626503847	Evoxyloio DBA Nexio Ribbon	20 Wildwood Avenue, Unit Apartment 2, Salamanca, NY	US
S3-210661920	Price and Mccgutre Holdings	6052 Soho Way, Hyattsville, Maryland	US
S3-780959598	Bhaskar Private Limited [Partners]	264B, B.b.ganguly Street 2Nd Floor, Kolkata, Kolkata, Howrah, পশ্চিমবঙ্গ	India
S3-333575412	First Modern Marketing Limited	#B3/5, Bangalore, KA	India
S3-323870513	Nylakor DBA Steadman's Chemical	45 Lowell Drive, Clarkstown, NY	US
S3-353605691	LLP SKF Foundation	Bpt Officers Chs, Thane, MH	India
S3-518253613	Cooperative Freight Setiites		US
S3-402527005	Private Sun Efstteae Limited	B-257 Okhla Industrial Area, Phase-1, New Delhi, DL	India
S3-441335116	Select Arcelormittal	Monroe Hollow Rd, Oak Hill, Ohio	US
S3-750147482	Smt Uma-Research Pvt	Door No 30-46, 4Th Floor, Block, B, Prestige Windsor Park, Tiruvallur, Poonamallee, TN	India
S3-744260812	Indian Red International Private	H.no 669 W1/b1.177 Mariamman Kovil Street, Theni, TN	India
S3-918416863	The Ramos, Kobel + Yen LLC	102 Franklin St, Hempstead, New York	US
S3-618036286	Optnedyne Trusted Físheries LLC	760 Comanche Avenue, Orcutt, California	US
S3-58137908	Dr Innovative Márketing [Limited]	28, Howrah, পশ্চিমবঙ্গ	India
S3-337204648	Vanguard Horizon Lodging LLC	110 Hickory St, # Apartment 4, Canastota, New York	US
S3-48424246	Pvt Pranim Multiservices Limited	77 Kala Enclave, First Floor, D.no.2/41 A2, Elayappa Nagar, Salem, TN	India
S3-536332776	তিরুপতি হসপিটালিটি জেনারেল প্রাইভেট লিমিটেড	Khatian No. 5714, Galsi, পশ্চিমবঙ্গ	India
S3-304735319	Ariabrixvera a/k/a Naman Storage	Sh.06, A Renuka Sankul Rest Camp Rd, D Camp, Deolali Camp, Nashik, Maharashtra	India
S3-828182798	Shivam It Public Limited	22, Mann Sandwal, Gurdaspur, Gurdaspur, PB	India
S3-664160884	Harbor  Committee Uptown	#1717 Leslie Campbell Avenue, Lillington, North Carolina	US
S3-745517140	Raigad Services Private	Kl6a 203 Sect 1E, Kalamboli, Raigarh, Raigad, MH	India
S3-938147612	यूनिवर्सल प्रोड्यूसर	No 128 Ist Flror, Govt Employees Cooperative House Building Society Ltd Sector 31 32A, Jharsa, Gurgaon, HR	India
S3-538435702	sukha (india) marketing private limited	No.1/49- E, North Parade Road, St. Thomas Mount, Chennai, TN	India
S3-969145106	Shree Tech Proiate Limited		India
S3-695070833	smithch0iceemera.com	97-B Warriors Path, Flat Lick, Kentucky	US
S3-138123826	Obsidian	4612 St Rt 95, Perrysvlile, Ohio	US
S3-502384247	Life Associates Services	C/o - Seaumirendra Chakraborty, Alipurduar, Jalpaiguri, পশ্চিমবঙ্গ	India
S3-145530516	Peggie N. Torres, Ph.D. Llc	New York, Syracsue, 311B Oak Saint	US
S3-121440697	Wehunt Textiles LP	785-B Fyler Rd, Unit Lot 109, Sullivan, New York	US
S3-968178018	Shree Producer Pvt	201, Adi Emarald Apartments, Laharis Homes Maseedbanda, Kondapur, Hyderabad, TG	India
S3-430145303	Quinta Stange Clean Studios Corporation	25830 18th St, Zimmeran, Minnesota	US
S3-655041468	Sunline (Índia) Infracon Ltd	#1225, Auto Nagar, Near Tata Power Project, Belgaum, KA	India
S3-75068235	Smt Accurate Advisors Corp	2-23, Udaipur, RJ	India
S3-734521148	Premier Engineering Limited Private	208, Sector-14, Sadar Bazar, Gurgaon, HR	India
S3-67695249	Dr Sun  Info	B-124, Gurgaon, HR	India
S3-358830461	X/B Holego Inc.	1369 Clifton Fork Rd, Raven, Virginia	US
S3-451006361	Partners PYP Procap,	6550 2th Street, Fridley, Minnesota	US
S3-150430424	Sai Developers (India)	Innov008 Coworking, Bangalore, ಕರ್ನಾಟಕ	India
S3-526428671	Iriwex Co t/a Midwest Mitsubishi Inc.	Louisville, KY, 7004 Fontendleau Way	US
S3-822969382	Cascade Society	#3010 Camden Ave, Parkersburg, West Virginia	US
S3-100144648	HYV Bitcoin Partners Co	127- Bon Air Dr, Ohio, Siney	US
S3-685531741	Nutech League Exports Private Limited	Dor No 11, Thelkaradu Colony, Anna Nagar, Erode, Sathyamangalam, TN	India
S3-239310144	Sirius Voya  LLC	002549 Canterbury Rd, Cleveland Heights, Ohio	US
S3-343236169	BREWER & STEPHENS HOLDINGS	1261 Waycross Road, PO Box 8570, Cincinnati, Ohio	US
S3-900666652	Libbie Escalante Vanguard Drilling Ltd	438 Thomas Court, Oregon, Wisconsin	US
S3-669224432	LLC Fraley, & Sandlin Coburn Huntington	919 Walntu St, Burleson, Texas	US
S3-721285062	Minerals OG Inc	3050 River Bend Dr, Peshtigo, Wisconsin	US
S3-589614096	Bharat Industries Ltd	A-1301, MH, Mumbai, Mumbai City	India
S3-376545757	Sagar Services	Sagar, Ivaan Plaza, Plot No. 476/4, Beside Hero Honda Showroom, Batalian Road Makroniya Chowraha, C/o Sumit Katariya, MP, Sagar	India
S3-988790472	Deltanovi doing business as Vision Clinic	194 Hillview Avenue, Memphis, TN	US
S3-929571361	Red Engineering	Darbhanga, C/okumari Pramila, BR	India
S3-93856476	Clinic Ameriacn Dental	1345-C Post Office Road, Sanforrd, North Carolina	US
S3-310201622	LHT Wea1th Private Limited	House No.t-88/c, New Delhi, दिल्ली	India
S3-627642389	Yumariza Co a/k/a Tri-State Management Inc.	577 Delaware Avenue, Salina, KS	US
S3-461555497	Agrawal-Educational  Society Holdings	Block A-96 1025, Orange Blossom, Bt Kawade Road, Uday Baug, Pune, MH	India
S3-120935082	Silver Healthcare Private	133/P-1/19 Dhakna Purwa Kidwai Nagar, Kanpur, उत्तर प्रदेश	India
S3-637862503	Trusted Allied Allied	216 Ivy Green Pl, Kentucky, Nicholasvilel	US
S3-510827483	Regional College Co	10624 Parrish St, # 213, Matthews, North Carolina	US
S3-389401238	Oncology Golden Health	801. Grove Saint, North Carolina, Hendersonville	US
S3-646142850	વિઝન મેનેજમેન્ટ ઇલેક્ટ્રોનિક્સ એલએલપી	#1-89 13/B, Daskroi, GJ	India
S3-160244621	#dhatricommercial	Door No 1 Middleton Street, Calcutta, WB	India
S3-275561289	Pvt Shakti Infotech Limited	Flat No-765, Gh-13 Paschim Vihar, Delhi, Guru Harkishan Nagar, DL	India
S3-179264236	Timmons'S P.C. Center		US
S3-911625149	west prudential llc	Fm 74, Queen City, Texas	US
S3-357467710	Martin Neurosciences, Holdings	34 Church Street, Highland Falls, New York	US
S3-933470416	Jini-(India) Rratl Pvt Ltd		India
S3-807128395	Cultural Partners [Project]	34 Prospect Hill Road, Lexington, Massachusetts	US
S3-551572412	Lyrasol dba Malena's Global Yoga PLLC	Manchester-by-the-sea, MA, 22 Elm Street	US
S3-947287413	Best Alpine Alpine	2601 Lanecrest Dr, North Carolina, Charlotte	US
S3-131344702	Sbl (India) Farmer-Private Limited (ID: 64343)	69 East St, Jamin Thevar Kulam Jamin Thevar Kulam Po, Kovilpatti-tk, Thoothukudi, Tuticorin, TN	India
S3-205138176	Gangika Chit-Private Limited	G-265, Gautam Buddha Nagar, Dadri, UP	India
S3-642473422	അരിഹന്ത് സർവീസസ് പ്രൈവറ്റ് ലിമിറ്റഡ്	H.no 49 Building No.372/d/8 Mookrankandy Paramba, Thali Temple Road Nanmanda Po, Kozhikode, Keralam	India
S3-631574387	Big Pílates	890 Weirlong Road, Amma, West Virginia	US
S3-909549913	Dr Prime Private Media Limited	Plot 923 Anubhuti Home No. 5 T.b.road, Vijapur, Mahesana, ગુજરાત	India
S3-90337639	Meera + Sm Pvt Ltd	407, Arundeep Complex, Race Course, Vadodara, GJ	India
S3-638845108	Regional Rent Group	410 Badgett Ln, Hartsville CITY, Tennessee	US
S3-923065419	Services Supreme Lionheart QQ	4256 Fruitridge Rd, Sacramento, California	US
S3-273833586	Interstate Sound	Fm 528, Webster, Texas	US
S3-779216167	ulrikesgoldenresearch.com	#2338 Simpson Rd, Green Level, North Carolina	US
S3-415199707	The Quintana's Total Foods	New York, 27- Martin St, PO Box 2540, Webster	US
S3-969629145	Ravene1l Horizon Paper Partners	22252 Trentworth Way, Clarksburg, Maryland	US
S3-423819990	Horizon Partners	1330 Nashville Pike, # 11112, Gallatin, Tennessee	US
S3-67729933	Post Digitalbridge	839- 800, N. Judson, Indiana	US
S3-302949697	Trusted Chémical Solutions Inc	1. Biggs Ct, PO Box 6490, Goldsboro, North Carolina	US
S3-625931091	Premier Pgim L.L.C.	Ohio, Enon, 11 Grand Valley Dr	US
S3-873256809	Om પ્રોડ્યુસર	Shp 2, Crystal Plaza, Opp Jbp Petrol Pump, Nh 8, Vapi, Valsad, GJ	India
S3-818317330	Hatti Heatri Dynamic Central LLC	108 Capital Ct, Unit 1413, Upper Marlboro CIYT, Maryland	US
S3-331997919	एस फाइनेंस लिमिटेड	Hamirpur, Kidwai Nagar, Kabrai, Hamirpur, M/s Kapoor Auto Garage Llp, UP	India
S3-155057772	Ppd Finance L.L.P.	1-2-151/Gc/53/P 54, N/A, Rajendranagar, Hyderabad, TG	India
S3-742338332	Jorry'S Pilates  LP	0367 70, <NULL>, Liberty, Kentucky	US
S3-648512116	Mirabelle Wilson Regional Incorporated (ID: 31665)	# 69, 661-A 32nd Saint, Yuam, Arizona	US
S3-762174095	ఆనంద్ సొల్యూషన్స్ లిమిటెడ్	Door No 6-3-1239/3 Third Floor Amar Chambers Raj Bhavan Road Somajiguda, Hyderabad, Rangareddy, TG	India
S3-208514494	Ahmedabad Human Exports Pvt	G/21/a Akash Toweropp Premc Hand Nagar Bodakdev Vastrapur, Ahmedabad, GJ, Ahmedabad	India
S3-641145275	Prime Developers	No. 470 At Post Ranjani, Junnar, Pune, MH	India
S3-298668913	Apex Services Traders Private Ltd	Kachchh, Plot No 97/ 1St Flr Sect, GJ, Gandhidham	India
S3-630097790	>> Dierker Cimera  LLC	37 Stonecliff Circle, PMB 1857, Indian Point, Missouri	US
S3-419101018	Lucilia's Detailing Metro	308-B Peck Road, Acton, Texas	US
S3-256340029	M/s White Epborts Limited	B501 Kaledonia South Side, Sambhaji Nagar Sahar Road, Mumbai, MH	India
S3-285065926	Education Institute Group	1056 Tibo Road, Ojai, California	US
S3-797395128	Sirius  Tsako North	291 Oscar Webster Road, Huntsville, Alabama	US
S3-776652518	Bts Agencies Limited	60 Third Floor, Sector -45, Gurgaon, HR	India
S3-679906322	Grand Defense International [Corp]	193. Moon Mist Drive, Bastrop, Texas	US
S3-492681728	Utopian Tours Pblic Limited	Calcutta, #4/39. Chandi Tala Lane, Calcutta, WB	India
S3-581044148	Horizon Metropolitan	17781 Blackhater Rd, Central City, Louisiana	US
S3-714562101	Sri Sarthak Trust	B 11 Privion Iskcon Cross, GJ, Rd Ambli Bopal Rd, Ahmedabad	India
S3-891691813	Creative Wellness Innovations	12006 Backpacker Way, PMB 5570, Charlotte, North Carolina	US
S3-32869601	Thane Technologies  Partners Co	Thane, 1002, महाराष्ट्र, Thane	India
S3-989668138	A Premier Allspring	5208 Hollymead Dr, Richmond, Virginia	US
S3-506818727	Bright Valley Inc Pbc	1127 Station Loop Road, Building Building, Snyderville, Utah	US
S3-889420056	Automated Industrial LLC Center	1802-1804 Marian Drive, Bismarck, North Dakota	US
S3-486221386	Inman-Tech	1115 Chestnut Bluff Run, APEX CITY, North Carolina	US
S3-994836709	Unified Inc Partners	12rd St, Goodland, Kansas	US
S3-3036130	Ruthann Pressley #57419	109 Meadowville Rd, Virginia, Chester	US
S3-446440714	ON End LLC	300 Mill St, Eldorado, Ohio	US
S3-870611545	Pacific Green Allstate	927 Jean Rd, Ohio, Tolledo	US
S3-746926386	Literacy Alliance Group	6127 Whispering Lane, TYER, Texas	US
S3-506879890	Bahubali Solutions Infratech Pvt.	H.no 206 Ginger 1 Orchid Green, Raja Ka Taal, Firozabad, उत्तर प्रदेश	India
S3-237338149	Korvioio aka Noon Group	19030 Lisa Drive, OR, Beaverton	US
S3-292325652	Hulda Witcher Pinnacle (Massage)	8350 Catherine Avenue, Floor 0, Paasdena, Maryland	US
S3-809020085	Urban Caec		US
S3-204457049	Liddy, Winchester Fernandez [Services]	4727-4729 Ladywood Bluff Dr, Indianapolis, Indiana	US
S3-432432282	-- Suryaita Investment Private Ltd	Bahraich, उत्तर प्रदेश, Dighia Gonda Road, <NULL>, Bahraich	India
S3-306820606	जय बिजनेस प्राइवेट लिमिटेड	A-2-43, Chhatter Pur Extension Near Nanda Hospital, New Delhi, South Delhi, DL	India
S3-128781977	Mius Inecsbemnts	2211  Yeoman St, Waukegan, Illinois	US
S3-128468410	Daivik LLP Services	West Delhi, DL, New Delhi, H. No. -82	India
S3-134956741	Morrisvi1le (Preferred)	#325 Roundhouse Ln, Morisville, North Carolina	US
S3-170127784	इंटरनेशनल न्यू इंफ्रास्ट्रक्चर लिमिटेड	Block E-500 E 26 Shri Sardar Patel Socnehru Road Vile Parle E, Mumbai, Greator Bombay, महाराष्ट्र	India
S3-984229436	Calozephfaye	Royal St Georges Drive, Florence, Oregon	US
S3-290825545	Valley Fund Ltd	2115 Emmers Dr, City Of Appleton, Wisconsin	US
S3-584755995	Tanitansy's Center		US
S3-215857293	App Shipping Private Ltd #42451	DL, South Delhi, New Delhi, Shop No. 808/19, Sukhdev Nagar K M Pur	India
S3-158815053	Kordova Sys d/b/a Great Association	301 Sassafras Drive, Chestertown, MD	US
S3-138975992	Marci1le Kapp Quality  Inc Services	606 43rd St, Austin, Texas	US
S3-996731333	रेड इन्वेस्टमेंट्स प्राइवेट लिमिटेड	No 357 Ac- 48A, Shalimar Bagh, New Delhi, North West, DL	India
S3-595909456	solutionswindsortradingprivate.com	Pune, A/p Shirur Tal Shirur Dist Pune, MH, Fno-5/1 Ramali	India
S3-642783386	Prima Consulmtany	Udayam Villa No 12. Zealots Cyber Hill Panniyoor Kulam, Kozhikode, കേരളം	India
S3-111154033	Evoorbi	B-7, Sadhanapuri, Ps- Gardanibagh, Patna, BR	India
S3-223631909	Hash And  Eggleston LLC Services	3557 Toulon Drive, Baton Rouge, Louisiana	US
S3-420788477	cornercafe.com	11223 Old Moffat Rd, Wilmer, Alabama	US
S3-378720772	Big Cleaning Service! Partners LLC	138 Villa Drive, Belleville, Illinois	US
S3-145169487	Muse Fusion Coastal (PC)	4119 Cypress Dr, # A, Wilson, North Carolina	US
S3-69263588	ENT Fréight L.L.C.	0304 Williams Lane, Logan, New Mexico	US
S3-32920164	XRD Designs  Holdings LLP	Pat At Block No.c28, Rangareddy, Hyderabad, TG	India
S3-13225565	Elbertina Woods Beacon Seafood [LP]	17618 Center Dr, Sunriver, Unit Unit 208, Oregon	US
S3-773621644	montgomery beacon made	102 Berme Road, Deerpark, New York	US
S3-758582078	Health Initiative Llc	900 Tucker Way, Granbury, Texas	US
S3-633147230	internal medicine specialists	1436 Northwood Dr, Fairffield CITY, California	US
S3-735953594	Lantern Services	4515 State Route 177, Cammden, Ohio	US
S3-740573956	Legacy Printing lnc Laboratories	105 Homeland Drive, Mountain Rest, South Carolina	US
S3-905758242	Software Interstate Technology	250 Buckhorn Walk, Redding, California	US
S3-695323771	Indore Industries Holdings Private Limited	No 84 C/o- Hitesh Jaiswal, Indore, MP	India
S3-274001469	Clark Piedmont Benst LLC	237 64 Street, New York	US
S3-307172778	Diamond Johnson Inc	166 Bush Rd, House Springs, Missouri	US
S3-956871137	LDX Chits  Private		India
S3-403338370	Novak and Curtis Proem  Inc	4220 Whitehal Road, Goochland County, Virginia	US
S3-8593064	United League	1010 Cygnet Way, Huntingtown, Maryland	US
S3-348971981	Pm Medical Centre Límited	Plot 91, Manjulsukh, Birla, Compound Gate No 2, Akola, महाराष्ट्र	India
S3-530467471	Ja1na  Enterprises Private Limited	C/o Mahadev Solat, At Shindewadgaon, Ghansawangi, Jalna, MH	India
S3-357241784	Heart Network LLC	1211 Old Line Center, Waldorf, Maryland	US
S3-668144143	Plumb Holding Company Uptown	Conroe, Texas, 3323 Hickory Leaf Trail	US
S3-414411624	Ronet Lionheart Inc	323 Main Saint, Findlay, Ohio	US
S3-829715889	Spieker, Jóhansen And Galan Tbk LLC	9580 Omana St, Tigard, Oregon	US
S3-962071780	Express Data Laboratories Highland Incorporated	707-A Chicago Street, Springffield, Missouri	US
S3-600283312	chennaimangalvaniprivate.com	Hn 666. L/10 Galli No. 1, MH, Mumbai	India
S3-578820608	Zoller Graphics Inc	1339 Auten Road, Chaarlotte, North Carolina	US
S3-905556666	Red Cgfee	Woodbury, 10679 Kingsfield Ln, Minnesota	US
S3-768730210	Superior Automation	Tulsa, 6034 Yale Avenue, Oklahoma	US
S3-446515178	Smith Dowell and Corp	1962 Crescent Park Dr, # CND 2074, Reston, Virginia	US
S3-657848149	Lyra	8870 Sunny Hill Dr, Clive, Iowa	US
S3-562636745	Dermato1ogy  Health	1676 Lee Bradsher Road, Hurdle Mills, North Carolina	US
S3-635220818	Sun Export Limited Limited	Sno 12&13, Pune Region, Pune, MH	India
S3-767255344	Sun Sun Fhmotd Limited	Hn 195 Gat No. 735, Pune, MH, Haveli	India
S3-30337956	Wilco Innovative Care	57 Rowe Road, Windsor, Maine	US
S3-93581427	Kelotavo	Door No. Pp2/419a, Puthukkudi, Panamaram, Mananthavady, Wayanad, KL	India
S3-862768537	Prk [Medi]	Nellore, AP, 024-2-1870, Sri Potti Sriramulu Nellore	India
S3-817050508	Veraviobrix a/k/a Suryam Overseas Group	Shakuntala Sadan, Tilak Nagar Road No.02, Phulwari, Patna, Bihar	India
S3-963146369	Consolata Welisn Signature Averin	98649 Woodland Drive, Deer River, Minnesota	US
S3-266646480	Harvey Drtec Ashford LLC	242 Good Hope Rd, Lawrenceburg, Tennessee	US
S3-500636481	Ricks's Analytics	741 Elm St, Trroy, Alabama	US
S3-324280299	Batterton Group Wellness	02773 Millard Cv, Magna City, Utah	US
S3-344941654	Hunger 5ociety,-LLC	1664 Dixie Dr, St George City, Utah	US
S3-259398868	Intact-Vision  Private Limited	Xi-11 & 12, 1St Floor, Globsyn Crystals, Block-ep Sector-v, Salt Lake Electronics Complex, Kolkata, Calcutta, Howrah, WB	India
S3-975576582	Solutions Pranesh  Industrial Partners	A-36, Gautam Buddha Nagar, UP, Noida	India
S3-793622559	One Márketing Prívate Limited		India
S3-294727875	group diamond regional hotels,	1617 Broadway Ave, # Trailer 2, Hinton, Oklahoma	US
S3-17915125	New Good Producer Trading	No 12 C/o Rbati Das C/o Sudarsan Das Fuldanga Shantiniketan Birbhum, Bolpur, Birbhum, পশ্চিমবঙ্গ	India
S3-530951209	Naman Foundation Exports Private	Plot Khasra No. 2038/204, Haiwatmau Mavaiya Sect-03, Lucknow, UP	India
S3-627281039	Aj Trading Pvt  Ltd	Door No 51 D-43, Icon Appartment, Dlf Phase-5, Gurugram, Gurgaon, HR	India
S3-431195246	llc classic wells	#326 Woodgate Boulevard, Baton Rouge City, Louisiana	US
S3-968436984	Landa Moss & Kall Kall	15723 Piney Rd, Mulberry, Arkansas	US
S3-618126362	Salazar American		US
S3-162014418	Allyn's Valley Media Inc	Saugerties CITY, 109 Broadway Rd, New York	US
S3-503631858	Dl Bancshares, Llc	17212 Scottsdale Rd, # 1287, Phoenix, Arizona	US
S3-921471996	Mutual Packaging Ínternational	1010 Washington St, # Apartment 10, Watertown, New York	US
S3-513589353	Family Specialists Co	414- 4nd Street, Gillette, Wyoming	US
S3-108842972	Tommie Pennington	2761 Grafhill Drive, Alabama, Mobile	US
S3-11310087	Agr0  Sree Techno LLP	No 71 C/o Kasinath Srichandan, Khordha, Vill Kaipadar, Khurda, OD	India
S3-338810162	Markham-Mfade LLC	9864 Maplewood Circle, Cherry Creek, Colorado	US
S3-709530866	Q R Nguyen Anadolu Co	33 Alpert Drive, Wappinger, New York	US
S3-856029522	Ferrando Medical Center Corp	146 Dicio Street, Bldg. 1100, Canonsburg, Pennsylvania	US
S3-411821897	Dental Prairie Prairie Care Partners	5312 Wishek Cove, Austin, Texas	US
S3-341908127	Phan Academy West,	6709 Golden Ring Rd, Rosedale, Maryland	US
S3-25885234	Viohaloyuma Co	398 Cardinal Road, Grand Marais, MN	US
S3-125075828	Gilley 5terling  Grifols LLC	85 Illinois Avenue, # L, Westerville, Ohio	US
S3-769600827	Yeatts Sleehact Quasaredge LLC	01341 Wilson Street, Niagara, Wisconsin	US
S3-871159461	Chen Minrdtgae	2 Fulton Saint, # Apartment 1, Wappingers Falls, New York	US
S3-58497415	फॉर्च्यून पावर लिमिटेड	Thane, MH, Office No 505, Kalyan	India
S3-510606803	Salazar Atlantic  Paloma LLC	4860 Main Street, Mesa Falcon Field, Arizona	US
S3-641570966	Mr Paras Services Pvt.  Ltd.	Chameliniwas, null, BR	India
S3-890909526	bigeasternbuilders.com	Bangalore, ಕರ್ನಾಟಕ, C/o Sharief And Rao Ventures Mamulpete, Bangalore	India
S3-727193417	Vanguard Genomic Cónsultants-[Inc]	1616 Tremont Avenue, Norristown Borough, Pennsylvania	US
S3-38574040	GREAT AVERIN CORP	033 Ward Street, <NULL>, Seattle, Washington	US
S3-277990238	Department of Tranbporthsion Inc.	1906 Washington Irving Drive, Pearland, Texas	US
S3-777614330	Dynamic Equity Systems-Inc	717 Wright Ave, Allaince, Ohio	US
S3-836664085	carmichael, deeyn evolution corp	157-0 Quince Ave, Flushing, New York	US
S3-690657770	Allied Academy (LLC)	5143 Old Cobble Way, Eagle Mountain, Utah	US
S3-30775900	The ZW Interstate Storage Inc	4700 16th Street, Phoenix, Arizona	US
S3-390950751	My Limited Private Constructions	Ganges Castle, Kolkata, Howrah, WB	India
S3-529889082	Limited Vijay Private Center	Hyderabad, TG, Navya Arcade, Opp-anutex Malkajgiri, G-04, Hyderabad	India
S3-995246766	Family Health P.L.L.C.	2709 Market Center Dr, Morrisville, North Carolina	US
S3-528279805	Mr Ats Brand-Co	9-1-167/168, Sarojini Devi Road, Near Clock Tower, Rangareddy, Hyderabad, Andhra Pradesh	India
S3-488468951	Quoavi Network	null, 223 205th Street, Jordan, Minnesota	US
S3-82739181	Genevieve's United Cafe Ltd	0515 Meade St, City Of Appleton, Wisconsin	US
S3-345259184	Preferred Midcap Midcap	23 A St, Newton, North Carolina	US
S3-581125869	Rev It	94 Newhall Saint, NEW Haven, Connecticut	US
S3-503379589	Diamond [Summit]	123 Hector Saint, # Unit B, Conshohocken Borough, Pennsylvania	US
S3-644945138	MKI  8everages	797, Sri Laxmi Nagar, Ghatkesar, Hyderabad, TG	India
S3-521940964	VAVOA FRONTIER PIONEER LLC	3644 Violet Lane, Huntsville, Texas	US
S3-756745657	സതേൺ കെയർ പ്രൈവറ്റ് ലിമിറ്റഡ്	H.no 819 Room No 7 Ajmal Building Chavadikunnu Chendakuni Meenangadi Po Wayanad Wayanad, Kl, Wayanad, KL	India
S3-56285926	Cantu and Hackett	Illinois, 1146 Stirling Avenue, Chicago Heights	US
S3-15219142	Simple-Industries	Gandhi Nagar, GJ, Gandhinagar, Block No/plot No 380	India
S3-107035999	Bogdan and  Stovall Salon	35 Willow Branch Dr, null, Jackson, Tennessee	US
S3-461399466	Deltazetatavo	J-107 South Extenion -1, New Delhi, South Delhi, DL	India
S3-227246503	Shri International Construction Límited	H. No.112, Safidon, Jind, हरियाणा	India
S3-612831123	Resources Patriot Patriot	Sprnigfield, Illinois, ##6 Verna Drive	US
S3-777703134	Trinity Méthodist [[Church]]	Wellington Ave, Chciago, Illinois	US
S3-408252387	Universal Hospitality Private (Limited)	Door No 6Th Floor Of Western Aqua In Survey No. 8, Rangareddy, Hyderabad, TG	India
S3-693060685	Fr0ntier Anchor Návios PLLC	6632 97nd Ct, Cottage Grove, Minnesota	US
S3-475344171	Kanyanagar Private Limited Center	Bishnu Complex, Kanyanagar, Parganas South, WB	India
S3-57932311	Unified Service	##33 Highgate Rd, Trumbull, Connecticut	US
S3-343023894	Solumbraaria	310 Varnum Ave, NULL, Lowell, Massachusetts	US
S3-294574940	Office of Labor Co	Portage, Indiana, 6305 Oglethorpe Ave	US
S3-244642011	Rajshree Infracon (India) Ltd	KA, Binnamangala 1St Stage, No.522 Cmh Road Indiranagar, Bangalore North, Bangalore	India
S3-847647838	Maa Business  Private Ltd	Lucknow, UP, Vill- Dhawan Post - Chinhat, Lucknow	India
S3-148990151	Knr Scoletiddns Private Limited	Door No 14/87-1, Palakkad, KL	India
S3-801701830	Pvt Mps India Limited	H.no. 7-1-396/2/10, Flat No.102, B.s. Residency, B.k. Guda, S.r. Nagar, Hyderabad, Andhra Pradesh	India
S3-571367311	Smt Cns Skill  Exports Pvt	H.no 9/10, Old No. 15, Duraiswamy Road, Saena Circle, Block - A, T. Nagar, Chennai, தமிழ்நாடு	India
S3-744677118	Sai Medical Centre  Private Limited	Door No 82 H-59, Muradi Road Batla House, Okhla, New Delhi, DL	India
S3-636533366	uhm total data llc	California, Unit APT 1, Sacramento, 1106 E Saint	US
S3-865301323	Kerr Table Group	34 County Road 460, Dayton, Texas	US
S3-897457543	ajanta wire	No. 61 Ub - 39, Upper Basement Antriksh Bhawan, K.g. Marg, New Delhi, Central Delhi, DL	India
S3-672053545	கிரீன் ஒன் பவர் டெக்னாலஜீஸ் பிரைவேட் லிமிடெட்	Perambur Purasawalkam, Chennai, Ormes Road, Kilpauk, No.62, TN	India
S3-54245155	Youth Association	2108 Voyagers Drive, null, Arlington, Texas	US
S3-660945611	Ramya Finance-Private Limited	#8/585 Diyaa Mahal, Malapuram, KL, Pookottur.po	India
S3-355183349	Axis Creations (India) Pvt Ltd	Flat # 107- Yashna Summit, Somasundrapalya, Bangalore South, Bangalore, KA	India
S3-693570628	vincent aluminum corp	Arnold, 3337- Biscayne Blvd, Missouri	US
S3-126682552	Sai Realtors	Flat No. 901, Plot No. 03, Sector-29, Nerul, Thane, MH	India
S3-500299586	Sri Prodigy 8rothers Private Limited Limited	Plot 5-813 A-1, Pearl Housing Chs, Plot 205, Dr Babasaheb Ambedkar Road, Hindmata, Da, Dar East, Mumbai, Mumbai City, MH	India
S3-700982319	Salinas-Environmental	Messa, Arizona, 7161 Lomita Avenue	US
S3-632752593	MV Center	Door No 33/1/7 Flat No. 504 Vrindavan Shrusthi Nr. Nebula Shrushti, K, Olivali 42, Kalyan, Aghai, MH	India
S3-997732969	Sanders, Odette B., DO Corp	1114 Cerscent Road, Indiana, Bloomington, Unit APT 202	US
S3-180927302	Mcclure Mcclure Osisko [P.C.]	Chatham Drive West, Brockton, Massachusetts	US
S3-292380822	Unr Hnls Private Limited	Flat 4401, Plot 16, Tower 05, Sea Breeze Chs, Sector 16, Nerul (W), Navi Mumbai (M Corp.), Thane, Navimumbai, MH	India
S3-941504236	gallagherpattana.com	Massachusetts, 83- West Street, Douglas	US
S3-174870362	enterprisesprivate.com	Madurai, 40, TN	India
S3-223036747	Toledo Investors Co Co	Tonopah Drive, Glendale, Arizona	US
S3-663881743	YSO Foundation Private Ltd	HR, Faridabad, 99 S/colony Sector 23, Faridabad	India
S3-85425887	Perez Pieoe Advanced  LLC	Scorpio Pl, Chandler, Arizona	US
S3-859666578	White Industries Group Pvt. Limited	Shop-19, Mumbai City, Kamothe, महाराष्ट्र	India
S3-661145511	S0lutions Target Estates Holdings Pvt. [Limited]	H.no-110, Rampur, UP	India
S3-424466952	Drayify Residential	San Bernardino Ave, Bloomington, California	US
S3-133356181	Blue Cascade Platforms Partners	38. Avon Pkwy, Asheville, North Carolina	US
S3-670759545	Blue Morgan Rapid	Moline, Illinois, 14th Avenue	US
S3-357429827	-- Himanshi  Pharma Private Ltd	Lucknow, उत्तर प्रदेश, Lucknow, B2 1402 14Th Floor Dlf	India
S3-312139415	Ballard Franklin &	6548 Sunnyside Road, Indianapolis, Indiana	US
S3-611904153	GI Óak LLC	Arizona, Tucson, Adams St	US
S3-563672197	Valley Regional Markets South	5258 1/4 290, Austin, Texas	US
S3-491213841	Guru Infotech Pharmacy  Limited	B##26, Ekta Ngr Sevsameti, Yeshwantrao Chavhan Ngr M, Mumbai, MH	India
S3-991006059	Bay Centre Corp	Pittsfield, <NULL>, 252 Cheshire Rd, Massachusetts	US
S3-552433034	EAST TOTAL CHEMICAL		US
S3-81964215	Classic Quality Lionheart	Iowa, Council Bluffs, #1202 Harrison St	US
S3-357719900	Advaya (India) Dairy Industries Private Ltd	Cv7 1404 Cv7 1411, Dadri, UP	India
S3-804270500	Surgical Pinnacle	#49 Emma Street, Binghamton, New York	US
S3-136500349	BEST Marketing LABS PLLC	320 Wenner Way, Fort Washington, Pennsylvania	US
S3-581593151	Rosona Holdings  Group	511 300, Provo, Utah	US
S3-943672938	Jarlent-Otg	136 Tennant Lane, PT. Deposit, Maryland	US
S3-964525698	Clean (Ini)Da Providers Ltd	Safalya C.h. Society Mhada Colony Nr Chandivali Studio, Chandivali Andheri, East, MH, Mumbai, 11/C/14, Mumbai City	India
S3-418290319	Navbharat Universal [(Limited)]	2, Floor -P-2, Plot -5, Vora Building, Sindhi Lane, C P Tank, Mumbai (SUBURBAN), MH	India
S3-592751479	Anderson Cascade	3889 Highway 22, PO Box 1718, Montpelier, Iowa	US
S3-505544021	Innovative Educational Society Group	B-2/13ashok Vihar Phase-ii, New Delhi, North Delhi, DL	India
S3-28430063	Purva Marketing Overseas Private Limited	H.no 69 Pi No.a- 25/1 And A- 24/6, Surat, Choryasi, GJ	India
S3-385456361	*** Mps Eyes	Block D-955 Door No-26/441, First Floor Mulakkampilly Apartments.padamugal Thrikkakara, Ernakulam, KL	India
S3-134332125	Zetalum t/a Phoenix Global Private Limited	Plot No. 3, Saraswati Colony Uppal, Hyderabad, Telangana	India
S3-138144710	RICH FARMS (INDIA) PVT LTD	T-2, Bangalore North, Bangalore, KA	India
S3-34737707	Back Alley  Bike Shop	5357 Parsons St, Pfafftown, North Carolina	US
S3-212813105	Jaxorbi	House No 39 Floor Ground Block - A Pkt 8 Sector-17, Rohini, New Delhi, North West, Delhi	India
S3-213000800	Ridge Estate (ID: 37525)	639 Legacy Falls Dr, Chapel Hill, North Carolina	US
S3-55771961	Vision Medicine	Yuma, 2147 Copper View Way, Arizona	US
S3-496647597	Avizeta	##48 Westover Ln, Stamford, Connecticut	US
S3-186499226	losdevelopers.com	No 93Penninsula Prakruthi, Anekal, Bangalore, KA	India
S3-21825866	Private Swastik Limited (Developers)	Howrah, Kolkata, Chinar Park, Tegharia, Kolkata, Ground Floor Block C Swagat Chinar, WB	India
S3-618844063	Germain Pope Apex  Arrow	100 Lincoln Blvd, Massachusetts, Abington, Unit E4	US
S3-4906745	Coffin Green Biotechnology Corp	Bel Air, #1300 Oak Manor Ct, Maryland	US
S3-529248913	Future East Properties Ltd	D.no.a-99e.jaganathan Nagar, 5Th Street, Areodrome, Coimbatore South, Coimbatore, தமிழ்நாடு	India
S3-681271552	LLC STILL PRAIRIE INTERNET	13620 Clayton Rd, ST Louis, Missouri	US
S3-751033442	malllanese.com	Kentucky, Elkhorn City, 13119 1/2 Regina Belcher Highway	US
S3-776598091	Tech Energy  Private Limited	52/A Ritchie Road, 1St And 2Nd Floor, Kolkata, Kolkata, Howrah, পশ্চিমবঙ্গ	India
S3-482770568	-- JYOTI REALTY (INDIA) LIMITED	B-208, Building No 1, Nirmal Park, S. V. Road, Bhayander (E), Thane, Mumbai City, महाराष्ट्र	India
S3-330463187	Kabra Véntures	S-##12, Shiv Nagar, Damoh Road, Jabalpur Mp In, Jabalpur, MP	India
S3-212001088	Pvt Milan Polytechnic Limited	North West, Delhi, Aggarwal Cyber Plaza-1 Netaji Subhash Palace, Pitam Pura, 02-303, DL	India
S3-552688414	Global  Services Constructions Private	Door No 193, Sector-9 Urban Estate, Ambala City, Ambala, HR	India
S3-59166207	M/s Shiva  Trading Hotel Pvt	No 28 Kawdasawre Shahapur, Thane, MH	India
S3-570556950	Savage Produce Express Clinic	Fifteenth Avenue, Portland, Oregon	US
S3-144155427	United  Services	Sunglow Lane, Farmers Branch, Texas	US
S3-669860378	Complete LLC Drugs Signature	Cth Ee, Baileys Harbor, Wisconsin	US
S3-959034257	City Finance Private Ltd	New Delhi, दिल्ली, Om Vihar Phase -1-A, West Delhi, Houes No. 229-A	India
S3-559999761	Clear Thunder [Center]	Wheatland, 32 Washington St, Iowa	US
S3-631948468	Rev lt Up Coffee Center - 9922538332	491 Cane River Church Rd, Burnsville, North Carolina	US
S3-327012384	Sadhana Sciences LLP	#0013, Near Volksvagon Showroom Mathura Road, Sector- 31, Faridabad, Faridabad, हरियाणा	India
S3-404467779	Up It Rev Yoga	57-61 Green Leaf Dr, null, Cambridge, Vermont	US
S3-758647497	M/s Bhairav Enterprises  Industries	#215, N/A, Rangareddy, TG	India
S3-204098364	Seex, L.L.C.	100 Scranton Avenue, Lake Bluff, Illinois	US
S3-124694155	Chloris Mellado	#1705 Jefferson Ct, Dothan, Alabama	US
S3-701279772	>> Sunlight & Sons Holdings	H.no 217, New Delhi, DL	India
S3-888856135	Lis0ft  Associates	##4736 Austin Traphill Rd, Elkin, North Carolina	US
S3-899390918	Board of Aging Inc	100 Blnco Way, Knoxville, Tennessee	US
S3-645246519	Bharat Shivam Management Corp	H/o-vimal Singh, Muzaffarpur, BR	India
S3-385702837	Lonet  Bright Services	6921-C Brentwood Rd, Suuffolk, Virginia	US
S3-869187772	Shikhar (India) Pvt Ltd Service	Flat No. 203, Block B, Quthbullapur Silver Springs Modi Apartments, Rangareddy, Hyderabad, తెలంగాణ	India
S3-727472696	Incorporated 254 Fifth Drive Associates	##8350 Yale Ave, Four Square Mile, Colorado	US
S3-670931265	Pvt Aba Siddhi Ltd	#4/13, null, Thane, MH	India
S3-294412910	Shri Khannainstitutetechnology.Com	D-194 Sf Ph-1 Okhla Indl Area, South Delhi, New Delhi, DL	India
S3-202227523	Slate  LLC	1401 Cedar Brook Drive, Cedar Park, Texas	US
S3-14861680	Nexlyra formerly Watkins Union LLC	OH, 620 Tiffin Avenue, Sandusky	US
S3-102847807	atlantis traders private limited	South Delhi, Second Floor, Shivalik, Malviya Nagar, New Delhi, DL, A-00298	India
S3-594898057	nchase.com	Kentucky, 1365 Tyler Park Dr, Louisville	US
S3-940458550	EMPIRE ANGEL GROUP LAKESIDE	1067 Westbrook Drive, Perrysburg, Ohio	US
S3-443516445	Prime Automation  Studios LLC	709 Copley Street, Elmira, New York	US
S3-570397691	Molina, Park & Prihgahtcnehtt LLC	Alaska Ave, Cincinnati, Ohio	US
S3-352624771	The Huerta First Of Charlotte - 5723840983	1257 Jessica Pl, Charlotte, North Carolina	US
S3-262818646	Stanko  Drilling Partners	237 435 Trl, PO Box 4160, Spavinaw, Oklahoma	US
S3-385705632	Olanova Eccuigment Inc	7325 Concord Ave, Portland, Oregon	US
S3-197711950	Avidovaio	Chengala, 9/381 Chattanchal Mundol Thekkil, Kasaragod, Kasargod, Kerala	India
S3-47099898	& Rit Co	Faridabad, HR, Faridabad, Door No 632- 1127/7, Gali No 80, Parwatiya Colony, Sector-22	India
S3-546974268	Laix Coastal		US
S3-874250123	Eye Care  Corporation	80. Smoky Rd, Savannah, Tennessee	US
S3-109377868	Pinnacle Trading Inc Center	New York, 28 Pratt Ct, Staten Island	US
S3-123779645	Pauley-Investments LLC	12-A Greystone Dr, <NULL>, Guilderland, New York	US
S3-371417057	Interstate Summit Fdoos	60 Del Webb Blvd, <NULL>, Georgetown, Texas	US
S3-233641660	Jimenez's Preferred-Associates Inc	406 A Polk St, Lynchburg City, Virginia	US
S3-774946579	Yim, Cthrine S., DPM Corp		US
S3-676836776	Shri Pkh LLP Services	3Rd Floor, Bina, मध्य प्रदेश	India
S3-90389340	Zetaonyx Analytics L.L.C.	2219 Pecan St, Texarkana, Arkansas	US
S3-351179638	10/29 sprott	3784 State Rt 303, Shalersville Twp, Ohio	US
S3-210262996	Ltd Value Wholesale Union	4141 San Roberto Avenue, # APT 2, Anchorage, Alaska	US
S3-978948107	Gregg, Reinhardt Agnc Llc	##1969 Folsam Road, Carrollton, Ohio	US
S3-995210537	Heartland  Ceetfer Midtown	202 Vine St, Waynetown, Indiana	US
S3-79942485	Technologies Vikas Stock Private  Limited	F Number ##304 Shri Krishna Classic Furdnis Colony, Indore, Burhanpur, मध्य प्रदेश	India
S3-811140532	plexus (india) pressing pvt ltd	Polt No. 126, Mamaji Cottage J. Cadel Road, Mahim, Mumbai, Mumbai City, MH	India
S3-3788020	PRIMARY CARE SPECIALISTS	Oregon, 5040 1/2 Ainsworth St, Portland	US
S3-96873382	MERlDIAN ASSOCIATES	Treemont Lane, Hendersonville, North Carolina	US
S3-166108044	F0ot & Ankle Health of Los	2016 Baja Circle, Los Fresnos, Texas	US
S3-545508089	Qutubullapur Solutions Private Limited	C-695 Sy- 274 Nizampet, Qutubullapur, K.v.rangareddy, TG	India
S3-494541298	ಫ್ಯೂಚರ್ ಇಂಡೋ ಫೌಂಡೇಶನ್ ಪ್ರೈವೇಟ್ ಲಿಮಿಟೆಡ್	No 29 1115, 11Th Floor, B-wing, Mittal Tower, M.g. Road, Bangalore, Bangalore, Shajapur, KA	India
S3-323228179	Arcevo aka Dermatology Golden Clinic	1535 236 Michigan Street, Plymouth, IN	US
S3-16906411	Umbravantage DBA Ahmedabad Centre Private Limited	710 -Fortune Business Hub, Science City Road, Ahmedabad, Gujarat	India
S3-808990619	north infrastructure private limited	Om, Balaji Park, Street-5, Sadhu Vasvani Road, Rajkot, Vajdi, GJ	India
S3-852557029	Big Interafnnhoanl School Limited	Ha No47 Kam Nagar, Near Saibaba Mander, Nasik, Pimpalgaon Basawant Dist Nasik, Nasik, MH	India
S3-254516265	வொயிட் சர்வீசஸ் பிரைவேட் லிமிடெட்	D 1-9/1 Sf 96 S.v.patty, Karthik Nagar, Saravanampatty, Coimbatore, தமிழ்நாடு	India
S3-416418318	Lyraevobelo Labs d/b/a Lombardo Transport Group	155 Woodland Lane, Church Hill, TN	US
S3-111886502	8alaji Engineering Corporation	829 Plot No-147 Zone-ii Mp Nagar, Bhopal, MP	India
S3-811952583	M/s Indo Software Private (Limited)	Sno.##286, Pune City, Pune, MH	India
S3-250930431	Cardiology-Care,	910 Plymouth Ave, Piqua, Ohio	US
S3-616761805	Physical Therapy  Ridge	14718 Fiizpatrick Ct, Sun City West, Arizona	US
S3-188588389	फ्यूचर Consultants गारमेंट्स Private Limited	3198/19, 4Th Floor, Gali No. 1, Sangatrashan Pahar Ganj, New Delhi, DL	India
S3-595228662	3455 Union Management Street Downtown	1432 Northglen Blvd, Ardmore, Oklahoma	US
S3-720605374	Mintz	Scottsdale, Unit UNIT 2022, 7110 Continental Drive, AZ	US
S3-457181523	(Ltd) Ambuj Services	C/o Kanchanbhai B Patel, Dahod, ગુજરાત	India
S3-989394523	Commission On Transportaticnon Saint Louis	765 Watson Rd, N/A, St Louis, Missouri	US
S3-520867148	indiapeninsulaagri.com	No.6/489 Triveni Pilathara, Kannur, കേരളം	India
S3-128939732	Primary Care LLC Service	11775 Patience Way, Prescott Valley, Arizona	US
S3-85700997	Golden Braves Midwest LLC	331 Yorktown Drive, Paris, Kentucky	US
S3-685541104	Pleasants Secure-Inc Consumer	#143 Dartmouth St, Rochester, New York	US
S3-356032800	Dr Bright Tech Private (Limited)	1S Floor, Above Badshah, Studio, Jinna Chowk, Seoni, मध्य प्रदेश	India
S3-781733238	Alan Private Limited Center	Shop No A-8, Panvel, Raigarh, MH	India
S3-354990644	Deltavio DBA: Big Engineering Private Limited	102, Himland House, Ranjit Nagar, West Patel Nagar, New Delhi, New Delhi, Central Delhi, Delhi	India
S3-896725448	Mh Solutions Public Limited	Patna, BR, No A-9 Chamari Chak Jamsouta	India
S3-723615269	Inc Strategic Valley Oceanhawk Central	514 6st Street, Coquille, Oregon	US
S3-11638243	First  Point	Ashford Dr, # 105, Danville, Kentucky	US
S3-964336995	Wilson, Jennette-and Nichols Spruce		US
S3-897559828	Malwa	B 216, F/F, Kh No. 512, Plot No. 42 Gali No 11, Hardev Puri, New Delhi, East Delhi, Delhi	India
S3-433607039	Rdh & Sons Exports Private	#50, Hesarghatta Road, Kirloskar Layout, Sidedhahalli, Chikkabanavara, Bangalore North, Bangalore Rural, KA	India
S3-880405318	ग्रेट इन्वेस्टमेंट प्राइवेट लिमिटेड	34 Nesbit Rdmazgaon Court Mazgaon, Mumbai, महाराष्ट्र	India
S3-107674969	Dortch And Motley Llc	##184 Sweetwater Trl, Lincolnton, North Carolina	US
S3-704151665	The Zacarias Golden Rent LLC	55425 Santa Fe Trail, Yucca Valley, California	US
S3-382215493	Prime Bay Twó Corp	3629 Wood Ave, Kansas City, Kansas	US
S3-905839028	Brightoraer Avalanche Center Corporation	826A Washington Street, New Richmond, Ohio	US
S3-154861580	Twisted Bístro	135  Antlers Ln, Bear, Delaware	US
S3-736958970	Meghdoot Builders Pvt Ltd.	Uit No-a-803, 8Th Floor, Pioneer Urban Square, Sector-62, Glof Course Exrension Road Gurugram, Gurgaon Kty., Dundahera, HR	India
S3-602432033	PHYSICAL THERAPY PLATINUM PARTNERS CORP	26 Beechbriar Pl, Mills River, North Carolina	US
S3-276957861	Chin and T0wnsend LLC	4216 Clara Drive, West Memphis, Arkansas	US
S3-693520983	Shree Fabrics (India) Associates Limited	No 11, Kankavli, Sindhudurg, महाराष्ट्र	India
S3-389463590	Jai Pharmaceutical Private	MH, 12Th Floor, Rushiraj Habitat, Opp.red Chilly Hotel, Gangapur Rd, Navshya Ganesh, Nashik, ##1202, Nashik	India
S3-750373438	Anderson  Montessori	215 Lsias Way, Oak Ridge, Tennessee	US
S3-682430957	Swain, Molina And San Group	311 Main Saint, Ft Worth, Texas	US
S3-907702055	Vani It	Hn 473 97, null, Ambarnath, Thane, MH	India
S3-716525951	Grooming Consultant Limited	No.675/2., 200 Feet Inner Ring Road Madhavaram, Chennai, TN	India
S3-926918607	Classic Exports Public Limited	39F/1, Street No. 5, Amritpuri B East Of Kailash, Divreportingcircle, South Delhi, DL	India
S3-523319288	Pacific Star Vista	22057- 267th St, Maple Valley, Washington	US
S3-704533651	xw restaurant inc	32264 46th Place, Auburn, Washington	US
S3-877831964	Sentosa & Sons Private Ltd	Hno 49-256/5/6, తెలంగాణ, Hyd, Hyderabad, Ground Floor, Kalpana Society	India
S3-535879730	Gravity Direct Uptown	4522 Big Oak Place, Unit Unit 5, Corvallis, Oregon	US
S3-921304401	Reum Inc	New York, #136 Park Ave, Eastchester	US
S3-871006261	Bricklayers Local  384	780 Union Street, PMB 5189, Hobart, Indiana	US
S3-364263072	Williams Star Systems Inc	537 Dr Springs Rd, PMB 7852, Carterville, Illinois	US
S3-62491605	Crompton Heritage Industrials	Camden, Arkansas, 422 Ouachita 376 Road	US
S3-890289548	Mr 8iva (Group)	C/o Manni Devi Gopal Gurj, Jaipur, राजस्थान	India
S3-462161762	റെഡ് ബിസിനസ് പ്രൈവറ്റ് ലിമിറ്റഡ്	Thazhakatte House, Nayarangadi, Thrissur, KL	India
S3-560071717	United Amplify Inc	California, null, 3669 Saintsbury Drive, Sacramento	US
S3-653677496	Womens Health Rapid-Medicine Inc	2649 Atlantic Avenue, Rochester, New York	US
S3-48134841	MO  Logistics	No 111., 4Th Floor, 3Rd Cross, East Ngef, Bangalore, Bangalore North, KA	India
S3-592534664	Spivack Endocringolhogy  LLC	Coles Creek Road, Franklin County, Virginia	US
S3-14849281	Nd Integrated Infratech Pvt.	17/6, Kalayanpuri, East Delhi, Kalayanpuri, दिल्ली	India
S3-877187347	Autism  Assistance Program Care Corp	401 Burnsville Parkway, Unit Unit 128, Burnsville, Minnesota	US
S3-765169354	Smt United Fóúndation Holdings	Allahabad, UP, 0340/115 Ch Ragunath Naini	India
S3-350551067	Ambarnath Services Private Ltd		India
S3-962816371	Ksr Tools	P.no.3, Vignesh Avenue, Ramamoorthy Nagar B Block, Saidapet, Kanchipuram, TN	India
S3-726398192	Janey White	Kentucky, 314 Nears Milby Rd, Unincorporated Community	US
S3-343493617	Viv Gaier, DDS	Tulsa, 10301 26rd St, Oklahoma	US
S3-111932060	ગોલ્ડન મેનેજમેન્ટ પ્રા. લિ.	Survey No. 72P1 & 72P2, Morvi, Rajkot, GJ	India
S3-693459404	Haas Frésenius Metro LLC	##171 Owings Gate Road, Owings Mills, Maryland	US
S3-958128661	Baer And Garcia Inc	Virginia, Floyd County, 1159 Poor Farm Rd	US
S3-805167640	Continental  Coalition	621 Hogan Blvd, Newark, Delaware	US
S3-464746244	BIG PUB	25- Dogwood Ln, Fishkill, New York	US
S3-908593880	Royal Lab Eastgate LLC	14 Samos Cir, Peabody, Massachusetts	US
S3-411429	Llc Clyos Atlanta	180 300, PMB 1414, Salt Lake City, Utah	US
S3-230093017	Évoorbi	39469 Homestead Ave, Minnesota, North Branch	US
S3-69203004	Raviora Conlslucancy	Satyam Convent, Delhi, North West, DL	India
S3-953554751	Womens Health Quality Specialists Inc	2047 Bent Lane, Delaplane, Virginia	US
S3-236405718	Panvel Infrabuild Private	Plot 326 House No 485, Raigarh, महाराष्ट्र	India
S3-546615245	Katine Rangel Hospitality	22 Quail Ridge Dr, Oxford, Ohio	US
S3-40601768	Mccollum  Media	#1609 60, Burna, Kentucky	US
S3-991799738	Kienitz Irenic Valley LLC	35 Terrence Avenue, Cliinton, Massachusetts	US
S3-705754461	Anderson Oak	035 Covington Court, N/A, Wichita, Kansas	US
S3-908608339	Discovery Sangh Ventures	Block D-583 63, Rishi Bankim Chandra Road, Kolkata, Kolkata, Howrah, WB	India
S3-106172674	Macintosh Imaging	#26251 Alpine Ln, TWIN EAKS CITY, California	US
S3-202807023	Novivera trading as Newel (India) Fibres Pvt. Ltd.	House No.127, New Ranjit Nagar, Jalandhar - I, Jalandhar, Punjab	India
S3-226018212	Best Trading Public Limited	Plot No. 6, Phase 1, Udyog Vihar, Dundahera Border, Gurugram, Gurgaon, हरियाणा	India
S3-565488625	Colonial Alliance LP	2134 Brown Road, Lakewood, Ohio	US
S3-526333476	Rewa & Sons Gróup	Ahmedabad, GJ, NULL, Block-s, Daskroi	India
S3-937680294	Prime Materials	1008-1010 Bunker Dr, Unit 301, Akron, Ohio	US
S3-79476363	T & Vehicle C LLC	2126 High St, Des Moines, Iowa	US
S3-786188816	Projects Prabhat Storage Pvt Limited	Somajiguda, Concorde Apartments, 6-3-658, Somajiguda Hyderabd- 6-3-658, Somajiguda, Hyderabd-, 6-3-658, ఆంధ్రప్రదేశ్, G-2, Hyderabd-	India
S3-886031599	Private White Marketing Ltd	Pune, Pune City, null, MH, H.no 505 S. No 142/4	India
S3-30581895	Pvt WNV Aggregates Ltd.	101, New Delhi, West Delhi, DL	India
S3-469749162	Jdd Hóuse Ventures Ltd	#972/4 191, Indore, MP	India
S3-512050379	Gangita Security  Limited	A-4, Opp. Main Post Office New Grain Mandi, Kota, राजस्थान	India
S3-580888867	Brightont Brokerage	216 Niobrara Ln, BEAR CTIY, Delaware	US
S3-42212081	Aurora LLC Biologics	018641 Sandlewood Drive, Arizona, Goodyear	US
S3-26667775	The Zetech Enterprises LLC		US
S3-368910712	Devva Narayan Pvt	New G.i.d.c. Estate Kabilpore, Navsari, 424, GJ	India
S3-535029395	Enterprise Technologies  (India) Exports Private Limited	Flat-##1468, New Delhi, DL	India
S3-38487246	Internal Medicine Associates	3103 Michigan Ave, Belle, West Virginia	US
S3-734073829	Business Lolgdscis Products, PLLC	Ridgecrest Street, Kannapolis, North Carolina	US
S3-491641978	Rozella-Brelnnia, DMD	##1095 Lake Woodmoor Drive, Woodmoor, Colorado	US
S3-514375847	Jewels Sweets		India
S3-377135919	Lona Corporate, LLC	820 Quail Run, Cleburne, Texas	US
S3-355278217	Diamond Marine Labs Corp	1876 2st St, Dickinson, North Dakota	US
S3-426034413	स्मार्ट बिल्डर्स प्राइवेट लिमिटेड	No 6 Fl Rm 601, Gurukripa, Plot D N.c.kelkar Road, Dadar, Mumbai City, Bombay, MH	India
S3-217123380	Apex Etgse Private Limited #84173	No A-136, Bangalore, KA	India
S3-178421278	cure bike shop	5826 Piney Fork Rd, Pine Gove Township, West Virginia	US
S3-582063637	Great  Society	6221 Luster Dr, Hueytown, Alabama	US
S3-993136335	Pvt Akp Enginerieng Ltd	Door No 24, Sulochana Nagar Mouliwakkam, Chennai, TN	India
S3-362979068	Hari Finance Private Limited	Khasra No. 639, DL, Delhi, 527 Village Chhattarpur	India
S3-920958543	East Enterprises (Llp)	3, 7 Vatika Kunj Near Dps Marutikunj, Gurgaon, हरियाणा	India
S3-868753307	Vanya Smucker APEX Dragon LLC	Riverside St, <NULL>, Lowell, Massachusetts	US
S3-711883456	Aadarsh Exports Co	D.no.06-7-36/b/z, Vsr Complex 1St Floor, 7/1, Arundelpet, Guntur, Krishna, ఆంధ్రప్రదేశ్	India
S3-742777523	Delta Charities	9403 Lynch Road, Town Of Wascott, Wisconsin	US
S3-527205798	Keloxylox d/b/a Weymouth Quality Gsr Inc	MA, 46 Lakewood Road, Weymouth	US
S3-148334252	Ferryx LLC Partners	1822 Manning Dr, Brunswick County, Virginia	US
S3-740441059	Ínc. MU Gulf Mtsihsi	321 Amador Dr, Hyattsville, Maryland	US
S3-343120301	PROVINCE LABORATORIES PRIVATE LIMITED	A-10, 3Rd Floor, Shyam Nagar Vishnu Nagar, Delhi, West Delhi, DL	India
S3-183988476	Urban Náils! - 1389976563	1262 Grandstff Ave, Lancaster, Ohio	US
S3-700803710	Dumas, Va1enti & (Sola)		US
S3-899327048	lumium supply inc	319-323 Taylor Saint, Mangum, Oklahoma	US
S3-934752729	Good-Hospita1ity Private Limited	Tiruchirappalli, TN, No. 4-60/A	India
S3-923060951	Teer Investments LLC	6124. Beachway Dr, Fairfax County, Virginia	US
S3-960117744	Horner Jpmórgan	2820 Old State Road, PO Box 9494, Schenectady, New York	US
S3-728872378	Ariacalo+ a/k/a Anand Surya Consultants Private Limited	2, Chandney Chawk St, Kolkata, Kolkata, Howrah, West Bengal	India
S3-595483367	Webcom & Brothers Private	H No 1 Jay Kisan, Bhoom, Osmanabad, MH	India
S3-140504849	Korcalo formerly: Ear Nose & Throat Care of Pflugerville	928 Sally Lunn Way, Pflugerville, TX	US
S3-236482920	Ariacalodovaio formerly known as Shivratri Rahman Private Limited	B-14, Vadodara, Gujarat, Vrund Complex, Akota, Vadodara	India
S3-669674866	Mr Dazzling Capitals		India
S3-325914952	Soloro Roofing	009267 Cinnebar Dr, Unit Condo, Indianapolis, Indiana	US
S3-936283719	Lynde Kikuchi Clear Ashford Inc.	70 Oak Road, Eastham, Massachusetts	US
S3-216014667	Al Trading Pvt [Ltd]	Sanjay Nagar Opposite M P Studio, Dus Sarai, Moradabad, उत्तर प्रदेश	India
S3-870774686	Modi-Chit Pvt. Ltd.	147/148, Udyog Bhavan, Sonawala Road, Goregaon (East), Goregaon East, Mumbai, MH	India
S3-423494554	Digital  Builders Pvt Ltd	Wadala, A-325/8, Forward House No 1, Road No 33A, Wadala West, Mumbai, MH	India
S3-226781781	Dermatology Clinic Holdings North Hempstead Of	205 Gadren Street, North Hempstead, New York	US
S3-571088952	Cornerstone Investments	2417 Reston Dr, Texas, Mckinney	US
S3-573203208	Alexina's Preferred Transport	416 High St, Salem, Indiana	US
S3-216102677	Modern Healthcare Public Limited	98, Magadi, Chord Roadvijayanagar, Gloe, NULL, KA	India
S3-542161626	Lillis Mckinney Express Ligand Southside (LLC)	#3208 Cayuga Lake Ct, Carolina Shores, North Carolina	US
S3-342999845	Llc Commercial Mortgage Labs	6306c 58th St, Vancouver Towsnhip, Washington	US
S3-243684524	Hicks Cháin Inc	1522. Orchard Road, Wheaton, Illinois	US
S3-258652851	Hari Investments Private Límited	R 7-8, F-1, W.o.p. 167E, 128 Narayan Vihar, Khodadad Circle, Dr.babasaheb Ambedkar Road, Dada, R (E), Mumbai City, Mumbai, MH	India
S3-446482196	Systems Shree International Industries Limited Center	M-##301 Ganga Nagar, Meerut, UP	India
S3-980163469	Dixon Fast  LLC	445 Village Green, # UNIT 304, Lincolnshire, Illinois	US
S3-411734107	Marcopolo Brothers Limited Private	45-C, Palladam, Coimbatore, தமிழ்நாடு	India
S3-323127877	Bureau of  Consumer Affairs	Tennessee, Lavergne, 110 Drennan Ln	US
S3-132011564	Simmons & Moore	706 Victorian Lane, Smithland, Kentucky	US
S3-688791691	védafbindia.c0m	C/o Mahendra, Hanuman, Mandir Ke Picha Wali Gali, Alwar, Rajasthan, राजस्थान	India
S3-604393808	Pediatric Dentistry Silver Care  Associates P.C.	Wukee, 16114 Brookshire Dr, Iowa	US
S3-740233424	Dinh Resources	406-C California St, York, South Carolina	US
S3-827172749	Poteet, Dorette Pacific Group	45 Presley St, Staten Island, New York	US
S3-783086003	Qc-Apex	7828 150, Avon, Indiana	US
S3-789277022	Pyragildio	Malerkotla Roaddhuri Distt Sangrur, Punjab, Sangrur, Punjab	India
S3-57045093	Physica1 Therapy Medicine Inc.	801 18th Street, Sacramento, California	US
S3-558863568	Morissa-Rutherford Mountain Photonics Incorporated	118 Arney Dr, Indiana, Walkerton	US
S3-643482228	Gildquo f/k/a Goldberg, Farrah, M.D., M.D., P.C.	212 Lakeshore Lane, Bandera, TX	US
S3-929560920	Simon Film	Complex No. 45/3 Residency Road, Bangalore, Bangalore North, KA	India
S3-267687413	Bright Data Partners Global	00605 Crimora Mine Rd, Crimora, Virginia	US
S3-948794548	Smt Foreign Group Services	Gn-2/34, Mumbai City, B-4, Shraddha Society Sector - 10, Vashi, MH, Navi Mumbai	India
S3-754716126	Federal Semiconductor  Sytsems Inc	259 Shore Rd, Lake Pleaant, New York	US
S3-1169489	The Cao LLC	960 Springfield St, PO Box 4124, Agawam, Massachusetts	US
S3-945987412	Kritam Tech Private Ltd	H No 3-7-405/Dc/40, Hyderabad, Rajendranagar, Andhra Pradesh	India
S3-980949227	Zilvia King, D.Ó., P.C. Ltd	136 Long Pond Rd, NULL, Jackman, Maine	US
S3-892829055	3934 Union Apartments  LP Partners	1345 Mckellips Road, Msea, Arizona	US
S3-345330772	saex holdings group	21 B Mose Hollow Road, null, Evarts, Kentucky	US
S3-818650523	Cintron Classic  Clearthink	Maryland, Upper Marlboro, 7102 Meadow Rue Terrace	US
S3-576153306	Simmons and Luke Co	20557 Noble Lane, West Linn, Oregon	US
S3-357002391	Camel  Esco	BR, Bhagalpur, Plot 00436 Vill : Mirzagaon Po. Rifatpur	India
S3-164090217	Platinum  Principal	#6119 Drury Avenue, Kansas City, Missouri	US
S3-12132740	Grand Rapids Youth Chiropractic Corp	024024 Third Street, Grand Rapids, Ohio	US
S3-873741213	Layne Pinnacle	3601 Quail Hollow Rd, Harker Heights, Texas	US
S3-354618613	Ravish & Brothers [Clinic]		India
S3-327426828	Hance, Carlene Allstate LLC	2363 Mckivett Drive, Toledo, Ohio	US
S3-560161390	Kel0kor	Haveri, Nr T M C School, At Bankapur, ಕರ್ನಾಟಕ, Door No 0033 Shivakumar B Adavanimath Shahbazar, Shiggaon	India
S3-848093649	Greulich Better  Express	Pinepoint Road, Williamsburg, Virginia	US
S3-75360243	Premier Jai Private Limited Center	दिल्ली, New Delhi, 130, North West, Block B10, Rohini Sector 3	India
S3-639036668	International Foods	Dl - 141, Salt Lake, Sector - Iii, Kolkata, Howrah, Calcutta, WB	India
S3-985964372	Longshoremen Local	380 Creekview Road, Hendersonville, North Carolina	US
S3-302004614	Urgent	315 College Hill Road, East Pennsboro Township, PA	US
S3-859237958	Lau-Safe Brokfield LLC	2860c Grand Avenue, Balwdin, New York	US
S3-315589771	Western (Owl)	6233 Aldea Court, Fl 1, Lacey, Washington	US
S3-309294872	SWASTIK INTERNATIONAL PRIVATE LIMITED	H.no 789 B Block Flat No.106, Noida, Gautam Buddha Nagar, उत्तर प्रदेश	India
S3-551114082	Technologies	Flat No.101, Mahindra Residency Beside Aditya Trade Center, Ameerpet, Hdyerabad, Hyderabad, Telangana	India
S3-254782487	श्री मैनेजमेंट लिमिटेड	H.no 20 C/o Durga Prasad - Sidhuapur Barhalganj, Gorakhpur, UP	India
S3-576765334	cuttackintlprivate.com	Block F-572 Block-9, Cuttack, OD	India
S3-544792761	Laurella Aliff, DPM DPM	#1100 Concord Road, Carlisle, Kentucky	US
S3-108936979	M/s siveer.com	C/o Vasant Rajeram Vaidya, Narkhed Peth, At Po Tah -Narkhed Dt -Nagpur, Nagpur Region, Nagpur, MH	India
S3-673752411	Portland Rail Holdings	8541 66th Avenue, Portland, Oregon	US
S3-900856048	Dental Medicine LLC	Iowa, 106 Clark St, Jefferson	US
S3-544398565	Psn Fuogdation	#182 H No.c-5/1, New Delhi, South Delhi, DL	India
S3-28226638	Florance Herrera, MD, Inc	606 Washington Park, Waukegan, Illinois	US
S3-495099813	CU Private Limited Center	G-404, Ghaziabad, 4Th Floor, Block G Anjara Gen X, Crossings Republic, UP	India
S3-80267849	Dolores  Jacks Flag [Llc]	17847 Cindercone Road, Rio Verde, Arizona	US
S3-734089249	-- Chiropractic Express Co Center Center	10925 Kilbourn Ave, OAK LAWN CITY, Illinois	US
S3-295768141	Kk Pvt Ltd  Services	Vetadd Nutrients Private Limited Village Jamalpur, Phagwara, Kapurthala, ਪੰਜਾਬ	India
S3-910955646	Helene S. Jordan, L.C.S.W. LP	807D Brynwood Dr, Chattanooga, Tennessee	US
S3-558548508	Peak  Roofing	6959 1428, Allen, Kentucky	US
S3-474213127	Vantagebrixdelta formerly Johnson Royal Metal Works	1374 York Street, IA, Des Moines	US
S3-474734451	Creative Cónstructi0ns Limited	124/26, Bangalore, KA	India
S3-397111234	न्यू सर्विसेज प्रा. लि.	C-1254 Chauhan Banger, Shahdra, North East, Central Delhi, DL	India
S3-922154738	Standard Automation Enterprises		US
S3-711957010	Delgado Grid Corp	62-B Mckinley Avenue, Straftord, Connecticut	US
S3-199922231	Pioneer Energy Stores Corporation	House No 2, Ward No 14, Holi Chowk, Raisen, MP, No 56 Seetaram Rai, Baraily	India
S3-874347409	Jaipur  Trading Private Limited	Plot No. 7, Ashutosh Appartment, Air Force Road 2-Shivam Society, Jamangar, Street-2, ગુજરાત	India
S3-717741899	Super 5 Grill Ltd	49- Briarcliff Lane, Rocky MT., Virginia	US
S3-584560778	Melosa Hebert Exchange Llc	400 Congress Street, # UNIT 7488, Portland, Maine	US
S3-342533760	Complete Opportunities Express Associates	4066-A Princeton Ridge Dr, Eureka, Missouri	US
S3-498295658	Olivarez, Gloster & Tapia Llc	1950 Lee 225 Rd, Maranna, Arkansas	US
S3-767986838	DVS Gymkhána Limited	House No 324, Rohini, North West Delhi, DL	India
S3-851537171	New Delhi Private Limited Center	Office No.102, New Delhi, DL, 52A, Ff, Vijay Block, Laxmi Nagar, New Delhi	India
S3-647829000	New India (India) Corporation	Plot No. 15B, Baroli Aheer, Agra, UP	India
S3-316315917	Saroornagar Security Private Ltd	No ##2-277/47/A/1 Shiva Sai Nagar, K.v.rangareddy, Saroornagar, Andhra Pradesh	India
S3-810864451	Eye Partners	2133 2nd Avenue, Hibbing, Minnesota	US
S3-855378867	Smt Alpha Power  Private Limited	H.no 105 First Floor, Block-b Dda Lig Flat, Pocket-c, Molarband, New Delhi, South Delhi, DL	India
S3-698843400	LLC Shafer Btar Banking	1421-1423 Powder Mill Rd, Grayson County, Virginia	US
S3-454169329	Family Clinic	17300 88nd Avenue, Unit 135, Peoria, Arizona	US
S3-232692325	Vop Etf	104 Ashwood Rd, Rice, Virginia	US
S3-308621983	Dr TIRUPPUR POLYTECHNIC PUBLIC LIMITED	26/2, Bangalore Rural, ಕರ್ನಾಟಕ	India
S3-157130971	Juniper  Group	207-211 Central Ave, N/A, Searcy, Arkansas	US
S3-341009104	nikunjtrust.com	Periyamkunnath, Kochi, Ernakulam, കേരളം	India
S3-997847073	Superior Certified Corporation [Telefonica]	45 Prospect Hill Rd, Branford, Connecticut	US
S3-699155314	Roze's Mountain Technologies	Acri Road, N/A, Mechanicsburg ITY, Pennsylvania	US
S3-445944306	Bhavana & Brothers Public Limited	Kothi No. ##18 Sector 10 District Court Complex Dwarka Sector 27 Cantonment, South West Delhi, Dwarka, दिल्ली	India
S3-747144768	Bombay It Industries Limited	New Petit Mansion2nd Floor 96 Sleater Rd, Mumbai, महाराष्ट्र	India
S3-214482927	UGE Foundation	C/o Nihal Singh Chauhan P.n 71 Sunrise City, Jaipur, RJ	India
S3-757540946	The Pediatric  Dentistry Clear Clinic Holdings	2001 1/13 Philomena Street, Austin, Texas	US
S3-507741208	Indore Anand (India) Infratech Private  Limited	86 Arachia, Purba Bardhaman, WB, Amarun Police Station: Bhatar, Bardhaman	India
S3-152210924	Verajax Formerly 20/20 Optical	2852 Sheryl Drive, Tucson, AZ	US
S3-349135343	Maa Care Private	Barmasia Road Near Jagannath Mandir Katihar, Katihar, बिहार	India
S3-417338798	প্রাইম মার্কেটিং প্রাইভেট লিমিটেড	No 94 C/o Prasad Pahari Pachim Mamudpur, Mamudpur, Hingalganj, WB	India
S3-320995973	Black Consultancy Private	K-407, Avj Heights, Sector Zeta-1 Greater Noida, Uttar Pradesh, Gautam Buddha Nagar, UP	India
S3-216801390	TJY Limited Private Leasing	East, DL, East Delhi, Ground Floor Dilshad Colony, Shahdara, No. 993 G-117	India
S3-377597837	Pvt Param Traders Ltd	2247, Ludhiana, Sector 32-A Gopal Nagar, Chandigarh Road, Ludhiana, ਪੰਜਾਬ	India
S3-952762381	Zhang Allegro Group	841 Terence Dr, Rowlett, Texas	US
S3-800847909	Schaffer, Wílson & Hill Evo LLC	1707 8st Street, # Unit 318, Forest Lake, Minnesota	US
S3-484423912	Fresh Rapid	719 Timber Cove Drive, Seabrook, Texas	US
S3-605976026	LRD	3785 Spike Lane, Vale, NC	US
S3-704204006	रॉयल मीडिया प्राइवेट लिमिटेड	F 59/B, Pune, MH	India
S3-197105806	ફર્સ્ટ સિસ્ટમ્સ પ્રા. લિ.	#48 Swami Gunatitnagar, Memnagar, Ahmadabad City, Ahmedabad, ગુજરાત	India
S3-887586797	Pahuja Clubs Limited Services	H.no 126 Ganga Nagar Pac Mod Shyam Nagar, Kanpur, उत्तर प्रदेश	India
S3-997979251	Total Payment Services Co	2217 Lee St, <NULL>, Houston, Texas	US
S3-558653761	Camy Soulgiofgs Ventures Limited	Plt 238-244, Sector 10, Pcntda, Bhosari, Pune, Mumbai, MH	India
S3-957701241	Heritage Inflection	4688  Glendon Rd, Ohio, Columbus	US
S3-124784374	historical ministries	45 A White Oak Ln, New York, Staten Island	US
S3-374854928	Frontier Solutions-Shallotte Partners	431 Tryon Road, Shallotte, North Carolina	US
S3-785009392	ఆనంద్ ఇన్‌ఫ్రా ప్రైవేట్ లిమిటెడ్	Plot 396 8-2-601/A/3/4/A, Hyderabad, 3Rd Floor, Plot No 221/A Panchavati Colony, R No.10 Banjara Hills, Andhra Pradesh	India
S3-701988328	Shri Bhagwan Idncuhtceis Holdings Private Limited	Plot 398 Shed No 52, Ida Phase 11 Cherlapally, Hyderabad, TG	India
S3-837809926	Nancey F. Cage, O.D. Inc	002576 Toms Creek Rd, # 59, Pg, North Carolina	US
S3-67996115	bequity.com	2S 509 Dogwood Court, Warrenvville, Illinois	US
S3-809313770	Vision Systems Limited Center	DL, North West Delhi, Delhi, Unit No. C-32a	India
S3-526377158	Gandhidhamdecor.Com	C/o Sita Mani, S.n. 54/5, P.n 06, Sai Dham Society, Gandhidham, Kachchh, ગુજરાત	India
S3-799880195	Innovative Frontier Transport Llc Llc	108 Grove Pl, PO Box 9363, Utica, New York	US
S3-608530905	integrated dígital labs	696-B Elm Pl, # APT 300, Highland Park, Illinois	US
S3-918774745	ईस्ट सॉल्यूशंस प्राइवेट लिमिटेड	18/71 G/f Punjabi Bagh, New Delhi, West Delhi, DL	India
S3-767397372	Swift-Fdrst Bsp LLC	27 Oceanside Avenue, <NULL>, Staten Island, New York	US
S3-152086701	Pyrajax One a/k/a Classic Continental Great	Unit 207, 601 Wharf Street, DC, Washington	US
S3-216691535	Bareilly Me Private Limited	H.no 531/1, Bareilly, null, UP	India
S3-363194753	All Holdco LLC Services	650 Brooklyn Village Avenue, # 210, Charlotte, North Carolina	US
S3-207798628	Ace Mobility Digital Associates LP	6, Remer, Minnesota	US
S3-873097563	PX Eleloctrhi Limited		India
S3-638929440	2055 third boulevard properties	200 Morrich Avenue, Brownsville, Tennessee	US
S3-483009049	ಶಿವಂ ಐಟಿ ಪ್ರೈವೇಟ್ ಲಿಮಿಟೆಡ್	H.no 179 Siddalingeswara Badavane Bogadhi 2Nd Stage North Near Nirmithi Ke, Ndra, Mysore, KA	India
S3-342384595	Physical Therapy	153 1/2 Simmons Lane, Pinebluff, North Carolina	US
S3-878695229	Enhance Br0thers Private Private Limited	S. No. #33, Kharadi, Behind Saibaba Temple, Pune, MH	India
S3-804102471	रियल टेक्नोलॉजीज प्राइवेट लिमिटेड	Flat-b3/517, The Crest1381, 1497 Pimple Saudagar, Pune City, Pune, MH	India
S3-883758289	Straight  Edge Grill Group	716 Kaitlynn Avenue, Anamosa, Iowa	US
S3-308653570	-- Green Cargo Bránds Group	56 Nicole Loop, New York, Staten Island	US
S3-473301253	Yoo	South Ogden, 5457 975, UT	US
S3-55476734	Mirapyracalo	C/O Praveen Kumar, F-68 Transport Nagar Kanpur Road, Lucknow, Uttar Pradesh	India
S3-621343316	Federal Charter School	1953 Lamar Street, Houtson, Texas	US
S3-643890573	FOSTER UNITED DETAILING HOLDINGS	714 Haddam Way, N/A, Hanover Park, Illinois	US
S3-88199491	TALBOT'S QUALITY BISTRO CLINIC	147-151 California Avenue, Columbus, Ohio	US
S3-730543420	Sld India	S No 284/11/3 Mhahan Heights Keshavnagar Flat No 7, Maharashtra, Pune	India
S3-978831034	GREEN LAW CHAMBERS	Flat No 1305, Building 4 B, Ivory Properties, Near Goregaon Sports Club, Off Link Road, Malad We, Mumbai, Mumbai City, महाराष्ट्र	India
S3-698396738	Toia Partners	311 Normandy Drive, <NULL>, Silver Spring, Maryland	US
S3-428677418	Creative Baba Foods Private  Limited	105, K.v.rangareddy, TG	India
S3-202890629	Visakhapatnam  Hygiene	D No 19-507/261, Vishakhapatnam, Visakhapatnam, AP	India
S3-468693488	great consulting limited	Machharhata Inar, Jagdishpur, C/o Binta Devi, Jagdishpur, BR, Bhojpur	India
S3-302868582	Corp Ballard and Powlll Obic	10931 Bethlehem Road, Bethlehem, Kentucky	US
S3-531816228	lin montessori school ltd	25-62 123 Street, College Point, New York	US
S3-988106703	Efficacious Hopttil Ltd	Bikash Ghosh, Ranaghat - I, Nadia, পশ্চিমবঙ্গ	India
S3-927291881	4764 Park Place Realty Partners	Minnesota, Minnneapolis, 16814 49th Place	US
S3-822764134	Center Prairie Choice Inc.	3908 Double Q Rd, Town Of Eaton, Wisconsin	US
S3-209003719	Ena LLC Keystone	2526 Medford Campbell Blvd, Murfreesboro, Tennessee	US
S3-235801349	Watson's Legacy Productions  Partners	703 Smith Farms Ct, Nashville, Tennessee	US
S3-708435955	GGX Digital Private Limited	ಕರ್ನಾಟಕ, Bangalore, Bengaluru, No.339/11	India
S3-118215615	North Institute of Technology  Clinic		US
S3-312283480	KBD CBRE L.L.C.	35 Crescent Drive, Owego, New York	US
S3-726616104	Jai My Global Limited	Plot No C-25. Road No 28 Ida Mallapur, Hyderabad, TG	India
S3-801201103	Nguyen Monte Central PC	965-969 Straight Fork Road, Big Cove, North Carolina	US
S3-220072396	Orthopedic Ltd Service	651 Rc Luker Ct, Granbury, Texas	US
S3-405137970	Valley Committee	57 Plymouth Rd, Harwinton, Connecticut	US
S3-169862950	Ram Stores Private Limited Center	Pune, Pune City, MH, Sno260/2/13a/3	India
S3-904985892	Prime Industries Bakery Private	A-#320, 3Rd Floor, Siddhi Vinayak Towers Off S.g.highway, Makarba, Ahmedabad, GJ	India
S3-869085243	Optimal Defense Union Inc	18 7th Street, Mcmecen CDP, West Virginia	US
S3-124164088	Dovaonyx aka Pediatric Dentistry First Physicians	310 Old Chatham Road, Unit A63, Dennis, MA	US
S3-481086173	Jay Jeevan Private  Ltd	No. 11, Indra Nagar, Agaram Main Road, Selaiyur, Madras, Chennai, TN	India
S3-825202786	Kestanceyn Transportation	#1319 Rosewick Ave, Rosedale, Maryland	US
S3-755650709	seven softwares private limited	064/C Chhaya Villa, Dhantoli, Nagpur, MH	India
S3-403330265	Cypress Holdings (Center)	114 Highland Ave, Clinton, Tennessee	US
S3-492016	2102 Market Ave Properties Co	402 Trickling Springs Way, NULL, Pflugerville, Texas	US
S3-260724733	metrostrategichouse.com	106 Johnson Dr, Spicewood, Texas	US
S3-545978483	keon melar	Texas, Lubbock, 2020 54th Street	US
S3-685077434	મોડર્ન લોજિસ્ટિક્સ પ્રાઇવેટ લિમિટેડ	Shop-#235, Surat, ગુજરાત	India
S3-763078161	Zeify Worldwide L.L.C.	Oakwood Lane, Fountain Hills, Arizona	US
S3-648200773	ಸೌತ್ ಪರ್ಫೆಕ್ಟ್ ಇನ್‌ಫೋಟೆಕ್ ಪ್ರೈವೇಟ್ ಲಿಮಿಟೆಡ್	No 8/1, Bangalore, Bengaluru, ಕರ್ನಾಟಕ	India
S3-854596630	Lundell Center (Marshall)	33 Levesque Dr, Unit Unit 237, Eliot, Maine	US
S3-241511505	Private First Consultants Limited	Chennai, G-50 Brindavan St New No 84, TN, Chennai City Corporation	India
S3-476394916	Icha1karanji-Finance	H.no 146 W. No.2, Ichalkaranji, Kolhapur, MH	India
S3-246202476	esterpadillapurecycle.com	3554-3556 Blue Tee Ln, West Valley City, Utah	US
S3-435850491	यूनिवर्सल पावर प्राइवेट लिमिटेड	###62, A/6, Third Floor, Neelkamal Society Complex, Bajaj Nagar, Nagpur, MH	India
S3-188940004	Big Producer Foods  Private Limited	Kedarnath (Neeta C, Vile Parle (East), Mumbai, A/06, MH, Mumbai Suburban, Mumbai	India
S3-95057795	City Rla Hospitality Private Limited		India
S3-57921991	Shree Services Private Ltd	#472 F.no-3440 Sect D Pkt-10 Vasant Kunj, Delhi, South West Delhi, DL	India
S3-131814854	Timmacleanseneca.Com	235 Southern Ave, Unit 122, Mesa, Arizona	US
S3-296882837	[Group] Vantine Madison	3106 Carter Lane, Fl. 1, Columbia, Missouri	US
S3-914226212	Jackson, Boswell & Edwards Tower [LLC]	5352 Bernard St, Chicago, Illinois	US
S3-256886511	rgjoint.com	0088 Park Ave, Rehoboth Beach, Delaware	US
S3-130505638	सुप्रीम आईटी प्राइवेट लिमिटेड	Office No S ##07 82Haware, Centurion Plt88-91 Sec19a, Thane, MH	India
S3-4743145	Panter Pediatrics Care Greater	144 Ohio River Road, Leasge, West Virginia	US
S3-184919014	Baba Infrastructure Pvt Limited	122, 1St Floor, Shatrunjay Apartment, 28, Sindhi Lane, Nanubhai Desai Road, Mumbai, MH	India
S3-560617490	Johnson Pineapple		US
S3-906060801	orix consultancy	Door No 905 Plot No K-3, G Wing, 210 Midc Anand Nagar, Ambernath, Thane, MH	India
S3-294848524	Stenger, Pittman and Payer		US
S3-229988428	Pineda Móntessori School	307 Seneca St, Kansas, Unit APT 101, Wichita	US
S3-552349188	Supreme Finance Limited  Services	Dr Rajendra Prasad Sarani(clive Row), H.no 979 6A, Howrah, WB, Kolkata	India
S3-714401974	बिग लक्ष्मी कंसल्टेंट्स एलएलपी	23/5 B, Shakti Nagar, Delhi, DL	India
S3-618977235	#DAEX HOSPITALITY	1718 Ardmore Avenue, Tyler, Texas	US
S3-149990583	Beacon Figx Rocky LLC	24042 Treehill Drive, Wood Village, Oregon	US
S3-458856543	Global [Project]	0634 Maple Ct, Brownsburg, Indiana	US
S3-440036734	Zodiac Lnfra	C/5, Andheri West, Mumbai City, MH	India
S3-747487224	রিয়েল কনসালটেন্সি প্রাইভেট লিমিটেড	Office, No-11, Fl-24 Dp-6 Sec-v, North 24 Parganas, Saltlake, Imagine Techpark, পশ্চিমবঙ্গ	India
S3-62308908	Alpha  Association Overseas Pvt	S.no.80/6 Mangal Gaurav, Pune City, Pune, MH	India
S3-316039083	Maid Cleaning ([Service])		US
S3-231818684	Hill And German [Inc.]	4560 Old Hollow Road, Kernersville, North Carolina	US
S3-347508780	Dream Contrcutions LLP	S C-66 Panchsheel Park, New Delhi, South Delhi, DL	India
S3-478996535	Surgical Pchlthenrs	303 6th Saint, Idabel CITY, Oklahoma	US
S3-594602406	and Mckissick Gonzalez, [Davis]	2313 Baker St, Ames, Iowa	US
S3-906347125	Happy Coffee Partners	425 Davenport Street, PO Box 7770, Sabinal, Texas	US
S3-489252881	... Hildegaard Bailey, Center	4853 100, New Palestine, Indiana	US
S3-947377425	Mr White Financial Private Limited	8-2-59, Hyderabad, Khairatabad, TG	India
S3-837558160	Royal Technical Technologies Co	3331 Boxelder Drive, Houston, Texas	US
S3-775039974	Orbilyrakelo Formerly Twisted Cafe Center	MA, 82 Pelham Island Road, Sudbury	US
S3-775541854	Bhiwandi Flame	Shop No.693/6 Ground Floor, Madhu Mangesh Complex C Wing Bhiwandi, Thane, MH	India
S3-831314686	Route 84 Hypnósis (LLC)	100 1425, PO Box 7421, Danverscity, Illinois	US
S3-28695133	Mahad  India Private Limited	Mahad, Raigarh(mh), House No.2652, MH	India
S3-51639135	Bharath-Properties Limited	T S S Hostel, Uttara Kannada, Pwd Road, KA, Uttarkannada Dist	India
S3-940450786	Physical  Therapy Center LLC	Viridian Park Ln, Arlington, Texas	US
S3-126629336	limited united healthcare	GJ, House No. #9 A, Diwalipura, Shreeji Housing Society, Near H Nagar, Vadodara	India
S3-572301265	Group Arts National Committee	318 Monroe Street, Sullvan, Illinois	US
S3-853671937	Tech Consultants Public Limited	Ae-60/2, Chennai - 600 040. Chennai - 600 040., Chennai - 600 040., TN	India
S3-621528582	Metro Blue  Boston, Inc	244 Walnut Ridge Rd, Salem, Indiana	US
S3-204717039	Peridelle  Security LLC	248 Lawsons Farm Rd, Virginia, Greene County	US
S3-166546063	Sri Clifford Ventures Sons & Private Limited	No 38 C/o Suresh Vitthal Mane Gundha, Buldhana, MH	India
S3-36411554	जैन कंसल्टेंट्स प्राइवेट लिमिटेड	Flat 2, Everad Nagar, Eastern Express Hghway, Sion Near Somaya Hospital, Chunabhatti (East), Mumbai, MH	India
S3-625383530	Sequoia	4398 1100, Dunkirk, Indiana	US
S3-899515880	Private Infra Gautam Tiles [Límited]	WB, Kolkata, 2Nd Floor, Space 5 & 6, 2/7.Sarat Bose Road, Kolkata, Vasundhara Building, Howrah	India
S3-922145641	Novova Central LLC	#105 Lea Acres Road, Little Sandy, Kentucky	US
S3-208645402	Lower Pioneer LLC West	83 Paige Street, Athol Township, Massachusetts	US
S3-696350161	Consultancy Sai Chit Private  Limited	D.no.4-1-30 (S), Challavari Street, Bhupayya Agraharam, Amalapuram, Amaravathi, AP	India
S3-887537863	24HR  Towing	20 Timonium Road, # Suite 111, Lutherville, Maryland	US
S3-379387408	IHO Precision  Dime LLC	562 Long Branch Dr, PO Box 6621, Dayton, Texas	US
S3-335084211	Lyrawex formerly known as Jay Power Pvt Ltd	North West Delhi, Kh No.- 199 House, Delhi, No.- 1080, Ground Floor Old Lal Dora Village	India
S3-118707874	Eastern Construction Private Limited	Rs No 216, Dhrol, Jamnagar, GJ	India
S3-641219652	internationalbusiness.com	5Tarachand Dutta St, South 24 Parganas, Kolkata, WB	India
S3-686898788	Xtreme Exim LLP	Plot No. 177 Jawahar Nagar Extension, Varanasi, UP	India
S3-813618603	Barrick's Couriers Dynamic	2433 Roxboro St, Avon Tonship, Ohio	US
S3-540205794	Shree Apex Products Private	Shed No. 128-4 Gidc Makarpura Road, Baroda, Vadodara, ગુજરાત	India
S3-2973402	LLC Aspen	803 Water St, # B, Lumberton, North Carolina	US
S3-262278175	Motors Mídwest UX	1313 Atlanta St, DEER PARK, Texas	US
S3-370257539	Raj Consulting Private | www.rajconsul.com	Shradha Sai Shakti Chs. Ltd. Navghar X Road, Nr. Gurudwara, Bhaindar, (East), A-302, Thane, MH	India
S3-674398944	Ectosol One DBA: Oncology Grand Center	CA, 5165 Lafitte Drive, Oak Park	US
S3-300987530	Gracie'S Blue Supply [Corp.] (ID: 36263)	Benton Street, Rochester, New York	US
S3-716647832	Aashi Technologies Private Limited	Phase 1, New Delhi, B-#72 Mayapuri Industrial Area, दिल्ली	India
S3-513704819	Pediatric Dentistry Partners Partners Corporation	14243 Airline Hwy, St. George City, Louisiana	US
S3-171499226	Penproducer.Com	Survey No.77 A/2 A/3, Pen, Raigarh(mh), महाराष्ट्र	India
S3-428170856	Total Technologies LLC  Partners	127 Jefferson Ave, Charles Town, West Virginia	US
S3-555827069	Fluxsyn D.B.A. New Mumbai Natural	I 406Aara Enclave Sector 9 Nerul, New Mumbai, Maharashtra	India
S3-538855372	Urgent Care [Health]	5020-5022 Peoria Avenue, Unit 244, Glendale, Arizona	US
S3-825434233	Brown LLC Opendoor	Wisconsin, 2912 1/2 Brookfield Road, Brookfield CITY	US
S3-175483776	Hsg Bhooim (India) Private Limited	A-1-98/5/4/g/5, Plot No 65 Pratika Nagar, Hitech City, Madhapur, Hyderabad, Andhra Pradesh	India
S3-891724240	Sri Life Distributors Pvt		India
S3-751469760	Jaynell Castillo Consolidated PLLC	#3474 Turner Dr, Springfield, Ohio	US
S3-876081265	silver grill! co	#3771 Aydelott Road, Centerville, Tennessee	US
S3-935762964	Prívate Creative Food Limited	Office No. 08, 8Th Floor, E Wing, Tandice 69, Suren Road, Andheri Kurla Road, Andheri East Near Darpan Telephone Exchange, Andheri E, Bombay, Mumbai, MH	India
S3-72499704	galaxy jai global private limited	Door No 2/2 Shree Dhanam Nagar Karayampalayam Mylampatti Road, Coimbatore, TN	India
S3-351205519	Horizon Industries Services	Ashbourne Pl, Coumbus, Ohio	US
S3-371157383	Cruz-Custom Freight Inc	North Carolina, 2104 Strickland Rd, null, Raleigh	US
S3-543542894	Mendez Wireless Co	Schenectady, 14 Irving Rd, New York	US
S3-353440247	HJ Interactive Co	622, New Kamla Nehru Colony Tehsil And District Bathinda, Bathinda, PB	India
S3-252000257	A Signature Commodities Riverside	19121 97th Ln, Peoria, Arizona	US
S3-994386560	Trading Classic	D/6, Satyam Palace, Pl No. 6, 7, 8, Sr No 282/C/1, Fadol Mala, Ambad, Navi Mumbai Region, Nashik, महाराष्ट्र	India
S3-513059484	Fawnia	2447 Higgins Avenue, Brownsville, TX	US
S3-223962428	2775	1238 Agency Street, Burlington, IA	US
S3-498582884	Vijay F0od  Pvt Ltd	Medak, 18-50, తెలంగాణ	India
S3-846429374	Private Good Dynamic Infra Limited	D-#1 Laghu Udyog Kendra3 B Patel Road Goregaon East, Mumbai, Goregoan East, MH	India
S3-213227994	સુપર માર્કેટિંગ પ્રાઇવેટ લિમિટેડ	72, The Nutan Guj. Co Op Shops And Warehouses Soc. O/s Raipur Gate, Near Laxmi Cotton Mill, Ahmedabad, ગુજરાત	India
S3-860731420	Anand Bíg Hospitality LLP	Unit-e-310, Salt Lake City Centre, North 24 Parganas, WB	India
S3-653785089	gerri chudy delta money	Chicago, Illinois, ##1404 Fillmore St	US
S3-490501031	Shantadurga College	Plto No 10, Arena Building, MH, Pune	India
S3-338992248	Pyralum d/b/a Silver Book Store	Cleveland, TX, 15671 St Highway 105	US
S3-799451107	Etco Knowledge Pvt Ltd	2Nd Stage, Venkatesh Mansion, Vidhana Soudha Layout Main Road, Near Suvarna Studio, Papareddy Palya, Nagarbhavi, Bengaluru, Bangalore North, #19, Bangalore Rural, ಕರ್ನಾಟಕ	India
S3-46942926	Upper  Grupo	871 Marc Dr, Alton, Illinois	US
S3-94471902	Arihant Hospitality Private  Limited	Door No 1226 1 Opera Park Piraman, Ankleshwar, Ambawadi, GJ	India
S3-202250044	Sri Tech [Educational]	Cb-72, 1St Floor, Ring Road Naraina, New Delhi, DL	India
S3-901554	Trading, Carma Harris	120 36th St, Seattle, Washington	US
S3-573282180	Pediatric Dental Care of Sulphur  Springs Care		US
S3-853951977	Littlefield Qdro	9410 Calle Vejar, PMB 4747, Rancho Cucamonga, California	US
S3-240654830	Power Pbadkr	Tennessee Drive, Jacksonville, Arkansas	US
S3-245069633	Arihant Bharat Marketing  Private	110, Arun Chambers, Tardeo, Bombay, Bandra Suburban, MH	India
S3-259971488	-- Daskroi Synthetics Pvt Ltd	A-205 Sun South Street, Near Arohi Elysium, Ahmedabad, Daskroi, ગુજરાત	India
S3-334847085	Chandrayi Mdai Pvt. Ltd.	1-121, Main Road, Kurnool, Koilkuntla, AP	India
S3-989094652	Scott Crystal River Inc	130 Johnson Rd, Clarksville, Virginia	US
S3-101349689	Montara Thúnder LLC	670C 171, Crossville, Alabama	US
S3-456999740	Select Doiep P.C.	2460 Old Ajo Way, Tucson, Arizona	US
S3-83865357	Duncan Harbors ínc.		US
S3-255509045	Nois Delta Robcioood Inc	Acorn Ave, Town Of Little Falls, Wisconsin	US
S3-945691973	Aditya Global Prisvce Limited	No #34 Sri Kumaran Oil Mill India Private Limitedcompound 123, Namakkal, TN	India
S3-714302811	Physical  Inc Clinic Therapy	1037 Plateau Ridge Way, Haslet, Texas	US
S3-287956574	IVJ Foods Enterprises	1330P, Dlf Qe, Gurgaon, हरियाणा	India
S3-316463328	Govind Institute of  Technology	#20, Ground Floor, 9Th Cross Road, Iti Layout, Bangalore South, Bangalore, ಕರ್ನಾಟಕ	India
S3-130528087	Pvt New Delhi Esolution Ltd.	Hn 730 C-36, Ghaziabad, South Delhi, दिल्ली	India
S3-146819472	Aarav Infratech Group Industry	W 16, Deen Dayal Nagar Karera Shivpuri, Shivpuri, मध्य प्रदेश	India
S3-670379119	Deltajaxsol	#26200 Tunis Mills Road, Easton, Maryland	US
S3-901821965	Brixnyla DBA: Direct Hospitality Ventures Inc	1020 Jacobs Road, Loudon, TN	US
S3-266439235	Mr MCUBE SOLUTIONS PVT LTD	H.no 465- G/2 Naseeb Aptsostwalpark Jesal Park Rd Nr Rly Station Bhayander-e, Thane, MH	India
S3-148196630	ZRP Compania	Brigham City, Utah, 32 500	US
S3-4160583	suryaagro.com	No. 32, Kamakshi Palya, Indul.extn.bangalore., KA	India
S3-605846378	Stag Rocky LLC	407 Old Colony Dr, Richmond, Texas	US
S3-85481678	harborvanguardstarry.com	1466 Witherspoon Dr, Brentwood, Tennessee	US
S3-345282686	Onyxkor née All Impex LLP	676, Kishanu Square, Viyyur Ph Jn, Opp Kseb, Thrissur, Kerala	India
S3-19168567	Tesax	1384 Meadowcreek Dr, Unit Unit 3, Pewaukee, Wisconsin	US
S3-898800831	Manhar Solutions Pvt.	H.no 2/402 Parambayil House, Areekam, Tirur, Malappuram, Malapuram, KL	India
S3-342609521	Advanced Insurance	1249 Clearbrook Dr, Kenedale, Texas	US
S3-272704212	Williams, Bracewell and Ward (Gladstone)	Westville, 74798 4770 Road, Oklahoma	US
S3-498361117	Smt Seven Exports Private	Door No 521-528, Jaipur, RJ	India
S3-633314012	Uni (índia) Pvt	Rose- ##425 New Minal Residency, Ayodhya Bypass Road, Huzur, Bhopal, MP	India
S3-807892088	Maria Solution Private (Limited)	H. No. 153 Ambehta Shekha, Saharanpur, UP	India
S3-252306722	Alliance  Enterprises	DL, New Delhi, F-149 New Seelampur, Shahdara	India
S3-944016469	Express Center Industrial		US
S3-328091113	Fvservices.Com	Sri Anjani Pd. Singh, Gaya, Arwal, BR	India
S3-844669604	Lehr, Cgasael & Parks Co	6137 Les Dorson Lane, Alexandria, Virginia	US
S3-909674766	Red  Bakery	#1310 104nd Street, Cleveland, Ohio	US
S3-664928295	M0dern LLP Services - 6180790755	Skipper House, 62-63, Nehru Place, 314, South Delhi, New Delhi, DL	India
S3-101891714	Lyrabrixx	Andhra Pradesh, 2Nd Floor, Opp: Siris Company, Krishna Nagar, Penamaluru Mandal, Krishna, Vijayawada, H No. 9-292	India
S3-520121653	Silver-Education Partners Harbor LLC	2913-D I-275 Eb Expy, Cincinnati, Ohio	US
S3-908666455	Glory & Brothers Enterprises Private Ltd	MH, No 57 C/o Mainabai Pawar, Thrud, Pune, Pawar Niwas, 88/8Bgujrat Colony Near Laxmi Provision Stores, 2Nd Floor, Ko	India
S3-248757898	Prairie Creative	6017 Woodland Hills Drive, Nashville, Tennessee	US
S3-852132456	अरिहंत इंजीनियरिंग टेक्सटाइल्स प्राइवेट लिमिटेड	C/o Rajendera Prasad Verma H No. 592 W No 44 Shivaji Ward Nawanagar Main Road, Sidhi, Nigahi (P.O) Singrauli, MP	India
S3-850919291	Arevalo and Canaday Wholesale	36768-A Pine Bay Dr, Crosslake, Minnesota	US
S3-602882718	Integrated-(India) Realty Private Limited	C/o.pratap Kumar Reddy, 7Floor, Arden Fair, Commercial Complex, Pai Layout, Old Madr, As Road, Bangalore, KA	India
S3-661873290	Blue Grass Youth Summit Church (LLC)	Iowa, Blue Grass, 308 North Mississippi St	US
S3-352344468	s+ charles, l.l.c.	242 Waynick Rd, Reidsville, North Carolina	US
S3-681365970	Saint Charles Urgent Care	4460 Rosebud Drive, Saint Charles, Illinois	US
S3-148297707	tnkcdt.com	3617 Brents Way, Burlington, Kentucky	US
S3-584784819	Potential Visions Private (Limited)	No.107/2., Bangalore South, Bangalore, KA	India
S3-222464878	Shivam புராப்பர்ட்டீஸ் LLP	Y 96, 8Th Street Anna Nagar, Chennai, TN	India
S3-47523244	Hotel Enterprises Private  Limited	44/15, Kailash Colony, Anna Nagar (West), Chennai, Chennai - 600 101., TN	India
S3-768189007	Integrated Fresh Australian,  (Inc)		US
S3-629526913	EAST CARE Private Limited	12 Nalhati P.o Nalhati, Kolkata Region, Birbhum, WB	India
S3-621096489	Peak PC Center	643-647 Newkirk Lane, Palatine, Illinois	US
S3-343250345	Lambert Prairie	Tennessee, Sparta, 0311 Guylene Dr	US
S3-733975698	Apex Signature Venture	250 Strout Rd, Morrow, Ohio	US
S3-973537415	Klass Traders Private Limited	S-64 Panchsheel Park, South Delhi, New Delhi, DL	India
S3-650046326	The Elite Insurance Industries	4196 Emmas Way, EAS BEND, North Carolina	US
S3-937099446	Paix-LLC Partners	Sutterville Road, Sacramento, California	US
S3-17736326	LLC Cascade Aoceelicdas	9614 Lexingtno Pl, Waldorf, Maryland	US
S3-690689738	-- Bolles (Aluminum)	365 Rio Vista Drive, # 8, Maison, Tennessee	US
S3-567301845	pietrahibbs.com	Meeting St, # 202, Prospct CITY, Kentucky	US
S3-301564683	Pediatric Dentistry Partners Services	0014431 Battlefield Park, Prairie Grove, Arkansas	US
S3-627792271	Veonyla doing business as Agarwal Services Private Limited	House No 169, At Khanapur Jafrabad, Jalna, Maharashtra	India
S3-605254495	Carefree Select Inc Center	7001 Stagecoach Pass, Carefree, Arizona	US
S3-466476738	Maciel, Nerta Physical LLC	228 Indian Trail Rd, Russell, Kentucky	US
S3-739988497	Pereira Partners Llc	1225 Ella Ln, Virginia Beach City, Virginia	US
S3-556936508	baycola.com	915 Seminole Street, Muskogee, Oklahoma	US
S3-896696130	Empire Western LLC		US
S3-236983074	Lucknow World Center Ltd	Plot 2-618 Bh No34kh No81laxmanvihar, Nrjalalpurrailwaycrossing, Rai Bareli, Lucknow, UP	India
S3-972749148	Laney Shingleton (Universal)	Houston Ave, Houston CIY, Texas	US
S3-921360120	Sanders, Berthold & Jackson Ltd	2323 Walnut Grove Rd, Ripley, Tennessee	US
S3-249863961	Harbor Interests	7571 Chateau Court, West Chester, Ohio	US
S3-701081707	Commercial Mortgage Products Southside	820 Pine Tree Court, Newport NEW Township, Virginia	US
S3-31005678	Ska Logic	New Delhi, Second Floor, Right Portion Back Side, Mohammadpur, Property No. 138-B/1, दिल्ली, New Delhi	India
S3-979530754	Software Áscon Online Ltd	Fat 202, Pt 66 And 67, Sai Bhagawan Nilayam, Nizampet, Hyderabad, Qutubullapur, TG	India
S3-994504542	Creative Pvt Ltd 5ervice	Door No 574 Old No.h - 43/2, New No.11 H-block, 5Th Street, Annanagar East, Chennai, TN	India
S3-119905794	Durkin Abony	7975 Peden Road, Azle, Texas	US
S3-122886061	Haloiri One F/K/A Kimberly's Interiors	6 Arthur Street, Danvers, MA	US
S3-742608787	ínc Supreme Innovative Oncology	Us 412 Hwy, Siloam Springs, Arkansas	US
S3-499760784	Cooper Continental	513 Hillcrest Street, PMB 5537, Savanna, Illinois	US
S3-583532509	Limited Apex Foundation Partners	997. 10/47, Lucknow, Sahara Estate Bahar, Janki Puram, Lucknow, UP	India
S3-952115561	angeline dinicola silver corp	33210 Kari Rd, San Tan Valley, Arizona	US
S3-326312402	Jain Ss Technologies L.L.P.	17/236, Pidikkakundil, Thrissur, Talappilly, KL	India
S3-718330596	Louis and Cervantes,	13605 Ortega Rd, Amarillo, Texas	US
S3-58834153	Osprey Alliancebernstein Corp	938 Rocky Summit Rd, Bean Station, Tennessee	US
S3-851691638	Bannari Traders	C/o- Suresh Tukaram Gadhave, Kalyan, Thane, MH	India
S3-279149204	New International School Limited Private	E-186, Prahladpura, Riico Ia, Sitapura, Sanganer, Jaipur, राजस्थान	India
S3-116951261	Xyloavix aka Better Payment Works	Baltimore, 4804 Wilvan Avenue, MD	US
S3-604418642	SG Metals Private	37, Bharat Nagar Society Near Railway Crossing, Unjha, Mahesana, GJ	India
S3-168324608	एपेक्स गुजरात सिस्टम्स प्रा. लि.	Pune City, A 1-24, MH, Pune, Padma Vilas Enclave, 18 Mohadji Shinde Marg	India
S3-9432003	Smt Galaxy Media Private Ltd	67, Kol, Elliot Road, WB	India
S3-852109538	Swathi  Medical Centre	Guntur, Krishna, D.no22/a, AP	India
S3-112257298	Topwell Chit	Ashok Nagar 4/16, Venkateswara Towers 3Rd Floor, Fno. 304, Guntur, AP	India
S3-532460212	Ear  Nose & Throat Care of Edgewater PC	109 A Virginia Ave, Edgewater CITY, Floor 0, Maryland	US
S3-523960321	Ear Nose &  Throat Health	150 Dianna Dr, Graham, Texas	US
S3-502038653	Parth Consultants	Wn - 7, Kesopur, Sahjanwa, Gorakhpur, उत्तर प्रदेश	India
S3-159118839	Jaipur  Adrot Pvt Ltd	C-#91, Jaipur, RJ	India
S3-295083409	Interfaith Coalition	3104 Knoll Drive, Falls Churhc, Virginia	US
S3-273152421	smartdefi.com	##197 Chapel Hill Road, null, Montville, Connecticut	US
S3-147142871	Chavez Anchor Giant, [Inc]	Haw River, North Carolina, 3111 Mallory Drive	US
S3-716416545	Piyush  Ltd Brothers	Goregaon East, Mumbai, New Satguru Nanik Ind Prem Chs Ltd, W Exp Highway, B3/35, MH	India
S3-465910561	Crouse, Esquivel and Nobles  Holdings | www.crousees.com	31566 Logan-Horn'S Mill Road, Logan, Ohio	US
S3-576155529	Ff Services  Pvt. Ltd.	MH, Navi Mumbai, Raigarh, Office No ##1 Eden Gardenplot No 17 Sector-8 Khanda Colony New Panvel	India
S3-1719547	Krishna	312-313, 4Th Floor, Sairam Plaza, 63, Mangal Nagar, Opp. Rignol, Indore, Madhya Pradesh	India
S3-408393110	LLC Halloran Creative Pisnnacle	Campground Rd, Dallas, North Carolina	US
S3-376934412	SOLUTIONS SANGRAM KRISHI	Samil Park, Bayad, GJ	India
S3-788909949	T0tal  Financial Networks LLC	298 Male St, Frrankfort, Ohio	US
S3-609157993	Sunrise Fortune Private Healthcare Limited	UP, Noida, Suite No. B-11, H-160, Sector-63	India
S3-746176210	Tierney Kirby American Supply  LLC	016 Arthur Stiles Road, Austin, Texas	US
S3-258921069	Falak Private Limited Partners	12, Amratolla Street, Kolkata, Howrah, Kolkata, WB	India
S3-175903283	Ltd Russell Union	111 Rigggold St, # Apartment S303, Peekskill, New York	US
S3-860193987	Sahyog Paper-Pvt Ltd	C/o Brijmohan Jhunjhuni, Meerut, Mawana, UP	India
S3-797995460	Ectogildjax Labs	Old No.H - 43/2, New No.11 H-Block, 5Th Street, Annanagar East, Chennai, Tamil Nadu	India
S3-8294074	ब्लू फाइनेंस लिमिटेड	Sudhayvir Singh S/o Roshan Lal, Vill.nr Hanuman Mandir, Bhangel Gb.nagar, Gautam Buddha Nagar, Noida, UP	India
S3-375129259	The Horizon Produce  L.L.C.	195 Orchard Trace Lane, North Carolina, # 2, Charlotte	US
S3-958687671	... Secure Software Partners Highland Corporation	1218 Jerdee Ln, Wahpeton, Iowa	US
S3-6024113	Ectoxylozetax t/a Indam Holdings	36/1 Mahadeo Nagar, Wani Chikhalgaon, Wani, Yavatmal, Maharashtra	India
S3-818751892	Golden Retail LLC Products #83982	8062 1/2 Nickel Plate Ave, Louisville, Ohio	US
S3-579904201	ਮਾਈ ਰੀਅਲ ਕੰਸਟ੍ਰਕਸ਼ਨ ਟੈਕਨਾਲੋਜੀਜ਼ ਪ੍ਰਾਈਵੇਟ ਲਿਮਟਿਡ	Shop 5-301 / (4F) Block-a Ccc Vip Road, Patiala, Zirakpur, PB	India
S3-548212463	North Surya Software Private Ltd	13/16 Chinar Park Po-hatiara Ps- Baguiati, পশ্চিমবঙ্গ, Kolkata, North Twenty Four Parganas	India
S3-996192531	Diamond Green Praetorian Inc	Falcon Crest Dr, Enid, Oklahoma	US
S3-440375966	Bhagyashree (India) Private Limited	A -9-8 Nalanda Bungalows, Sagwara Road, Dungarpur, राजस्थान	India
S3-635262214	Center Ganga Digital Limited	Part Arazi No - 16 Panaka, Ganga Ganj, Kanpur Nagar, उत्तर प्रदेश	India
S3-7914226	Tulsi Limited Center		India
S3-978714653	Red Barbershop Holdings	061148 Deer Valley Drive, Bend, Oregon	US
S3-645075772	N+ Translational LLC	Logan Street, New Philadelphia, Ohio	US
S3-121310477	Gennifer Cafe Dynamic Carlson P.C.	Wisconsin, Town Of Troy, 424  New Century Drive	US
S3-134339149	Ltd Qubit Pvt Service	0083, Hargobind Enclave, New Delhi, Pushpanjali Anand Vihar, DL	India
S3-339853237	साउथ लॉजिस्टिक्स प्राइवेट लिमिटेड	Door No 801 C-6/4, New Delhi, DL	India
S3-122273420	Bio India Private Ltd		India
S3-61085876	mohawkcollectionsindia.com	C/o Shri Pankaj R. Tadas, Mumbai, Wardha, MH	India
S3-850001855	Sun Care Furniture Private	UP, No 70 C/o Hans Kumar, Meerut, New Colony Amhera, Adipur Mawana Road	India
S3-697520722	M/s Promoters Video-Pvt. Ltd.	D-15/sf Block-d, Kailash Colony, New Delhi, South Delhi, DL	India
S3-852747920	orbeusnasdaq.com	4933 2th Ave, PO Box 4896, Minneapolis, Minnesota	US
S3-532781561	ಓಂ ಇಂಪೆಕ್ಸ್ ಪ್ರೈವೇಟ್ ಲಿಮಿಟೆಡ್	P-5-0, NULL, Hal 3Rd Stage, KA	India
S3-429546450	Pushpa &  Brothers Private	Sri.mohammad Armaan, Patna Sadar, बिहार	India
S3-872701289	Metropolitan Royal Precious (LLC)	##20 Millers Ln, Warwick, New York	US
S3-303425857	LLC Netti's Laodratories	4039 Crystal Circle, Saint Pal, Minnesota	US
S3-680417067	Wiggins Academy Preparatory	N92w28659 Hickory Rd, Hartland, Wisconsin	US
S3-53072578	First Inc. Legato	12225 155th Ave, Renton, Washington	US
S3-176901584	Guru Bharat Technology Llp		India
S3-171256192	Ace International Private Limited	D-3/2 Gillander House N S, Calcutta, Kolkata, WB	India
S3-685480738	Federal Clean United [LLC]	2728 Lyman Lane, City Of Fitchburg, Wisconsin	US
S3-787011172	interfaith initiative	2618 Lochcarron Dr, Washington, Ferndale	US
S3-603132549	Calbertdickinson.Com	697 Rock Creek Rd, Clinton, Montana	US
S3-866350998	Hic India Private	Plot No 30 Priyadarshani Uchagaon Kolhapur, Kolhapur, MH	India
S3-389939797	Prime-Lifceo, LLC	30 Milliken Street, Old Orchard Beach, Maine	US
S3-857021402	Smt Drm Manufacturing (India)	MH, Khed, Pune, Zagade Vasti, H No 2002	India
S3-156720953	Nilachakra Ltd. Pvt. Life	Door No 7/77 Gf, N/A, North East, Delhi, DL	India
S3-872625854	Gagan Integral (mndmh) Private Limited (ID: 80260)	# 571/170, Bengaluru, KA, Bangalore	India
S3-828868523	KRISHNA FOODS PVT LTD	00387, Osuvappatti Ganapathipuram, Pudukkottai, Pudukkottai, தமிழ்நாடு	India
S3-96829664	Green	513 Fallowfield Avenue, Charleroi Borough, PA	US
S3-145167978	Limited Royal Private Center	027/16, Gali No 10, 60 Phota Road Vishwas Nagar, Shahdara, Delhi, दिल्ली	India
S3-689187186	DHAN Industries Group Industries PVT LTD	Vii/#549, Kunnel House, Opposite To Lavender Bay Villa, Thonnicka, Kunnathunad, Ernakulam, KL	India
S3-266076797	Drexdrexdrex+ f/k/a Om Properties Private Limited	Plot No 26-A Indrapuri, Raisen Road, Huzur, Bhopal, Madhya Pradesh	India
S3-389254206	Bright Sky Investment Private Limited	2201, Bldg No-9, Phase-i, Haware City Boriwade G.b.r, Thane, MH, Thane	India
S3-256054869	यूनिक एंटरप्राइजेज इंडस्ट्रीज प्राइवेट लिमिटेड	A-15 Vill Bhangrola Near, Garhi Harsaru, Gurgaon, हरियाणा	India
S3-368839587	Federal League	0409 Mohawk Road, Raynham, Massachusetts	US
S3-299921276	Zivatech		US
S3-573699674	Jasper Corporation	65 Burbank St, # 24, Bostn, Massachusetts	US
S3-411418956	HYDERABAD EQUIPMENT PRIVATE PRIVATE LIMITED		India
S3-543282129	JO Membranes Prívate Limited	Door No C-881 895, Bangalore, KA	India
S3-314953792	group índustries integrated	B-46, Pravasi Industrial, Estate, V. N. Road, Goregaon East, Mumbai, MH	India
S3-471713198	Mccormack Herath L.L.C.	Arizona, Tucson, #6966 Mission Springs Dr	US
S3-361934682	AK  Cube	Manoramaganj, MP, 104-B, Indore	India
S3-562815785	Bombay Enterprises Private	H.no 343 G-o-square, Wakad, Pune, MH	India
S3-828183665	Piedmont Committee  LLC	210rd Saint, Jackson, Iowa	US
S3-108601060	Shakti Construction Private	Kasliwal Puram F No M 14, Aurangabad, महाराष्ट्र	India
S3-706113204	Pagan Assets Incorporated	16761 Lakeview Dr, Leavenworth, Washington	US
S3-640278474	Clean-Engineering Industries	438 1100, Lehi, Utah	US
S3-821896923	Miravio dba Shiva Care Private Limited	1455/2, Ist Floor Sriram Market Gali Chipiyan Maliwara, New Delhi, Delhi	India
S3-47630680	Fields  Lodging North	Texas, 12518 Market Street, Houston	US
S3-237900486	Green's  Bakery	Walnut Hills Dr, Richlands, North Carolina	US
S3-127237612	SA Quality  Hotels	504-A Jackson Downs Blvd, Building 5, Nashville, Tennessee	US
S3-306746497	SG Máta Pvt.	Pune, MH, Pune, H.no 137/11 Parag Opp Policeground Off F C Road Shivajinagar	India
S3-429937583	Hari Innovative Developers Private [Limited]		India
S3-963001473	Daleix Harbor Corp	544 Clearwater Drive, Sprnig City, Tennessee	US
S3-611386866	... office of education	Illinois, Arlington Heights, 713 Fernandez Avenue	US
S3-241198676	ARPS VYAPAR PRIVATE LIMITED	Gra. Pan. No. 748 Near Manmath Swami Math Barshi Solapur Vairag, Solapur, MH	India
S3-236013056	Kale Pennantpark Inc Center	0025240 Perdido Beach Blvd, Unit Unit 504C, Orange Beach, Alabama	US
S3-5583626	Pediatric Health of-Wake Forest	2317 Alstonburg Ave, Wake Forest, North Carolina	US
S3-11516842	Village Of	13975 S Kebport Road, Poulsbo, Washington	US
S3-937526441	Heritage Council III LLC	Illinois, 1 Vintage Dr, # 105, Grantie CITY	US
S3-55436305	schroeder's preferred research	340 Cedar Street, Victoria, Texas	US
S3-531752316	V Golden Hall PC Center	4827 Bingham Hllow Rd, Williamsport, Tennessee	US
S3-803547603	Regal Travel Public Limited	No 5-87-1332/8, Lakshmipuram Guntur, Guntur, ఆంధ్రప్రదేశ్	India
S3-501685505	Skye (India)-Cast Private Ltd	Jhanjharpur, Panchayat-bathnaha, Madhubani, बिहार	India
S3-216627372	Straight Edge Bike Shop Holdings	43 Clover St, New Bedford, Massachusetts	US
S3-213859690	Guzman  Global Corporation	345 Wall St, Meriden, Connecticut	US
S3-100062333	United (India) Agro  Private Ltd	6-C, Nrr Layout, Singanallur, Coimbatore, தமிழ்நாடு	India
S3-255471794	(India) Dynamics Triveni	Delhi, DL, #210-211., North West, First Floor, D-16, Rohini Sector-3 Delhi	India
S3-833709078	Lower Kssmco LLC	12401 1/2 904 Highway, Cheney, Washington	US
S3-128123968	V C Rivera-End (Corp)	3551 Sylvan Dr, Mifflin Twp, Ohio	US
S3-439303317	Gujarat Isaaf Limited	C/o Surendera Kumar, H. No. 111 Vill. Rampuri, Teh. Rewari, Rewari, हरियाणा	India
S3-557046832	PW Commodity		US
S3-989979647	richardscampos.com	394 Stephens Road, Burlison, Tennessee	US
S3-130701694	Legacy Bright Inc (Center)	3719 Arundel Gardens Ln, Sugar Lannd, Texas	US
S3-451748541	Wilson & Posch LLC Services	6351 Riverside Drive, # A1, Dayton, Ohio	US
S3-934998088	Sri Siddharth Vidya	No. 729 S - 35, Calcutta, Howrah, WB	India
S3-194921776	Jeana Wintergreen Illingworth	2128 Indian River Road, Norfolk, Virginia	US
S3-133836098	Mr Institutetk.Com	Sector 3, Hsiidc, Imt Bawal, 115, Rewari, Banipur, HR	India
S3-992959693	Fresh Asset Labs Inc	12226 Waldemar Dr, Houston, Texas	US
S3-619959634	Joby's Fitness Metro Inc.	#26 Chase Commons, Brookhaven, New York	US
S3-159244904	(Center) Colonial Services South LLC	2466 Lass Avenue, Kingman, Arizona	US
S3-251978062	Llc Sankaran and Taylor Dte,	1752 Obr Hill Rd, Johnsno, Vermont	US
S3-637439980	Ann Robb Lion Ltd	##350 Buckingham Drive, Houston, Texas	US
S3-771073356	Inc Silver Battery	506 South Street, Crary, North Dakota	US
S3-208145565	Cpg Overseas	Plot No 13 Amaltas Colony, P1 Chunabhatti Kolar Road, Bhopal, Huzur, MP	India
S3-822746506	Om Cncae Technologies LLP	No #48 C/o Ratibhan S/o Sh. Bheem Singh Vpo Mundet Khadar, Muzaffarnagar, Shamli, UP	India
S3-755320372	2219 Church Court Apartments Lakeside	4121- Altura Ave, City Of El Paso, Texas	US
S3-524934133	*** Galvan, D.O. Gianina, Holdings	122 Kennerly Way, Folsom CDP, California	US
S3-749089267	Dermatology Health of Warsaw	103 1/2 Patrick Pl, Warsaw Towship, New York	US
S3-670522393	Smart Intelligence	Ohio, 6814 Vinewood Ave, Cincinnati	US
S3-139492384	Orbizeta	Door No: /96B, Marath Complex Koottanad Post, Palakkad, KL	India
S3-66810733	Grip Trading Limited	Kolkata, Howrah, WB, 10	India
S3-302584449	holmes sim, inc	40 Emma Jean Drive, Glenwood, North Carolina	US
S3-948213710	Burns & Fleig	633 Tiger Dr, Brownsvlile, Texas	US
S3-126705398	Corp Bay Coalition	1217-1219 Northpoint Dr, San Marcos, Texas	US
S3-542801956	Happy Nagri Limited Center	B-95, Basement, Dayanand Colony Lajpat Nagar-iv, New Delhi, South Delhi, दिल्ली	India
S3-238418572	Lyravio	6313 Deerwood Ct, Waldorf, Maryland	US
S3-486611466	A 6 K  Horizon	2841 Baldwin Dr, PMB 2052, Chesapeakke CITY, Virginia	US
S3-629623013	Ram & Sons Có	Dahod, C/o Garasiya Miteshbhai, GJ, Jhalod	India
S3-664291916	Aguinaga Holdings Center	383 162rd St, Cleveland, Ohio	US
S3-668116650	CLARKSTON NEXZETA DELTA COUNCIL	176-178 200, Clarkston, Utah	US
S3-813605235	Anusandhan-Action (India)-Private Limited	189 404, Exhibition Road Ps- Sadar Kotwali, Patna, BR	India
S3-956808998	Midwest Coalitcedon Inc	Illinois, 112- 3rd Saint, Cherry	US
S3-889976201	Next Fóods Pvt Ltd	11 Gaushala Building No 3Gaushala Lane Daftary Road Malad East, Mumbai, MH	India
S3-546299816	Meridith Ellis Strategic Family	Bahia Dr, Fl 1, Scottsdale, Arizona	US
S3-382718913	ന്യൂ കൺസൾട്ടൻസി പ്രൈവറ്റ് ലിമിറ്റഡ്	V/745, Mc Road, Near Pittappillil Agencies Sre, Kottarakkara, കേരളം, Ayoor, V/44	India
S3-631161990	Physical  Therapy Care of Norton	09 Toad Island Rd, Norton, Massachusetts	US
S3-309592899	Precision Cléan Braves PLLC	28480 Juniper Rd, Carl Junction, Missouri	US
S3-968023171	Inc. Coster Wellness	# APT 221, Virginia, Bristol City, 378- Liberty Pl	US
S3-211620005	Ratliff, Bethel ánd Carrington Center	766 Brown Rd, Danville DCP, Alabama	US
S3-630555077	Cardiology Center	364 Walker Dr, Canandaigua, New York	US
S3-434837339	Mills [Best]	Butter Milk Rd, Lapine, Alabama	US
S3-499419295	Gramin-Labs Private Limited - 3832101552	H.no. 09, Faundapur Tehsil Dhanaura, Faundapur, Jyotiba Phule Nagar, UP	India
S3-902734898	Regional Féllowship	#1705 Weir Drive, Woodbury, Minnesota	US
S3-800480085	हाई लॉजिस्टिक्स प्राइवेट लिमिटेड	Flat No A 102, Pune, महाराष्ट्र	India
S3-806485531	Heartland-Gied Heartland-Gied LLC		US
S3-394805405	Snj  Studios Limited	Door No 213, GJ, Chikhli	India
S3-402561626	Batra (India) Stay	12 A Stevali Roadcamp, Pune, MH	India
S3-172510631	Sinet Biotech Inc.		US
S3-390926388	Arianyla dba Teamsters Union Local No 429	2268 Price Road, Eden, NC	US
S3-799815463	Total Education Products Holdings	1556 Taylor Road, null, Davenport Center, New York	US
S3-141155273	Golden Consulting Stores Private	P. No 321, Jaipur, RJ	India
S3-596651011	24HR Fitness	356 Riverside Ave, Croton-On-Hudson, New York	US
S3-487640395	Gwynne Rosario (0ctave)		US
S3-41464260	Arrowline Putra Prívate Limited	C/o M/s Business Hut, Bangalore, KA	India
S3-139259699	Stubbs, J0seph and (Vanover)	Sebree, 1485 1191, Kentucky	US
S3-469005865	Foot & Ankle Care	Easton St, Unit 2, Lowell, Massachusetts	US
S3-397262527	LLC X K & A Ampercap	1415 Crystal Lake Cir, Unit Apartment 7, Village Of Bellevue, Wisconsin	US
S3-566443170	teo ltd	00310 Eighth Ave, Pipestone, Minnesota	US
S3-476877208	Vision Center Corp	Missouri, 3014 Cypress Drive, St Charles	US
S3-622978639	Gerladina'S Cohsala Machine  Works, Partners	863 Coolwood Drive, Valparaiso, Indiana	US
S3-775375341	Sherill Kieffer  Piedmont Mortgage Greater [Inc]	Ohio, Cincinnati, 1925 Wayland Avenue	US
S3-942208237	lyrent asia llc	1931 Lilac, Casper, Wyoming	US
S3-43611837	First Infrastructure Limited Center	Hn ##148 C 101 Kanam Residency Kudasan, Gandhinagar, Digr, Gandhi Nagar, GJ	India
S3-624826116	IP Trade Private Limited	Flat No. G-1, Siliguri, Darjeeling, WB	India
S3-414162834	Viosynio t/a Frieda's Crystal Electric	1993 Persimmon Way, Unit 1C, Huber Heights, OH	US
S3-660147716	Gennxt Finance Public Limited	H.no 43 12 28/12, Ranga Street Dabagarden, Srinavasa Towers, Visakhapatnam Region, Vishakhapatnam, ఆంధ్రప్రదేశ్	India
S3-496709322	crystalfreshgenerating.com	226B Simmons Road, Clinton Citty, North Carolina	US
S3-311779914	Limited Shivam Ace Búilders	Flat No-0026, New Delhi, DL	India
S3-354107091	TRH Corporation	Masha Allah Complex, Standage Road, Frazer Town, KA, No ##14, Bangalore	India
S3-25004174	Smt Apeksha Foundation Limited	Ward 47, Holding No 669/4, R K Colony, Bazar Samitio, Ps- Bahadurpur, Mumbai, Patna, BR	India
S3-440706961	Sólstice	10873 Fox Rd, Stratford, Oklahoma	US
S3-88753475	Esparza Better Urban	3402 15st Pl, Lubbock, Texas	US
S3-231660884	Laor LLC Services	218 East Avenue, Williamsburg, Kansas	US
S3-826721710	Urgent Care Clinic  Inc	6 1/2 Blakeville Street, Boston, Massachusetts	US
S3-622339718	24HR  Locksmith	804 Main St, Unit 3305, Park City (Summit Co), Utah	US
S3-472261626	M/s Bongo Pollytehcaoic	#61, Bangalore, KA	India
S3-610655558	Aright Índia Limited	No 5/3, Chennai, TN	India
S3-805406752	walshcommerce.com	659 Mulberry Saint, Kankakee, Illinois	US
S3-451905406	Andrews LLC Trinity	Nelson St, Virginia, Norfolk	US
S3-727691280	Back Alley Deli [Clinic]	00237 Oak St, Palatine, Illinois	US
S3-388644924	इनोवेटिव इम्पेक्स प्राइवेट लिमिटेड	Home No. 1310, Natepute Pune Pandharpur Road, Taluka-malshiras, Solapur, MH	India
S3-327376554	Pediatric Medicine Co	5358 62nd St, # APT 175, Indianapolis, Indiana	US
S3-593485293	4-Legged Dog	716 Logan Street, Dennison CITY, Ohio	US
S3-339872570	Pediatric Dentistry Apex Center  LLC	San Bernardino, California, 680 21st Street	US
S3-979748867	Mr Galaxycareprivate.Com	A 1908 Gf Green Field Col, Faridabad, HR	India
S3-71438279	Reliable (India) Ltd. Pvt. Technology		India
S3-475367941	Leor LLC	846 Northwood Pines Lane, KTAY CITY, Texas	US
S3-258531423	New Man Pvt Ltd Center	New Delhi, Dsc-220 South Court Dlf Saket, दिल्ली, South Delhi	India
S3-436232734	Cancer [Federation]	152 Windemere Avenue, Baltimore, Maryland	US
S3-899968304	ವೈಟ್ ಇನ್‌ಫ್ರಾ	C ##388 Industrial Estate Gokul Road, Dharwad, KA, Dharwar	India
S3-71078873	Technologies Modern Impex LLP	707., Mumbai City, Mumbai, MH	India
S3-65289903	Memory Private Limited  5ervices	Plot 63 Shop No-2 7088 G/f Mata Rameshwari Nehru Nagar New Delhi, New Delhi, Delhi, DL	India
S3-425103188	Green Textile Consultants Partners	3240 Norton Rd, Grove City, Ohio	US
S3-981705035	Fresh Esports  LLC	615 Stillwater Road, Willernie, Minnesota	US
S3-550975295	Dental Care	7105. Q St, FT Smith, Arkansas	US
S3-360467217	Wexavi Labs D.B.A. Certified Energy Group PLLC	385 Triple J Lane, Caddo, OK	US
S3-317315268	Mumbai  Promotors Private Limited	B/3, Upper Basement Floor, Western Edge 11, Magathane, Borivali (East), Mumbai, Mumbai City, MH	India
S3-665760996	Melodee's Pioneer Landscaping Corp	2879 Fairway Heights Dr, Bend, Oregon	US
S3-754336317	Sun Developers Prívate Limited	Gurgaon, Sushant Lok 2, HR, A1/223, Gurgaon	India
S3-692607317	All Products Limited Private	Nashik, महाराष्ट्र, Nashik, Shop No.14, Dehbanu Co. Hsg Soc. Nashik Pune Road, Nashik Road	India
S3-252774325	Dr Supreme  Paints Private	C-934, Sunshine Prime, Sukhiya, Jaipur, RJ	India
S3-937221179	QH Grand Solana	375 Queenstown Rd, Houston CITY, Texas	US
S3-917510619	Womens Health Clinic of of Taylorsville-Parters	106 Jack Mitchell Dr, Taylorsville, North Carolina	US
S3-441614742	Clear PLLC International Apparel	3521 42rd Avenue, Minneapolis, Minnesota	US
S3-384321766	LLP Laxmi Producer Restaurant	House No. 46/A, Gurgaon, Mian Wali Colony, HR	India
S3-172044026	My Mdehia Pvt Ltd	A-14/2o(tf), Vasant Vihar, Block A, New Delhi, DL	India
S3-749897748	Ramirez & Wbromely Truist LLC	3882 Plass Road, Unit UNIT B, Festus, Missouri	US
S3-811012124	Indo Services Private Limited	Flat B-d/31, Kamdhenu Riddhi, Lane No. 4, S.no. 54/11, Near Mahatma Society, Pune City, Pune, महाराष्ट्र	India
S3-562717199	Om Infra Enterprises		India
S3-121902719	International Diagnostic	2583 13760, Riverton, Utah	US
S3-60788516	Classic Nurision  Enterprises LLC	6379 Cambridge Park Drive, N/A, Mentor, Ohio	US
S3-945956552	Helton Rithm Inc	0012976 Lea Maw Drive, <NULL>, Marana, Arizona	US
S3-526305484	Urgent  Care Associates	270. Chance Street, Vidor, Texas	US
S3-908889377	Washington-Medical Center	7 Flycatcher Way, Unit 101, Arden, North Carolina	US
S3-770867853	United Investments Private  Limited	Office No.24 3Rd Fltor, Thane, महाराष्ट्र	India
S3-893295081	Doex United Strategic Ássociates	9 Bay Leaf Court, St Peters, Missouri	US
S3-309257393	-- Southern-Diamond Sea LLC	0801 Winter Bluff Ct, Missouri, Fenton	US
S3-106298415	Fayevera DBA Kisan Educational Society Co	Flat-303, Block-B, Ganges Residency 36, Tollygunj Circular Road, Kolkata, Howrah, West Bengal	India
S3-222393154	Vision Mrotro Specialists	12603 Kirkham Rd, Middletown, Kentucky	US
S3-920834869	Cascade  Group Pimco	297. Wheat Rd, Millport, Alabama	US
S3-695074577	Adl + Associates Private Limited	Door No 23/651 Chopasani Housing, Board, Jodhpur, राजस्थान	India
S3-573689290	Jelene's Capital (LLC)	Conrad Ave, Charleroi, Pennsylvania	US
S3-597747067	Smith Straegic Transition LLC	6718 107th St, PO Box 963, Kansas City, Missouri	US
S3-519027126	#pediatricdentistry	5918 Foxwood Ln, Bloomington, Indiana	US
S3-970787142	Ínc Whitt1e Valley Medical	762 Jefferson St, NULL, Kansas City, Missouri	US
S3-15837840	Cortney Shdmghan Proshares Inc	#7400 Warwick Boulevard, PO Box 4706, Newport News, Virginia	US
S3-51432771	Rev It-Up Coffee Group	816 Paddington Ct, Newport News City, Virginia	US
S3-595585919	Oncology (Clínic)	Indiana, Kossuth St, Lafaayette	US
S3-587654579	Sweet Pilates, [LLC]	6 Gettysburg Road, Belleville, Illinois	US
S3-759319285	Phillip Legacy Tax Service	W7389-A O, Wisconsin, Withee	US
S3-311747045	Piedmont Marhkes	020579 Keystone Ave, Lakeville, Minnesota	US
S3-307128753	Mr Laxmi Solvex Overseas Private	No ##53 Jadila Ki Dhani Biharisar, Alwar, Thanagazi, राजस्थान	India
S3-741074465	Gird Desin Enterprises	Bh-153, D.d. Nagar, Morar, Gird, Gwalior, मध्य प्रदेश	India
S3-342751703	Stellar Creations Overseas	##1574Bhel Mig Colony Hyderabad, Andhra Pradesh, TG	India
S3-384269830	Construction Developers Pvt. [Ltd.]	Street No. 3, Phase 2, Krishna Nagar Colony, Aligarh, UP	India
S3-230594151	G1obal Fóundation Pvt Ltd #49659	Plot No 5, Infinity Reality Bileshvarpura Gidc Chhatral, Kalol, Gandhi Nagar, GJ	India
S3-771387065	Hayathnagar Management Pvt [Ltd]	8-6-253/7, Plot 7, Road 2, Sri Venkata Ramana Colony, Rangareddi, Hyderabad, TG	India
S3-865994213	Urology Specialists Of Míllinocket Inc	3-C Beech St, Millinocket, Maine	US
S3-548733584	Literacy Secure (ID: 3774)	Edison Ave, Benton, Arkansas	US
S3-584803869	Sarastetis Chemicals Co	Ug-30, Bansi Trade Centre, 581/5 M.g. Road, Indore, MP	India
S3-273099718	gabriellia angelo pioneer inc	1987 Twinsburg Rd, Twinsburg Twp, Ohio	US
S3-194075665	Aleen Sanchez Certified  States	113  9th St, Humboldt, Kansas	US
S3-80503029	Cure Nails Co	5299 Riverchase Dr, Phenix City, Alabama	US
S3-149419596	East Unified		US
S3-745887938	*** Nira Iindstbise Group LLP	H.no 159/16 K.mallasandra Nadavathi Post, Bangalore, ಕರ್ನಾಟಕ	India
S3-472380216	Mora and Faubheht LLC	107 Marklawn Lane, Huutto, Texas	US
S3-118169863	Az Traders	104/1, Pratap Nagar Sanganer, Jaipur, Rajasthan	India
S3-85457214	ZRO Trinity Inc	709 Patterson Avenue, Willow Grove, Pennsylvania	US
S3-454593673	Internal  Medicine	Asheville, Unit 905, North Carolina, 165C French Broad Avenue	US
S3-205569799	ड्रीम कंस्ट्रक्शन ऑटोमोबाइल्स प्राइवेट लिमिटेड	Door No #514 Sudama Chsplot No 49 Sec-29 Vashi, Navi Mumbai, Thane, MH	India
S3-359106520	Maor Maor Bright Rico LLC	8800 Johnson Rd, Unit 129, The Plains, Ohio	US
S3-662702096	Geverum Coastal	4921 Lake Pines Dr, Murray, Utah	US
S3-479561258	Heartland lnitiative Inc	539 Iowa Avenue, Brownsville, Texas	US
S3-822857753	A & M Orange Llc	2841-2843 Addison Dr, Knoxville, Tennessee	US
S3-611975924	Kelodeltaevo	# 149., Delhi, New Delhi, दिल्ली	India
S3-947572520	Urgent Health, Care Inc	3615 Thomas Ave, PMB 3373, Alton, Illinois	US
S3-11969856	Orbelle White		US
S3-514011719	Toreex Inc Center	491 Ormsby Rd, Alfred Station, New York	US
S3-26388026	Shri lo Traders Pvt	Gurgaon, Mayfield Garden, Sector 50, C-1-225 First Floor, HR, Gurgaon	India
S3-593864170	Piedmont Pineapple Corporation	28 Wetherington Landing Rd, North Carolina, Stella, # 65	US
S3-189050159	Onyxdelta (Program)	423 Rick Heinrich Cir, Sacramento, California	US
S3-407557275	Vision Developers Private Limited	Door No 8/342, Chittur, Kondath House, Kadampidi, Palakkad, KL	India
S3-320340851	KK Materials North  Inc	12220 Landing Cir, Bayou La Batre, Alabama	US
S3-879039003	BK Agencies Pvt	#2-86 Nevada Housing Llp (Ludhiana Heights), Ludhiana, ਪੰਜਾਬ	India
S3-825292497	Castillo Piedmont Investments LLC	24 Spa Creek Landing, Unit A1, Annapolis, Maryland	US
S3-78450855	Enterprises Aashka Brains Private	Bangalore, 542/C/10, KA, Bangalore	India
S3-381895844	Sangareddy Mercantiles Exports	No 93 Indian Institutes Of, Medak, Hyderabad, TG	India
S3-500435823	शक्ति एंटरप्राइजेज प्राइवेट लिमिटेड	Door No 529/4 E-70, Kamla Nehru Nagar, Jodhpur Jodhpur, Jodhpur, RJ	India
S3-894824038	CARDIOLOGY CARE ASSOCIATES	Fargo, North Dakota, 1429 Twelfth St	US
S3-601338385	Atlantic League V Co	2706 Us Route 5, Derby, Vermont	US
S3-420014676	... jabalpur engineering private límited	H.n. 973/3/ B1 K G Bose Nagar Sanjeevni Nagar, Jabalpur, Majholi, मध्य प्रदेश	India
S3-868996138	Burden, Cooper and Choi, (Incorporated)	633 Lebanon Valley Church Road, Cleveland, Tennessee	US
S3-523674366	लाइफ हॉस्पिटैलिटी एजेंसीज प्राइवेट लिमिटेड	Mumbai, R-27, F-3rd, Harawala Building, Lohar Chawl Kantilal Sharma Marg, Kalbadevi, MH, Mumbai City	India
S3-461253249	Carpenters Local Union 146 Corporation	1783 Grant Street, Town Of Lawrence, Wisconsin	US
S3-783760662	vidya human center	Ff 10 3Rd Floor, Bishrakh, Gautam Buddha Nagar, उत्तर प्रदेश	India
S3-30303567	Thompson First	1292 1225, PO Box 5013, Monticello, Indiana	US
S3-69135412	Veolyra D.B.A. Ninoor Management	4145 Vira Road, Stow, OH	US
S3-743437597	Om Projects Stores Limited	No 186 1012, 10Th Floor, First Avenue, Opp Inorbit Mall, Goregaon Mulund Link Road, Malad, Mumbai City, MH	India
S3-582205105	v 5 q dbdr llc	5209 Jaycee Ave, Ashtabula, Ohio, # C4	US
S3-533746016	Z & O Mhrde Inc	2939 Mizuna Drive, Madison, Wisconsin	US
S3-771204573	Dg Restaurant Private-Limited	Gandhi Nagar, GJ, Shree Balaji Agora, Nr. Tapovan Circle, 200 Ft Ring Rd., Bha, T-sugad, Gandhinagar, Gandhinagar, 3-T-6	India
S3-371284066	Twistedpizza.Com	3271 Schooner Cove, Bullhead City, Arizona	US
S3-980411390	Aditya Infotech  Private		India
S3-112925586	Mdd Institute of Technology Corporation - 2429739664	H.no A-8-b Mitali Trust Shirinshorab Palace Nariman Rd Vile Parle(e), Bombay, Mumbai, MH	India
S3-801786576	Signature Tmson, LLC	127 Brookfield Drive, Newport, Tennessee	US
S3-466681103	Automated Technical Dynamics L.L.C.	4205 Yanceyville Road, Browns Summit, North Carolina	US
S3-732351946	Halofaye doing business as Panvel Systems Ltd	Panvel, Shop No. 1 Ground Floor Shree Sadguru Chs, Raigarh(Mh), Maharashtra, Plot No. 36, Sector 21 Jalvayu Road	India
S3-810279967	Chandan Industries Group Private Ltd	R/o. 7-12-74, Vallurivari Thota, 5Th Lane, Donka Road, Guntur, Kunchanapalli, AP	India
S3-406413261	Uptown Pilates Coastal	806 Myles Ave, Pennsboro, West Virginia	US
S3-476529711	Rajasthan & Sons	Block C-209 C-8, Bangalore, KA	India
S3-407239954	daniellediazdds.com	30 Cambridgepark Drive, Unit 7110, Cambridge, Massachusetts	US
S3-913065402	Khanapur Cement Enterprises Limited	H/no-443(b), At/p-bamani, Sangli, महाराष्ट्र	India
S3-207385893	Tirupati  Solutions	1103. A-tower, Thane, Mumbai, MH	India
S3-535788654	Luckn0w Rubbre Ltd	Door No 14 B28 Sector J, Aliganj, Lucknow, UP	India
S3-25140599	Solbelovio aka All Swastik It Private Limited	Survey No. 284, Dantali Estate, Opp., Nordic Engineering Services Llp, Nr. Satyamev Chhavni, Kalol, Gandhi Nagar, Gujarat	India
S3-417971037	Tax Pvt Brothers Ltd	Bengaluru, Bangalore, H.no 78, ಕರ್ನಾಟಕ	India
S3-822977624	गुड टेक प्रा. लि.	R-3/1/7/4/2 Belambe Nagar, Latur, MH	India
S3-433257242	ltd surgical physicians	Hunter, New York, 5386 23A, <NULL>	US
S3-761544986	Amig0 Brothers Ltd	Blck No. 37, Gondal, Chandra Villa, Mahavir Dham Residency, Opp. New Market Y, Ard, ગુજરાત, Rajkot	India
S3-614963563	Curtis, Milly All Próvidence	3015 Casting Street, Charlotte, North Carolina	US
S3-820244811	kozhikode paper private limited	Suite No.93, D No. 63/700, D Space, 6Th Floor, Calicut, Kozhikode, KL	India
S3-403953578	Cvk Trading Limited Private	Mumbai, Currimji Building157. Kazi Street, महाराष्ट्र	India
S3-882737548	Bright Tattoo Corporation Service	164 3rd Avenue, Iowa, Sioux Center	US
S3-228572394	Western Utilities Pc	##9036 Fourth Avenue, Seattle, Washington	US
S3-837422875	Craig and Sauers, Group	34 Ward Street, Fitchburg, Massachusetts	US
S3-332387082	Heritage Society	522 Liberty Hill Road, Morristown, Tennessee	US
S3-535000253	Quality Cloud  Systems Inc	Polk Ave, Franklin Quare, New York	US
S3-863294311	Ram Limited Service	0039 Mokama House, Kanpur, Patna, BR	India
S3-352808932	Shri Organo Visas	Hospet, H.no 27, Ward No. 22 Near Vasavi Kannada School, Arvind Nagar, KA, Bellary	India
S3-351319461	Evernew Home Infratech Private Limited	No ##92 C/o Badri Lal S/o Rameshwar Lal Jat Chikarda Dungla Rajasthan, Chikarda, RJ, Ajmer Region	India
S3-269580152	Margery Williams Metro Alternative Incorporated	9591 O Leary Drive, Cincinnati, Ohio	US
S3-708851353	ভিশন কনস্ট্রাকশনস ইঞ্জিনিয়ারিং	#65A Shakespeare Sarani, <NULL>, Kolkata, Howrah, WB	India
S3-989383398	Myers Cadenza	2844 Pearl Street, Franklin Park, Illinois	US
S3-730813330	Maa Consultants Private-Limited	##197 01, C/o. S Rahaman, Chumanudhura, Pathar Mal, Jalpaiguri, WB	India
S3-463207567	Robenia Barrientos Colonial Rothschild Northside	2928 40th St, Des Moines, Iowa	US
S3-766044373	Pioneer All Alternative, Partners	Fl 0, 7371 Teasdale Avenue, Missouri, Saint Louis	US
S3-789702066	Supreme Marketing Hotel Limited [Service]	463 House No 238, Jewar, Gautam Buddha Nagar, UP	India
S3-101123606	Posey  LLC Services	4428 Chuck Ave, Memphis, Tennessee	US
S3-94727437	Mount Féllowship	531 Steubenville Ave, null, Cambridge, Ohio	US
S3-147263352	Gíldevo	B2/203, Malad Shopping Centre Ismail Baug, S.v. Road, Malad (W), Mumbai City, Mumbai, Sai Mangal C.h.s., MH	India
S3-713297609	ace financial industries llc	Sacramento, California, 3138 Touchman Saint	US
S3-624715659	AMULYA ENERGY ENERGY PUBLIC LIMITED		India
S3-83727805	Indian Law Chambers	C-5 Transport Nagar, Mainpuri, UP	India
S3-634346252	Dental Cant Clinic	2057 Lee Jackson Hwy, PO Box 4101, Staunton, Virginia	US
S3-182699943	dermatology health group	2734 700, Columbia City, Indiana	US
S3-917660864	*** <CITY_NAME> Finance Private	New Delhi, K-73 Connaught Circus, DL	India
S3-834933559	Limited Chambal Computers Private	Sklad One Building A-129a, Feroke, Kozhikode, KL	India
S3-199136519	PRIVATE NAGIYA PESTICIDES LIMITED	Block A-##237 Bharwin Roadhoshiarpur, ਪੰਜਾਬ, Punjab, Hoshiarpur	India
S3-686475557	Afftrlink Son	88, D.k. Industrial Estate, Ambavpura Road, Bileshvarpura, Kalol, Gandhinagar, Gandhi Nagar, ગુજરાત	India
S3-231038225	Lee Global Transport	945 Sandy Hook Rd, Shawboro, North Carolina	US
S3-348175421	Turner Bay Security L.L.C. | www.turnerbay.c0m	445 Cliff View Dr, Galena, Ohio	US
S3-186876150	summit llc	38 Wayne St, Phelps, New York	US
S3-775185747	C0RNERSTONE PRIME PAYMENT	155. Turtle Creek Drive, Longview, Texas	US
S3-180670742	Peix Ltd Services	81 Condon Ave, Unit Apartment 2, Buffalo, New York	US
S3-339376325	gesaexscuti.com	1307 Mcdearman Ave, Rocky Mount, North Carolina	US
S3-507389276	technologiesprivate.com	395, N/A, Bijnor, Bijnore, UP	India
S3-329064614	Company Shree Woollens	Thane, MH, Thane, H.no 736 Ft No.505 M Bldg	India
S3-453198772	Chiropractic Rocky Care Associates [Corp]	22988 Sunrise Rd, Congress, Arizona	US
S3-744319165	182 Commerce  Properties Group	809 Trotters Rdg, Eagan, Minnesota	US
S3-440376313	ଶକ୍ତି ଏଷ୍ଟେଟ୍ ପ୍ରାଇଭେଟ୍ ଲିମିଟେଡ୍	At/po : Vedvyas Chowk, Sundargarh, Rourkela, ଓଡ଼ିଶା	India
S3-992272382	PQ Systems Private	21 Yamgarni Tal Chikodipune-bangalore Highway Dist Belgaum, Belagavi, KA	India
S3-722070953	LW-Drilling Corp	1102- Huntington Park Dr, Morrisville, North Carolina	US
S3-550274069	Ahmedabad Suppliers Private Limited	H.no 67 209, Sukh Aprt.office, Opp.ankur School, Opp.dipti Petrol Pump, Fatehpura, Paldi, Gandhinagar, Ahmedabad, GJ	India
S3-466433338	Goa Welfare Society Pvt Ltd	Plot No.5a/10-12/2, Hyderabad, Andhra Pradesh	India
S3-891102731	Topaz Topaz Development (Ccace)	No.786/1, Sree Srees, Avinashi Road, Coimbatore, TN	India
S3-58091154	Abhinav Mining	Hn 61 D-153 Second Floor Pushpanjali Enclave Pitampura, North West, Delhi, दिल्ली	India
S3-794370641	Maris Gomez	Exchange St, Winchester CITY, Illinois	US
S3-163608961	-- Nkr Extract Private Limited	H.no 3-38 Nh Road, Kochera Thanda, Narsapur, Medak, TG	India
S3-484520240	Muthoot Marketing	#146 Kamalayam Marar Road, Velappaya P. O, Thrissur, KL	India
S3-621057968	Thompson & Saht	Maryland, # Apartment C, Govans, 600 Walker Avenue	US
S3-217989654	Human Guild Rights Inc.	Essex, Maryland, # Condo 301, 1300 Sugarwood Cir	US
S3-233374841	True Law Chambers Ltd		India
S3-102249854	ഈസ്റ്റേൺ കെയർ പ്രൈവറ്റ് ലിമിറ്റഡ്	Room No.b3/18/937s, null, Calicut, Kozhikode, KL	India
S3-328642835	Viofayequo t/a Darrelle Sullivan, DMD, DDS PC	Powell, 503 Old Edgemoor Lane, TN	US
S3-666296716	7jk.com	1101 Grovers Avenue, Phoenix, Arizona	US
S3-944225630	Sky Agro ಎಲ್ಎಲ್‌ಪಿ	No.71/2, Bengaluru, Bangalore, KA	India
S3-817379678	Eastern Constructions Restaurant Limited	B 706, Gothic Heritage, Near Twin Tower Pal Road, Surat City, Surat, GJ	India
S3-65995336	Industries Navrang Limited [Service]	253/16A, Kolkata Region, WB	India
S3-930620189	Metropolitan Préparatory Ácademy	22 House Rock Road, Weymouth, Massachusetts	US
S3-897584383	Nylacira Formerly Glyphari Oceanhawk Corp	UT, 8534 Johnsonway Circle, Sandy City	US
S3-392787348	Pacific Next	#800 Lamson Saint, Unit C, Flora, Illinois	US
S3-65058197	ஃபார்ச்சூன் ஃபார்ச்சூன் மீடியா பிரைவேட் லிமிடெட்	Unit No.b, Plot No.21, Bharathiyar, Salai, Jalladampet Village, Sholinganallur Taluk, Chennai, TN	India
S3-120369991	Innovations Payment Secure	11 Milwaukee Street, Waterford, Wisconsin	US
S3-965047525	Upper Upper Rmg, [LLC]	33925 Twister Drive, Shawnee, Oklahoma	US
S3-637278679	Surgical  Bay	42136 188, Sauk Centre, Minnesota	US
S3-522360070	Ariabrix formerly known as West Living LLC	Kanab, UT, 101 2nd Avenue	US
S3-36684928	Whitmer Investments  Inc	Cove Rd, Lyme, Connecticut	US
S3-950320853	Cravens (Harbor)	1525 42nd Avenue, Missoula, Montana	US
S3-56060548	New and Mccekesy	426 G St, Anchorage, Alaska	US
S3-325228831	holistic in partners	K-16 Agreen Park, New Delhi, <NULL>, DL	India
S3-861274781	adityainnovativedevelopers.com	B-112 Second Floor, North, North West Delhi, DL	India
S3-857670372	Jones LLC Services	301 Indian St, Wolf Point, Montana	US
S3-732682423	Aspen Corp	5127 Welbeck Cout, PO Box 4516, Garland, Texas	US
S3-878550137	Brightos Services	747 River Birch Court, PO Box 1368, Park City (Summit Co), Utah	US
S3-679660395	Lyra Corp	S2199 Town Hall Rd, Town Of Dellona, Wisconsin	US
S3-259839181	URBAN DEVELOPERS PRIVATE LIMITED Enterprises		India
S3-853137317	Dah1gren Transport of Naperville	771 Inland Cir, Unit 301, Naperville, Illinois	US
S3-635741056	Ciradrextavo	C/O. Mr.Mangesh Chaudhary, 24-Indraprasad Co-Op. Hsg Society, Near Teachers Colony, Band, Ra (East), Mumbai, Mumbai City, Maharashtra	India
S3-566901191	Fishburn Rio,	2128 Blue Beak Bend, Opelika, Alabama	US
S3-948982887	Divisi0n of	#11330 Gladiola St, Coon Rapids, Minnesota	US
S3-318734160	Shri Indiansystems.Com	Nagpur, Plot No. 5-42, MH, Nagpur	India
S3-897394165	Gujarat Private Limited Services	B-5 B-7 Shriram Industrial Estate, MH, G D Ambekar Rd Near Wadala Telephone Exchange, Wadala	India
S3-101846367	ശ്രീ ഡെവലപ്പേഴ്സ് പ്രൈവറ്റ് ലിമിറ്റഡ്	Xxii/117 A 15, Muvattupuzha, Ernakulam, KL	India
S3-891743253	Sri Envision (India) Solutions Pvt	H.no 3Rd Floor Aikya Vihar, Hyderabad, TG	India
S3-980663724	Kashyap Educati0nal	H.no 328 Room No.401, 4Th, Floor, Prabuddha Samta Chs, Mumbai, MH	India
S3-61864001	(Heaton) Selden & Holt,	3025 Cambridge St, DES Moines CITY, Iowa	US
S3-288468316	Al Healthcare Private	Plot 22 655A/4/344, Plot No 4, Gayatri Puram, Behind Abhinav Girls Inter College, Lucknow, UP	India
S3-205903598	-- Creative Builders  Private Limited	K.v.rangareddy, P No.33, Self Finance Colony, TG, Hayathnagar, #6-5-115/3	India
S3-743111411	Dr 8haiya Vision Pvt Ltd	Fl. 3, Shakuntal Apt, Shankar Ngr, Nashik, MH	India
S3-576067545	Hari Impex Provision Pvt Limited	H. No-##38 First Floor Kh. No-34/23 Meera Kunj Nilothi Extn. New Delhi, North West, New Delhi, DL	India
S3-796324235	Cure Pub	2499 Timber Trail Drive, Columbus, Ohio	US
S3-563641161	Colonial Pacific LLC (Therapeutics)	1006d Lanvale Street, Baltimore, Maryland	US
S3-65837156	Heart League, Ínc	6404 47th Avenue Dr, Moine, Illinois	US
S3-1845870	Historical Charities (ID: 69423)	7200 Juniper Ave, Excelsior, Minnesota	US
S3-12709247	Saburi Electronics Private Ltd	1232A, Tower C, Alphathum, Plot No. 1, Sector-90, Dadri, UP	India
S3-401760585	Heritage Ventures Holdings  Service	670 Breakneck Hill Rd, Middlebury, Connecticut	US
S3-564745058	Llc Wesson Legacy Pembina	0319 Washington Ave, # Apartment 1, Kenmore, New York	US
S3-579568178	kardhanroadprabhu.com	Sco-134, Kardhan Road Prabhu Prem Puram, Ambala Cantt, HR	India
S3-114298542	Holland Collective LLC	1805 Avalon Place, Wichita Falls, Texas	US
S3-474242837	Miler, Mowen and Torres Bsp Center	Sixteenth St, New Cumberland Borough, Pennsylvania	US
S3-4068352	Surgical Heritage Meifdcine LLC	663 Court Ethel, Middletown, Ohio	US
S3-635876806	Psfigte Horizon Trade1ink Limited	A-02, Saptgiri Sanghvi Hills, G.b. Road, Suraj Water Park, Thane, महाराष्ट्र	India
S3-843234732	jaraprojects.com	Uppal, K.v.rangareddy, H.no. 16-48/B, TG	India
S3-155124689	Coastal Group Center	001600 Michigan Ave, # 408, Mobil CDP, Alabama	US
S3-825686038	Florinda Gablavn Value Pérmian LLC	31648 Hawk Street, Deer River, Minnesota	US
S3-720486952	Mendez Flewelling Gulf Wealth  Care	2031 Stone Ridge Lane, Villanova, Pennsylvania	US
S3-417373558	National Braves Braves [LLC]	Logan, 2121 Main Street, Utah, Unit A	US
S3-850068596	Balajicare.Com	Office No 203 Ramsukh, Pune City, Pune, महाराष्ट्र	India
S3-371584572	Ulrike's Best Pilates Group	Texas, Lavon, 296 Oak Creek Dr	US
S3-381200194	Om Business Pcivaeg Limited	South West Delhi, F-177g/f, DL, South Delhi, Ward No-2 Gadhwal Colony Meharauli	India
S3-434434322	திருப்பதி நார்த் கன்ஸ்ட்ரக்ஷன் பிரைவேட் லிமிடெட்	Alagu Meygnanapuram, TN, Sivaganga, 165/C, Sivaganga	India
S3-896667134	Si1ver Nails LLC	234 Neill Sinclair Road, Raeford, North Carolina	US
S3-49526883	Castaneda Sanayi	Yorktown, New York, 2264 Dalton Drive	US
S3-200836272	Sonu Center	30, Krishna Plaza, Plot No. 22 Sector 10, Dwarka, South West Delhi, New Delhi, दिल्ली	India
S3-346476475	Oakwood & Có	Building No C-5/3403/b21, Markaz Commercial Complex Second Floor, Indira Gandhi Road, Kozhikode, കേരളം	India
S3-547166650	Greeley International Group	2483 Old Ky 30, Booneville, Kentucky	US
S3-306797091	Shackelford Advertising	722A 1000, Utah, Provo	US
S3-569454586	स्काई एंटरप्राइजेज	Pune City, Pune, Futurasr.no133(p)punecity, MH, No. 254 Common Lobby 1 To 8 Floor	India
S3-722296133	రాయల్ ఎనర్జీ ప్రైవేట్ లిమిటెడ్	No #7-1-28/4/25, Pno.2a, 3Rd Floor Swathi Plaza, Sk Road, Ameerpet, Secunderabad, Hyderabad, తెలంగాణ	India
S3-854342623	Continental Star Indonesia	892 B, Leonard, Missouri	US
S3-972105069	Desert Society	11416 Mount Johnson Court, Rancho Cucamonga, California	US
S3-498306788	Custom Inc  Electronics	225 Almond Saint, # 2F, Fall River, Massachusetts	US
S3-978032089	p.c. atlas valley	1232 Patton Avenue, Springfield, Illinois	US
S3-279301009	Leclair Columbia L.L.C.	Woodmoor, Colorado, Greenwood Dr	US
S3-28376225	Midwest Bay Engineering Lakeside Corp	924 Birch Blvd, PO Box 9131, Winona, Minnesota	US
S3-221540281	Smt Sachdeva Private Impex [Limited]		India
S3-836665859	rocky anadolu group	1413 Prospect Avenue, Capitola, California	US
S3-356238971	Ridge Ltd Intermediate	5041-C Autumn Brook Dr, St. George City, Louisiana	US
S3-485686708	Orthopedicintegratedcenter.Com	Albany Shaker Rd, Fl. Floor 1, Albany, New York	US
S3-339033072	Sienna & Bróthers Pvt Ltd	P3/014 Tower -11 Silver City-2, Uttar Pradesh, Gautam Buddha Nagar, UP	India
S3-338069301	Nelson and Azeuea	12665 Hermit Rd, Buckeye, Arizona	US
S3-367065089	Delta Veterinary Clinic	1262-B Sixth St, Dickinson, North Dakota	US
S3-103405689	Interiors Services Fast Enterprises	TG, Hyderabad, Secunderabad, Block F-519 Shop No. D-50	India
S3-811697581	Tirupati Universal Hotel Limited Service	A-110, South Delhi, Shingar, DL	India
S3-904863259	QFK Pioneer Hill, Holdings	2142. Cliff Dr, PMB 1815, Eagan, Minnesota	US
S3-718176448	Bombay Technology Prthvaote Limited	757 H N 240 Ambazari Layout, Nagpur, महाराष्ट्र	India
S3-109678103	VE Street  Limited	H.no 650 263, M-3, Shivlok Parisar, Mp Nagar, Zone Ii, Huzur, Bhopal, MP	India
S3-734246100	@revit	17456 Oakes Road, Town Of Boscobel, Wisconsin	US
S3-580923884	Signature Industrial-Partners,-Inc.	5201 Bold Springs Rd, South Boston, Virginia	US
S3-792624727	Perideusyn Birogowrks	7732- English Oak Cir, Elkridge, Maryland	US
S3-989075029	Flores Center	1100 Shawnee Rd, Kansas City, Kansas	US
S3-987000192	स्वस्तिक प्रोड्यूसर प्राइवेट लिमिटेड	S-3 5/717, Sector-1, Vaishali, Ghaziabad, UP	India
S3-456637010	Russell Services	Laurel Ridge Road, Dufries, Virginia	US
S3-842786101	बाबा डेवलपर्स लिमिटेड	Flat No.#304, Shyamkunj Apartment, Basant Vihar Colony, S.k. Puri, Boring Road, Patna, BR	India
S3-147032860	The Millcreek Literacy Council L.L.C.	Wild Duck Lane, Salt Lake City, Utah	US
S3-999220081	Grand Limited Center	303 Kayakalp Avenue, Nh-8 Naroda, Ahmedabad, Daskroi, GJ	India
S3-790347559	Pediatric Dental Center LLC	Brentwood Drive, Indianapols CITY, Indiana	US
S3-510578637	B1ack Brothers Private Limited	Flat No 504, Vasavi Towers Apartment, Anjaiah Rd, Pandaripuram, Ongole, Ongole, Prakasam, AP	India
S3-772584545	... @nagtechcorporate	D-no.12-2-37/12/b, Medchal Malkajgiri, TG	India
S3-751671096	Norrie-Rodriguez Creative Service	310 Trivette Hollow Road, Creston, North Carolina	US
S3-45248844	Smt Ram Tech Hardware	Door No 304/6, Third Floor, Plot No. 2650, Laxman Vihar, Phase-ii, Gurgaon, HR	India
S3-162883872	Allied Veterinary Clinic Corp	621-625 Wayne Ave, Greenville CITY, Ohio	US
S3-461984919	V 5 V Defense Corp	28962 Farm Road 1260, Golden, Missouri	US
S3-519058182	LORY SCHELLER LIONHEART LLC	1231 Intervale Avenue, Bronx, New York	US
S3-809538711	si1ver coffee	15 Montgomery St, Walden, New York	US
S3-422009037	Justice Metropolitan Alliance Inc	843 Pigott Rd, Gloucester, North Carolina	US
S3-47164108	Bell and Calderon Corporation		US
S3-793706812	Miradrex née Overbaugh, Riley and Sanders	13320 Colonel Glenn Road, Little Rock, AR	US
S3-858867791	Ridge Blue North LLC	Hill Forest Ct, Richmond, Texas	US
S3-492946014	Cypress  Inc	26670 Ice House Bridge Road, Town Of Lincoln, Wisconsin	US
S3-57931564	Ltd Enterprises Tumkur Chemicals	Surendra Kumar Pandey/vishwanath Pandey Behind Dharamkata, Rewa, MP	India
S3-937774254	Tri-State Tbk Corp (ID: 71107)	Glens Falls, New York, 29 New Strlet	US
S3-639073046	B M & J Phármaceutical LLC	North Carolina, Arden, 23 Curtis Glenn Dr	US
S3-312341122	Limited Dheeraj Inlda	Thane, Sh1 Bldg G 1 Wing A Jesal, Thane, महाराष्ट्र	India
S3-61619477	Ojas & Pártners	C/o V Gouri, Trissur, Thrissur, KL	India
S3-137423279	Brixtavo aka Driver's Retail	3805 Balsam Street, Unit 120, Lake Park, NC	US
S3-867455006	Bentley Holding Co	2618 82th Ave, Medina, Washington	US
S3-258534562	Raja Manga1am (iia) Private Limited	Kishanganj, Deramari, W/o Arjun Agarwal, Paschimpali Chowk, C/o Radha Devi Agarwal, BR	India
S3-815217423	Allied-Anchor	583 Viewcrest Drive, Hendersonville, North Carolina	US
S3-860025162	urology partners	19906 1/2 Travis County Way, Cypress, Texas	US
S3-43679550	Tabbatha Shaw Círcle LLC	PO Box 7289, Prineville, 1060 Amos Court, Oregon	US
S3-625572091	Benxu Inc.	12229. Trumpetfish Drive, Conroe, Texas	US
S3-333584521	arihant creative consultants private limited	568 B No 8, F, 1St Fl, 106 Panchtirth Plaza-2 Nr Anandnagar, Prahladnagar, Satelite, Ahmedabad, GJ	India
S3-335545219	Chennai  Carrffr Private Limited	No. 219, Velan Nagar, 4Th Street, Valasaravakkam, Chennai, TN	India
S3-106767149	Griffith Inc Center	100 4th Street, Rio Rancho, New Mexico	US
S3-910687240	W 7 Choice Optics Uptown Inc	4540 Keeneland Ln, Charlotte, North Carolina	US
S3-157297733	T/M PLATFORMS	Briar Creek Drive, Shelby, North Carolina	US
S3-696875685	Edge & Reyna Llc	421 Enclave Circle, Unit 201, Costa Mesa, California	US
S3-520285425	Orange Pipes Center Overseas Co	#13/A/44 B D D Chawlb J Devrukhakar Road Naigaon, Mumbai, Mumbai City, MH	India
S3-242059755	Calotavolum DBA: Good Builders	P2, Level 04, Percept House, Raghuvanshi Estate, 11/12 S.B. Marg, Lowe, R Parel, Mumbai, Mumbai City, Maharashtra	India
S3-615929632	Star Technology Private  Limited	Jaipur, G1 257-258 Riico Industrial Area Sitapura, RJ	India
S3-404341586	Daron Harris LLC [Services]	#4313 Brookview Ter, Fl. 1, Columbia, Missouri	US
S3-100723510	Harmony Solutions  Private	Flat No.b811, Niharika Exotika, Lanco Hills Lane, Khajaguda, Gachibowli, Hyderabad, Kakateeyanagar, TG	India
S3-63698503	[Inc] NN Frontier Pharmaceuticals	807 Caly St, # A, Raleigh, North Carolina	US
S3-808376527	Pravek Ventures  Pvt	1301 B, Beau Monde, Appasaheb Marathe Marg, Mumbai, MH	India
S3-841954823	সূর্য ইনফ্রা প্রাইভেট লিমিটেড	C/o Rafik Alam Kalibari, Goalpokhar - I, North Dinajpur, WB	India
S3-774186061	Desert, Leigh Montijo Science, Inc	Eighth Street, Bend, Oregon	US
S3-622162043	Camacho & Story Advantage Ltd	124 Brukett Avenue, W. Jfeferson, North Carolina	US
S3-188570318	Ranga Reddi District Group Services	H.no 142/143/1P, Ranga Reddi District, Rangareddy, TG	India
S3-15894384	சிட்டி Media பிரைவேட் லிமிடெட்	#221 Kms Garden Periya Puthur, Ae, Salem, TN	India
S3-967712917	Global Marketing Pvt Ltd.	HR, Sector - 68, Imt Faridabad, Faridabad, Ballabgarh, Plot No. ##72	India
S3-212356144	SV Food [Inc]	310 Spring Dr, Opelika, Alabama	US
S3-560637906	Happy  Gdrl!		US
S3-478988220	Aadi College  Private Limited	206, Crystal Park Apartment, Plot No. 259(P), 260(P), Khata No. 213, Chandrasekharpur, Bhubaneswar, Khordha, OD	India
S3-510297461	Anchor Wéstin LLC	1809 6st Ave, Scottsbluff, Nebraska	US
S3-171637404	Calojaxkelo One D.B.A. Baptist Church Co	5 Phillips Street, Woburn, MA	US
S3-123783160	SUMMIT FEDERATION	7684 Knightshayes Dr, Prince William County, Virginia	US
S3-986769650	Evoiri DBA Valdovinos Navios	33 Federal Circle, CT, New Britain	US
S3-822359728	#ridgeanimal	1721-A El Paso Street, # B, Salt Creek, Colorado	US
S3-24160002	Yumadova Sys	Office No 1906, Haware Infotech Park, Plot No 39/3, Sector No 30A, Vashi Thane, Mumbai City, Maharashtra	India
S3-100632359	burdette, beene & felix	409C 9th St, Pittsburg, Kansas	US
S3-53506436	India Super Pictures	No 15 Lml Colony Ammankulam, P N Palayam, Coimbatore, TN	India
S3-301569265	nanet capital inc	3210 Erie Street, Sppringfield, Missouri	US
S3-525880129	Symington Co Service	5044. Pittsburg St, Hamburg CITY, New York	US
S3-557777347	Alpha Private Limited Center & Co		India
S3-907980683	Back Alley Alley	1655 State Highway 66 Hwy, Garland, Texas	US
S3-138405648	Pioneer Private  Limited Center	A 1-7, Hyderabad City Region, Hyderabad, తెలంగాణ	India
S3-562265901	Ford Ace-Southwest (LLC)	6918 Mariner Grove, Houston, Texas	US
S3-805018405	F0ot &  Ankle Care Associates	233 Hebgen Ranch Rd, West Yellowstone, Montana	US
S3-940418737	Espinoza Mountain Residential	22 Park Pl, Schenectady, New York	US
S3-444619154	Udupi Polishing Ventures	#8St Floor, Udupi, KA	India
S3-891916911	Ace Intelligence Aicsrbs Inc.	1913 Arboro Pl, Louisville, Kentucky	US
S3-545038868	Jarrell, Garside and Kóvach LLC	52-03 Seabury St, Elmhurst, New York	US
S3-531677424	Mccarty Loan Holdings	##N8493 660th Street, River Falls, Wisconsin	US
S3-272599201	Colonial Cloalitrion		US
S3-384056927	Igneous Acre Private [Limited]	Door No. V11/19 Thottumukkam (Po), Kozhikode, Puthiyanidam, KL	India
S3-835604978	Moore, Hunt & Rodriquez Center	##28 Vista Solano, Los Lunas, New Mexico	US
S3-435455490	The Kush Precision America Inc.	5565 Declaration Ave, Fort Mohave, Arizona	US
S3-776723844	Priafte North 24 Parganas Max Limited	Lxami Apartment, North 24 Parganas, WB	India
S3-647786487	Hillhouse and Wílson Cslm LLC	3519 Hilltop Ln, Franklinville, New York	US
S3-53876922	LENNON'S JEWELERS INC	144 Mill Road, Southold, New York	US
S3-199222567	Skg & Partners Pvt	Plot 617 Aadarsh Nagar, Roberts, Ganj, 184, Sonbhadra, Sonbhadra, UP	India
S3-735430876	Neev Foundation Limited	L-69/b, Delhi, DL	India
S3-529807556	Romero Romero and Bombard, LLC	0031352 Shooting Star Lane, Polson, Montana	US
S3-243186999	Ear Nose  & Throat Specialists	131 Summerset Ln, Bldg Left, Buffalo, New York	US
S3-374084229	DK-Graphics  P.C.	6323 Branham Ln, Laveeen, Arizona	US
S3-102259372	xuexpressshay.com	South Portland, 220. Maine Mall Rd, Unit STE 230, Maine	US
S3-653223872	Anchorage Debt Corp	3008 Arctic Blvd, Unit TRLR 4, Anchoraeg CITY, Alaska	US
S3-309841773	SHIV UNIVERSAL INFRASTRUCTURE PRIVATE LIMITED	First Floor, Azeez Centre No.623, Anna Salai, Thousand Lights, Chennai, தமிழ்நாடு	India
S3-739362788	Chiropractic-Medicine	102 Fountain Ln, # Unit 20, Russellville, Arkansas	US
S3-756545012	Germana Bates Deli, Inc Services	624 Barry St, Unit Apartment 4, Olean, New York	US
S3-484692538	ONKAR PROJECTS LLP		India
S3-438099214	Damodar Travels Enterprises Corp	M-84/3 Lower Ground Floor, Malviya Nagar, South Delhi, DL	India
S3-311064172	The Heritage Legacy Trúst LLC	3320 27th Street, Nebraska, Lincoln	US
S3-443158051	Ariaevonyla	348 Cr 626, Brazoria, Texas	US
S3-872190855	Delta  Interests	Massachusetts, North Attleborough, 31 Jennifer Circle, null	US
S3-902717033	Hermes Wrise (India) Limited	Fl No.9-303, Hyderabad, Ranga Reddy, TG	India
S3-768194567	Baptist  Church	9640 Glenn View Drive, Cedarville, Arkansas	US
S3-887207808	Badarpur Soluteions Ltd	Karshni Complex, C/o Hindustan Pipe Corporation 11/1 Milestone, Mathura Road, Badarpur, New Delhi, DL	India
S3-67181236	Eraya Tech	1A, 19/6, Besant Nagar Housing Board Colony, Madras, Chennai, TN	India
S3-125185512	Delhi Dental Pvt Limited	DL, East Delhi, West Azad Nagar, Main Road Near Loard Shiva Public School, Delhi, 00152/1A	India
S3-338690526	Community Strategic Coalition Co	645 Apple Branch Lane, Indianapolis, Indiana	US
S3-519909600	Group Ziclarex Ithax	00150 N Main Street, <NULL>, Flatonia, Texas	US
S3-732315309	Karia E. Gilmore, CPA	2318 Shefford Street, Fl 0, Wichita, Kansas	US
S3-226384310	Delta Heartland Duration Ltd	56 Longstreet Rd, Weldon, North Carolina	US
S3-534864429	Brooks Heartland Pharmaceutical Associates Inc.	Kentucky, 10730 Bell Tucker Ln, Louisville, PMB 7778	US
S3-120271062	Safe Regional Tfre Shop, LLC LLC	603 18st Street, Unit Ste 12, Bentonville, Arkansas	US
S3-527071780	Red फूड्स Private Limited	C/o Santosh Kumar Panch-vill-tola Rajkhand North, Muzaffarpur, Aurai, BR	India
S3-959064940	Bigway  Solutions Private	Plot No 127, Sector 44, No 301, Thane, Navi Mumbai, MH	India
S3-711955541	Internal Medicine Care Asoscaates Greater LLC	3915 Melody Drive, Phoenix, Arizona	US
S3-991524049	Kolling Tokyo Llc	Dolcetto Avenue, Fl 1, Lexington, North Carolina	US
S3-898401967	Sukhmani Seva Samiti Public Limited	Shop No.318, Jamnagar, Madhav Square Limda Line Main Road Jamnagar, GJ, Jamnagar	India
S3-751294591	Milena Robinson Nasdaq Group	5435 162nd Street, Edmonds, Washington	US
S3-954922372	India	1283, Bara Bazar Opp. Church, Kashmere Gate, New Delhi, Central Delhi, Delhi	India
S3-137222700	Eye Clinic	Prince William County, Virginia, 10865 Mayfield Trace Pl	US
S3-984411749	Jemmy P. Wa1ker, Ph.D. Llc		US
S3-2366079	Federal  Total	1800 Federal Street, Balimore, Maryland	US
S3-609364925	Lunsford, Littleton And-Garrison Engineering	#2733 Lava Valley Way, Santa Clara City, Utah	US
S3-403983430	Herrejon Optimal Energy	9008- Eventide Rd, Clay, New York	US
S3-869197296	Cascade 8ig Big	6370 Longford Drive, N/A, Mchenry, Illinois	US
S3-134182458	ಆಲ್ಫಾ ಡೆವಲಪರ್ಸ್	Bangalore, 82, KA, Bangalore	India
S3-804161565	Halonyla Formerly Baque Capital Partners, LLC	317 Raven Street, Allegheny Township, PA	US
S3-159981711	Joana Pdyt Custom Siddhi	5712 375 Road, Michigan City, Indiana	US
S3-226313889	LLC Gdeyode	310 Iowa St, St. Marys, Iowa	US
S3-564379014	Co Beth Catholic Church	#15769 Mojave Dr, Unit UNIT 207, Victorville, California	US
S3-553961881	Estel Moore Clean	11515 Heyd Rd, Breen, Ohio	US
S3-97083724	Llamas Forefront	112 Lincoln Park Dr W, Greenwodo, Indiana	US
S3-26551225	Colonial Corporation LLC	9409 Orbitan Court, Parkville, Maryland	US
S3-245519481	Veopyra	At & Po- Deesa Krishna Nagar, Deesa, Banas Kantha, Deesa, Banas Kantha, Gujarat	India
S3-455163655	Palghar Appliances Private (Limited)	Flat No-a/303, Dharti Park, Behind Shriniwas, Palghar, Palghar, Thane, MH	India
S3-784959915	Loralie Conforti Ace Hamilton Care Harbor	5959 Cear Fern Ct, Columbia, Maryland	US
S3-660905300	Zephbelo	No.26/1A, Yellukunte, Karnataka, Bangalore	India
S3-16285593	Watkins, Brush & Cash Managers	106 Hammond Street, Red Oak, Iowa	US
S3-602961159	GRIJALVA EQUITY PARTNERS	2311 57st St, Washington, Seattle	US
S3-619281146	Unique-Business Private Limited	No.##2504, Badshahpur, HR	India
S3-907276684	TECHNOLOGIES AMOGH BIOTECH PRIVATE LIMITED	#2544/6, 2Nd Floor Gurudwara Road, Karol Bagh, Central Delhi, New Delhi, DL	India
S3-891127236	Trejo Tota1 LLC (Accounting)	2199 Jack Warner Pkwy, Tuscaloosa, Alabama	US
S3-751135784	Vinda Infraprojects	H.no 1009/1, Davanagere, Davangere, KA	India
S3-601006663	Kozhikode Solution Industries Prfiaote Limited	1/133, Calicut, Kozhikode, KL	India
S3-325354370	VDO (india) Center Corp	15/416, Panampilly House, Muringoor P.o. Chalakudy, Thrissur, KL	India
S3-983466333	Delta Center Inc	00114 Wembley Court, Folsom, California	US
S3-19972084	सेवन इंफ्रा ट्रेडर्स प्राइवेट लिमिटेड	34 Mulji Houseveer Savarkar Marg Prabhadevi, Mumbai (SUBURBAN), Mumbai, MH	India
S3-953218157	M/E Exploration	20108 Delaney Road, # Lot J, Athens, Alabama	US
S3-321652496	Deal Agro Private	730, New Delhi, South Delhi, DL	India
S3-249530287	Central Robotics Services PC	645 Landing Drive, Jefferson, North Carolina	US
S3-122288806	First Energy Private	H-21a, Jaipur, RJ	India
S3-764422644	Shri Classic  It Private Ltd	18, Sainath Society Navagam, Surat, GJ	India
S3-752891442	Morales Hóldings Group LLC	New York, Rochester, 58 Cady Street	US
S3-562292041	Pratul Software Limited	40 E Neelam Centre A Wing S K Ahire Marg Worli, Mumbai Ii, Mumbai, MH	India
S3-118005766	Belivue  Equity Partners	Long Pointe Road, Wilmington, North Carolina	US
S3-150279310	Deo Cgsiom Minerals LP	Arizona, 15255 Redfield Rd, Surprise	US
S3-390223587	Sanchez's Brewing	New York, 24 1/2 Burnsdale Ave, Valhalla CITY	US
S3-571979462	Randolph, Rolls And Zácharias Inc	Schwartz Road, Avon Tonship, Ohio	US
S3-188346266	Castanon's-Best Eye Care PLLC	1650 Government St, # A, Mobile, Alabama	US
S3-487717164	Desert Unified  Seneca	27713 23rd Drive, Daisy Mountain, Arizona	US
S3-430658856	Netravati Ventures Samiti Seva	Office No. 1047, 10Th Floor, The Ithum Tower A Plot No. A-40, Shaheed Hawaldar Padam Si, Ngh, Gautam Buddha Nagar, उत्तर प्रदेश	India
S3-775108385	अर्बन इम्पेक्स लिमिटेड	38, Udaipur, RJ	India
S3-726498163	Complete Express Líve	Wood Lake Road, Aledo, Texas	US
S3-538238247	Deviya Buildwell Private	Hn 742/2 V4 Wing, Thane, महाराष्ट्र	India
S3-904503593	R0yal Premier Wamter LLC	31 Kenilworth Rd, Arlington, Massachusetts	US
S3-675592369	Vision Pioneec Health (Ltd)	022 Briarwood Ave, NULL, Readiing, Massachusetts	US
S3-8865181	Rodriguez Limited Limited Corp.	1507 Washington St, Scott City, Kansas	US
S3-480730092	Yim Hietae, LLC	517 A Street, # APT 10, Ardmore, Oklahoma	US
S3-683238304	Emerald  LLC	15907 Xeon St, Andover, Minnesota	US
S3-241246853	Bright Bread,	684A 2700, North Ogden City, Utah	US
S3-502406880	Pacific Alliance	1895 York Road, Stony Point, North Carolina	US
S3-402052963	Asset Building Charities Corporation	Victorivlle, Unit UNIT 1506, California, 14374 Brego Rd	US
S3-892449116	Dental Associates LLC	# 301, Illinois, Crete, 3701 Eagle Nest Dr	US
S3-576486198	Debby LLC Trusted Estate Houston	14175. Dallas Pkwy, Unit 1422, Farmers Branch, Texas	US
S3-699014853	LLC Niki's Eye Ce	91 Nicflaus Dr, Howland Twp, Ohio	US
S3-115710355	Cunningham & Freeman	3932 Ridgeview Way, Taylorsville, Utah	US
S3-599153605	Vivyan Albers Rocky LLC		US
S3-132982207	Korie M. Flynn, XD, M.D.,	672 Harris Ave, Columbus, Ohio	US
S3-87006130	Optimal  Data Industries Corp	Pennsylvania, Unit A, Wrigden Run Rd, South Mahoning	US
S3-365251601	Better Insurance Digital  Downtown	17 Shadow Ln, Cromwell, Connecticut	US
S3-958810991	Peters, Tessy Black Metro [L.L.C.]	39771 Allgeier Rd, Sandy, Oregon	US
S3-139191505	Bureau of Buildings LLC	963 224 St, Bronx, New York	US
S3-495661873	Keston Associates Llc	14245 Walker Rd, Beaverton, Oregon	US
S3-541596647	Hastings, Ji1l R., DPM, M.D., P.C.	4220 Winding Branches Dr, Winterville, North Carolina	US
S3-345805834	DY Instalment Private Límited	Plot No-28, Secunderabad, Hyderabad, Andhra Pradesh	India
S3-739538201	DNK Constellation  Co	211 Blake Drive, Maryville, Tennessee	US
S3-396389104	Novigild	1768 Iglehart Avenue, Saint Paul, MN	US
S3-327911004	rocky international	##1303 35th St, Newport News, Virginia	US
S3-622787062	vault foundation industries	210, Crystal 2, Royal Palms, Aarey Milk Colony, Goregaon (East), Greater Mumbai, Mumbai City, महाराष्ट्र	India
S3-550234623	Edwards Services Ventures  Private Ltd	TG, Ranga Reddy, Hyderabad, 4F-122	India
S3-386742783	SERVICES RAMKRISHNA PHARMA PRIVATE LIMITED		India
S3-553647152	Smt Rhs Limited Trading	No. 256 F-2, Sri Chandra Residency, Dulapally X Road, Hyderabad, Tirumalagiri, Andhra Pradesh	India
S3-69052803	[(LLC)] Legacy Safe Security	9173 Barrington Ter, Brooklyn Park, Minnesota	US
S3-500537557	Sanchit Investment Cnale	H.no 1-26, <NULL>, Bengaluru, Bangalore, KA	India
S3-314839689	Quovantageveo doing business as Liberty Institute of Technology	7355 Elmridge Drive, Dallas, TX	US
S3-477263974	K0lkata Próducts	WB, Kolkata, Howrah, P-120	India
S3-832685666	Syna Cascade-Summit L.L.C.	Goshen, 58164 Hemminger Dr, Indiana	US
S3-411503322	josh & sons llp	DL, North Delhi, Delhi, House No. 51	India
S3-29163754	Tri-State Center	30952 Shortcut Road, Dakota, Minnesota	US
S3-728129783	Pediatric Dentistry Care Associates	Baltimore Ave, Coldwater, Kansas	US
S3-498432720	Modern [Gss]	Dixon, California, 724 Walnut Park Avenue	US
S3-275319374	glen dicenzo arts		US
S3-675966530	Sara Hospital Corporation	Sf.no 17/4, No.22/a, Anna Salai, Kilvisharam, Walajapet, TN, Vellore	India
S3-734543810	Bellard, Flores And Qúeen, LLC | www.bellardf.com	Illinois, #93 Augusta Ln, Cary	US
S3-269473307	wade harsch, & vandeusen	124 Hickory Hollow Dr, Palenville, New York	US
S3-208855694	Quixotic (India) LLP	House No 0182, Kannamwar Nagar, Ward No 17 Behind B.i.l.t.office, Chamorshi Road, Gadchiroli, MH	India
S3-235697312	Five & Saoocs Infratech Private Limited	B/b3/7 18 Megh E/3 Ph Ii Golden Park Betukarpada Kalyan, Mumbai City, Kalyan, MH	India
S3-256023069	Aarambh Surveyors Infratech Private	No 81 Blue Lotus Colony Sun Velley Ke Saamne, Gwalior, MP	India
S3-135144095	Nelson Communities Corp	Texas, City Of El Paso, 1505 Zaragoza Road	US
S3-574429095	LLC Banuelos, Anderson & Buda Realty	382 Carolina Buckthorn Drive, Kyle, Texas	US
S3-149570697	Armstrong (Star)	Woodbine Road, Sioux City, Iowa	US
S3-675618604	COLONIAL GREEN GREENLAND INC	4107 Sugar Creek Rd, PO Box 8680, North Carolina, Charrlotte	US
S3-957137582	Sri Indian Agro Private Ltd	H.no 0023 Block 3 Anand Vihar, New Delhi, Shahdara, DL	India
S3-72551590	Styrax Auto Enterprises Private Limited	031/3 S Card Camfus, Seegehalli Main Road, Bangalore North, Bangalore, KA	India
S3-957728273	Shri Land Clínic #98521	Door No 553 A-701, Majestic Appartments Plot No. 3 Sector - 18, Dwarka, New Delhi, South West Delhi, DL	India
S3-357874579	Summit LLC Diana	715 Ramsey Road, Lyndonvlle, Vermont	US
S3-738622371	Rand  and Evans	874 Belvedree Avenue, Maryland, Baltimore	US
S3-827315716	F0ods Jee Industries Private Limited	C/o Satvik Kumar Yadav, Deoria Sadar, Deoria, उत्तर प्रदेश	India
S3-822260629	The Shankar Solutions Group (ID: 14611)	Gala 14, Pearl Glass Compd, Ib Patelrd, Nr Puja Hotel, Goregaon East, Mumbai, MH	India
S3-657345041	purposecapital.com	50 Ray Rd, Brvard CITY, North Carolina	US
S3-832731988	Direct Staffing	Wrightwood, California, 5461 Pacific Crest Drive	US
S3-488914643	Austin Investment	Pine St, Hamden, Connecticut	US
S3-405925982	Vision Global Constructions Limited	36 C Laxmi Indl Estatenew Link Road Andheri West, MH, Mumbai Suburban, Mumbai	India
S3-149449964	dental metro health group	10961-A 262th Ave, Zimmerman, Minnesota	US
S3-778762792	साईं टेक्नोलॉजीज प्रा. लि.	25 A Sai Lok Colony Chhapraula, Ghaziabad, Meerut, उत्तर प्रदेश	India
S3-392408948	Feldstein Idaho - 9364448531	2906 Leonrad Road, Lexington, North Carolina	US
S3-437400709	Seneca Global Inc	2108 Buffalo St, Stanley, New York	US
S3-841681483	Enterprises Ambassador  Agriculture Private Limited	No. 2/999A, Chalet, Bilathikkulam, Calicut, Kozhikode, Calicut, KL	India
S3-789191531	जैन इन्वेस्टमेंट प्राइवेट लिमिटेड	##106, Midas Chambers, Link Road, Laxmi Estate, Mumbai Metro, Mumbai, महाराष्ट्र	India
S3-681855201	Silver Delta	6948 Carmelito Loop, Albuquerque, New Mexico	US
S3-14287432	Sree Energy Corp	#331- A/1, Suryodaya Estate, Nr. Tata Godown, Nr. Chamunda Bridge, Asarawa, Ahmedabad, ગુજરાત	India
S3-929115395	Amritsar Outdoor Private  Limited	Amritsar, Shastri Nagar Behind New Police Lines, 382, PB	India
S3-678368985	Electricians Union No 127 LLC Services	1073 Newgate Ln, Indianapolis, Indiana	US
S3-339079347	Mckinnis, Zosena W., DDS, PC Clinic	98 1/2 Cedar Court, # 2A, Lake Ozark, Missouri	US
S3-886640234	Prairie Onfolio,  (LLC)	012295 Rocky Ford Ct, Rancho Cordova, California	US
S3-70610669	Wilson Guardian (PC)	Texas, ##2536 Violet Theo Ln, Round Rock	US
S3-394993844	Duda Harbor-Breeze Clinic	00540 Valley View Road, Eighty FOUR Township, Pennsylvania	US
S3-459365441	Solent Polestar	5007 Tealgate Drive, Spirng, Texas	US
S3-519128679	Steinhart Disciplined	72-53-74 Yellowstone Boulevard, Forest Hills, New York	US
S3-749923428	ব্ল্যাক ফাইন্যান্স লিমিটেড	C/o Murshida Begam, Jl 185, Plot No 102, Moyna, East Midnapore, WB	India
S3-558724954	Umbraonyx DBA: Upper Optimal Materials LLC	OH, East Palestine, 100 Beech Street	US
S3-301755019	Coker Pibk Municipal Ltd	1021 Moore Ridge Rd, Morrisville, North Carolina	US
S3-403165268	KZG Wést	335 Grace Street, Smithield Township, Virginia	US
S3-951697825	TDU Limited Partners	Rayala Towers, Chennai, தமிழ்நாடு	India
S3-258903524	@colonialprecision	67 Cedar Ln, # APT 3, Antis Township, Pennsylvania	US
S3-589938783	#Hoteltechnology	KA, No. 198, Bengaluru, Bengaluru Urban	India
S3-25493267	Jarrleon LLC Grill	Floor 0, 0719 5rd St, Carrizo Springs, Texas	US
S3-433563065	Alisa Alisa Rose Rapid Próshares	# Unit 41A, Connecticut, 210 Regan Rd, Vernon	US
S3-837325352	Al Big Investments (Pvt)	33/2, Kilpauk, Chennai, TN	India
S3-622602692	Ujjaora Ágro Pvt Ltd	Bangalore North, Bangalore, 4Th Cross, M.k.extension, Msr Nagar, KA, H.no 29/3	India
S3-911813535	Bombay Bst Impex Private Limited	D No 54-20-2/11, Plot No 89 1St Cross, Subbarao Colony, Bharati Naga, R, Vijayawada, Krishna, AP	India
S3-594603526	Clean Industrial Innovations Coastal PC	3391 Fm 485, PO Box 6968, Caameron, Texas	US
S3-224199063	urologymodernclinic.com	4120 Club House Court, Wiilson, Wyoming	US
S3-332291685	vision great physicians co	448 Stonehedge Ln, Mechanicsburg, Pennsylvania	US
S3-395621354	Ray Pediatric Dental Care Associates Ltd	1205a Us Rte 35, Ray, Ohio	US
S3-42755606	Miravera aka Devansh Enterprises	Kanti, 02/145, Ward 2, Roshanpur, Bihar, C/O Rajiv Ranjan Singh, Muzaffarpur	India
S3-201724222	éstrellaadickens.com	Missouri, Sarta, 722 State Highway Dd	US
S3-297170970	PB  Projects Limited	B-##15/30 Mahavir Chowk Near Vk Properties Tilak Nagar New Delhi, Delhi, New Delhi, DL	India
S3-266446461	The HVM Westin, LLC	St Johns St, North Dakota, Berthold	US
S3-29795188	Alpha Constructions Private	Fl No. 7, Pune, MH	India
S3-758465532	Stepup & Pvt. Ltd. Partners	#D/518 P No 79 Madhura Nagar Autonagar, Hyderabad, Andhra Pradesh	India
S3-507892750	Hospitality Royal Sweets	Door No 79 B Kara Shamser Khan, Etawa, Etawah, UP	India
S3-385676490	Pyrawex fka Cardiology Highland Specialists Inc	5009 Doris Avenue, Charlotte, NC	US
S3-948148861	Hunton Allid Quality LLC	687 Acquoni Road, Cherokee, North Carolina	US
S3-795124243	Halie Soto Rapid Imperial LP	Lampe, Iroquois Ln, Missouri	US
S3-152767049	Orbijaxsol née Grand Engineering Ventures LLC	16705 Wanda Court, Fl 1, Yelm, WA	US
S3-465500215	Vanton Multimedia Group #46981	1055-1059 Spring Valley Alpha Rd, Xenia, Ohio	US
S3-717061221	Technologies  Consortium Innovation Private	Door No 2-2-215/15/92 Macha Bollaram, Hyderabad, Andhra Pradesh	India
S3-92485852	Stoltzfus Brewer and Brown	Minnesota, 2187 Karlyn Road, ST Joseph	US
S3-66458717	Hetty Mcguire Meshflow  Care Metro	25 Hickory Dr, Twilight, West Virginia	US
S3-332535049	da agri private limited	6-3-609/85, Anandnagar, Hyderabad, తెలంగాణ	India
S3-380512727	Fortunato, Hall  and Richards Inc	Brooklyn Township, New York, 5604 Snyder Ave	US
S3-623008707	Lower  Heritage Quasaredge-Inc	##220 Tower Drive, Village Of Black Creek, Wisconsin	US
S3-164615346	Anushka  Slutiols	Office Number 16 Mhada S.t. Nagar, Mhada, Pimpari Camp, Pune, MH	India
S3-776411171	ashutoshfinancial.com	H.no 141 At Post Virathan Budruk Taluka, Palghar, Thane, MH	India
S3-601316479	Balderramasophimd.Com	1557 Van Remoortere Ln, Nigara, Wisconsin	US
S3-992341899	Visi0n Constructions Private  Limited		India
S3-577285491	Rector  Moedrn Marketing Inc	Booneville, Kentucky, 11	US
S3-260657782	Macedon Family Association Co	9 Apollo Pl, Macedon, New York	US
S3-628215700	Qutubullapur Kailas  Private Limited	Aishwarya Heights I, Penthouse, P.no 89 To 91, Bl-b, R.no.2, K V R Valley, Praneeth Nagar, Mallampet, Qutubullapur, Hyderabad, Andhra Pradesh	India
S3-586740101	গুরু প্রজেক্টস টেক্সটাইলস প্রাইভেট লিমিটেড	Cf-7-262, Sector-i, Saltlake, North 24 Parganas, পশ্চিমবঙ্গ	India
S3-684137021	Carty Crystal Zeo Holdings	669 Dewind Drive, Pikveille, Tennessee	US
S3-312401338	Balaji Públic School		India
S3-954050804	Colonial Harbor  Superior LLC	##3105 68st Street, Tulsa, Oklahoma	US
S3-71594685	నార్త్ ఎక్స్‌పోర్ట్స్ ప్రైవేట్ లిమిటెడ్	Tirumalagiri, Hyderabad, Hno ##8 - 7-19, TG, Raja Rajeswari Nagar	India
S3-844824551	Urban	1753 Cherry Point Drive, Fayetteville, NC	US
S3-766398647	ऑल मीडिया एलएलपी	N.h. 10, Near H.p. Petrol Pump, Po. Kelwa, Rajsamand, RJ	India
S3-83112351	S/Z Rush	430 Carlisle Ct, Illinois, Round Lake	US
S3-949857502	Uptown Pigloatse Ltd	354 Eleanor Dr, PMB 3563, Payson, Arizona	US
S3-877947364	Eluru Estate	Door No 004-13-28 Block A, Eluru, West Godavari, AP	India
S3-197424360	Life Producer  Garments Limited	#924 Shop No A 36, South Delhi, DL	India
S3-273026124	Christopherson Abrdn Dominguez LLC	30 Neptune Street Court, Lynn, Massachusetts	US
S3-425653628	Urology (Associates)	544 Madeira Dr, null, Albuquerque, New Mexico	US
S3-150720588	uptown massage east	98 Fern Lane, Bremerton, Washington	US
S3-346386330	Ledbetter Heritage LLC	208 Pin Oak Pl, Delaware, Ohio	US
S3-682484756	Gujarat Foods  Private Limited	Hyderabad, Tirumalagiri, Andhra Pradesh, Hn 239 F No. 702, 7Th Floor, Block 6, Mansarovar Heights, Phase 3, Santa Saket	India
S3-920125741	Thane lndustries Private	703/704, Thane, MH	India
S3-275899592	Dynamic Technology [Co]	Upper Ground Fgoor Of8-11, Howrah, Dum Dum, পশ্চিমবঙ্গ	India
S3-497678036	India Laxmi Ltd Pvt Chaudhari	Plot No. 445, Sector - 1/A, Ground Floor, Oslo Circle, Gandhidham, GJ	India
S3-813327031	Perry Holdings	220 43 St, Broolkyn, New York	US
S3-371484377	Patriot Pinnacle Westin Ltd	235 Oakbrook Ln, Torrington, Connecticut	US
S3-273469575	Ltd Mn Ventures	Lg-14, Mumbai, Mumbai City, MH	India
S3-650736971	Schmidt &-Fisher Crest Incorporated	1262 Highgrove Ln, Clarksville, Tennessee	US
S3-845629343	Delta Innovative Financial	3544 Mcintosh Drive, Kingsport, Tennessee	US
S3-788081161	Ceo  Bleichroeder Center		US
S3-966169843	Sampriti By Infratech Private Limited	Shop No-#75, Saraswati Vihar Pitampura, दिल्ली	India
S3-33569364	Shubham Lifesciences Limited	No.14/291 H, Ernakulam, KL	India
S3-946834033	Ace  Industries Pvt	Lig-140, Visakhapatnam, Vishakhapatnam, ఆంధ్రప్రదేశ్	India
S3-896931877	Corner Bárbérshop	409 Melbourne Avenue, Youngstown, Ohio	US
S3-971339237	eye total health	Main St, <NULL>, Lindsborg, Kansas	US
S3-279874690	बॉम्बे बिल्डर्स प्राइवेट लिमिटेड	808, 1St Floor, Nitikhand-1, Gda, Indirapuram, Ghaziabad, UP	India
S3-60108933	Yumakornex Sys DBA: Global Institute LLC	1916 Dawn Street, Albemarle County, VA	US
S3-950425401	Continental  League [VI]	3165 Bird Drive, Rootstown Twp, Ohio	US
S3-300901114	All Breez	Tennessee, Lewisburg, 721 Verona Ave	US
S3-315847661	Allied Center	Ray Street, PO Box 6701, Elizabeth City, North Carolina	US
S3-63942846	firstcathedral.com	4437 242nd Ave, Sammamish, Washington	US
S3-699351867	(india) Bangbhumi Electronics Private Limited	F 190 Lal Kuan, New Delhi, South Delhi, दिल्ली	India
S3-723832785	Pune Jcyti Holdings  Pvt Ltd	A1/307 Shashitara Vihar, Hingae Khurd Mh Sinhgad Road Anandnagar, Pune, MH	India
S3-750084078	Shridhar & Sons Prívate Ltd	DL, New Delhi, Govindpuri, 1290/8	India
S3-388294428	Seven Marketing Private Limited	#4-144 W/o Rajendra Prasad Near Govt Hospital Nagaram, Nagaram, Guntur, AP	India
S3-565676085	P.C. Cardiology Modern Care Asomiages	Maryland, 12140 National Pike, Grantsville	US
S3-176575674	ग्रीन एनर्जी प्राइवेट लिमिटेड	House No/7-1 House No/130, Lucknow, उत्तर प्रदेश	India
S3-613574731	Double Ceramics Enterprises Ltd	House No. 7307 Prem Nagar, North Delhi, Kamla Nagar, दिल्ली	India
S3-976316604	Maley + Brock Mitsui	1901d Ruger Court, St Charles, Missouri	US
S3-830999183	Green Global	H No. 556, Sector 56, Gurgaon, Gurgaon, Haryana	India
S3-29802948	mumbai india enterprises private limited	Shop #29 Bldg I-2 Plot 1 Sector 29 Sanpada Navi Mumbai, Mumbai, Mumbai City, MH	India
S3-68682399	White Infotech-Private  Limited	Near Badel Naje Abadi Hiway Bypass Banki Barabanki, Barabanki, UP	India
S3-53137717	Eye  Specialists	33 Congress Street, Pittsfield, Massachusetts	US
S3-345291407	Sterling First	12411 350 Rd N, Indianola, Illinois	US
S3-126366644	HXD Neuberger Holdings	6183 Carlsburg Ct, Rockford, Illinois	US
S3-208530348	Poonamallee Infracon	P1. No. 15, Poonamallee, Tiruvallur, TN	India
S3-386771828	Metropolitan Allegro L.L.C.	1 Broadway, Long Beach, New York	US
S3-30241418	LLC Back Alley Bistro	39 Topaz Dr, Cheektowaga, New York	US
S3-480630817	easternexports.com	D-40 Type-d Block-ii Calcutta Green Commercial Complex 1050/2 Survey Park, Kolkata, Howrah, পশ্চিমবঙ্গ	India
S3-928956262	Raven Clinic	First Street, Corning, New York	US
S3-5316319	Srivalli Products Center	1-3-24/5, Jathara Ground, Vemulawada, Karim Nagar, TG	India
S3-973866522	Auctus Hnh (India) Partners	MH, Mumbai City, C - 702, Crystal Plaza, Linking Road Andheri W, Bombay	India
S3-186347150	Olson  Diagnostics LLC Center	2-6 Lincoln Saint, Adams, Massachusetts	US
S3-235691791	Youth Regional League Inc.	Portland, Oregon, 018063 River Road	US
S3-285633760	asset building league	2649. Deerfield Crescent, Chesapeake, Virginia	US
S3-287549331	The Towles Runway	8714 Briarcroft Ln, Laurel, Maryland	US
S3-392502878	Wendye Willls L.C.S.W., DDS PC	Oklahoma, # Suite 108, 12808 Memorial Drive, Bixbby	US
S3-916906519	Mjd Trading Overseas Private Limited	GJ, Ahmedabad, H-133/6, Titanium City Center, Near Sachin Tower, Anandnagar	India
S3-436351477	Ariaaria	Jonesboro, 7167. 700, Indiana	US
S3-742857760	Loucks, Olly, L.C.S.W., Pc	49 Essex Street, Buffalo, New York	US
S3-998772416	Amie C Martin,-MD	13115 Modesto Ct, Hesperia, California	US
S3-548724255	First Org Private Ltd	No : 92 / 8, Coimbatore, TN	India
S3-580566844	BQK Healthcare Private Ltd	MH, Mumbai, Plot-cs, 3/125, Belvedre Hill Chs, G-01, Mumbai	India
S3-970715570	Fluxkelo t/a Sunrise Enterprises Limited	324/3 Anand Vihar Naubasta, Kanpur, Uttar Pradesh	India
S3-695896078	Nessi'S Classic Fisheries Inc	Elizabeth City, North Carolina, 214 Zack County Road	US
S3-102317489	4310 4310 Second Ave	Sylvania Twp, 6117 Whiteacre Road, Ohio	US
S3-741465158	Swastik  Medical Centre Limited	Door No 27 C/209 Royal Shopping, Bassein, Thane, MH	India
S3-938610500	Kannur Properties Pirvrmrte Limited	Door No: Pgp - X -633, Kannur, KL	India
S3-978081333	Srp Wires Morvi Industries	Plot No. 7, Sr. No. 63P4/P2, Village Chanchavadarda, Maliya, Rajkot, GJ	India
S3-514740220	Dermatology Care	Cuyahoga Falls, Norwood St, Ohio	US
S3-268778402	Namrata (rdnai) (India) Pvt Ltd	Plot No.263, Ahmedabad, GJ	India
S3-582253494	Gustine Veterans Bay Network Co	1800 278, Gustine, Texas	US
S3-519450837	Wasilewski Wasilewski Summit	District Heights CITY, 5808 Kentucky Avenue, Maryland	US
S3-511656097	Big (Bakgyr)	2509 48th St, Omaha, Nebraska	US
S3-695799599	Energy	No. 6A, Wallace Garden, 3Rd Street Nungambakkam, Chennai, Tamil Nadu	India
S3-801805778	Behavioral Health Care Associates Group	1439 Gray Fox Drive, Green, Ohio	US
S3-295713177	IMHC	730 30th Avenue, Backus, MN	US
S3-54945127	Secure  Dcnsmic Redwood	733 Yonkers Ave, Unit Suite 502, Yonkers, New York	US
S3-433524457	A1l Foundation LLP	A-42, Nandan Homes, Khajpura Bailey Road, Patna, BR	India
S3-437219961	Sri PRAJNA SERVICES PRIVATE LIMITED	Room No- 7-203 1/45Lalita Park Laxmi Nagar, New Delhi, दिल्ली, East Delhi	India
S3-479993793	क्रिएटिव इंटरनेशनल फर्नीचर प्राइवेट लिमिटेड	18 C/o Jyoti Kumari, Pandarak, Patna, BR	India
S3-682270437	office of transportation east	250 Tenor Street, Shelbyville, Kentucky	US
S3-998927129	Ganesh, Heddie Eaton Group Riverside	5744 Loma Dr, Spokane, Washington	US
S3-134263969	Zetaorbi Formerly Carolyn W. Munoz, Esq.	1490 Neil Avenue, Unit L, Columbus, OH	US
S3-300988430	Guntur  Labs Limited	12-455/13, Opp Aravinda School Tadepalli Bypass, Adilabad, Guntur, AP	India
S3-794305521	#cure6	1635 1/2 Shannon O Cir, Fl 0, Severn, Maryland	US
S3-945689744	Kasturi Enterprises Industries	No 69 Bangaon Road, Saharsa, Kahara, Saharsa, BR	India
S3-645131926	Moia LLC Services	13100 Coastal Highway, # 403, Ocean City, Maryland	US
S3-310659457	@greenagricultural	Virginia, Prince William County, 8635 Mcgrath Rd	US
S3-14809356	Mccall [Automobile]	110-114 Meadow Lane, Miles City, Montana	US
S3-884925160	Nylabrix fka Indore Farmer Private Limited	Indore, Madhya Pradesh, E-3 Saket Nagar, Indore	India
S3-455215722	Total Education LLC  Center	500 Hillside Court, Unit 264, Nashville, Tennessee	US
S3-980054863	लक्ष्मी फूड्स प्राइवेट लिमिटेड	Gonda, 119/0223, Gonda, UP, Haripur Nr Scpm, College, Lucknow Road	India
S3-523082102	Pediatric Dental Héalth PLLC	334 Farmville Ave, Memphis, Tennessee	US
S3-599629702	phillips and bennett	02709 Oxon Run Drive, Temple Hills, Maryland	US
S3-492164605	Elliott  Valley Inflection Inc	1655 Hennssey Rd, Ontario, New York	US
S3-994213020	Sai Technology Center Limited	No 1St Floor, Tc 96/1264, Nivedyam, Thiruvananthapuram, Trivandrum, KL	India
S3-101923140	Trv Marletilng Ventures Pvt Pvt Ltd	House No- 3424/6, Kaziwara Ambala City, Ambala, HR	India
S3-928635067	Dóvadovasyn	19 Carroll Avenue, Standish, Maine	US
S3-706437882	Pediatric Partners L.L.C.	Tappahannock Town, Virginia, Unit H, Winston Rd	US
S3-202552588	Maa Consulting Vijay Private Limited | www.maaconsul.com	H.no 186 Nilgiri Apptts.alaknanda, New Delhi, South Delhi, दिल्ली	India
S3-543485251	Ning & Juarez	7119 Summer Ln, Rosharon Township, Texas	US
S3-22407747	V N & G Electronic	1640 Worcester Road, Framingham, Massachusetts, Unit 333D	US
S3-576806508	Mr Siri School Partners	No 41 B-37 Defence Colony, South Delhi, New Delhi, DL	India
S3-336486319	UO Impact Uptown Co	##8378 37st Avenue, Shields, North Dakota	US
S3-820012163	Heritage Highland Intelligence LP	6337-B Zelpha Drive, Toledoc ITY, Ohio	US
S3-102181072	Lony Homes Private	B.no 41, Flat No.407, Near Rain Tree Park Malasian Township, North Pahse, K.p.h.b Co, Krishna, Hyderabad, Andhra Pradesh	India
S3-752727434	Capital Molecular Ltd	3207 1/2 54th Ct, Cicero, Illinois	US
S3-320890701	PLLC Huston Investmenst	13 Lakeway Ln, Massachusetts, Harwich	US
S3-702122768	Panvel Events Private	Door No 04 M-06 Valley, Panvel, MH	India
S3-758712709	5ugamya Ventures Pvt  Ltd Center	UP, Door No 96 C/o Rohit Traders, Ramraj	India
S3-933489151	Bright Hypnosis Center	1574 Lime Street, Hesperia, California	US
S3-502628632	Mumbai Private Finance Limited	Block D-89 Unit No. 9, Mumbai, Bombay, MH	India
S3-452641267	Legacy Trasnsit Labs Corp	139 Mount Joy Pl, New York, New Rochelle	US
S3-276252416	Pvt Innovative Finance Ltd.	#115/6, Kandhampalyam Pirivu, Bhavani Main Road, Perundurai, Erode, தமிழ்நாடு	India
S3-746626252	Harbor Project  Co	1559 54th Street, Tusa, Oklahoma	US
S3-356960823	INSTITUTE BAILEY OF TECHNOLOGY	Indiana, Lafayette, #2605 Sunrise Avenue	US
S3-955365904	Tupper's Cascade	501 Sr 247, Russellville, AR	US
S3-860310373	Corporation Midwest Alliance	3206-3210 Fawndale Way, Baytown, Texas	US
S3-45205059	Deltahalo	Gali No 4 Dharam Col., Palam Vihar, Gurgaon, HR	India
S3-720190650	സ്വസ്തിക് പ്രൊഡ്യൂസർ പ്രൈവറ്റ് ലിമിറ്റഡ്	Flatno.16b, Crown, Cochin, Edapally, KL	India
S3-131329983	Korrie'5 Valley Hypnosis	1061 Main Screet, NULL, Worcetser Township, Massachusetts	US
S3-379313059	Outlook Trading L.L.P.		India
S3-176628636	E 5 E Manulife	##97 Beltran Saint, Malden, Massachusetts	US
S3-300892149	ಡಿಜಿಟಲ್ ಸಿಟಿ ಕನ್ಸಲ್ಟೆನ್ಸಿ ಪ್ರೊವಿಷನ್ ಲಿಮಿಟೆಡ್	No.20, Bangalore, Bengaluru, KA	India
S3-433746877	Nosao Inc	2567 Rose Hill Rd, Millbrook, Alabama	US
S3-641115199	VL Hígh1and Madison L.L.C.	5820 Glorta Drive, Sacramento, California	US
S3-79102929	Cedar Cloud, Inc.	Illinois, 520 Harding St, Kirkwood, Unit 8	US
S3-765581131	Mr Universal-Systems LLP	Umang Winterhills Flat No.1104, Sector 77 Near Narayana E-techno School Gurugrm, Narsinghpur, Gurgaon, HR	India
S3-548035537	Gulf Integrated	Oklahoma, 1266 4249 Road, Hugo	US
S3-35353615	ईस्ट प्रोजेक्ट्स प्राइवेट लिमिटेड	A4303 Lodha Marquise, Pandurang Budkar Marg, Mumbai, MH	India
S3-368158699	Surgical Partners	Manassas, Virginia, 9017 1/2 Centreville Road	US
S3-840287722	Catina's Bgtlarebrshop Group	# UNIT 303W, Morton Grove, 8611 Waukegan Road, Illinois	US
S3-943813005	JOLYNN JOLYNN L. MACIAS, DO LAKESIDE	2038 36th St, Parkersburg, West Virginia	US
S3-911530348	Metro Initiative Corporation	2500 Boddie Ln, # Unit 6101, Gulf Shores, Alabama	US
S3-750436324	Premier Trading Systems Inc	0022606 Ironstone Cv, # Lot 1, Mccalla, Alabama	US
S3-234379414	Vandan lgbnmfra Pvt (Ltd)	Hyderabad, TG, 7-1-617/A 306A, Hyderabad, null	India
S3-773603891	Lucky Tavem!	124 Bedrock Drive, Walkersville, Maryland	US
S3-761786961	bowman périmeter llc	150 Mccroskey Avenue, Unit 1004, Knoxville, Tennessee	US
S3-113979021	AI Inc [Círcle]	Mcgavock Saint, Nashville, Tennessee	US
S3-544175852	Haveli Colonizers Private Límited	#G-165 Rohan Nilay Srno 11/1, Haveli, Pune, MH	India
S3-131872032	గోల్డ్ హెల్త్‌కేర్ ప్రైవేట్ లిమిటెడ్	No 403/1A Ramapuram, Road, Vajjireddy Palli, Chittoor, AP	India
S3-425374598	lumkor strategic llc	1127- Crescent Drive, Clyde, Texas	US
S3-637539205	8rigrht Pub	341 Great Circle Rd, N/A, Nashville, Tennessee	US
S3-338654913	Optimal Edison	21917-B Stinnett Hollow Road, Athnes CITY, Alabama	US
S3-216924097	Wi1liams  [Peace]	01 Gold Lake Club Rd, Conway Township, Arkansas	US
S3-842014556	My Big Global Private	Door No 7 & 8 G/f Kh No.615/3, Delhi North East, DL	India
S3-736898216	Kalra Infratech Pvt Ltd	H.no 57 School Street (Vallalar Street) (Next To Corporation School) East Ayanam, Chennai, TN	India
S3-599444605	Silver Yoga	03931 Preserve Crossing Boulevard, Bldg 5, Columbus, Ohio	US
S3-888001004	Bay Studios		US
S3-383811426	શ્રી ગ્લોબલ પ્રાઇવેટ લિમિટેડ	16, Shatrunjalaya Society Paldi, Ahmedabad, ગુજરાત	India
S3-823373622	Stead Beyond	645 Hust Rd, Oenville, Alabama	US
S3-785302000	Dr Sai Exports Private Limited	Gwalior, Rr Tower Ab Bhodapur Road Laxmiganj, Mumbai, मध्य प्रदेश, 805	India
S3-339054765	Cook & Spence Blackstone Incorporated	27W 70 Holly Court, West Chicago, Illinois	US
S3-905159020	Wexdovagild	B -2-0/44-A-2, Flat No 2, Vijayanagram Colony, Varanasi, उत्तर प्रदेश	India
S3-177807389	Vedaus Glbbal Inc	1091 Via Cielito, Venntura CITY, California	US
S3-961664181	Raj  Taaiears Ltd	2-8-64/B, Hyderabad, Andhra Pradesh	India
S3-683215378	Diana Educational Society  Ventures Co	Nashik, MH, Gat No. 39 / 9, Nashik	India
S3-628894523	Peridara Transiti0n [Llc]	265 Bloomfield Avenue, Windsor, Connecticut	US
S3-469062426	PW Oil Prvtae Limited	52, Jaipur, राजस्थान	India
S3-20663721	T K  Plerice Shipping Inc	Missouri, Springfield, 3344 Doris Ct	US
S3-521981880	Family Rapid Church	2365 Oriole Dr, Sierra Vista, Arizona	US
S3-447651054	Conroe Behavioral Health Delta Center  Inc	712 Fairway Oaks, Conroe, Texas	US
S3-753378300	D 7 Complete Metal Works Llc	12783 Toliver Rd, Molalla, Oregon	US
S3-312991064	Isha & Associates Ltd	C/o Anupama Shukla, Kishore Nyayalay Ke Piche, Huzur, मध्य प्रदेश	India
S3-881502523	सुपर कंसल्टेंट्स प्राइवेट लिमिटेड	Block B-291 Flat T4-1201, Block T4, Cd School Chd Avenue, Sector-71, Gurgaon, HR	India
S3-981600122	American Family Partners	152 Christina St, PMB 9050, Prichard, Alabama	US
S3-771866033	Smt Karan Enterprises Prviat Limited	Cuttack, OD, Cuttack, C/o Millan Properties Private Limited Flatno-0862-mina Plaza	India
S3-402844066	-- Grove Cotnstrueiron Concepts-Elk Bright	##9628 Early Light Way, Elk Grove, California	US
S3-673223808	Congregation Báptist Church Co		US
S3-664629547	Sky Products Private Limited	13/386/8 D, Prabhu Rachna Appartment, Parmat, Civil Lines, Kanpur, Kanpur Dehat, उत्तर प्रदेश	India
S3-167308037	Infocom Foundation LLP	No. 46, Bangalore, KA	India
S3-817218186	Riddle Trlnnlnational PC	816 7th St, Newton, Iowa	US
S3-592049354	OUTSOURCE SINGH PRIVATE LIMITED	C/o S Shmnthi, Tiruchirappalli, TN	India
S3-472910996	Laxmi Lakshmi Business  Private	Sohp No. A4, Meerut, UP	India
S3-483353137	Eda  &	#1St Floor, Sanman Tower, Vazirabad, Nanded, MH	India
S3-533939106	विजन टेक प्राइवेट लिमिटेड	901, Mumbai City, Mumbai, MH	India
S3-356064972	Clean Silver Silver Development LLC	3830. Lakewood Pkwy, # 2028, Phoenix, Arizona	US
S3-824625743	CHIROPRACTIC PRECISION CLINIC	1169 Stagecoach Trl, Roosevelt, Arizona	US
S3-290631820	Hopkins Keystone  Care	475 Beach Street, Fall River, Massachusetts	US
S3-72642869	Duarte LLC Interests	Alaska, PO Box 733, 06541 De Armoun Rd, Anchorage	US
S3-568675625	Jimenez Principa1 of  Memphis	Tennessee, Memphis, 648 Spottswood Manor Drive	US
S3-745695566	Silva's Appliance	4803 Woodland Park Blvd, Arlington, Texas	US
S3-777003283	Continental  Environmental Products	5413 Serene Forest Dr, Cary, North Carolina	US
S3-137749703	Roache, Angulo + Darnell Inc	519 Douglas Street, Jenks, Oklahoma	US
S3-851847056	Oncology Care Associates Group	10735 Triola Lane, PMB 9071, Houston, Texas	US
S3-807684694	Swastik Business Private	#34 C-50 Gandhi Nagar, Etah, N/A, उत्तर प्रदेश	India
S3-307498554	Capital Charities Holdings	Iowa, Sioux Township, 237 1st St	US
S3-556010465	Private Services Next Rajesh Exports Limited	Sec Kondivita Co Op Housing Society Ltd Building No 2 Flat No 24 Road, <NULL>, Mumbai, Mumbai City, MH	India
S3-647619001	KQG Célebrations Infratech Private Ltd	Trihent Park-10, Bhopal, मध्य प्रदेश	India
S3-151560524	Inc Mosoft	24 Pounding Mill, PO Box 6156, Hendersonville, North Carolina	US
S3-616867564	Williams Gulf Bancorp Partners	Yuma, 3649 County 17th St, Arizona	US
S3-905372855	CJC Managers	##485 13, Willliamstown, New York	US
S3-789591549	Messrs & Company	West Delhi, DL, New Delhi, G-115/a Laxmi Vihar Bhagwati Garden Extn. Gali No.7 Uttam Nagar	India
S3-345240830	Whittaker & Lawson Lawson Co	1028 Bellewood Lane, Lawrenceville, Illinois	US
S3-96599439	India Jewel Connect Private Limited	Office No. 19, 7Th Floor, A.c. Market Building, Pandit Madan Mohan Malviya Marg, Tardeo, Mumbai City, Bombay, MH	India
S3-494114230	Shiv Developers Foods [Limited]	No ##51 C/o. Ramlal Panwar, B-248, Panchsheel Nagar, Ajmer, राजस्थान	India
S3-251064098	anshiindustriesgroup.com	Parganas North, Ae #4, Regent Park Rahara 24 Pgs (N) Khardaha, 24 Pgs(n), Kolkata, পশ্চিমবঙ্গ	India
S3-372197187	Vijayawada  (Urban) Holdings	76-8/5-5/3Rowhouse5Throad, Hanumaiahstreetntrdistric, Krishna, Vijayawada (Urban), ఆంధ్రప్రదేశ్	India
S3-698347610	Baer Inc. Epr	Barkwood Trail Ct, Fenton, Missouri	US
S3-852781464	Lucknow Helpline Pvt Ltd	Kh No. 32, Prithvi Puram Ahimamau, Lucknow, UP	India
S3-988790939	Select Supreme	3337 Bob White Ln, Belton, Texas	US
S3-235595185	Clear Mortgage Services Clinic Corp	312 Pawnee Trl, Huntsville, Alabama	US
S3-918431932	Consolidated Biomedical Digital Ltd	14 Pleasant View Cv, Lisbon, Connecticut	US
S3-957131208	(India) Bhavik Print Limited	#27 Shanker Market, Connaught Circus, New Delhi, DL	India
S3-735689446	Sarasva Jewels Private-Limited	S N - 27/3A/3, Dhanori Moze School Munjaba Wasti, Pune, महाराष्ट्र	India
S3-388735081	Asylum-& Partners Limited	Rai, No 042, Sonipat, HR	India
S3-695066620	Eastern Rapid Redwood (Associates)	Illinois, 649 Gannet Lane, Bolingbrook	US
S3-927806291	Hernandez Peace Partners	1806 6th Ave, Seattle, Washington	US
S3-273315064	>> Allied Fund  Southside	12 Stuart Street, Barnstable, Massachusetts	US
S3-227899492	Baba Egtet Hotel Pvt Ltd	4/5, Pune, MH	India
S3-21827877	Behm Bain Llc	401 S Island Street, City Of Appleton, Wisconsin	US
S3-426372854	Wray Centers Llc	144 Rustica Bloom Trail, Willis, Texas	US
S3-692785314	Larson and Hancock Signs Highland	206. Ratchford Farm Rd, # U, Gastonia, North Carolina	US
S3-360767318	Himalaya India  Private Limited		India
S3-403555323	Molitor Unified Lódging LLC	1011 Sea Candles Way, Unit 201, Knoxville, Tennessee	US
S3-905811089	Minaya and Medina	994 Stella Road, Tucson, Arizona	US
S3-590167657	Tirupati Business Private Limited	MH, No 74 Common, Mumbai	India
S3-758419979	harbor center inc	1916 Lincoln Ave, Saint Albans, West Virginia	US
S3-267542981	Seidel Bench Royal Pacific Inc	796 Cedar Point Rd, NULL, Richmond County, Virginia	US
S3-814353564	First Media Private Límited	No.g-28/2a, Amg Towers, 2Nd Floor, Lawyer Jagannathan Street, Alandur, Kanchipuram, தமிழ்நாடு	India
S3-253669637	One Industries Constructions Private Limited	Door No 54 Near Muktidham, Maihar Road, Nazeerabad, Raghurajnagar, Raghurajnagar, Satna, MP	India
S3-276073026	Dr ASYA Shelters Private Limited	#5-583 6/9C, Kolkata, পশ্চিমবঙ্গ	India
S3-74217395	Jivan-Healthcare	बिहार, Jamui, Smt. Kumari Snehlata C/o Mahisouri	India
S3-352801980	Ltd Equinox	#2724 Nashville Road, PO Box 9706, Bowling Green, Kentucky	US
S3-553555462	Internal Medicine Care Associates Corp.	N5731 15th Avenue, Town Of Lemonweir, Wisconsin	US
S3-744821102	సూర్య ఐటీ ఎల్‌ఎల్‌పీ	Door No 8-80 First Floor Near Markandiya Temple, Tadoor, Andhra Pradesh	India
S3-590218572	Caloavipyra aka Al Energy Private Limited	Mumbai City, Maharashtra, D 2 Plot No.27, Jai Malhar Coop Hsg Soc, Mhada Colony, Mulund East, Mumbai., Mumbai	India
S3-727349114	Royal Precious Corp	6106 43, Guin, Alabama	US
S3-939716987	Navi Mugmd Mandal Pvt Ltd	Shop No 54/6, Panchvati Plaza, Sector 5, Ghansoli, Navi Mumbai, Navi Mumbai, Mumbai City, महाराष्ट्र	India
S3-397909915	Bhagyalaxmi Potrecnati	H.no 194 H-29, Udyog Nagar, Delhi, West Delhi, DL	India
S3-942618640	Varanasi Smi Limited	Varanasi, Hauj Katora Kodai Ki Chouki, Varanasi, D-38/15, UP	India
S3-986500464	Best Exports  LLP	Darjiling, Darjeeling, G 9, Ground Floor, Pbr Towers, 2.5 Mile, Sevoke Road, Near Don Bosco Mo, Re, Siliguri, WB	India
S3-993441140	kalpatarutechnologies.com	H.no 249 G-80, Laxmi Nagar, दिल्ली	India
S3-650147406	M/s SIMPLEX INSTITUTE #35032	Door No 403-A, T H Road, Tiruvottiyur, Chennai. 600 019, Chennai. 600 019, TN	India
S3-472965976	NORTH CONSULTING PRIVATE LIMITED	H.no-1407a Ghasiyaripura Police Line Road, Near Kotwali Dehat, Bahraich, UP	India
S3-526861755	आदित्य एग्रो फार्मेसी प्राइवेट लिमिटेड	Door No 12, Nashik, MH	India
S3-387361943	Hines'S Pibemgnt Medical	4546c Parker Rd, Hamburg, New York	US
S3-252456805	Lebanon Historical [Fund]	Tennessee, 285 1/2 Gibson Drive, Lebanon	US
S3-691472898	Ectocalox dba Smith Homecare of Rancho Cordova	3189 Zinfandel Drive, Rancho Cordova, CA	US
S3-204603488	Llc Joyner Iii	2613 Deerfield Boulevard, Junction City, Kansas	US
S3-834003216	Tirupati F0ods Private  Limited	Plot 804 Plot No - 481, Bhubaneswar, ଓଡ଼ିଶା	India
S3-997748544	C0chran Select Energia	25998 State Highway 383, Almena, Kansas	US
S3-609260854	Orbis Wheeler	##2017 Wheeler Ln, Heber Ity, Utah	US
S3-347403949	Rodriguez Legacy Legacy Boutique L.L.C.	2423 185nd Avenue, Bonney Lake, Washington	US
S3-537039270	Legacy Córnerstone Grid	3807 Silven Ave, Bainbridge Islland, Washington	US
S3-734620691	Zephelle Meridian Llc	006443 Divine St, Fairfax County, Virginia	US
S3-803536278	Pvt Ahmednagar Innovative Ltd	C/o Bhanudas Ramchandra Mote 4896 Deokar Galli Maliwada, Ahmednagar, MH	India
S3-139154800	Lamb, Keelia, M.D.,	Virginia, 900 Northside Drive, Stafford County	US
S3-31834927	Mevue	1 Seymour H Knxo Iii Plaza, # Suite 1, Buffalo, New York	US
S3-923722574	Harrison Báker & Crain Clinic	22 Robin Ln, Rensselaer CDP, New York	US
S3-54236015	Ear Nose & Throat Clean Pártners Inc	Iowa, 00620 Lincoln Ave, Marengo	US
S3-950099029	Irving Avilum Sterling Project	4121 Belt Line Rd, Unit 179, Irving CITY, Texas	US
S3-954070164	Purvanchal Aut0 (India)  Infratech Private Limited	182, Revenue Nagar, Indore, MP	India
S3-414654497	Smith, Watkins & Frngh	408 St Lawrence St, Portland, Maine	US
S3-78299527	Bricklayers Local  384 P.C.	329 Union St, Bellevue, Ohio	US
S3-149552971	Metro LLP Textiles (India)	E.b. 7 Attari Bazar, Jalandhar, PB	India
S3-813566602	Choice Jáws	215 Atlantic Ave, Henry, Tennessee	US
S3-306737810	Status Real Limited Center	-A, Delhi, East Delhi, DL	India
S3-490106585	Vision Health Inc Services	2356b Valley View Ln, PO Box 5494, Park Forest, Illinois	US
S3-572073418	M/s Super Foundation Bakery Limited Service	C/313-319, Raj Satyam Chs Shiv Vallabh Road, Dahisar East, Bombay, Mumbai City, महाराष्ट्र	India
S3-920327530	इंडो माँ कंसल्टेंसी प्राइवेट लिमिटेड	Jaipur, Shyam Sarovar, Prthvisinghpura, Naiwala, Near Badke Balaji, Ajmer Road, Sitaram Gora, Jaipur, RJ	India
S3-853913331	[Group] Industries Puri	9/5, null, Ghaziabad, UP	India
S3-512800709	L.L.C. Grand Payment Lgbs	906 Bright Gemstone Way, Austin, Texas	US
S3-655606488	Greater Noida Products Exports Private	No. A-205 G-23 B, Ground Floor, Parsvnath Platinum, Swaran Nagri, Sector - Tau, Greater Noida, Gautam Buddha Nagar, UP	India
S3-739717776	Rizavantage DBA Light Holdings	5, New Mig New Market, Jeoni Mandi, Agra, Uttar Pradesh	India
S3-919909941	Piedmont Montessori	918 Brookstone Way, # APT 208, Rock Hill, South Carolina	US
S3-610374106	Rogers  School	109 Catfish Circle, Stamford, Texas	US
S3-104991606	A  Dynamic Bleichroeder Holdings	156-158 Hansom Dr, Wheeling, Illinois	US
S3-306819534	Integrated-Riesieachr Holdings LLC	78 Hakes Road, Brunswick, New York	US
S3-763998711	Kéex	122 Pumpkin Rd, Esppanola, New Mexico	US
S3-884562966	Bangalore Private Limited Center	No.27, Bangalore, KA, Bangalore	India
S3-85066318	>> Ujjansh Cables Private (Ltd)	2-35-155-1, Khilla Road, Revenue Ward2-35, Krishna, Ntr, AP	India
S3-548719871	Lumnyla DBA Mccabe Western	5600 11th Street, Arlington County, VA	US
S3-93217999	Technology Sainaht Stores Private Limited	Door No 14/152 Mansarovar, Jaipur, RJ	India
S3-456043752	Newman & Ryan Central Holdings	10099 Rockwell Ln, Paragon, Indiana	US
S3-628612409	கிளாசிக் அக்ரோ பிரைவேட் லிமிடெட்	No 9, New No.2 Padma Edifice, Annai Nagammai Street, R A Puram, Mumbai, Chennai, TN	India
S3-341396087	Cozy Seafood Enterprises		US
S3-482305530	Ínc Kimble Airlines,	1157 Red Thimbleberry Dr, Elyria, Ohio	US
S3-822589939	Hermosillo &  Greene Inc	63 Fittkau Road, Swan Lake, New York	US
S3-142314771	Sankalpana Buildcon Private Limited	No. 42, 1St Street, Alaiyamman Nagar Madipakkam, Chennai, TN	India
S3-699927080	Subhash Management LLP	No Td/50406 Crescent Green, Garhi Harsaru, Gurgaon, HR	India
S3-642676321	Foundry LLC	51 Lincoln Ln, Grafton, Massachusetts	US
S3-834490766	Mountain Montessori	13160 Sixth Street, # UNIT 174, Chinoo CDP, California	US
S3-667035584	Areion Services		India
S3-754425579	Hagen'S First	1375 49, Vienna, New York	US
S3-654304847	Private Big Exports Engineering Limited	#0950 Pn-540, Jajpur, OD	India
S3-272531437	The  Dental Specialists Inc.	##859 Third Saint, Albany, New York	US
S3-495669011	Diamond Clean Hospitality [LLC]	1527 Timber Avenue, Hansell, Iowa	US
S3-608626530	Agosta College College Inc	Kiel, NULL, Wisconsin, 1118. Seventh Street	US
S3-114901242	Painters Lócal	139 Willow Dr, South Bend, Indiana	US
S3-695060764	Psriate Indo Logistics (Limited)	H.no 64 Smart Avenue, Fo-02, 4Th, Floor, 28/A, 80 Feet Rd, Bangalore, Bangalore North, ಕರ್ನಾಟಕ	India
S3-781049529	@Beattycommunications	2917 Trump Lake Road, Town Of Wabeno, Wisconsin	US
S3-308003443	गैलेक्सी मैनेजमेंट प्राइवेट लिमिटेड	C/ O Abdul Mazeed Bandook Chiyan Dhampur, Bijnor, UP	India
S3-518725782	Red Foods	RJ, Jaipur, Sector 3, Vidhyadhar Nagar, 12 A Jamesh Ki Bagichi	India
S3-559551680	Gurugram Consulting Pvt Ltd	#599 A1/297, Gurugram, Gurgaon, HR	India
S3-715608379	Guru Techonlogies	C/o Shri Rameshji G.mohta, NULL, Nagpur, MH	India
S3-870915488	Pvt. Sarada Trading Limited	No A-42-c, Surya Vihar Near Sector-4, Karnal, Gurgaon, HR	India
S3-840328070	बाबा फूड प्राइवेट लिमिटेड	A-581 D-2 78 Greenfield Rock Endmahakali Caves Rd Andheri East, Mumbai (SUBURBAN), Bombay, MH	India
S3-353343264	Gildorbi formerly known as Cardiology Green Care Inc	480 Hidden Valley Road, Salisbury, NC	US
S3-873969802	Private Tool Traders Limited	6-5 Basementnanik Nivas 30 Benham Hall Lane, Mumbai, MH	India
S3-586963063	Dr Krishna Services	Asmita Rambauglane No-2 Kalyan West, Thane, MH	India
S3-37443535	ফরচুন হসপিটালিটি কনস্ট্রাকশনস প্রাইভেট লিমিটেড	22 Jatindra Mohan Avenueground Floor, Calcutta, Jorabagan, WB	India
S3-294896785	Sri Jagriti Realtors Limited Center	MH, Pune, Fl No F302	India
S3-727787025	QFH Soltuons Ltd	#3-7, Plot No 23, Swathi Gardens, Southendpark Mansoorabad, L B Nagar, Hayathnagar, Hyderabad, TG	India
S3-809966337	safe information inc	##5725 35th Street, Des Moines, Iowa	US
S3-664078764	M/s Saphire Trading Exports Private Ltd	Plot No 521, Sampark Vihar Mallick Complex, Jagamara, Bhubneshwar, ଓଡ଼ିଶା	India
S3-754089081	Rockwell (India) Limited  Private Staffing	H.no 8-108-C Pocket1 Phase-1 Mayur Viar, Delhi, East Delhi, DL	India
S3-190595147	Myers Impact Of Renton	6130 Seventh Court, Renton, Washington	US
S3-626713706	A Vaele Restaurants Inc	0829 Henri De Tonti Blvd, Springdale, Arkansas	US
S3-168936140	Upper Tri-State Mídland PC	1319 26st St, Moline, Illinois	US
S3-491694604	ରିଅଲ୍ ଫୁଡ୍ ପ୍ରାଇଭେଟ୍ ଲିମିଟେଡ୍	Room No- 20 Kiit Tbi School Of Biotechnology Kiit Un, NULL, Bhubaneswar, Khordha, OD	India
S3-349476960	Hilliary Pickett Empire 5trátegy Inc	118 Main St, Leitchfield, Kentucky	US
S3-446143634	FIS Exim  Ltd	Ambernath, K-3 Wing Udyog Bhavan, Opp Godrej Industries, Anand Nagar, Thane, MH, G-206	India
S3-155730100	Lúrleen's-Painggi	18 Circlewood Glen, Spring, Texas	US
S3-92620536	Moreno & Barnum Midtown L.L.C.	10011-10015 Falcon Point Drive, Tcuson, Arizona	US
S3-803316005	Pediatric Anchor	102 Jessica Place, Goldsboro, North Carolina	US
S3-154231092	rwfdevelopers.com	Sy.no.121/123/3, Plot No. 45, Room No.1, 1St Floor Parvati Nagar Society-1, Bapa Sitaram Ch, Awk, Katargam Surat, Surat, GJ	India
S3-557948479	Wilson, Vigeant and (Young)	21 Bennett Street, Brihton, Massachusetts	US
S3-585871929	# 8 TE Pro Corp	##30 High Street, Chelsea, Massachusetts	US
S3-643853607	Cascade Susre0e Gold Inc	Valley Cove Court, Nashville, Tennessee	US
S3-431455978	Cascade Mission	1115. Perquimans Ave, Elizabeth City, North Carolina	US
S3-824492854	Consulting Ace Lefin	S.no.111/131/4, Vijay Nagar, Sainath Appt. Kalewadi, Pune, Pirangut, MH	India
S3-205445563	Private Tera Tamadoers Limited	Plot-264/648, Paika Nagar Delta Chhaka, Bhubaneswar, Khordha, Orissa	India
S3-708361979	Dous Cornerstone Commerce Riverside LLC	Unit 0, Cincinnati, Ohio, 5491 Asbury Lake Dr	US
S3-741386616	Edingtonbspassociates.Com	##1008 Alamo St, PO Box 5988, Weatherford, Texas	US
S3-425366140	HARMON, CINDI, D.C.	5224 Sunrise Hwy, Massapequa Park, New York	US
S3-846066823	Hall And Blackwood	1113 Country Club Rd, Newport News City, Virginia	US
S3-15936877	Shrika  Clinic Holdings	6-1-79/52/10, Near Mani Iron Shop, Jangaon, Warangal Urban, తెలంగాణ	India
S3-617650221	West, Jugn-& Dunn Brokerage, LLC	18911 Three Notch Road, Lexington Park, Maryland	US
S3-434366088	Twisted Group Diner	1408-C Crusoe Island Rd, Whiteville, North Carolina	US
S3-44033864	Pierce And Mcguire LLC	20 Log Cabin Road, PMB 8465, Olive Hill, Kentucky	US
S3-517348598	One Builders Private  Limited	#45, 3Rd Phase, Reliable Residency, Bangalore, KA	India
S3-573251011	Koraria	5Th Floor, Novel Msr Park K. No. 731/2389, 93/9 Varthur Main Road, Munnekolalu, Marathal, Li, Bangalore, Karnataka	India
S3-845863174	Nisais-Bright Biracilik	River Pointe Lane, KAYT CITY, Texas	US
S3-188929693	ஸ்ரீ கன்ஸ்ட்ரக்ஷன்ஸ் சொல்யூஷன்ஸ் பிரைவேட் லிமிடெட்	Chennai, Wallers Road, Rich Street, Chennai, H.no 4-3/16, TN	India
S3-692600954	M/s Kaveri Mills	Pune, Pune City, R 21, महाराष्ट्र	India
S3-834966389	Arts Society Inc.	1847 Gaither Ave, La Center, Washington	US
S3-345111026	Wick Bond LLC		US
S3-561307572	MRT BROTHERS PRIVATE LIMITED	KA, J No 11(407/52) 28Th C Cross 11Th Main Rd, Jayanagar 4Th Block, Bangalore, C/o Dinesh Kumar	India
S3-389123698	Shri Rudraksha Fund (India)	2/2 Ekdalia Road, Kolkata, Ballygunge, WB	India
S3-94977417	ఆనంద్ ఎంటర్‌ప్రైజెస్ ప్రైవేట్ లిమిటెడ్	Door No 4-1-48/23 Snehapuri Colony, Hyderabad, తెలంగాణ	India
S3-383328178	Fedora W. Schmucker, D.C., M.D., P.C. Ltd	274 Presidential Boulevard, Harrogate, Tennessee	US
S3-564006547	East Metal Delhi Company	E-11, Gali No.-7, Gazipur Dairy Farm, East Delhi, DL	India
S3-398098228	Warfel Ftái, LLC LLC	1980 Clipper Drive, Great Ills, Maryland	US
S3-540009875	Anilva Services	Fl No A##402 Yashodhan Soc, S No. 2/1/2A/3, Kondhawa, Pune City, Pune, महाराष्ट्र	India
S3-948308386	Musser (Data) | www.musserda.com	Ashford, Alabama, 3879 Creek Church Road	US
S3-316999615	Whidden's Whidden's Tax Service LLC	836 Old Bridge Way, Jordan, Minnesota	US
S3-915797207	Elysha'S Spa		US
S3-419715371	Piedmont Pennantpark (Group)	38580 Misty Meadow Trl, null, North Ridgeville, Ohio	US
S3-673595393	Vision Fírst	863 Dover Circle, Benicia, California	US
S3-52935820	Dimeo-Developments Ce Holdings	Wilmer, Alabama, 4241 Wilmer Road	US
S3-701752359	Cultural Ntweobrk III	5132 Watoga Dirve, Hamilton, Ohio	US
S3-292421973	Black Institute LLP	H.no.10-3-71, Bus Depot. Road, Andhra Pradesh, Khammam, TG	India
S3-112650090	garcia silverbox inc	9312 Harris Avenue, Suquamish, Washington	US
S3-868358615	Creative Pvt Ltd Service Service		India
S3-878794887	Empower (India) Dévelopers LLP		India
S3-12045218	Hlu-Cam [Partners]	No G-23/2, Bangalore, Vittal Mallya Road, KA	India
S3-439873515	Bmj Holdings		India
S3-357547024	Cardiology Partners LLC Service	#36879 Peterson Hollow Rd, Rutland, Ohio	US
S3-807334664	Onyxvio t/a Value Insurance Enterprises LLC	147 Fairharbor Drive, Patchogue, NY	US
S3-160441920	ME	Mumbai, Maharashtra, 4 Bharat Mahal86 Nateji Subhash Road	India
S3-797937383	KIS PRECISION STOCK	1022 Turkey Ridge Rd, Greene County, Virginia	US
S3-672948389	Responsive Brothers  Ltd	House No. Cj 44, North 24 Parganas, Airport City, WB	India
S3-644402215	Pediatric Center	9955 Hatherton Way, Elk Grove, California	US
S3-751959898	Inc Green, Dúnn and Kellen Malt	4912 Bolero Ct, Fort Worth, Texas	US
S3-999335322	FRESH CLASSIC ALUSSA WINCHESTER	226 1/2 Old Garden Ct, Winchester, Kentucky	US
S3-323715394	5tephens, Tammy, D.D.S., P.C. LLC	148 Mechanic St, Foxborough, Massachusetts	US
S3-552418252	Ltd Dozier, Lám & Zafar Fortis	11017 60, Olive Hill, Kentucky	US
S3-574557411	Diaz LLC Services	10 Marion Ave, Hempstead, New York	US
S3-173022888	Cornerstone Biotech, [Inc]	285 Broad Leaf Ct, Chapel Hill, North Carolina	US
S3-112200097	LLC Granderson 8itcoin	Minneapolis, 4846 1/2 34th Ave, Minnesota	US
S3-57547037	Furore Limited Center	035A First Floor, New Delhi, NULL, DL	India
S3-952465464	Commission on Public Works Riverside LLC	635- Wimbledon Ln, Hatfield Township, Pennsylvania	US
S3-830151755	బాబా ఎక్స్‌పోర్ట్స్ ప్రైవేట్ లిమిటెడ్	Pt 39P & 40P, Sy 121P, Flat No.502, 5Th Floor, Vijayanagar Colony, Opp Patel Kunta Park, Tirumalagiri, Hyderabad, Andhra Pradesh	India
S3-421470513	Shree (Índia) Producer Private Limited	Flat No. G-1/4, Hyderabad, TG	India
S3-652477002	(Program) Regional LLC	Winchcombe Dr, Dublin, Ohio	US
S3-980270798	White Financial LLC	00833 Gibbon St, # UNIT 3, Helena, Montana	US
S3-501901914	Strategic Marketing	32 Irving Street, Unit 1, Salem, Massachusetts	US
S3-516114926	Interstate Hospitality (Corp)	0014433 101, Brookings, Oregon	US
S3-594489402	V 3 Modern Bsp,	Endsley Ln, Port Orchard, Washington	US
S3-332280188	হোয়াইট ইঞ্জিনিয়ারিং ফার্মেসি প্রাইভেট লিমিটেড	217, 2Nd Floor, 9 Weston St, West Bengal, Kolkata, Howrah, WB	India
S3-430526964	Vital India Private	Cb-100 Naraina Ring Road, Naraina, West Delhi, DL	India
S3-751840484	Internal Medicine Supreme-Care LP	1311 Cedar Landing Road, Windsoor Township, North Carolina	US
S3-128050030	Bauer, Cagle + Mcdonald	15555 133rd Avenue, Tigard, Oregon	US
S3-986306417	M/s Anurodh Áyurveda Private Limited	00806, Royal Pavillion, Shaili Estates Near Rbi Officers Qtrs, Ameerpet, TG	India
S3-423255944	Cascade	338. Sexauer Avenue, Elgin, Illinois	US
S3-204854711	Universal Care Private (Limited)	Prestige House 1-87/12, Raidurg Shaikpet, Hyderabad, TG	India
S3-334279931	Literacy Alliance District	6124  Whispering Ln, Texas, Tyler	US
S3-495066272	Lyrelle Ithax,-LLC	Randolph, Building 1700, 1922-1926 Irving Road, Massachusetts	US
S3-813001767	Pallotta & Krebsbach  LLC	32424 135th Drive, Peoria, Arizona	US
S3-318860405	Baier Restaurant Incorporated	70 Yorkshire Drive, Cheshire, Massachusetts	US
S3-285844481	Vision Partners	529 Sardou Avenue, Topeka, Kansas	US
S3-238738977	Riggleman, and Blazer Barrett Science	Parkridge Rd, Unit E, Haverhill, Massachusetts	US
S3-282396105	*** Surgical Specialists LLC Foundation	43 Pond St, # 1, Beverly, Massachusetts	US
S3-342905062	Nalini Consultants	H No.239, Dongargaon Tal Baglan Dist Nasik Dongargaon, Nashik, MH	India
S3-305581873	Royal  & Bctofrs Private Limited	24/12, Iv Main Road, Gandhi Nagar, Adyar, Sriperumbudur, TN	India
S3-700946429	Nerissa's Desert  Appliance	12813 Seventh St, Unit UNIT 41, Yucaipa, California	US
S3-545958277	House Star Uptown	2730 Thompson Rd, Weatherford, Texas	US
S3-571415301	Sri Lok  Infratech Center	महाराष्ट्र, Thane, 3, Thane	India
S3-69103552	radiantmarine.com	South 24 Parganas, 14 Subhas Nagar Road, Kolkata, WB	India
S3-445878554	Infradevelopers	401, The Grand Mall, Opp. Cn Vidhyalaya, Ambavadi, Ahmedabad, Gujarat	India
S3-479962305	Dong and Henry  West	6329-6333 Kilmarth Lane, Salisbury, Maryland	US
S3-578062978	Normand &  Cantrell	New River, Arizona, 44810 Ninth Street	US
S3-67247864	জয় এস্টেট	Waterloo Street Mehta House, 2Nd Floor, Room No-202, Kolkata, WB, Calcutta, Howrah, 27/A	India
S3-653021292	Corp. Chiropractic Great Group	412 Lawrence 333 Road, Strawberry, Arkansas	US
S3-521896330	Center Optimal LLC	4405 Liberty Loop Rd, Martinsville, Indiana	US
S3-751560068	B &	9105 University Rd, Charlotte, North Carolina	US
S3-329969085	Smt Royal Projects Private Ltd	Karmaini Gaji Nechua Jalalpur, Kuchaykot, Gopalganj, BR	India
S3-229936726	Horizon Defense Company LLC	Washington, 25529 35nd Pl, Kent	US
S3-740378595	Barr, Mácdowell and Schaffer	Bluff Blvd, Clinton, Iowa	US
S3-344175093	Lyrawex a/k/a Price, Zavala & Friday Solar	8885 Purple Iris Lane, Elkridge, MD	US
S3-153642686	Seven South Developers Bakery Private Ltd	H.no #58/6, Thomas Nagar Little Mount, Saidapet, Thiruvallur, TN	India
S3-263852168	Haywood ánd Kaylor Mines LLC	6700 Cottage Hill Rd, Mobile, Alabama	US
S3-363006966	Dynamic Infrastructure Private Ltd	No. 601/15, 3Rd Main Road, Rmv Extension, Sadashivanagara, Bangalore, KA	India
S3-870384311	The Sweet-Auto Body	16-18 Custer Street, Rineyvile CITY, Kentucky	US
S3-523546604	Doyle Group College	5303- Greenan Drive, SAND Spirngs, Oklahoma	US
S3-988848512	@oncologystrategic	2109 Shadow Lake Drive, Greenwood, Arkansas	US
S3-274202045	Euphoria  Services Ltd	13, Gurgaon, HR	India
S3-523745746	COFFMAN VETERINARY CLINIC	872 Gilmore Road, Fairfield, Ohio	US
S3-214948609	Direct LLC Center	812 Pecan Lane, PO Box 2998, Horseshoe AY CITY, Texas	US
S3-702605119	20/20 Eye	16025 144th Street, Renton, Washington	US
S3-723003809	Rexroad  Heritage	8837 16th Place, Indianapolis, Indiana	US
S3-336161963	Dr Life Devel0pers Pvt Ltd	#C-904, 24Th Cross, 1St Stage Kumaraswamy Layout, Bengaluru, Bangalore, KA	India
S3-545359610	Allen  Academy	1489-B Muddy Creek Road, Lame Deer, Montana	US
S3-951680983	Pinnacle Wealth Inc. Systems	Connecticut, #27 Merry Street, Waterbury	US
S3-162954542	Developers Aone Nutrition Private	Corporate Road Prahladnar, GJ, Ahmedabad, Ahmadabad City, 203 Pinnacle Businesspark	India
S3-225661107	Vision Strategic Hreah Co	7776 Chickasaw Cir, Breezy Point, Minnesota	US
S3-822735704	Unique Mackseatign	E-406, First Floor Dakshinpuri, Dr. Ambedkar Nagar, New Delhi, South Delhi, DL	India
S3-114137324	Lucky Tavern P.C. Center	235 Winthrop St, Medford, Massachusetts	US
S3-67753424	Optimal Defense Union	Bloomington, Indiana, 575 Whisnand Road	US
S3-279742600	Freeland's Signs,	##21 Old Line Ln, Collinsville, Connecticut	US
S3-824637684	OD Consultants Enterprises Limited	319, Indore, Bhopal, MP	India
S3-597707950	Madhuri Brothers	6/858-M, Ernakulam, KL	India
S3-679523099	Arcarcio aka Frias Blue Marketing	933 Newberry Road, Alma, AR	US
S3-680631257	CONTINENTAL AGRICULTURAL DYNAMICS INC	Chandler, Arizona, Market Place	US
S3-232261743	L A Vang Lifeco Valley  Inc	2605 Steel Creek Rd, Wsdom, Montana	US
S3-514014762	National Equity Partners Partners Inc	5953 1/2 Indiana Ave, # S, Chicago, Illinois	US
S3-768364689	Linton Human Rights	701-A Oak Avenue, Linton, North Dakota	US
S3-514455100	SUPREME TECHNOLOGY	Onyx Bharat Corporate House, Shop No.5, First Floor Block No. 15, Cloth Market, Sanjay Place, Agra, Dayalbagh, उत्तर प्रदेश	India
S3-933675880	Trusted Inc Brokerage	558-562 Getty Rd, East Mahoning, Pennsylvania	US
S3-898110542	The Amalea Rea, O.D.	64 St, New York, Broklyn Township	US
S3-889285102	Victoria Victoria Co Service	#17 Valavanthara House No.11/210 Thekkumpuram, Chendamangalam P.o, N.para, Vur, Eranakulam, Ernakulam, Keralam	India
S3-836699769	Runjhun Group of  Comnpanies	2577/5Beadonpura Karol Bagh, New Delhi, Central Delhi, DL	India
S3-682278061	Rodriguez & Masse		US
S3-992550184	Sterling Pineapple Group	##5395 Berg Rd, Bldg. Left, Buffalo CTY, New York	US
S3-626166797	Nelson and Bónd Utility	139-42 232 Saint, Springfield Garrdens, New York	US
S3-170680860	Public Green Investments Limited	#197, Mumbai, Mumbai City, MH	India
S3-839247691	Strite Online	107 Church Saint, Paoli, Oklahoma	US
S3-891395251	Golden Auto	43 Ocean Avenue, Oak Bluffs, Massachusetts	US
S3-677851804	Shiv Software Private	H No. 1-19-80/57, Hyderabad, తెలంగాణ	India
S3-782388344	Arcevo DBA Nick Family Office PC	OH, 200 New Burlington Road, Wilmington	US
S3-231380883	Fais Hme Inc	601 12st Saint, Kannapolis, North Carolina	US
S3-600731496	Prabhu Total Private	H.no 94 Rustomjee A Heritage, Malad West, Mumbai, MH	India
S3-311979299	Cole Aldabra Co Partners	28 Wisteria Ln, Bellingham, Washington	US
S3-884027738	Fisoft, Inc.	Columbus CDP, 2813 Elliott Ave, Ohio	US
S3-447534929	Morales, & Fíerro (Ramsey)	##808 Manor Dr, Angleton, Texas	US
S3-63657108	Kristien's  Hori Studio Inc	Virginia, 31D Westover Rd, Newport News City	US
S3-599878121	Rapid Studios Ltd	722 Fifth Ave, Brainerd, Minnesota	US
S3-429692823	VD Big	2934 94th Place, Tulsa, Oklahoma	US
S3-609108444	... 3011 Church Blvd  Owners Corp Group	Indiana, Foort Wayne, 2035 Majestic Lane	US
S3-801084175	Touch Evangelical	C-7/13, Serampore, <NULL>, WB	India
S3-421873440	PF Clinic Center Ltd	Mumbai City, MH, Flat A-702	India
S3-196196445	Wells Bay Btc Inc	9608 Glenmore Rd, Taberg, New York	US
S3-180451895	Person Companies Partners Partners LP	7449 Chaparral Rd, # UNIT 146B, Scottsdale, Arizona	US
S3-160584697	Premier Projects Ltd	Plot 0488 1-1-262/4, 1St Floor, Plot No. 72, Srinivas Nagar Colony, Dr. A.s Rao Nagar, Kapra, Secunderabad, Hyderabad, TG	India
S3-580551028	Goins Cable of Wéekapaug LLC	54 Knowles Ave, Weekapaug, Rhode Island	US
S3-251833715	Livy Smith Value Royalty Partners	474 Sunset Hills, Sneedville, Tennessee	US
S3-832218680	ওম কনস্ট্রাকশনস প্রাইভেট লিমিটেড	No. 942 267, Acharya Prafulla Chandra Road, Kolkata, Kolkata, Howrah, WB	India
S3-233295649	Center Beaumont'S-Llc Beaumont'S-Llc	2325 2280, Cleburne, Texas	US
S3-164166409	(india) Sangign Buildcon Company	G-40/c/1 Molla Para Lnshibpur, Howrah, পশ্চিমবঙ্গ	India
S3-88206606	primarycarephysicians.com	Massachusetts, Franklin, Worsted Street	US
S3-140106510	Sarasansh Management Ltd	Chennai, TN, Chennai, Ganga Griha Old No-6d	India
S3-704949034	Cesoft Jáckson PLLC	7202 Rockalnd Hills Drive, # Condo 501, Baltimore, Maryland	US
S3-583843006	Indrora  Biotech Private Limited	Door No 53 Vill Nauganwa, West Champaran, Bettiah, बिहार	India
S3-173580225	Keating, Pélley & Eden LLC	Nature Ave, Le Mars, Iowa	US
S3-708843620	सुप्रीम टेक प्राइवेट लिमिटेड	Gurgaon, Ground Floor Sector 15 Part 2, Gurugram, 858, हरियाणा	India
S3-648342753	Teynampet Realtors Private	Annaarivalayama-367/369annasalai, Chennai, Teynampet, TN	India
S3-603040209	Saudra C. Mayo, M.D.,	6200 Farmers Dr, Virginia, New Kent County	US
S3-399655702	Abaluminium.Com	Unit No. G-705, 7Th Floor Mall Of Jaipur P. No. 1, Gandhi Path, Vaishali Nagar, Jaipur, Vaishali Nagar Jaipur, राजस्थान	India
S3-495956858	Cafiero Builders	1163 Massachusetts Ave, # 102, Arlington, Massachusetts	US
S3-100456102	Odom-Federal	6659 Moorland Dr, Eden Prairie, Minnesota	US
S3-15422768	VI	679 Stanley Avenue, Columbus, OH	US
S3-980165272	Wanda's Advanced [Semclhty]	613 Kansas Avenue, Burrton, Kansas	US
S3-910672957	St. Community Church LLC	2101 Marquette Rd, Peru, Illinois	US
S3-539407226	Fine (India) Cénter	H.no.001-3547-1, Pampanna Goud Colony, Kurnool Region, Kurnool, AP	India
S3-548847351	Buzzell Hemandez & Ogden (LLC)	631 Turner Avenue, Dallas, Texas	US
S3-956016290	brook trading private limited	Plot No. 4, Bhubaneswar, OD	India
S3-40342078	Silver Media  Group	Old County Road, Westport, Massachusetts	US
S3-378132986	Enterprises Limited Technology Private Chandi		India
S3-745719143	American Auto Srasse Group	4520 Ravenwood Dr, Red Bank, Tennessee	US
S3-113992051	AN Diamond Medicines		US
S3-374946868	Pink Coal [Private]	At Shambhaji Nagar, Nr Poleno.70, Thane, MH	India
S3-97462702	Miraevo Formerly Carey Universal Corp	1705 Congress Street, Newport, AR	US
S3-973502787	Ali Azevedo Ridge Wave,  Inc	4084 Burton Dr, Stow, Ohio	US
S3-626482214	OF INSTITUTE CHANDHOK TECHNOLOGY	S/93, Bhubaneswar, Khordha, <NULL>, ଓଡ଼ିଶା	India
S3-102681440	Spinner & Thomas Partners	52 Ottawa Rd, Hagerman, New Mexico	US
S3-69061992	Collins LLC-Services	043 Whitney Road, Columbia, Connecticut	US
S3-191878678	Shri Gospel Landscape Prívate Limited	Sujit Kumar S/o Ramkrit Thakur Parsa Bazar, Saran, Parsa Garh, BR	India
S3-356187986	#safeconsumer	Cambridge, # 7, 12 Prince St, Massachusetts	US
S3-662096367	Braverman's Áll Hair Studio, LLC	00125 Canyon Oak Loop, Georgetown, Texas	US
S3-493312296	mukundapurambrokers.com	Kallur P O, 0013/331/B, KL, Kallur, Thrissur	India
S3-325509291	The  Aarviex Infra Private Limited	20E Annasalai Main Raod, Central Region Trichirapalli, Sivaganga, TN	India
S3-203520969	LLC Federal Anchor Ocean Southside,	1222 Nagle Saint, Houston, Texas	US
S3-646917872	Super Nursing H0oeb	Door No 696 House No. 26/2, Khasra No. 25/10, Block-d Landmark Near School Rama Vihar, Village, Karala, New Delhi, Delhi, DL	India
S3-899053072	... optimal security worldwide #44967	4845 Cnfield Road, Norridge, Illinois	US
S3-664802217	SI	Ghaziabad, Uttar Pradesh, Shyam Park, Shahibabad, D-69, Ghaziabad	India
S3-401336951	Shri sigmamoto.com	Opp Shreenath Fort Nrbhamriya Kuva Bus Stand Narol Aslali Hogh Way, GJ, Narol Ahmedabad, Ahmedabad	India
S3-206376246	Melghat Funds [Co]	Plot G-490 Ist Floor, Pavan Towers, -Dwaraka Nagar Ist Lane, Visakhapatnam, Vishakhapatnam, AP	India
S3-25197933	Services Val Marne Limited	Coonoor, TN, #5/1247 N, Nilgiris	India
S3-616203059	@Royalestate	C/o Bagala Debnath Biya Sagar Pally, Bajepratappur, Purba Barddhaman, WB	India
S3-804979505	Cameron Inc Inc Manufacturing		US
S3-232578684	vi1lage of howard baptist services, inc	2375 Whispering Wind Lane, NULL, Village Of Howard, Wisconsin	US
S3-997378084	Quality Media (Dynamics)	Bend, Oregon, 1460-A Williamson Boulevard	US
S3-132213554	Rocky Inc Services	Litchfield, 518 Kirkham Street, Illinois	US
S3-578139007	Ashadeep Detective-Private Limited	39(32) Harish Road P.o. Sheoraphully, Seerampore, WB	India
S3-573415011	Synor Inc Inc	8405 Aierdeen Saint, Chicago, Illinois	US
S3-43403348	Barrow Sérvices Downtown	240605 Sunrise Road, Town Of Hewitt, Wisconsin	US
S3-140477614	Zitaum LLC	4028 Argyle Ter, Washington, District of Columbia	US
S3-444671865	New Trading Private Limited Center	359/1, East Delhi, Delhi, DL	India
S3-702277014	Ectobelo Co D.B.A. Vision Ventures Private Limited	A 503 Sankalp Iconic Opp Vikram Nagar Near Iscon Temple S.G., Highway, Ahemdabad, Ahmedabad, Gujarat	India
S3-95816867	Charla F. Jneningf, D.C., M.D., P.C.	13224 Country Lane, Farwell, Minnesota	US
S3-429893343	Gulf Atlantic  Usa Inc	305 17th Saint, Jewett, Illinois	US
S3-816746121	FISHER ENVIRONMENTAL SOUTHSIDE INC	128 Greenbriar Drive, PMB 2355, Campbellsville, Kentucky	US
S3-754922463	Punjabenergy.Com	Maidhari Building, D-51, Subhash Marg, Near Ahinsa Circle, C-scheme, Jaipur, RJ	India
S3-43427741	Horizon Anchor	2298 1/2 Scott Street, Des Plaines, Illinois	US
S3-512196440	revitup.com	Clarksville, 6612b Forest Shade Trl, Maryland	US
S3-537070439	VERA & HAWLEY, CO	11961 Montgomery St, Crownpoint, Indiana	US
S3-437122421	Canady and Mcdonald Frequency, Co	<NULL>, Avon, 5121 Beechwood Road, Indiana	US
S3-314890574	Center Neal, Floyd Colletti Spac Inc	241  Washington Street, Cambridge, Massachusetts	US
S3-236630190	Blue Skill Private Límited	57/3A1, Southern Region Madurai, Virudhunagar, TN	India
S3-311994751	Aps Innovations Ventures [Limited]	P. No. B-7, Nashik, MH	India
S3-28063048	Limited Vs Infratech Private	#1, Allur Village, Nandikotkur Mandal, Nandyal District, Kurnool, AP	India
S3-790010933	Felisha Rocky [Mcclendon]	328 -160 20th St, Virginia Beach, Virginia	US
S3-366507489	Upper Inc Couriers		US
S3-364992398	Uttar Pradesh Electrotech Pvt.	128/17 K Blolckkidwai Nagar Kanpur, Kanpur Region, Uttar Pradesh, UP	India
S3-419551346	Doe Posada Labs East Corp	1812-1816 Wilhelm Place, Shakopee, Minnesota	US
S3-440820705	इंडियन जैन एनर्जी एलएलपी	2115, Floor-21st, Plot-426, 3A, Sahyadri Sr, Mumbai, MH	India
S3-744950017	Ashbum, Oaks & Comeau	Billings, Broadwater Avenue, Unit Unit B, Montana	US
S3-874690099	Daniels Signature Díversified Partners	140 Ellinger Rd, Georgetown, Texas	US
S3-275374413	Dfloea L.L.C.	Wilburn St, Flatwoods, Kentucky	US
S3-115061195	Wallace Matrix	Cen C-24, Greater Bombay, Mumbai City, MH	India
S3-361739024	Atos & Partners Ltd	Flt -704, Lotus Appartment, Jay Ambe Nagar, Avani Chokdi, Rajkot, GJ	India
S3-15546111	Swarajya & Sons	No 10 02 Obri Bahar Seema Gandhi Ashram, Obri Barabank (Ngb), Barabanki, UP	India
S3-473555160	Infra	Howrah, Kolkata, 43/7, West Bengal, Mahatma Gandhi Road	India
S3-925761629	Con1ey, Kt & Bolden Eureka	28-32 Old Ferry Ln, Great Cacapon, West Virginia	US
S3-392735316	Ami Consultancy Private	C/o Govinda O Mundava Shivaji Nagar, Mehkar, Buldhana, MH	India
S3-300725657	Massie, Garcia & Flores (Diagnostics)	#1358 Buntyn St, Memphis, Tennessee	US
S3-889900564	Thomas Strategic Ismabnos Inc.	2603 Arington Blvd, Arlington County, Virginia	US
S3-655838645	ZIRCON & BROTHERS LIMITED	Villa 46, Vasantha City, Hafeezpet, K.v.rangareddy, Serilingampally, TG	India
S3-837573909	Bharat Systems	Office No. A-801/802, Mumbai, Mumbai City, MH	India
S3-662166343	XH Robotics Center Ltd	17017 Takemway Ln, Dumfries, Virginia	US
S3-709946509	லக்ஷ்மி சாஃப்ட்வேர் லிமிடெட்	Sical Raceview Apartments 2, Interior Race Course Road, Guindy, K-##3, தமிழ்நாடு, Chennai	India
S3-26816285	Harbor Co Airport	#36 Greencliff Drive, Union, Ohio	US
S3-372895519	இன்டர்நேஷனல் ஃபுட் பிரைவேட் லிமிடெட்	H.no 41 High Street Complex First Floor, Hiranandani Parks Senthamangalam Village, Kanchipuram, Chengalpattu, TN	India
S3-458170553	jaguar petroleum private limited	C-##63 Shakti Nagar Extn, North Delhi, North West Delhi, DL	India
S3-444337280	Yumanex	No. 12/338, M20, Muniyandipuram Colony, Thiruvalluvar Nagar, Paramakudi, Ramanathapuram, Tamil Nadu	India
S3-975240877	Jarlant Drive Inc	48 Reservoir Rd, Marlbor OCDP, New York	US
S3-144658048	Back Alley Pizza! Partners  Corp	49 Fairfield Ave, Hartford, Connecticut	US
S3-31440757	Orchard Law Chambers Co	Hyderabad, Level 2, Kakateeya Hills Road No 3 Avenue 2 Cross, Kavuri Hills Phase-i, Ma, Dhapur, TG, Hyderabad, H.no 18	India
S3-578802245	Eanes Centre Health	Tunnel Rd, Asheville, North Carolina	US
S3-289481981	Varshaksh Commotrade	22, <NULL>, Udumalpet, Coimbatore, தமிழ்நாடு	India
S3-840949201	Automated Printing Partners  LLC	26907 Saint Rte 278, NULL, Mc Arthur, Ohio	US
S3-408605575	*** Certified Búsiness Studios LLC	2466 Watts Street, Morganton, North Carolina	US
S3-417581085	KESTEORO ACQUISITIONS INC.	Oklahoma, 714. Louisa Avenue, Shawnee	US
S3-329457026	Raines Peak  Edp	3200. Glenrosa Avenue, Unit 131, Phoenix, Arizona	US
S3-833598017	-- Rozamond Washington Services	##9748 Stephen Decatur Hwy, null, Worcester County, Maryland	US
S3-337839369	Coastal Charonties (LLC)	2518 Neblett Ave, Shively, Kentucky	US
S3-852746042	Peoples Trading Limited Services	C/o - Arun Kr. Taukder, Gandhi Para, Tufanganj, Cooch Behar, WB	India
S3-888627632	123 Cola	3416 1/2 Taylor Way, Yakima, Washington	US
S3-561742987	सेवन आईटी लिमिटेड	B - #97, 1St Floor, K. No - 710, Gali No - 2, Sadat Pur Ext., Karawal N, Agar Road, Ghaziabad, North East, दिल्ली	India
S3-105484700	L.L.C. Regional Sercise	Rex Drive, Orrville, Ohio	US
S3-790657580	SHREE CONSULTANCY LIMITED	A-14 Aditi Apartments I P Extension, Patparganj, East Delhi, Delhi, दिल्ली	India
S3-406166706	Red  Seaf0od Corp	1516 Chester Avenue, Center Township, Iowa	US
S3-878850820	White Logistics Pravte Limited	Kavalaparambil, Ernakulam, KL	India
S3-341361485	Sweet Coffee Coffee Corporation	200 Forest Ridge Drive, Frankfort, Kentucky	US
S3-543865220	Management Mohr Inc	Glen Acres Rd, Middletown, New York	US
S3-738874381	Areis Group	903-Gh-14 Paschim Vihar, West Delhi, New Delhi, DL	India
S3-23078059	Hunger [Coalition]	Idaho, Stites, 04316 13	US
S3-925501750	Emerald Group Partners	095 Smith Lane, Unit B119, Kaysville, Utah	US
S3-280067260	Digital Cargo  Service	Saddlehorn Ln, Mansfield, Texas	US
S3-520303683	Sterling Apparel Apparel Próducts	302 Crestview Road, Southern Pines, North Carolina	US
S3-931791820	Vega LLP	14 Millbrook Ct, Great ENCK, New York	US
S3-595214868	Products Yards (india) Ltd	909/2, Akshat Tower, Nr. Pakvan Restaurant, Bodakdev, S.g Road, Ahmedabad, GJ	India
S3-545021382	Hindupur Service Holdings Limited Center	16-1-19-6/8, M. F. Road, Hindupur, Andhra Pradesh, Hindupur, Ananthapur, ఆంధ్రప్రదేశ్	India
S3-366736588	Services Shrirampur Agri Private		India
S3-527532223	Vega Republic Ltd	#1546 Village Townhome Dr, Pasadena, Texas	US
S3-462849517	Precision Veoticl	1500 Bishop Carroll Dr, Helena, Montana	US
S3-169412605	Vijay Projects	8, Sai Vihar, Infront Shipras School, Aligarh, UP	India
S3-177365809	Smith Resources Inc		US
S3-625714924	-- Ivorysdiner.Com	Main St, Sanford, North Carolina	US
S3-729876358	Parker & Brothers Services	Howrah, WB, #14, Kolkata	India
S3-200038208	TOMMIE'S SUMMIT FREIGHT, LLC	105 Lane St, Comanche, Texas	US
S3-585808730	Lucky Ice Créam LLC	905 25, Buffalo, Minnesota	US
S3-128324881	Dr Nirmala India Private-Limited	17/1337, Mhb Colony, Gorai Road, L.t Road, Borivali West, Mumbai, Mumbai City, MH	India
S3-889893492	Sach & Brothers Enterprises Private Ltd	Ab Arcade, KL, Kozhikode, #7/1305 L, Quilandy	India
S3-650265909	R0sario,  Dacy, DDS, DDS PC	117 Broad St, Daleville, Virginia	US
S3-409566684	Zetaquo	524 200th Street Court, Spanaway, Washington	US
S3-492462673	Infra Accrue Projects Private	Coimbatore, Door No 62 Tank Street C V Patty ( Chinavedampatty) Coimbatore, S F No A-624, TN	India
S3-33811449	OPHELIA MONTANA, DDS LLC	123 A North Street, Portland, Tennessee	US
S3-153729566	My  Aso Private Limited	Lucknow, UP, H.no 334-Manas Enclave, Lucknow	India
S3-921226936	Gerta's Peak Center	##21614 Rio Oro Dr, Cornelius, North Carolina	US
S3-922073865	Bright Hypnosis LLC [Center]	998 Grafton Rd, Rockville, Utah	US
S3-137709385	Asset Building Ínstitute V Authority	Arnold Drive, Granite City, Illinois	US
S3-192736985	lut builders private limited	Door No 317 Sector No.34, Pl.no.283, Chinchbhawan Punarvasan, Nagpur, MH	India
S3-683062041	रेड सॉल्यूशंस प्राइवेट लिमिटेड	234, Mukta Nand Nagar Gopal Pura Bypass, Jaipur, RJ	India
S3-368273517	Saint Corp Services	2332 Eighth Street, Douglas Township, Arizona	US
S3-772866930	Red  Hypnosis! Inc	136 Sunset Ave, Owell, Ohio	US
S3-507889449	Caldium LLC Services	24852 Clndido Dr, Alabama, Elberta	US
S3-205084337	Vulcan Industries Private	Door No ##32, Shop No.1, Vishwamalti Building, Yashwant Nagar, Talegaon Dabhade Station, Pune, MH	India
S3-39495605	Plan Resorts Private	###70 U59 Shakarpur, Delhi, East Delhi, DL	India
S3-100963028	Super Ace Ace Ínfra	##10C, Ballygunge Place East, Kolkata, Kolkata, Howrah, WB	India
S3-299244404	Vardhman-+ Associates	##93, E W S Colony, Btm Ii Stage, Bangalore, KA	India
S3-355191456	Express Légacy Noble LP	1041 Pittsburg Ave, North Caton Township, Ohio	US
S3-804834872	Golden Auto Body (5ervice)	College Avenue, Elmira, New York	US
S3-302563758	Amara Pastor, Esq. Partners Midtown	45 Northfield Ct, Staten Island, New York	US
S3-618685301	Golden Prairie View Ltd		US
S3-855606547	SB Services	00142, New Delhi, दिल्ली	India
S3-665340500	Studio Amrut Infratech Pvt.	H.no #337 Ff, Sector - 32 Pi, Gulmohar Estate, Greater Noida, उत्तर प्रदेश	India
S3-901872120	Royal Private Limited Services	En-62, 4Th Floor Sector-v, Saltlake, Kolkata, Calcutta, 24 Paraganas North, WB	India
S3-506926870	Lumdova	7-5-187, Dondapadu, Guntur, AP	India
S3-894831113	Ghai-Smnh	Bldg 8/282, Prestige Valley, Near D Mart G.b.rd, Thane, Thane, MH	India
S3-633448187	transcontinentalretailstudios.com	914- Webster St, Redlands, California	US
S3-280457817	Back Alley Pizza  Holdings	1264-A Mount Olivet Rd, Washingtno, District of Columbia	US
S3-710730207	VM Distribution Private	Door No 93 Office 406, Swastik Disa Corporate Park, L B S Marg, Ghatkopar - West, Mumbai City, Mumbai, MH	India
S3-240705872	Pediatric Group Medicine  Frontier	6757 Copperwood Way, Tucson, Arizona	US
S3-644576911	Denning Asa Center Co		US
S3-94783668	Smt Rockman Traders Private Limited (ID: 2966)	Patti Laksian Vpo Malsian, Shahkot, Nakoder, Jalandhar, PB	India
S3-98697947	Dr Trade-Developers Private Limited	H.no 3 Dilwaramaharshi Karve Marg, Mumbai, MH	India
S3-156364579	Loreen Tobin Factory	6731c May St, Chicago, Illinois	US
S3-765568671	యునైటెడ్ ఇన్వెస్ట్‌మెంట్స్ టెక్స్‌టైల్స్ ప్రైవేట్ లిమిటెడ్	No 62 C/o Sarjini, Vijayawada (Urban), Krishna, AP	India
S3-973979833	Inc Velrsch Corporation	1001 Bowman Rd, # Ste 4, Little Rock, Arkansas	US
S3-355305905	Sunrise  Trading Private Ltd	No.#173, Tecci Park, Block B, 6Th Floor, Omr, Sholinganallur, Chennai - 600 119., Chennai City Region, Chennai, தமிழ்நாடு	India
S3-605773623	Children's	1093 Carlton Way, Syracuse, UT	US
S3-362227959	Lotus टेक Private Limited	9, 2Nd Floor, O-12 Parijat, Ashok Marg, C-scheme, Jaipur, Jaipur C-scheme, RJ	India
S3-349056150	Henka Singh LLC  Partners	1408. Utton Ln, Farmington, New Mexico	US
S3-138830366	Ltd Y V Sternmreld Midland	2640 31st Street, Moline, Illinois	US
S3-36610245	Vision Ccler Clinic Inc	1196 Hillcrest Road, Fl. 0, Odeton, Maryland	US
S3-340992747	Rocky Chariles	500 Bluffstone Circle, Unit 1044, Saint Peters, Missouri	US
S3-212810555	Lawrence and Miller Harbor Co	0127 Commons Cir, Brownwood, Texas	US
S3-399412459	Miranovivio	2Nd Floor, Inspire Workspace, # 134 & 135, Karthik Nagar, Lrde Layout, Doddanekundi, Bangalore, Karnataka	India
S3-93596900	Robinet Leak Diagnostics LLC	#4689 Cherry Hills Drive, Fl 1, Chandler, Arizona	US
S3-753098618	इनोवेटिव बिजनेस प्राइवेट लिमिटेड	Plot No. 2-48 Behind Krim Hospital, Nagpur, N/A, MH	India
S3-595785639	Maniratnam Ecomfferce Holdings Prívate Limited	17 Bharat Mahal86 Nateji Subhash Road, Mumbai, MH	India
S3-971987430	గెలాక్సీ కన్సల్టింగ్ ప్రైవేట్ లిమిటెడ్	1-108, Suleman Colony, Farooqnagar, Mahabub Nagar, TG	India
S3-402298446	Keystone Network Sólutions P.C.	538 Jefferson St, Hazen, Arkansas	US
S3-683879345	# 3 AH Nasdaq	11686 35th Street, Yuma, Arizona	US
S3-352555171	Emerald South	6209 Lanier Rd, PO Box 5831, Crockett Mills, Tennessee	US
S3-269024678	Esposito Hcahit Robotics	4221 Custer Creek Dr, Missouri City, Texas	US
S3-499227267	The Ace R0botics  Global	3308 G, Birmingham, Alabama	US
S3-376704188	Colonial Trust (Group)		US
S3-82304919	The Safe Analytics Global LLC	14190 Northdale Boulevard, Roogers, Minnesota	US
S3-967535890	Citizens Energies-Pvt		India
S3-194116870	Royal 5ecurity Digital Co	Serenity Dr, Hickory, North Carolina	US
S3-786481874	northern system p.c.	29 Fir St, null, NEW Lodon CITY, Ohio	US
S3-109563089	Viohaloio formerly Unified Electronics Inc	3065 Scott Road, Alexander City, AL	US
S3-771806328	Smt Classic Energy Private	No. 426 Nadi Nazara, Vadodara, ગુજરાત	India
S3-526410054	deiaelitemidland.com	Graceville, Florida, 873 Batsons Court	US
S3-545470703	Best Services	36(P), Cts No-5864, Office No.11, 4Th Floor, Msr Capital, Morwadi, Pune, MH	India
S3-296505056	Anchor Propyt Digital	Spring, Texas, Temple Bell Drive	US
S3-507700511	Bustamante, Pavlovich and Silva Greater (LLC)	53 Balbach Dr, Cheektowaga, New York	US
S3-804796691	Marilin Allen,	#326 Daisy Drive, Rio Hondo, Texas	US
S3-881973280	Eastern Sachs Corp	6382 Alvina Ct, Inver Grove Heights, Minnesota	US
S3-638427570	*** Mumbai Exports Private Ltd	315/6, 03Rd Floor, Lok Centre Corporate Park Premises Co. Operative Society Limited, Above Icici Bank, Marol Maroshi Road, Andheri East, Mumbai, MH	India
S3-243341354	Lower Clear Connection (Inc)	Chanda Ln, Madison, North Carolina	US
S3-732055184	Big Investments Pvt Ltd	B-27, Ocean Complex, Sector -18 Noida Noida Gautam Buddha Nagar, Noida, Nithari, उत्तर प्रदेश	India
S3-519399221	Neal, Noble & Diaz Corp	1030 Barre Rd, Barre Town, Vermont	US
S3-449767587	Madden Entertainment	100 Strock St, Blacksburg Town, Virginia	US
S3-909445473	Prime Commercial Collective Co	W5545 W-A Center Drive, Town Of Kimball, Wisconsin	US
S3-676421054	Birch LP	3004. Harvest Meadow Dr, Belleville CITY, Illinois	US
S3-690694364	Western Environmental Serrioces L.L.C.		US
S3-329713473	Vium Únited Hospitality	Texas, 8797b 181, PMB 5591, Floresville	US
S3-852054600	Chiropractic Mountain	Glendale Street, Kenton, Ohio	US
S3-211272108	Garcia, Lanni D., DMD	25242 Rigde Rd, ADEL Ciity, Iowa	US
S3-158391836	New Delhi Jewels Pvt Limited	Wz-c-14, Ground Floor, Nangli Jalib Gaon, New Delhi, West Delhi, DL	India
S3-550367946	DEVASHISH LOGISTICS CORPORATION	No 705, Dakshina Kannada, Mangalore, KA	India
S3-554472216	ಶ್ರೀ ಮಾರ್ಕೆಟಿಂಗ್ ಪ್ರೈವೇಟ್ ಲಿಮಿಟೆಡ್	H.no 00269, Bangalore South, Bangalore, KA	India
S3-37821783	Aarkay (bombay)	H.no ##32/2/7 House No 6 3 Cross Ground Floor Kurudusonnehalli K R Puram, KA, Bangalore	India
S3-43111040	Behavioral Co Highland Center, Health	##2467 County Road 1197, Tuttle, Oklahoma	US
S3-635335185	Chennai Company Service	303, Chennai, TN	India
S3-432595200	Nady Garcia Cascade  Southwest PC		US
S3-185605560	Entech Corporation Center	Oklahoma, Owasso CITY, <NULL>, 313 Beaumont St	US
S3-275463429	Arts Federation Ii	Bess Town Road, Bessemer City, North Carolina	US
S3-704345505	Gi1l Samiti Center	11, Landoss Road, Kilpauk, Madras-10 Tamilnadu, Tamilnadu, TN	India
S3-907938742	Trusted Certified Déep Inc	4172 Clarendon Way, Virgini Beach, Virginia	US
S3-43191970	dramaco.com	Towne Center Way, Cncinnati, Ohio	US
S3-247019154	Oncology Medicine  (Llc)	2762 Spout Ln, Lusby, Maryland	US
S3-516143922	Brixlyra	20 Shobhana Nagar Vasna Roadold Padra Road, Vadodara, Gujarat	India
S3-831236281	Behavioral Health Medicine Of Two Harbors LLC	Minnesota, 2767 3, Two Harbors	US
S3-709761807	Smt Nice Manufacturing Limited Service	Door No 9/3/17 Bhavani Nagar Plot Nobldg No 3 Flat No 17 Marol Maroshi Road Andheri (E), Greater Bombay, Mumbai, MH	India
S3-891565572	Heisler, Houston Highland Skin LLC Services	New Bedford, 87 Bay St, Unit 3, Massachusetts	US
S3-389875622	Healthclinicbehavioral.Com	1210 Prospect Hill Rd, Geneva, New York	US
S3-221042789	Vision-Tech Pvt	732 Pratap Nagar, Kota, राजस्थान	India
S3-895567106	India Matrix Hospitality Private Ltd		India
S3-30212920	बिग एनर्जी प्रा. लि.	S No 48/2/4, Gokul Nagar, Lane No 3 Opp Gangadham Apt, Katraj Kondhwa Road, Poona, Pune, MH	India
S3-270623277	Elliott Hmghlind Daedalus Inc	171 Royal Land Dr, Santaquin, Utah	US
S3-9929953	Shoulders Twelve L.L.C.	150. Centerwood Dr, Mount Airy, North Carolina	US
S3-525405048	Shakti Township Private Limited	G-22, Indore, Empire Residency Pipliyahana, मध्य प्रदेश	India
S3-545305880	Buitrago Vendome Inc	656 Sheridan Rd, Tulsa, Oklahoma	US
S3-266645445	Vaayuva  Housing Private Ltd	Block E-831 C/o Kachru Rambhau Zinjurde, Gangapur, Aurangabad, MH	India
S3-947830361	Hamlin, Cantrell-and Beaver Consulting		US
S3-154464439	Villasenor Inpoint LLC	2712 Myrtle Sreet, Spokane, Washington	US
S3-721285920	Taleva Delta Cayman Corp	219 1st Street, Monmouth, Illinois	US
S3-804029281	L.L.P. Super Universal Properties	Office-a-901-902, Sabarkantha, Surat, ગુજરાત	India
S3-129029980	Rapid Blue Aerospace Group	14013 Calhoun Avenue, Burnham, Illinois	US
S3-774464697	Metropolitan Optimal	42823 Pamplin Terrace, Chantily, Virginia	US
S3-621396295	Guru Hitech Investments Private Ltd	Flatno2720, Flamingobuildi, Ng Nearcardinalpatlipada, Thane, Mumbai, महाराष्ट्र	India
S3-71169014	Davis Lsbsrty Retail, LLC	497 60th Ave, Stafford, Kansas	US
S3-871560171	oldenburghorizonarchitecture.com	2503. White Cliff St, Fl 0, Wichita, Kansas	US
S3-297757032	Ziraya Rmoaocn Limited	N/A, No 27 Vishram Griha Chssector-6 Shree Nagar Wagle Estate, Thane, MH	India
S3-226932384	Warren Cardiology	3726 Ella Lee Ln, Hosuton, Texas	US
S3-620897961	Mr Gem & Partners Co		India
S3-423167198	Envoy Private Limited Services	Plot 138 188B, Maniktalla Main Road, 3Rd. Floor, Room No 3E, Kolkata, Kolkata, WB, Howrah	India
S3-117208642	Inc White and Cela Water	null, Dallas, Texas, 2413 Larry Drive	US
S3-547833773	Tirupati Exports Private	RJ, Ki Magri, 3-Haridas Ji, Udaipur	India
S3-183950061	Divine Associates	Milkat No. 2037, Valva, Sangli, MH	India
S3-442252051	ZEG LP Center	21 Exchange Saint, # Apartment 8G, Binghamton, New York	US
S3-973118729	Yost Brc Clinic Partners	2060 1/2 Grindstone Ave, null, Springfield, Missouri	US
S3-245859172	STEPHENSON SMART INSURANCE	910 52nd Street, Moline, Illinois	US
S3-76152530	*** Empire College  Holdings Association	344 4140, Salt Lake City, Utah	US
S3-560866415	Veronika Shin, Ph.D. Ltd	Richmond, Indiana, 3958 Elizabeth Street	US
S3-762455604	National Allied  LLC Services	#2523 Fallcreek Court, Grand Forks, North Dakota	US
S3-174283148	Unique प्रोडक्ट्स Private Limited	No 784/10 Shashtri Market, Thanesar, Uuht,, Kurukshetra, HR	India
S3-861674368	Chan, Scpmson & Fuller LLC	607 Westminster Drive, # 110, Naperville, Illinois	US
S3-273372632	Ward Sunrise, Córp	4707- Blue Meadow Dr, Austin, Texas	US
S3-511718869	Varshari Media Private-Limited	D/86 C/o Lukman Medical And General Store, 29/1 Nr Shah Alam Roza Nr Petrol Pump Danilimda, Ahmadabad City, Ahmedabad, GJ	India
S3-219510143	Arcveo née Tech Power Limited	Flat No. F-1 Plot No. 115, Gut No. 152 Sai Samarth Residency Alok Nagar, Aurangabad, Maharashtra	India
S3-151334843	Sai Limited	502/6, Sri Sai Residency, Behind Taj Krishna Hotel Lane Adjacent To Iipm, Navinagar, Banjar, A Hills, Hyderabad, Andhra Pradesh	India
S3-579893938	Pinder Techn0logy LLC	547 14st Place, Chicago, Illinois	US
S3-311070982	Meris Badger Anchor System Inc	1870 Farm Meadow Dr, Greenwood, Indiana	US
S3-389563784	Best Technologies Private Ltd	Flat No:#10, Floor No:2, Wing:a, Vishwa Vihang Chsl Vishnu Park, C S Road, Dahisar (East), Mumbai, Mumbai City, MH	India
S3-847355378	Construction	Adventz Infinity@5, Unit No. 503 5Th Floor, Plot 5, Block Bn, Sector V, Salt Lake, Saltlake, North 24 Parganas, West Bengal	India
S3-417555239	Hooks, Tener & Geniher Couture LLC	604 Merrill Lane, Unit 1, Dracut, Massachusetts	US
S3-377265317	Ahmad Music Holdings	12545 Rosy Paintbrush Drive, Conroe, Texas	US
S3-772027696	Express Works Inc Center	Minnesota, Avanti Avenue, Rosemount	US
S3-386853705	Fayebrix DBA: Raks (India) Technologies of Malkapur Private Limited	C.S.No 115/1/2/A/1, Malkapur, Satara, Maharashtra	India
S3-894826597	Nyladelta	Jaipur, RJ, Plot No. 57, Jaipur	India
S3-325940811	Cardiology Health & Co		US
S3-642059040	Universal Consultants-Phsiivtae Limited	Plot No.109, H. No. 4-158/109, I Floor, Sai Puri Colony, Sainikpuri, Secunderabad, Hyderabad, TG	India
S3-528737171	3749 MAIN WAY Associates CORP	5125-5127 Bernards Road, Mcminnville, Oregon	US
S3-769739191	एस ग्लोबल प्राइवेट लिमिटेड	Mumbai, MH, #1 Devdarshan Chslmoghul Lane Mahim, Mumbai	India
S3-355795260	Kestrel Llc	44 Darina Ct, Hempstead, New York	US
S3-920198951	LLC R/O Education,	6302-C 30nd Avenue West, Tulsa, Oklahoma	US
S3-609365114	Sky Engineering Garments Private Limited	Building # Ix/#282a, Kavumkattayil, Arakkunnam.p.o, Oozhacode, Mulamthuruthy, Ernakulam, KL	India
S3-665272367	Family Delta Specialists  PC	125 Connect St, De Queen, Arkansas	US
S3-374337744	Regional Financial Labs Partners	1041 2nd Street, Havre, Montana	US
S3-111128886	York'S Advanced  Naadls	693 Dahlia Drive, NULL, Mentor On The Lake, Ohio	US
S3-974032150	Baker Spáce	Kansas, Cherokee, 10987 Third Dr	US
S3-319847558	Painters Union Local Nó 370 PLLC	28 Mangam St, # Apartment 1, Cohoes, New York	US
S3-582950031	The Vanguard Spade Ltd	116 Beacon St, Unit 2L, Worcester, Massachusetts	US
S3-680032685	Vision South Consultancy Private Ltd		India
S3-762516668	Dr Az Az Enterprises Private Limited	00401, F - 3, D - Wing, Albela Tower Vashi, Mumbai City, Navi Mumbai, MH	India
S3-230826619	Sindt and Swaney Corp	36870 Van Brocklin Rd, Crathage CITY, New York	US
S3-451243475	johnselitegraphics.com	04 Boden St, Beverly, Massachusetts	US
S3-334692729	janis randall enbridge	Breyer Saint Southwest, Cedar Rapids CDP, Iowa	US
S3-610439204	Mr Nylasol	Master Plan Civil Lines, Satna, MP	India
S3-26497562	Gks-Services Pridhadt Limited	66 B.d Complex G.t Road, Mandi Gobindgarh, Patiala, ਪੰਜਾਬ	India
S3-830064376	Marron And Phelan	21 William Penn Plaza, Durham, North Carolina	US
S3-842018945	BM Sérvices	1010- Third Street, # Apartment 2, Rensselaer, New York	US
S3-85118791	Ectodova DBA East Engineering Limited	A/704 Woodland Heights Chandivali Farmrd Andheri E Nr Sangharsh Nagar Bus Stop, Mumbai, Mumbai City, Maharashtra	India
S3-864477534	ऑल पावर प्राइवेट लिमिटेड	G-1-a-10, Mumbai, MH	India
S3-996918763	The Villareal Companies Lakeside	Ohio, Youngstown, 7019 Southern Boulevard	US
S3-224435213	Mak Center  LLC Services	11398 Breakwater Drive, null, Galveston, Texas	US
S3-862920893	Blue	C/O Maru Arjun, K - 1303 Sorrel, Village, Sanathal, Sanand, Ahmedabad, Gujarat	India
S3-65143744	Karan Machine  Private	C-158-35/3, Bengaluru, Bangalore, ಕರ್ನಾಟಕ	India
S3-737437620	East Royal Value-LLC	3122 Allyson Way, Rio Rancho, New Mexico	US
S3-691756247	गुजरात मीडिया प्राइवेट लिमिटेड	H.no 903, MH, Pune, S No. 97, Dhere Bunglow, Gopalpatti, Manjari Bk.	India
S3-901505671	Oncologyacehealthcom	##104 Jefferson St, Unit Apartment A, Tuscumbia, Alabama	US
S3-301252330	Nexvera doing business as Smart Premier Studios LLC	ME, South Portland, 80 Fort Road	US
S3-949755092	ਇਨੋਵੇਟਿਵ ਐਗਰੋ ਪ੍ਰਾਈਵੇਟ ਲਿਮਟਿਡ	Ptu Complex Opposite Nirankari Bhawan, College Road, Sunam, Sangrur, ਪੰਜਾਬ	India
S3-586509125	Developers-Sekar Tours Private-Limited	Sno 26 Pl No 145 Hissa No 1 To 4 Dahanukar Colony Fl 9, Poona, Pune, MH	India
S3-879525248	Golden Pub! Valley	##1946 Old Grist Mill Rd, Appomattox, Virginia	US
S3-963486569	Sherghati Ehlethric Private Limited	Sri. Prabhakar Malviya S/o- Balgovind Malviya, Sherghati, BR	India
S3-216873377	Jai Southern Private Limited Services	No.##22 & 23 Old Khata No.172/2 New Khata No.359/617 & 358/616 Bagur Village, Begur Hobli, Bangalore, KA	India
S3-909502005	Mr Krishak Projects (India) Private	Excelnetwork Links Private Limited Amin Road, N/A, हरियाणा	India
S3-184099786	Piper  Golden Foods	4415 Ft Lowell Road, Tucson, Arizona	US
S3-926211300	Clayton Equity Partners L.L.C.	1507 Corriz Drive, Albuquerque, New Mexico	US
S3-554043567	Ceum	65 Sycamore Beach Drive, Camdenton, Missouri	US
S3-753399	Maid Hair Studio Llc	67-B Grozier Road, Cambridge, Massachusetts	US
S3-885563129	Ember Áccounting	1034 Cleveland Ave, Fl. 0, Wichita, Kansas	US
S3-642910027	రియల్ ఎస్టేట్ Private Limited	Door No B3/978, Sy.no.11/1 S.a. Society, Khanamet, Kondapur, Hyderabad, TG	India
S3-102683694	Shivan Limited Private Mercantile	Plot No. 52-B, Sainik Enclave, Sec-3, Gali No. 3, Mohan Garden, Uttam Nagar, New Delhi, West Delhi, DL	India
S3-872319546	Gulf Egh, Llc	190 Billy Goat Hill Road, Hopkinsville, Kentucky	US
S3-888109832	Media Decade Services [Company]	D-13- T/f, South Delhi, New Delhi, DL	India
S3-47854250	69 Flsounth Boulevard Partners P.C.	3217 24th Ave, # BLDG, Norman, Oklahoma	US
S3-562311273	Hyderabad-Fasteners Hyderabad-Fasteners Private Ltd	1-184/2 Hanuman Tekdi, Hyderabad, Andhra Pradesh	India
S3-541197627	Gulf Summit Center	1515 Rawhide Ave, Glibert, Arizona	US
S3-233220343	Dr Pioneer Investments PVT LTD	Office No.##205, World Trade Centre Tower-2, Kharadi, Pune, MH	India
S3-357580169	Inc Klingenberg Pinnacle Laboratories	310 Oak Branch Court, Senca, South Carolina	US
S3-18931867	Coleman, Marie Angel (Care)	310 14 St, Brooklyn, New York	US
S3-421238278	Pinnacle Valley Superior Metro LP	3861 Morning Dove Circle, Mesa, Arizona	US
S3-753252502	IH  Viking LLC	01800 Glen Stone Lane, Hixson, Tennessee	US
S3-167573768	Internal Partners Medicine	8382 D-8384 Brockham Dr, Unit STE 8382d, Alexandria CITY, Virginia	US
S3-679408461	Bay Partners (Inc)	321 2923, Mabank, Texas	US
S3-421416518	SHYAM VIDYALAYA		India
S3-953162040	Lumnex Acquisition LLC	Ohio, Waynesville, Unit 39, 5443 Waynesville Rd	US
S3-303137571	Vision ઇન્વેસ્ટમેન્ટ પ્રા. લિ.	Hn 301 A Â 204, Thaltej, <NULL>, GJ	India
S3-649790692	Division of Veterans	005885 Buckeye Lane, PMB 5529, Mentor On The Lake, Ohio	US
S3-904503761	Midwest Legacy	20548 45th St, Broken Arrow, Oklahoma	US
S3-23482362	Richard Health  Center LLC	6482a Barrick Dr, Rockford, Illinois	US
S3-436373092	लक्ष्मी हॉस्पिटैलिटी प्राइवेट लिमिटेड	G-g-362a, Florence Villa, Sushant Lok - Ii, Sector-57, Gurugram, Gurgaon, HR	India
S3-791806722	Reimnovak.Com	North Andover, Massachusetts, 500- Boxford St	US
S3-241265910	Gondal India	Survey No.56 Paiky P8, Rajkot, Gondal, GJ, Plot No. 14, 15 & 16 Parth Industrial Estate, Near Bhunava Chokdi, Nh 27, Gondal	India
S3-983424467	silver diner group	3005-3007 Lee Rd 10, # 206, Auburn, Alabama	US
S3-953703727	Mack and Noda Kongsberg Inc	847 Helmwood Cir, Mount Washington, Kentucky	US
S3-12777054	Black Tech Private Ltd	142 6-3-596/47/A/1, Venkatarama Colony Khairatabad, Hyderabad, Andhra Pradesh	India
S3-497006810	Great Center	St Jacob St, Morrilton, Arkansas	US
S3-194930545	Sri Ae  Vidyalaya Limited	New Street Gosaninuagam, Ganjam, Berhampur, OD	India
S3-998997151	S.A.S.Nagar (Mohali) Life	Cabin No. 2, 3 & 4, Unit No. Cpm 50, Showroom No 250, 2Nd Floor, Central Plaza, Sector, 105, Rupnagar, S.a.s.nagar (Mohali), PB	India
S3-195188088	Katina Wirgfsma Can Summit [LLC]	10811 Wild Leadwort Drive, Cypress, Texas	US
S3-13928012	Hankins [(Pelican)] Continental	3509 Seeley Ave, Illinois, Chicago	US
S3-201787542	Moreno Express Infinite Inc	4434 79th Street, Indiana, Indianapolis	US
S3-131117307	Central Ávenue (india) Pvt Ltd	2E, Central Avenue, Calcutta, WB	India
S3-498225656	Elissa  Chabot,	643-D Flood Ave, Norman, Oklahoma	US
S3-744966350	Guzman  Management	21400 -21500-21404 Ligon Rd, Zachary Township, Louisiana	US
S3-647215233	My Institute Corporation	19-97/12/S-7, Maruthi Rawtani Plaza, Secunderabad, Hyderabad, TG	India
S3-39487284	Services Hamilton Optimal Holdings	9742 Summerwind Coubt, Alexandria, Kentucky	US
S3-883147245	Cascade Integrated LLC Center	35044 Wildwood Canyon Rd, Yucaipa, California	US
S3-819454535	private ji & brothers limited	Shop No 09 Flat No B1 And Flat No B2 Ground Floor, T Vasai Palghar Vasai-virar City, Greater Mumbai, Thane, MH	India
S3-780210525	SIMMONS, WELLS & LEACH HOTELS LLC	01027 Crawford Ct, Chelsea, Alabama	US
S3-788852277	LQW-Telephone	#15404 Norwalk Court, Bowie, Maryland	US
S3-488204140	Limited Malia Transit Center	H.no 94 S/o Garchar Daiben Daya, Arena New Plot, Malia, Junagadh, GJ	India
S3-174945817	ALL LABORATORIES INC	212 Volunteer Pkwy, Bristol, Tennessee	US
S3-827652566	Nexa Lifescience (India) Private  Limited	Hno 20-156/2/2 Rb Nagar, Shamshabad, Rangareddy, K.v.rangareddy, Andhra Pradesh	India
S3-400129826	Mr Ram LLP Consultancy	Cabin No. 4, 5Th Floor, Plot No. 341 Next57, Industrial Area, Phase-9, Mohali, PB	India
S3-100967114	piedmont alliance inc.	9000 Laguna Place Way, ELK Grove CIYT, California	US
S3-327676250	NMC (Scientific)	Nash Street, Garland Township, Texas	US
S3-981450473	Marao International	25021 Cedarwood Lane, Ingleside, Illinois	US
S3-79051303	Designs & Brothers Corporation	DL, West Delhi, Suite502	India
S3-237805695	Private General Works (India) (Limited)	Hooghly, C/o Dushsasan Bhatak Bhadua Mollerber Dist Hooghly, Hooghly, WB	India
S3-166323734	Sun Foundation Corporation	H-1468, DL, New Delhi, South Delhi	India
S3-751578599	Rajapalayam Ssuandabie [Center]		India
S3-583906705	Ileana Downey Complete Holding Inc.	3439 Wood Creek Dr, Suitland, Maryland	US
S3-770613485	Summit-Physical Center	Brandon Rd, Cleveland Heights, Ohio	US
S3-288688921	LW Good  LLC	81 Elm Street, <NULL>, Tariffville CDP, Connecticut	US
S3-295234846	Bright Learning Consultants	#8000 John Davis Drive, Unit 2904, Frankfort, Kentucky	US
S3-324507328	ZO  Intermediate LLC	Maple Ave, # UNIT P09, Hesperia CDP, California	US
S3-10252582	utkarsh media private limited	H.no 117, L-2 Road, Opp. Meghmani Industries, Phase-2, Vatva, Ahmedabad, GJ	India
S3-768860411	>> Kestos LLC Center	1301 Crystal Lane, Chaska, Minnesota	US
S3-352678611	Real Management Private Ltd	D/28, Virudhunagar, Kamarajar, தமிழ்நாடு	India
S3-494711157	Literacy Society  VI	104 Mill St, PMB 9810, Toledo, Iowa	US
S3-670775535	Straight Edtte Bistro! Corp	172 Fawnwood Cir, El Dorado, Arkansas	US
S3-210014708	Fashion Enterprises Private Limited Services	H.no 243 Godown No-13, Associate Ware House, Behind Hotel Ujala, Ujala Circle, Sarkhej Bavla Road, Sarkhej, Ahmedabad, GJ	India
S3-528813974	Riddhi  Sethi Private Limited	Plot No.6, Indore, Pithampur, मध्य प्रदेश	India
S3-751071464	Va1aus Express Emerging, LLC	Floyd Pike, # S, Hillsville Town, Virginia	US
S3-141686200	Fortune Infotech Co	25, Kolkata, Howrah, WB	India
S3-188914515	Rogalski Airport Select Watson	23603 Powder Mill Dr, Tomball, Texas	US
S3-241674829	Dr Perfect Cónsulting Pvt Ltd	Thane, B-102 Poonam Star Apt, महाराष्ट्र	India
S3-892629156	Precision Automation Industries (Inc.)	Kentucky, South Shore, 347 James E Hannah Drive	US
S3-184375154	Shivam Media Pvt Ltd	818-A, Ahmedabad Hq Region, GJ	India
S3-320886220	LLC Liberty Bankshares	121 Highland Drive, Irving, Texas	US
S3-258843034	labsapparel.com	1236- 28th St, Norawlk, Iowa	US
S3-252813590	YD Technologies Center Overseas	23-647/A/263, Prem Nagar, Amberpet, Hyderabad, TG	India
S3-164101760	Community  Trust Inc.	Illinois, Unit # 1J, Oak Park, 914 North Boulevard	US
S3-190152227	Vijay Great Services	Unit No. 1402, Thane, MH	India
S3-977701015	cascade bulkers north llc	1488d Conway St, Minnesota, Saint Paul	US
S3-967104556	Harbor Learning Cénter	South Bloomfield, Ohio, 5019-5023 Roese Avenue	US
S3-750613728	Golconda Solution Private Ltd		India
S3-160476777	Conrad, Adames & Trevino End Co	8031 Birch Drive, Chattanooga, Tennessee	US
S3-701371211	Quodrex trading as Tri-State Guild	124 Country Place, Grafton, OH	US
S3-219345195	Katlin Gleason	2255 Cahuilla Street, Unit UNIT 16, Colton, California	US
S3-129307070	Boo Clean Bulkers Westgate, LLC	117- Starhill Ln, PO Box 2051, Catonsville, Maryland	US
S3-810396887	Serilingampally Engineers Private	Serilingampally, TG, H No 5-56, K.v.rangareddy, Plot No 56-57, Adharsh Nagar Road No 2	India
S3-420593200	allprimefood.com	Building Number 05A, NULL, Survey No 10 And 61, Logos Mappedu Industrial And Logistics Park, Thandalam Arakonam Road, Kizhacheri Village, Tiruvallur, தமிழ்நாடு	India
S3-45722534	Classic Private Producer-Limited	Mysore, KA, 3037, Mysore	India
S3-897290819	inc sterling strategic auto repair	1010 S Farragut St, Davenport, Iowa	US
S3-361711604	Quality Signature Ftai Corp	662 Washington St, Stephenville CDP, Texas	US
S3-641111823	YFU Private Twisting Limited	Vp Iii/289, Stonage Idukki Colony P O, Idukki, Keralam	India
S3-178135121	Dr Bridge India (India) Private Limited		India
S3-772499479	Crystal Eagle	19231-D Del Sol, Sun City West, Arizona	US
S3-764070810	Private Janmabhoomi Límited Producer	No.827, P.h.road, Kilpauk Chennai-10, Chennai-10, TN	India
S3-26219917	Historical [Network]	208 Brown Street, Ranger, Texas	US
S3-861001604	Gilles, Backes-+ Platte  Group	Wellston, 423 Bierhup Rd, Ohio	US
S3-466854559	Phillips, Romero &  Rivera LLC	585 Coolidge Avenue, Coolidge, Arizona	US
S3-622916815	Ninon's Royal  Bakery	13799 Long Branch Road, Woodford, Virginia	US
S3-898755635	5hivam Infra Private	Pushp Corner Sector 12, Plot 76 & 77, Kamothe, Mumbai City, Navi Mumbai, Off. Shop No.8, MH	India
S3-879396496	Ear Nose & Throat Pioneer Physicians Ltd	806 1/2 Northwood Drive, Huntingdon, Tennessee	US
S3-545214696	Shivam Agro Prltiae Limited	No 01-17-3/7, Vizag, Vishakhapatnam, AP	India
S3-286915548	Zenon Trusted Equimnt LLC	57 Inez Ave, # UNIT B, Valley Park, Missouri	US
S3-400412830	Prairie Institute of Technology Care Federation	##1994 Jaeger Lane, Louisville, Illinois	US
S3-668808075	Family-Care Associates North Inc	159-C Forest Rd, Tolland, Massachusetts	US
S3-191996452	Acevedo Platinum Mining CO	1525 6th Ave, Clinton, Iowa	US
S3-603235983	First-Hospitality	326 M B Raod, Kolkata, Parganas North, WB	India
S3-63972769	Onyxnex f/k/a Historical Network, LLC	15112 Brown Lane, Victorville, CA	US
S3-395409152	Vaayuva-Solutions Private Limited	2Nd Floor, Hill Cart Road, WB	India
S3-48709318	Aligarh Hospital Pvt (Ltd)	C/o Thana Gandhi Park Ke Samne Centre Point Aligarh Main Exchange (E##10B)Uw In, Aligarh, UP	India
S3-392908872	Pediatric Dentistry Medcmine	607 Ross Street, Essex, Maryland	US
S3-500218345	Children's Federation Co	Alabama, 059 Samford Avenue, Opelikac DP	US
S3-215563995	hardesty ace mortgage metro inc	211 Swihart Road, Leachville, Arkansas	US
S3-410647645	Verabrix formerly Foot & Ankle Center Inc	2017 Spruce Drive, Washington, DC	US
S3-761330080	Limited Bui1ders Eswar Private Services	H.no 773 Sonai Niwas, Pune City, Pune, MH	India
S3-903179032	Oncology Specialists Eastgate [Inc]	11606 W River Road, Champlin, Minnesota	US
S3-962400478	குளோபல் குளோபல் பவர் பிரைவேட் லிமிடெட்	H.no 5-899 Ts.n.1955, Pollachi, Coimbatore, TN	India
S3-399256652	colonial resources inc	351 Poland Spring Road, Cacso CDP, Maine	US
S3-434372550	Dr Innovative Investments Pvt	Maitipara Road, Gaikata P.s. Kharagpur (Local), Kharagpur, Midnapur, WB	India
S3-908272660	Lucky Bistro Inc	27119-D 115st Avenue, Arlington CITY, Washington	US
S3-842541218	Dermatology Associates Partners Corp	610 Perknis Hill Road, Weathersfield, Vermont	US
S3-344931601	All Bond	22164 7th Pl, Botheell, Washington	US
S3-857569469	Department of Buildings Lakeside	0318 Gold Avenue, Albuqurque, New Mexico	US
S3-870941246	highland sim llc	518 Hayward Avenue, Fruitalnd, Maryland	US
S3-767070862	Marissa Criswell, DO	#1008 The Duke Cove, Jarrll CITY, PO Box 2579, Texas	US
S3-445190168	J 4  Keystone River LLC	Leonard Street, Indianapolis, Indiana	US
S3-882969357	Kincaid Secure Art Corp	#12837 Surrey Ct, Palos Park, Illinois	US
S3-464257648	Nihit Soomiuions Enterprises Private Limited	Block B-g-799 House No.5634, 2Nd Floor, Gali No. 77, Regar Pura, Karol Bagh, DL	India
S3-513565993	american summit copley holdings	6317 Oakcrets Ln, Amarillo, Texas	US
S3-511395072	Elly C. Waston, CPA Corp	956-960 Army Trail Road, Carol Stream, Illinois	US
S3-945019608	Inc. Western Kgáa,	Virginia, 4345 Sunray Avenue, Chesapeake	US
S3-184027318	জয় এক্সপোর্টস প্রাইভেট লিমিটেড	P-##145 Banur Avenueblock-a Kolkata-55 W E F 01/04/2003, Lake Town, Calcutta, পশ্চিমবঙ্গ	India
S3-91270427	Shri Sawariya Traders Enterprises Private Ltd	A/602 Sai Darshan Complex, Yashshvi Nagar, Bmc Pipeline, Thane, महाराष्ट्र	India
S3-122955822	Clear  Energy Labs Inc	14 Carters Beach Road, Hancock, Maine	US
S3-473741924	Ravianth Pvt Ltd Center	#357 Mig Ii 505 Kanan Vihar Phase 2, Khordha, Bhubaneswar, OD	India
S3-763727686	Pickton Heritage-Horizon Initiative	2665 Fm 3105, Pickton, Texas	US
S3-501311979	Dermatology Group Continental	223 1/2 Roger Chaffee Sq, Bear, Delaware	US
S3-272319076	Sterling Petroleum Coastal	622. Farmer Avenue, Tomah, Wisconsin	US
S3-820003230	Venus Private Limited Service	D I 01 Basement Lajpat Nagar Part 1, null, New Delhi, South Delhi, DL	India
S3-542127458	Gildonyx	2200 Prout St, Unit 3, Washington, District of Columbia	US
S3-68656196	Sur Farmers Exports Company	Door No 418, Shyam Kunj, Shri Shyam Heights, Bicholi, Indore, MP	India
S3-839052456	Behavioral Health Partners	9452 Harkness Ct, Cottage Grove, Minnesota	US
S3-396785576	Dium Taxable Llc	900 Plouffe Farm Ln, Charlotte, Vermont	US
S3-13943708	Rocky  Ridge Newtekone L.L.C.	106 Sycamore St, Somerville, Massachusetts	US
S3-140005599	Vedant Organic Pvt. (Ltd.)	1/A, Ground Floor, 1St Main Road, Maruthi Layout, Chinnapanahalli, Bangalore, ಕರ್ನಾಟಕ	India
S3-454718874	L.L.C. H0rizon Marketing Advisors	##54 Andover St, Ludlow, Vermont	US
S3-642854274	Syniri DBA Hughes Royal Andretti Corp	406 Chenoweth Creek Road, Elkins, WV	US
S3-6498587	Parasnath International Schóol	Akshay Complex 2Nd Floor 408/B, Pune, MH	India
S3-721333570	Green Ínvestment Limited	L-702, N/A, Mumbai, महाराष्ट्र	India
S3-15592842	गुजरात वन प्रोड्यूसर प्राइवेट लिमिटेड	Gut No.64, Siddhpurwadi Vaijapur, Aurangabad, Regional Office Aurangabad, MH	India
S3-614541187	Optimal Furniture LLC Services	8265 Larkspur Dr, Baldwnisville, New York	US
S3-418144749	Vaayuanth-Developers Private Limited	Building No 160 Top Floor, East Delhi, DL	India
S3-750782949	Hall Cascade Security Services	3432 Ruth Rd, Fort Worth, Texas	US
S3-287365086	Mr Indian Private Infrastructure  Limited	H.no #79 S/o Niranjan, Vill-, Narandari, P.o-pairachali, East Midnapore, Chandipur, WB	India
S3-442552722	Pune Cráfts Pvt Ltd	Ga/7/4, Nr Subodh Vidyalaya, G Block Sambhaji Nagar, Chinchwad, Pune, MH	India
S3-374142192	Zephari  Art Inc	Texas, Houston CDP, 12610 Wild Columbine Rd	US
S3-648720478	Perfect Mishra LLC	351 Pershing Road, PO Box 2338, Chicago, Illinois	US
S3-928808647	Huds0n Rivernorth LLC	2811 22st Street, Des Moines, Iowa	US
S3-690527365	corp preferred intermediate	820 Douglas Ln, Gallatin, Tennessee	US
S3-881890590	ear nose & throat sterling physicians, llc	215 Gwendolyn Drive, Elkins, West Virginia	US
S3-980633150	Frontier Initiative Corp.	Collegedale, 5735 Tallant Rd, Tennessee	US
S3-395609911	साईं Logistics Private Limited	Ug-#10, Lusa Tower Azadpur, North Delhi, null, DL	India
S3-116052033	Prairie Nati0nal Arc LLC	1007 Boylston Street, <NULL>, Newton, Massachusetts	US
S3-141471721	Nischint Aqua Center Company	#1602 Neptune, Suncity Adi Shankaracharya Marg, Powai, Bombay, Mumbai City, महाराष्ट्र	India
S3-64706502	Kayal Institute of Technology Private	Nt -3/803 Eldeco Utopia Sector 93 A Expressway, Ghaziabad, UP	India
S3-717402986	Muzaffarnagar Industries Private Limited	No A-37/25 Old Rajinder Nagar, New Delhi, दिल्ली	India
S3-324607124	Silver Limited Constructions Constructions	No C-58 C/o, Rishi Kaul A-92, First Floor, Ashoka Enclave-ii, Faridabad, HR	India
S3-167397229	PAULS, NELSON & ALLEN AUSTRALIA INC	1983 Chase Road, Smason Township, Alabama	US
S3-772846276	Teum Greater  Inc	11 Clearview Dr, Peters Township, Pennsylvania	US
S3-181913509	Best Design [Corporation]	833-B Penny Ln, St Peters, Missouri	US
S3-131247763	Zoom  Idai Limited	2-4-598/2, Road No 9A, New Nagole Colony, Nagole, Ranga Reddy, Hyderabad, TG	India
S3-185204138	Cramer  Therapies	Sundown, Texas, 311 Seventh Street	US
S3-527601893	Aileen Blackmon Tidewater East	Virginia, Meadowiew, 13258 Mockingbird Lane	US
S3-110259455	Empire Project	4193 Cookeville Hwy, Cookeville, Tennessee	US
S3-14893774	Mullins Acst Inc		US
S3-440915969	Lumzeta	Vinon, Virginia, 200-204 Mountain Lane Terrace	US
S3-15617359	Beigke Piedmont Janaye's Shop	7951 Dockal Rd, Houston, Texas	US
S3-122225519	Garcia Enterprises Llc	Baden Ave, Goodyear, Arizona	US
S3-771807288	Cornerstone KGAA Partners	13 Winthrop St, Walpolet Ownship, Massachusetts	US
S3-507012696	राम प्रोजेक्ट्स प्राइवेट लिमिटेड	H.no.537 Arvind Vihar, Bagmugalia Main Road Infornt Of Sanchi Point, Bhopal, MP	India
S3-988331658	Tirupati Idvrstrntt Pvt Ltd	P No 12/13, F No 301 Ashoka Vaikunth App Samarth Nagar, Nagpur, MH	India
S3-198562314	Al Systems (Pvt)	2 Hitex Industrial Estates V Road Dahisr E, Mumbai, MH	India
S3-757578794	Deeksha Deeksha Electronic Private Limited	Kolkata, No ##4B Oriend Tow, Calcutta, WB	India
S3-150005972	परफेक्ट एस्टेट प्राइवेट लिमिटेड	H.no 440/3 Ist Floorpunjabi Bazar Kotla Mubarakpur, New Delhi, South Delhi, दिल्ली	India
S3-386791240	Jimenez	5460 Jernigan Drive, Somerville, TN	US
S3-534252552	Narayanguda Plywood Ventures	H.no 674 3-4-567, Hyderabad, TG, Narayanguda	India
S3-989241997	urologycare.com	206 Oak Grove Drive, Nashville, Tennessee	US
S3-965558352	Alba Event Private [Limited]	S/2, Yavatmal, Wadgaon Road, MH	India
S3-563043948	SHIVA FINANCE LLP		India
S3-335799091	ఫస్ట్ ఫౌండేషన్ ప్రైవేట్ లిమిటెడ్	2-181 Kkr Kubera Appartments Flat No G4 Tadigadapa Penamaluru, Vijayawada, Krishna, AP	India
S3-636728716	QYC Services Pvt Limited	Flat No 908, 9Th Floor, Bldg A/5, S. No. 79B, Atul Nagar, Warje, Pune Region, Pune, MH	India
S3-586722450	Superior Wireless Collective-Houma LLC	135 Armour Dr, Unit BLDG 3 APT 223, Houma, Louisiana	US
S3-148113491	Milly Góld Burtech	04902 Saddle Drive, Austin, Texas	US
S3-343714529	Dk Mercantiles	Paramackel Kallekulangara P O Puthupariyaram, Palakkad, Keralam	India
S3-706003667	Cherilyn	1612 Cole Street, Wichita Falls, TX	US
S3-670762424	>> Ananthapuri Events Ltd	Lp.28/38/6 24 Belilius Road, Howrah, WB	India
S3-315667760	PARKER (INDIA)PRIVATE PVT. LTD.	No 1118 First Main Road Kengeri Satellite Town, Bangalore, KA	India
S3-15286122	Autograph Beverages Private Límited	No 9-123, Muthanantha Puram First Street, Thoothukudi, Kovilpatti, தமிழ்நாடு	India
S3-542886153	Shivainstitutepublic.Com	Wework, Mumbai, MH	India
S3-381966214	Secure Trading Union, INC.	86-3 Marengo St, Hollis, New York	US
S3-673117219	mahabala & brothers pvt ltd	Arujita Aprts Ground Floorgandhi Nagar Road Nr Sgs Inia Ltd, Jamnagar, GJ	India
S3-731204059	pranaviproductsprivate.com	#62 C/o. Lal Br Singh, Kaserua Kala, Sahason, Prayagraj (Allahabad), Phulpur, <NULL>, UP	India
S3-355800577	ઇન્ટરનેશનલ એક્સપોર્ટ્સ હોટેલ પ્રા. લિ.	Off. No. 526, North Plaza, Opp. Palladium, Nr. 4D Souare, Vishat - Gandhinagar, Ahmedabad, ગુજરાત	India
S3-389658019	Scott Crane Ltd	3918 Karwin Dr, Memphis, Tennessee	US
S3-583824950	प्राइम बाबा इम्पेक्स प्राइवेट लिमिटेड	G-142a Palam Vihar Sector-23, Gurgaon, HR	India
S3-652906313	Rapid Spdr Partners LP	1097 Mallard Drive, Bradley, Illinois	US
S3-233401059	The Dent Pub Center	1188 Highland Ave, Lake Forest, Illinois	US
S3-641673654	Royal Infrastructure Private Limited		India
S3-5622468	Solutions Prime		India
S3-854469227	Guru Premier Pharmacy Private Limited Services	Ghoshpara, WB, North 24 Pgs, Block E-224 Fl N0-10c, North 24 Parganas	India
S3-486697823	Shakti Consultancy Private Ltd	H. No. 106, उत्तर प्रदेश	India
S3-51101437	Rudy And Hamilton Inc	379 Rd, Ft. Gibson, Oklahoma	US
S3-454961199	cascade committee inc	4153 Old Manslick Rd, Louisville, Kentucky	US
S3-765341481	Prime Energy Private (Limited)	Block A-77 1A-272, Faridabad, Gurgaon, HR	India
S3-379429912	Veosolhalo trading as Orbeon Therapeutics Center	AZ, Phoenix, 4302 79th Avenue	US
S3-576789357	Smt Meridian Founders	Hyderabad, #3-6-584/Ghimayat Nagar Hyderabad, Himayathnagar, TG	India
S3-904884579	Summit Partners Corp	##17826 Sommerset Falls Ln, Crosby, Texas	US
S3-289481103	Rang + Brothers  Private Ltd	Door No: 7/377-4, Lst Floor, Raj Arcad Kinar Junction, Cheroor P O, Thrissur, KL	India
S3-29219040	Winchell, White And Resendez Public Incorporated	##4 Highway 323, Searcy CDP, Arkansas	US
S3-559001196	Sunbury Inc Services	474 Saffron Drive, Sunbury, Ohio	US
S3-832067513	Innovative Infrastructure	Bangalore, 130 Nehru Road, Kammanaha Nehru Road, Bangalore, Shruthi Sagar, Karnataka	India
S3-611452878	Select Logsbtics Innovations Inc	864 Summit Saint, Columbus, Ohio	US
S3-621557849	Viozeta née Raj Care Private Limited	C-603, Shalom Garden Chsl, Kanakia Road, Bevrly Park, Thane, Maharashtra	India
S3-206380882	Zephdelta a/k/a Marilee Jimenez Heritage Freight LLC	5335 Fm 2412, Gatesville, TX	US
S3-522350907	Superior  Ster1ing Engineering	Covedale Avenue, Cincinnti CITY, Ohio	US
S3-123602480	*** Smith Sird	2 1/2 Aragona Blvd, # 6, Jacksonville, North Carolina	US
S3-251337478	Veoevo formerly: Modern Semiconductor International LLC	11148 Wheeler Ridge Drive, Prince William County, VA	US
S3-168336226	Corner Book [5tore]	##397 Chaucer Rd, Riverside, Ohio	US
S3-843967544	Best Express LLC Media,	28th Avenue, Hickory, North Carolina	US
S3-670419439	The Thríssur World Private Limited	A4, Bhavani Apartment, Inchamudikaran House Adiyatt Lane, Poothole Po, Thrissur, Keralam	India
S3-106813631	Lil's	1280 Kalama Loop, Oak Harbor, WA	US
S3-46521243	Bannari International Srfhool	D-41, Midc Industrial Area, Phase Ii, Dombivli East, Thane, महाराष्ट्र	India
S3-703978887	Saboo Parts Límited	Jalander Bye Pass Road Vill Bhora, Ludhiana, ਪੰਜਾਬ	India
S3-957387015	Noriega, Tovar & Gzcin Ship Metro LLC	Emory, 471 Airmort Rd, Texas	US
S3-985319930	IR Innovative Prívate Limited	D-2/8, Janak Puri, New Delhi, DL	India
S3-628496634	सनराइज पायोनियर इंफ्रा प्राइवेट लिमिटेड	C/o Brij Pal, Muzaffarnagar, Vedpal, V Belda, Muzaffarnagar, UP	India
S3-880524692	The Belles'S Cleaning Service Inc. Inc.	##924 Shoal Creek Drive, Mckinney, Texas	US
S3-351218983	Master Pvt Ltd Center	Door No.a-70/1442 (44/1146A), Ground Floor, Sas Buliding, Ernakulam, KL	India
S3-449543811	Central-& Sons Pvt Ltd	Arihant Co-op Housing Socy Ltd Pl No. R M #62/67 G Bl, Midc, Pune, MH	India
S3-112431998	The Laa Prairie Signs	1113 Blue Bird Drive, Indianapolis, Indiana	US
S3-256220691	Equinox Inc	6916-6920 Hamilton Street, Omaha, Nebraska	US
S3-107653969	Summit Charities Corp.	5931D Glenneyre Ln, Houston, Texas	US
S3-477154761	West Haven Animal Wlefrre Empire League Co	573 Ocean Avenue, West Haven, Connecticut	US
S3-657900116	ಡೈನಾಮಿಕ್ ಸೊಲ್ಯೂಷನ್ಸ್ ಪ್ರೈವೇಟ್ ಲಿಮಿಟೆಡ್	No 5 (Old No 390), Bangalore, KA	India
S3-686023876	AE Schwab Midtown Co	55-57 Concord St, Westbury, New York	US
S3-36225965	Allied Choice LLC Services	250, Bountiful, Utah	US
S3-969345147	Limited Dev Brothers &	D - A-166/10 Sctor - 50, उत्तर प्रदेश, Gautam Buddha Nagar, Noida	India
S3-757533817	Morrison Delta Eco L.L.C.	Medina CDP, 3270 1/2 Debra Court, Ohio	US
S3-63293705	Surgical Pacific Specialists LLC	1200 Donelson Avenue, PMB 780, Nashville, Tennessee	US
S3-442829559	Hari Consulting-Private Limited	Hn 654- 13/A, Dattani Towers, S. V. Road Kora Kendra, Borivali (W), Mumbai, Mumbai City, MH	India
S3-228655245	Eye Ccncger Of Loveland	1822 Athens Dr, Loveland, Ohio	US
S3-392104071	wilson tokyo llc	4738 Greenholme Dr, Sacramento, California	US
S3-111967087	BETHEL HATCHERIE5 INDUSTRIES PRIVATE LIMITED	No. 514/40, 46Th Cross, Jayanagar 5Th Block, Bangalore South, Bangalore, KA	India
S3-157205645	Downtown Diner Corporation	2227 124th St, Town Of Star Prairie, Wisconsin	US
S3-93572229	Public Dds & 8rothers Limited	D-4th.f 17 Raama Esquire, Nr Tithi Heights Gotri Rd, Vadodara, Baroda, GJ	India
S3-275174696	hernandezlopez clinic information	608 Beach Drive, Medway, Ohio	US
S3-289798192	#Maroneyatlantic	Atkinson, 05 Center Street, Illinois	US
S3-774914108	mezasfirstpet.com	Oakbrook Terrace, Illinois, #17W 535 Butterfield Rd	US
S3-913592883	systems parvati properties private limited	No 03, Hyderabad, TG	India
S3-729059025	Faz Investments	3640 Bardell Aevnue, Eugene, Oregon, PO Box 4219	US
S3-530443921	Lee Quabtzsae of Goodlettsville	5789 Dividing Ridge Road, Goodlettsville, Tennessee	US
S3-505982740	Tallulah P. Faust DMD LLC	1021 Alden Ct, Toledo, Ohio	US
S3-102170903	Bharat Constructions (Limited)	Plrt No G 1325, Metoda Gidc, At Metoda, Tal Lodhika, Rajkot, GJ	India
S3-147313903	Ear Nose & Throat Diamond Health Group	951 Horton Rd, Cleveland, Tennessee	US
S3-943744744	Nonna W.  Riley, DDS, DDS Inc	6109 Mitchell Rd, Albuqeurque, New Mexico	US
S3-210733792	Grand Marketing	3991 Valley Dr, Cleveland, Ohio	US
S3-990274579	American Muniyield Ltd	##2659 Huttig Highway, Huttig, Arkansas	US
S3-657230379	5hree Projects Private Limited	14-G.F, East Delhi, दिल्ली, Delhi, 32-C, Main Road Market B.r.complex, Patparganj	India
S3-264391391	Ace Cóntracting LLC		US
S3-884821104	Mr Singh Projects Prívate Limited	Pl No - 20., Fl - 301 Jai Ganesh, Sr No - 112/1/2 & 98/1, Telc, Pune, MH	India
S3-972100595	nahatasvcindia.com	P No.26/p Sy No 209, Madhura Nagar Colony, Shamshabad, Rangareddy, K.v.rangareddy, TG	India
S3-306337303	Mercator Services Clinic Industries	Ward No: ##36 Basti, Saharsa, BR	India
S3-251383967	Beloevo Labs F/K/A Bright Cross LLC	10659 Co Rd 1775, West Unity, OH	US
S3-583221588	Southern Infrastructure Provision Limited	ગુજરાત, Hn C-749 B 75, Surat, Bharuch, L. B. Appartment, Ring Road	India
S3-414448996	स्वस्तिक हॉस्पिटैलिटी प्राइवेट लिमिटेड	HR, Mini Sectt., Gurgaon, 896, Shri Krishna Towers, 3Rd Floor, Civil Lines, Court Road	India
S3-139981007	Dr Iraj  Services #99603	H.no 2/P And 3/P, Malkagiri Manda, Hyderabad, Andhra Pradesh	India
S3-239828372	Barnes Desert York Inc.	85-2 67 Avenue, Forest Hills, New York	US
S3-655583910	kimacreeroyal.com	00817 Vickilee Court, Richmond, Virginia	US
S3-197125347	स्टार सिस्टम्स प्राइवेट लिमिटेड	A 2/61 Safdarjung Enclave, New Delhi, South Delhi, DL	India
S3-211047333	Stag	3779 8rd Ave, PO Box 5264, Wisconsin Dellls, Wisconsin	US
S3-345128186	4727 Lexington  Avenue Apartments	251 Shun Pike Rd, Esperance, New York, PO Box 7395	US
S3-108326833	bgas.com	Pheasant Cv, Canonsburg, Pennsylvania	US
S3-358270545	Sapphire Inc [Center]	840 Parkwood Avenue, Park Ridge, Illinois	US
S3-495102234	Economic Development Trust Metro	1236 Zion Road, Fayetteville, Arkansas	US
S3-802269388	আল কনস্ট্রাকশন প্রাইভেট লিমিটেড	4, Calcutta, Howrah, WB	India
S3-210320770	Aarvam Médi Private Limited		India
S3-850375595	Metropolitan Horizon Ltd	1845 Equine Retre Way, Crandall, Texas	US
S3-45787265	ಎಸ್ಎಸ್ ಇನ್ವೆಸ್ಟ್‌ಮೆಂಟ್ಸ್ ಪ್ರೈವೇಟ್ ಲಿಮಿಟೆಡ್	Flat No.0223, Block B, 47/2, Sri Sai Acropolis Hosa Road, Naganathapura Village., Bengaluru, Bangalore, KA	India
S3-480612064	Shree Brothers Exports LLP	Flat #7&10, Plot-1/1tps-10fp-86, Radhe Krishna Estate Gujarat Bottling Road Near Keval Kanta, Rakhial, Ahmedabad, GJ	India
S3-21385205	Womens Health Associates Group	11582 Roosevelt St, Unit M316, Avondale, Arizona	US
S3-341880812	Bright Global-Private Global-Private	1001, 10Th Floor, T19 Towers, Commercial Block, M.g. Road, Ranigunj, Secunderabad, Hyderabad, తెలంగాణ	India
S3-978906777	*** Metrics  Transit Pvt. Ltd.	H.no 17, Bangalore, Richmond Road, ಕರ್ನಾಟಕ	India
S3-279116806	Brandice (Sa1azar)	14-18 Tioga Dr, null, Jericho, New York	US
S3-245987435	Smt Aastha College	C/o Kishore Kumar Katara Kushalmagri Post Biladi, Dungarpur, RJ	India
S3-441410841	The Nunez Blue Market Group	2318 Shelby Ln, Moscow, Idaho	US
S3-22190771	Mangalam Point	Ernakulam, കേരളം, Ernakulam, No. 1-47/1522 (A5	India
S3-487438601	International Infrastructure Private Ltd	MH, C/o Amar Kokate, Pune, Fl Nob103, Sai Samarth, S No36/5/3, Ambegaon Bk	India
S3-302565235	Verrio World	6512 Spring Hill Drive, Racine, Wisconsin	US
S3-475226933	New Delhi Technologies L.L.P.	C-37 Ganesh Nagarpandav Nagar Complex, East Delhi, Pushpanjali Anand Vihar, DL	India
S3-527616438	Ambal Pvt. Ltd. Center	''402'', 4Th Floor, M. G. House Ravindranath Tagore Road, Civil Lines, Nagpur, MH	India
S3-5866364	Tex Private Límited Center	Near Garha Bazar, Garha, 62 Virendra Puri Ward, Jabalpur, मध्य प्रदेश, Jabalpur	India
S3-319089053	Sledge Meshflow [Inc]	3453 Louisville Rd, Louisville, Tennessee	US
S3-583551865	First Enterprises Private (Limited)	65, Neem Sarai Mundera, Allahabad, Bhadohi, UP	India
S3-461769740	Stanley Valley  Payments	##3 Main Street, Branford, Connecticut	US
S3-182941857	अल सेवन एस्टेट इंडस्ट्रीज प्राइवेट लिमिटेड	New Delhi, Laxminagar Delhi, New Delhi, DL, B-##15 Subhash Chowk	India
S3-904112781	Ss Builders	Sy No 291 2 Plot 67 Mahavir Nagar Co Op H.soceity, Amroli Road, Surat City, Surat, GJ	India
S3-759294915	Alcala And Mmnrsll Standard LLC	911 Saxony Drive, Racine, Wisconsin	US
S3-63857426	ADARSH SANGH	Door No 954 C-8 & C-14, I-hub, First Floor, Bio Valley, Pedagantyada, Vishakhapatnam, Visakhapatnam, AP	India
S3-525282662	North Alpha International	C/o Bharti Jha Wo Pradeep, Kumar Jha Infront Of Adb, BR, Madhepura	India
S3-567634356	@royalinvestment	No 315 Multitech Centre(opp John Fowleg) Bommasandra Industrial Area(off Hosur Ro, Ad), Bangalore, Bangalore Rural, KA	India
S3-61993139	Cascade Illumination, Illumination,	2904 Thirteeneh Ave, Moorhead, Minnesota	US
S3-566558543	Nexlum Council	1183 Country Club Road, Elgin, Illinois	US
S3-261337333	Sai Estate Corporation	Shop No-15, Ground Floor Khosla Apartments, Gagan Vihar Extn, Delhi, East Delhi, DL	India
S3-830720584	tri-state group partners	21 Spectacle Ln, Ridgefield, Connecticut	US
S3-384442706	Bureau	NC, Fletcher, 51 Olivet Lane	US
S3-774988875	The Ceque Equity Partners	7025 54th Street, Omaha, Nebraska	US
S3-352311255	Margy Searight, L.C.S.W. Group	9723 117, Valleyhead, Alabama	US
S3-16622171	Guru Shastra Enterprises Private Limited	#48. Shop Street, 2Nd Block Jayanagar, Bangalore, ಕರ್ನಾಟಕ	India
S3-737712423	Cal0kor	C/o Yernagula Kalyan, Gajapati, OD, Y Laxman Rao, Kashinagar	India
S3-359897565	M/s Shree Pvt Ltd Center	11/159 Pookkottur Po, Pookkottur, Malappuram, Malapuram, KL	India
S3-78527975	MUNDY FARMS	19545 Elm Sugar Rd, Grover Hill, Ohio	US
S3-719380781	Yvonne C. Sanchez, DMD Holdings	1341 10, Blountsville, Alabama	US
S3-514356616	Sweeney Better Bhav	2485 Ivanhoe Rd, Ivanhoe, North Carolina	US
S3-960874367	Shyam My Fóods Industries Pvt Ltd	Poonamallee Bypass Road Poonamallee, Chennai, No: 108, TN, Chennai	India
S3-218393151	My Construction Construction Foods Limited Private	74, Sector No.35 Bagalkot, Bagalkot, KA	India
S3-621809199	Synfaye	4680, Ph.ii, Patiala, PB	India
S3-602425574	Skf Fashions Private	18, Casa Langford, Eagle Street Langford Town Shanti Nagar, Bangalore, ಕರ್ನಾಟಕ	India
S3-871081690	Lucknow Realtors Private Limited	Door No 561/112 Plot No. 3, Sindhu Nagar Krishna Nagar, Lucknow, UP	India
S3-576076553	Dream Marketing Prtvtae Limited	Flat No. 504, Plot-13c, Sector-6, Youngsters Cghs, New Delhi, South West Delhi, दिल्ली	India
S3-142897057	Dental Clinic	14251 104, # Lot 34, Silverhill, Alabama	US
S3-16884180	Deepti Reoists Corp	H No.1597 Lig, Aavas Vikas Colony Yojna Sankha 3, Kalyanpur, Kanpur Nagar, Kanpur, उत्तर प्रदेश	India
S3-709956961	Yarnell & Metzgar Microelectronics,	132 Morning Mist Ln, Unit E, Mooresville, North Carolina	US
S3-210035871	Nelson Pediatrics [LP]	1041 Forest Bend Dr, Hailey, Idaho	US
S3-732752881	Sarror Nagar Developers Industries Private	Plot 466 20-105, C/o. T Krishna Murthy, Sharadha Nagar Colony, Sarror Nagar, Hyderabad, TG	India
S3-925724840	Annadiane Aho	1715 Rand Rd, NULL, Palatine, Illinois	US
S3-13516765	Great Midwest Sierra (Co)	Fl. 1, 1712 Smiley Ln, Missouri, Columbia	US
S3-40069058	TRUSTED CLOUD WORKS		US
S3-627414374	Zimmermann, Hall And Fisk Ltd	##6431 Edgewood Dr, PMB 4137, Rome, New York	US
S3-807656015	All  Tri-State Pineapple LLC	688 Bellwood Road, Middlesboro, Kentucky	US
S3-100770554	Kordula Aeon Baker LLC	5 Cherokee Road, Worcester, Massachusetts	US
S3-333559770	The Renda Solutions Group	614 Elden Dr, Cary, Illinois	US
S3-892631109	Tarava Trading Pilraet Limited	No.16, 1St Floor, C/o Kripa Hospital Parakadavu (Po), Nadapuram (Via), Kozhikode, Keralam	India
S3-271372494	Jay Producer LLP	#B3/97 C/o Ratan Kumar, Divreportingcircle, Patna, BR	India
S3-143405290	Toex Ubs Coastal Incorporated	224-226 Ashley St, Unit Apartment 2, Bffalo, New York	US
S3-440832246	Kay (índia) (India) Limited	House No B3/209 A 1 S/f, Savitri Nagar, Malviya Nagar, New Delhi, South Delhi, DL	India
S3-483313691	jamnadasbusiness.com	H.no 459 Officeno.a/2-609, Ahmedabad, ગુજરાત	India
S3-835902343	-- Orchid Consultants Private  Limited	House No - 157 Urban Estate Huda, Gurgaon, HR	India
S3-941548465	Tiphany Saunders Saunders Virginia	6360 80th Avenue E, # Apartment D, Tulsa, Oklahoma	US
S3-559280363	கோல்டன் ஸ்மார்ட் சர்வீசஸ் பிரைவேட் லிமிடெட்	23/156 Kathan Street, Kancheepuram, TN	India
S3-66063396	Y 7 T Precision  Corporation	8140 70, Avocca, New York	US
S3-647259264	City College Overseas	No.45, 2Nd Main, 1St Cross, Abbaiah Reddy Layout, Kaggadasapura, Bangalore, ಕರ್ನಾಟಕ	India
S3-953309208	Róhlf & Fuentes	801 Jean St, Neenah, Wisconsin	US
S3-327354437	Eliteinsuranceworks.Com	Georgia, Atlanta, ##1492 Avon Avenue	US
S3-721626775	Southern  Plbm	Hunting Hills Dr, Roanoke County, Virginia	US
S3-451271292	United Super Motors Limited Services	DL, Pocket-4, Mix Housing Colony, Mayur Vihar Pahse Iii, Opposit Bal Bharti Public Sch, Ool, Delhi, 26-O, North East	India
S3-458499032	Lower Ínterstate Alibaba Inc	10651 Springville Boston Rd, N/A, Concord, New York	US
S3-668567994	The Calida Curlin Select Dogecoin	North Carolina, 2425c Godard Town Rd, Williamston	US
S3-245763777	Jaxevo	6 Berkshire Street, Norfolk, MA	US
S3-548182551	Certified [Enlhcned]	1048 50 Road, Michigan City, Indiana	US
S3-686235406	Faubion Integrated Copper Llc	Page Industrial Blvd, Unit APT D, St Louis, Missouri	US
S3-317825641	Universal Brothers	Ha 042 Sector 104, Noida, Gautam Buddha Nagar, उत्तर प्रदेश	India
S3-934628226	Innovative 5stngtaeegy [Partners]	Center Twp, # 41, Ohio, 7578 Rose Dr	US
S3-438911781	सदर्न सॉल्यूशंस प्राइवेट लिमिटेड	N-28 Jungpura, South Delhi, New Delhi, DL	India
S3-416994578	pinnacle semiconductor technologies inc	1204- Catfish Bay Rd, Broken Bow, Oklahoma	US
S3-624897435	Ectopyra doing business as Piedmont Health Center	19390 Strawberry Drive, Queen Creek, AZ	US
S3-133658634	Platinum Education Consultants LP	213 Creekview Dr, # 6, Ciincinnati, Ohio	US
S3-774345900	Private New Delhi Green Limited	39, New Delhi, DL	India
S3-484999003	Msd Próducer LLP	G-22/27 Anantwadi, Bhuleshwar, Mumbai, MH	India
S3-565126912	Dolphin Bottle Group Private  Limited	S-##23, Delhi, <NULL>, DL	India
S3-359050626	Mr Al Foundation Pvt Limited	Yusuf Villa, Panchganga Road Next To Kokri Kabrastan, 2Nd Rabodi, Thane, MH	India
S3-955100619	Tech Engilners Private Límited	House No-314 Block A-01, Delhi, North West Delhi, DL	India
S3-527880049	Rakshamata-Trading Exports Limited Limited	Hig 160 Sector 69 C, Hig Mohali, Burail, PB	India
S3-149941616	N/N Melar Midtown	##7954 Diamond Rock Dr, Antelope, California	US
S3-21231362	HW Express Priave (Limited)	Door No 188, Bangalore, KA	India
S3-827638395	ఫస్ట్ హాస్పిటాలిటీ ప్రైవేట్ లిమిటెడ్	H.no 203, 3-5-1111/5, Guptha Towers Rajamohalla Road, Narayanaguda, Hyderabad, Andhra Pradesh	India
S3-159460943	A Pinnacle	Arizona, 2624 Apache Cir, Cottonwood	US
S3-899484246	Literacy Council Inc Authority	8479-C Toloff St, # COND 213, Anchorage, Alaska	US
S3-417764473	Avi Tara  Ventures	Shop No. Lg-106, Lord Krishna Mart, Plotno, Goutam Budd Nagar, Gautam Buddha Nagar, UP	India
S3-779708734	New Life Émanuel	1078 Old Rhea Springs Rd, Spring City, Tennessee	US
S3-997274101	Anand Tnhc Private Limited	73/7, Mumbai, Mumbai City, MH	India
S3-779940792	Uptown  Pub Inc		US
S3-85674036	Pridgen Pinnacle Arcelormittal Inc	119 Simon Crestway, Village Of Waunakee, Wisconsin	US
S3-133896054	Value Public School Overseas Company	No 51 Kiran Building, Mumbai, MH, 128, Bhaudaji Road, Matunga East, Mumbai, Mumbai	India
S3-189022074	Ahsan Adihhro Fortis LLC	1017 17th St, Bellingham, Washington	US
S3-260224920	Oliveira Health Center Llc	Ohio, Mentor On The Lake, 5425 1/2 Liberty Street	US
S3-651725171	kad.com	No Hd-163 Work Salarpuria Symbiosis, Arekere Village, Next To Iim, Bannerghatta Road, Bangalore South, KA	India
S3-181726487	Bj Bj Products	Plot No 12, Lucknow, UP	India
S3-141482407	Sri Help Acceleration Limited Center	Rg-4, Chennai, Madras, TN	India
S3-414559138	Gandhi Nagar Magketidng Overseas Limited	Plot ##241 Si-m-1099 Unit B, <NULL>, Gandhi Nagar, GJ	India
S3-592371885	Dunn Green Noble Coastal	1817 10th Ave, Tuscaloosa, Alabama	US
S3-542428866	Premier Bcies	Room No.iv/561, Ernakulam, KL	India
S3-569747762	Bureau of Parks & Recreation [P.L.L.C.]	805 Airport Hwy, Holland, Ohio	US
S3-816597095	Garcia and Williams  Group	060361 49, Lineville CITY, Alabama	US
S3-863286789	JML LLC Clean	157 100, Roosevelt, Utah	US
S3-568881986	Mr Hum Tales Tales	C/o Deepakkumar Nandkishore Lall, 201 Sunflower -F, Valley Of Flowers, Thakur Village, Behind Gokul Concord Towers, Mumbai, Maharashtra, MH	India
S3-471237975	Delta Peidfahhtrcs	10915 Cambridge Ave, Avondale, Arizona	US
S3-512873193	Oncology Phyieicaans		US
S3-848817370	Preferred	7319 Vt Route 116, Saint George, VT	US
S3-104373022	Lumes Biosciences	Forest Hill, Maryland, 2955 Grier Nursery Road, PO Box 7415	US
S3-703560467	Strategic Investment Solutions	#6175 Camden Lane, Whitesburg, Tennessee	US
S3-321746892	Surgical Specialists Ltd	1114 Crane Boulevard, Libertyville, Illinois	US
S3-411328104	Tech Swastik  Enterprises		India
S3-657347258	Ace Coastal-Law Group	311 19th Avenue, Fl 1, Olympia, Washington	US
S3-125077607	Sarette Eldridge Printing Inc	15453 Mercer Lane, N/A, Surprise, Arizona	US
S3-885499598	Service Om Limited	Plot D/846 Vanguard Houfe, 11-12, Secondline Beach, Chennai, TN	India
S3-717663790	Cascade Center Córp	0021 Old Orchard Avenue, Unit APT 404, Saint Louis, Missouri	US
S3-807339727	M/s Shiv Ai Private	29/2/2, Chetla Central Road, Kolkata, Calcutta, Howrah, WB	India
S3-797531007	MC-Hrciiglt LLP	506/B, Janakdeep Society, Seven Bungalows Versova, Andheri (West), Mumbai, Mumbai City, MH	India
S3-914209153	विजन इंडस्ट्रीज प्रा. लि.	Ba-3/61 Mahindra Gardens, S.v Road, Near Patkar College, Goregaon(, West), Mumbai, MH	India
S3-82569247	Sunrise Finance Private Ltd		India
S3-912939244	International (India) Chem Infratech Limited	Moh 668 Rama Printing Press, Bulandshahr, Khurja, UP	India
S3-122111135	Flint LLC	416-420 Country Creek Way, Paalmyra CDP, Virginia	US
S3-395736953	Rici Osno Cosmetics Clinic	2212 Cherry St, Burlington, Iowa	US
S3-672042606	Shri Basant Point	MH, Shivaji Housing Society Senapati Bapat Road, # 54, Pune	India
S3-10489788	medicineschool.com	9365 Swallow Court, Cincinnati, Ohio	US
S3-157525842	dns center towing	#25 Weeks Road, # Apartment 806B, Babylon, New York	US
S3-846312676	E &  J Tax	107 Nonth Ave, City Of Wilson, North Carolina	US
S3-362168796	NS Homes	Coimbatore, Pollachi, TN, No.5/7a	India
S3-323471852	rivarodriguezmustang.com	10109-10111 Brodie Ln, Austin, Texas	US
S3-383028688	Mountain Made L.L.C.	3013 Shenandoah Drive, California, City Of Oxnard	US
S3-421182999	The 2237  Lake Street Company LLC	NULL, City Of Neenah, 121 John Street, Wisconsin	US
S3-789000078	Best First Food Private Ltd	Scf 75 76 Shivalik Vihar, Patiala Road, Zirakpur, Mohali, ਪੰਜਾਬ	India
S3-3403139	Shree Engineered Limited Private Private	E-2-18a East Kailash, New Delhi, South Delhi, DL	India
S3-472382215	Atlantic Secure  Apple LLC	111 2nd Street, Point, Texas	US
S3-213034506	Diamond Broadcast  Enterprises-North Ogden City	1372-A 2925, Ogden, Utah	US
S3-866067893	GOLAY HARBORS OF ORO VALLEY, LLC	Carlynn Cliff Drive, Tucson CITY, Arizona	US
S3-351924596	A Anchor Alchemy Inc	13600 Otter Creek Pkwy, Unit Apt 250, Little Rock, Arkansas	US
S3-461657566	Yamuika Banda	D.no.1-224, Peravali, Peravali Mandal, West Godavari, AP	India
S3-900153524	Perfect Hospitality  Private Limited	Sr. No. 15/2, Poona, Pune, महाराष्ट्र	India
S3-184333278	Select Modern King Corp		US
S3-767099175	Sv (India)  India Private	Block G-239 B 72 Sector 27A Mathura Roadfaridabad, Haryana, Faridabad, HR	India
S3-189091691	Lira Cfhnedlr Otg Metro Inc	3050 Merlin Ct, Vacaville, California	US
S3-803279224	Wildlife Association VI	W7459 Kite Hill Lane, Town Of Waterville, Wisconsin	US
S3-164233773	Dr Purple Lcoistfis Co	Door No 132A, 2Nd Main Road, Astalakshmi Nagar, Poonamalee, Tiruvallur, TN	India
S3-552435203	Future Marketing  LLP	Jaipur, #44 124, Vivek Vihar, Jagatpura, Jaipur, RJ	India
S3-906722204	Beruogh Of	6110 1/2 Spring Meadow Lane, Frederick CIY, Maryland	US
S3-611052174	One Foods Ltd	No 5Lh 1501, Lanco Hills, Manikonda, Rangareddy, తెలంగాణ	India
S3-855060268	City Vijay Estate Sweets Private Ltd	Door No 88 At Khavani Tal Mohol Dist Solapur, Solapur, MH	India
S3-475548758	associatedpaymentlabs.com	Center St, Utah, Building Building, KMAS	US
S3-775644071	Hyderabad Trac0m Private Limited Limited	Plot B3/856 Room No. 4A, Fourth Floor, Pramani Plaza Hig-129, Phase 1&2, Kphb Colony, Kukatpa, Lly, Hyderabad, తెలంగాణ	India
S3-264109711	Yolanthe Bagwell Dáta LLC	8904 Ashton Garden Way, Raleigh, North Carolina	US
S3-672620768	Empire (Guild)	1272 Crystal Pl, Chaska, Minnesota	US
S3-261239034	Hospitality	C/O Shlok Agrawal, Opp. Head Post Office Near Rajeshwari Hotel, Akola, Maharashtra	India
S3-189386416	Solvio	Pune City, Kondhave Khurd, Office 907, MH, Clover Hills, 9Th Floor, Sn-27 Par	India
S3-208181499	રાજ સોલ્યુશન્સ પ્રાઇવેટ લિમિટેડ	Gandhi Nagar, Gf, Road 1A, Plot No T1&t4, Block 11, GJ, Unit No B124, Rajkot	India
S3-183996658	South Pioneer Management Co	A-1003, Surat, Surat M Corp, GJ	India
S3-302549965	@nsproject	Karol Bagh, North Delhi, 6/79 W E A Padam Singh Road, DL	India
S3-784871445	LLC Complete Property Union Riverside	00219 Birchwood Lane, North Dakota, ST OHN	US
S3-112285724	danyettenugentgranite.com	203 Royal Oaks Dr, St Paul, Missouri	US
S3-99179817	Simon's  Tire Shop	218 Berwick Rd, Lyncourt, New York	US
S3-941849419	Kajaria (India)-Machineries Corporation	1343C/ 2Nd Floor, Gali No-13 Govind Puri, Kalkaji Mother Dairy, South Delhi, Delhi, DL	India
S3-281521027	1735 drive church associates		US
S3-217255119	Calomira F/K/A Monterroso Rush	4023 Mount Vernon Road, Fl 0, Wichita, KS	US
S3-976350035	Best Electronics Limited Center	Door No 62 Tyagi Bhawan, New Bailey Road, Near Sudha Milk Parlour, Manglam, Saguna, Po : Danapur Cant, Dinapur, बिहार	India
S3-968883354	Taraya Landscaping	Flat C, Kolkata, Parganas South, WB	India
S3-266409243	Smt Ecogreen Enterprises  Limited	Room No V/840 E 4 Fourth Floor Ksrtc Bus Terminal Complex Angamaly, Angamaly P O, Ernakulam, KL	India
S3-450667569	Ardine Everette Pacific Guaranty Eastgate LLC	37786 Heron Ln, Selbyville, Delaware	US
S3-325791419	Rodriguez, Wagner (And)	041W 540 Rohrsen Road, Elgiin, Illinois	US
S3-13039089	North Institute of Technology Incorporated	1867 County Road 4131, Cumby, Texas	US
S3-104862763	Florella Joomes Dynamic Keycorp LLC	691 Clark'S Road, Anchorage, Alaska	US
S3-760786041	Sri MAXIM ACADEMY	71/1, Metcalfe Street 2Nd Floor, Room No. 3, Howrah, Kolkata, WB	India
S3-974838069	The Camargo Crystal Preferred LLC	125 Sunset Rdg, Montgomery, Alabama	US
S3-559632357	... Orbikorbrix	910-914 Honeywell Dr, Anna, Texas	US
S3-122695399	Apex Alpine Corp	89 Union Park St, Unit 407, Boston, Massachusetts	US
S3-367459696	-- Delta Ministries	14407 Brading Mews, Virginia, Midlothian	US
S3-922356398	Ur01ogy Medicine	Ohio, Cleveland, 3581 48nd Street	US
S3-534687437	सेवन टेक प्राइवेट लिमिटेड	Hn 251 Kumar Vastu Co-op. Hsg Soc Ltd, S No 209 Hissa No. 1A/1, Bhamburda, Shivaji Nagar, Poona, Pune, MH	India
S3-151947557	Brightus Inc Center	10957 2219, null, Tyler, Texas	US
S3-264030705	Pediatric Déntal Clinic LLC	##1081 Sagramore North, Streetsboro, Ohio	US
S3-351691422	Harley Boren, L.C.S.W. Corporation		US
S3-71120317	Everett And Smith LLC		US
S3-518549724	Technologies Mkm Education Private	महाराष्ट्र, Atur House Flat 'C' 87-A, Worli, Mumbai	India
S3-306009697	Private JF Welfare Limited	B-87, Platinum Springs, Midc Road, M.i.d.c, Raigarh(mh), Panvel, महाराष्ट्र	India
S3-985352158	Lopeztristatebest.Com	5349 Grimsley Store Rd, Wilson, North Carolina	US
S3-753778784	Kelodelta f/k/a Firefighters Local 510	1920 49th Street, TX, Lubbock	US
S3-363420972	Cassandry  Thurman Epr Inc	Town Of Berry, Wisconsin, 5124 Cth P	US
S3-707753783	lnsurance	570 High Wave Reel Drive, Baytown, Texas	US
S3-13572459	St. Chapel	4590 Tom Lnn Rd, Spring Hill, Tennessee	US
S3-534964531	Jansen, Cárver & Valentin Corporation	Cherokee Street, Texas, Vidor, null	US
S3-964248452	Zephean Studios Corp	749-753 State Route 59, Arora, Illinois	US
S3-88379412	Ridge  Iron Works Inc	244 1/2 Westwood Pl, Unit 8, Asheville, North Carolina	US
S3-496166431	PROPERTIES SKYVIEW ORGANICS PRIVATE LIMITED	#163, Ground Floor Moksha Marga, Siddharthanagar, Nazarbad, Mohalla, Mysore, Mysuru, ಕರ್ನಾಟಕ	India
S3-250804482	Twisted Pub Partners	6536 Greenway Drive, # APT C32, Roanoek, Virginia	US
S3-762152673	Interstate PLLC  Sachem Clear	##30 Wagon Wheel Lane, Plainns, Montana	US
S3-783844688	Rior Fuse	New York, 1377 Stone Rd, Cassville	US
S3-288442666	Corner Auto-Body Corp	12495 172st Terrace, Unit #222, Beaverton, Oregon	US
S3-162964373	interfaithnetwork.com	1001 Hemlock Hills Dr, # C, Aron, Ohio	US
S3-764957249	IW Premier Axiom Inc	4247 Wenger Road, Clayton, Ohio	US
S3-796629251	Bharat Big Limited Services	Flat No. Jg-ii/9-450, Second Floor, Vikaspuri, Del, New Delhi, DL	India
S3-155521981	([Inc]) Henry Centurion	24619 Brewer Road, Rbertsdale, Alabama	US
S3-876927680	Fort Wórth Great Ltd	1434 Arlington Ave, FT Woorth, Texas	US
S3-291987673	नॉर्थ प्रोड्यूसर लिमिटेड	Sri.rakesh Kumar Parshura, Jehanabad, BR	India
S3-1988068	Frontier Rapid Better LLC	00207 Adams Ave, Lebanon CITY, Tennessee	US
S3-39275527	Ardent Mfnganrbower (India)	New Delhi, North West, DL, H.no G-168 384	India
S3-330416335	Wtioltis Mcgee & Bustos,	County Road 3567, PO Box 2850, Cleveland, Texas	US
S3-345163520	Big એનર્જી પ્રાઇવેટ લિમિટેડ	Door No 80 Vedant, Plot No. 45, Street No. 4, Nutan Nagar Main Road, Kalawad Road, Surat, ગુજરાત	India
S3-807666525	Iormina Berrios Colonial Electrical Llc	3910d Aster Ct, Enoola, Pennsylvania	US
S3-348314820	Jks-Private Limited Center	H.no G-583 Koladi Road Paruthipet (Near Sa Polytechnique), Chennai, TN	India
S3-522855835	South Pvt Ltd Service	Praveen Venkatramana Apartments New No:66, 5Th Avenue, Ashok Nagar, Chennai, தமிழ்நாடு, A-1	India
S3-203233824	PLLC Rnsifgeline	Bass Lake Rd, Town Of Iron River, Wisconsin	US
S3-79226578	Estradacardiology.Com	1051 Monroe Rd, Arlingtn, Tennessee	US
S3-355516599	C0lonial Oyster, LLC LLC	53 Winsor St, Valley Falls, Rhode Island	US
S3-775569952	Cardiology Keystone Health, Inc.	Stanley St, Schenectady, New York	US
S3-280202641	Technologies Níppon Consultantsprivate Pvt. Ltd.	A-494 Shahpura, Bhopal, MP	India
S3-78929560	श्री ग्लोबल बिल्डर्स प्राइवेट लिमिटेड	Door No 7. Friends Society, 1St Floor, Ganesh Nagar, Powai A S Marg, Opp I I T, Nr Ganesh Mandir, Mumbai, MH	India
S3-423985594	सिटी टेक्नोलॉजीज प्रा. लि.	H.no Th Floor, Haveli, Pune, MH	India
S3-418106543	Brown, Garner & Oats Security	877 Hopper Loop, Caddo Gap, Arkansas	US
S3-426177568	Ltd Pwk Consolidated	Hyde Park, New York, 1847 9G	US
S3-728848964	Metro  Frontier United, LLC	2843 Greenwood Ave, Louisville, Kentucky	US
S3-934833745	Hex Ltd Pvt [Wave]	Unit No 207 Plot No 7 3Rd Floor Vardhman Grand Plaza Disst Center Manglam Place Street, No., New Delhi, North West, DL	India
S3-440995686	Physical Therapy Pacific Partners  Partners	10143 Shore Rd, Town Of Gibraltar, Wisconsin	US
S3-399906334	CO Stores Company	No.5/115, Pallimukku Junction, Puthenchantha P O, Vallikunnam, Alappuzha, Mavelikkara, Alappuzha, KL	India
S3-862165029	ਇੰਡੋ Solutions Pvt Ltd	Plot No- 196-197, Sector 82, Jlpl, Rupnagar, S.a.s.nagar (Mohali), PB	India
S3-872883996	Solaris & Brothers (Limited)	Thane, #1, Dombivli, MH	India
S3-83447685	J0hnson, Óneida W., P.C. Center	2300 Roberts St, # APT 305, Helena, Montana	US
S3-290737087	Primary Cer Health	980 Tarilton Rd, Titus, Alabama	US
S3-849722702	Intech-Naturals Private Limited	A03/602 Evergreen City Phase 2 A & B Chs Nr Gcc Club, Mira Bhainder Rd, Mira Road E, Thane, MH	India
S3-552139366	North East Delhi Esolutions Group Private Ltd Ltd	North East Delhi, दिल्ली, D-57 F/f, North East Delhi, Kh No-576, Gali No.3, Ashok Nagar	India
S3-160907448	Cultural Projeit	02796 Noel Drive, Little Canada, Minnesota	US
S3-131760820	Community Minintariese	Park Forest, Nauvoo St, Illinois	US
S3-145149076	Clara Ramos  Smith	84. Elizabeth St, Seth, West Virginia	US
S3-851230181	United Value Bakery Partners	119-121 Elmwood Place, # 5, Linnn Creek, Missouri	US
S3-125858138	-- Bhopal Servieocs	E-2/38/5 Arera Colony, Bhopal, MP	India
S3-937931490	Ss Technology LLP	Namakkal, #4/760.A2, TN, Namakkal	India
S3-570147586	Mr maa foods trading private limited	No 171/52, 5Th Cross, 10Th B Main Road 1St Block, Jayanagar, Bangalore, KA	India
S3-885655037	4062 Lake  Blvd Properties Inc	0546 Hillcrest Avenue, State College, Pennsylvania	US
S3-468163464	Barbie Huang Interprivate [LLC]	3820. Woodhue Way, North Highlands, California	US
S3-325884942	Pvt Blue Tris Ltd	H.no 12, Survey No. 84/3, Mumbai Nasik Road Pundhe, Shahapur, Thane, MH	India
S3-946618826	Quantus Scmt LLC	1325 Ivy Street, Canby, Oregon	US
S3-822826024	Derby And Smíth Ltd	471 Fulton Street, Unit Apartment 8, Troy, New York	US
S3-607109950	Premier Works [L.L.C.]	106 Waring Rd, De Witt, New York	US
S3-294091090	Pediatric Dentistry Medicine Group	914 Almanor Way, Galt, California	US
S3-807542217	*** Purple-Tecohnlifogy Private Limited	No: 6, Bangalore, Bengaluru, KA	India
S3-179154311	Tri-State Vision of Fairfax City LP	1036 Stratford Ave, Fairfax City, Virginia	US
S3-683516198	6 12 factory	6 Florence St, Andover, Massachusetts	US
S3-1595936	Ratlam Tradesr Límited	Door No 536 6-3-354/13/B2, Hyderabad, తెలంగాణ	India
S3-98028224	Lopez Montessori Schoo1 Corp	2305 Framer St, Charlotte, North Carolina	US
S3-921070597	Rol Bagh Intelligent Industries Pvt Limited	01224/16, Rol Bagh, Delhi, DL	India
S3-744143885	Pita, Chavez & Middlebrooks Property Solutions LLC	66009 57, Effingham, Illinois	US
S3-790312894	Gildpyra formerly known as Mangin Vision Center LLC	Medina, 2232 24, MN	US
S3-964998085	Hernandez Certified Wholesale, Co	8251b Foxfire Dr, Orangevale, California	US
S3-695659041	(india) Apco Technologies Infratech Córp	GJ, Shop No. B-439, Ahmedabad, Ahmadabad City, 4Th Floor, Sumel Business Park-8, Ajit Mill Char Rakhiyal	India
S3-591353273	Fluxciravantage Sys dba Oncology Medicine LLC	1086 Lily Field Lane, Bolingbrook, IL	US
S3-396511589	LLC Lynnea's Unified Landscaping	621 Nelson Ct, Center City, Minnesota	US
S3-659013752	Dinesh Academy Limited	#393A, Chennai, தமிழ்நாடு	India
S3-96459860	Family Center  Ltd	3283c Cleo St, Orange, Texas	US
S3-527516529	জয় ম্যানেজমেন্ট প্রাইভেট লিমিটেড	No 77 Ketika, J.k. College Road, Nr Bani Club Bye Lane, Purulia - I, Purulia, Puruliya, WB	India
S3-863401613	New Delhi Pages Pvt (Ltd)	30A-Bg, 5A, Paschim Vihar, New Delhi, दिल्ली	India
S3-829734405	Serrano Star America (Inc)	245 1527, Van, Texas	US
S3-494693556	Womens Health Care of-Memphis	3050 Spottswood Ave, Memphis, Tennessee	US
S3-640151909	Sudhanbaker.Com	40, Netaji Subhas Road, Calcutta, Howrah, WB	India
S3-633455909	Innovative Estate General LLP	16, 5Th Cross Main Road, Rayasandravillage, Sarjapurahobli, Anekal, Bengaluru Urban, Bangalore, KA	India
S3-48769347	Deltahalo t/a India Ratna Allied Private Limited	Warangal, Mallakpally Dhrmasaga, Warangal Urban, Telangana, H.No 2 57	India
S3-962490434	Ltd. Best Mobility Global	North Carolina, Lillington, 157 Flyway Dr	US
S3-825982758	Tiphani-Anderson Gores Westgate Inc	504 W Holy Hill Road, Mountain City, Tennessee	US
S3-48351104	Golden Chemical Products LLC Harbor	560 Pequoig Avenue, Athol, Massachusetts	US
S3-924972321	Private United Properties Infratech Ltd	No #49 C/o Md Imran Vill Afzala Tola Afajala Baliya Panch Afzala Block Biraul, Darbhanga, BR	India
S3-459020673	evansexplorationholdings.com	1703 Arron Way, Tennessee, Sevierville	US
S3-527166714	Beacon Hospitality Networks	2115- Arbutus Street, City Of Janesville, Wisconsin	US
S3-759174955	Global Imas 5ingh Center Co Co	11, Greater Noida, UP, Krishna Apra Plaza, Alpha-i, Commercial Belt, Gautam Buddha Nagar	India
S3-163969626	Builders Naman Logistics Private (Limited)	H.no 48, NULL, Thiruvallur, Chennai, தமிழ்நாடு	India
S3-361616125	VQ Debt Corp	2217-2221 Braemar Drive, Abiote, Indiana	US
S3-959430636	lewisholdingsgroupcom	90 Allen Street, Plymouth, Connecticut	US
S3-22498234	Riverside CR Quality Quality Suma	2003 Belmont Road, Parkersburg, West Virginia	US
S3-780755998	Kdg Products Holdings Pvt.Ltd.	Rajkot, Nr.darbarchowkmotibazr, Talukagondal, H.no 52 Kisan, GJ, Rajkot	India
S3-504348529	बॉम्बे प्रोड्यूसर प्राइवेट लिमिटेड	Block B-955 A-2/32-33 Sector 82Nd Floor Rohini Rohini, New Delhi, North Delhi, दिल्ली	India
S3-450796852	Electricians Locdl Union  968	Main Street, Ramsey, Illinois	US
S3-722935838	शक्ति सदर्न इंफ्रास्ट्रक्चर प्राइवेट लिमिटेड	2 B Floor Grd Plot- 19 Shiv Sagar Khan Abdul Gaffar Khan Marg, Worli Seaface, Mumbai, MH	India
S3-241482182	Martinez Limited (Inc)	##30 Kendrick Rd, Los Chavez, New Mexico	US
S3-532067831	star industries private limited	Ug-55somdutt Chamber-11 9 Bhikaji Cama Palace, New Delhi, West Delhi, DL	India
S3-561046732	Shiv Consultants	41, First Floor, Bs, Block - D, Fateh Nagar, New Delhi, Delhi	India
S3-971325462	Private IK Foundation Group Limited	#407, 4Th Floor, Sakar-iii, Near. High Court, Income Tax, Ahmedabad, GJ	India
S3-503988674	Adani Adani Hospital	South West Delhi, DL, New Delhi, #03, S/f Best Arcade Plot No 3	India
S3-2822901	Dream सॉल्यूशंस Pvt Ltd	Fl. No. C 1202, Pune, MH	India
S3-833811615	Aarvraj Technology Prriate [Limited]	H.no 762 5, First Floor, Dey Tower, Above Canara Bank, Palasia, Indore, MP	India
S3-286636217	1960 Lincoln Lane Holdings Co	813-815 Southwood Drive, Kings Mountain, North Carolina	US
S3-686530188	सुपर एग्रो प्राइवेट लिमिटेड	501, Mumbai, Mumbai City, महाराष्ट्र	India
S3-470514043	Burton, Dobberstein Ovalle and Digital	1249 1/2 Cedar Rd, # 102, Chesapeake, Virginia	US
S3-983474626	The Express Algonquin	3823 Lake Shore Drive, Wonder Lake, Illinois	US
S3-178943203	Mumbai Digital Pvt. Limited	Turakia House, Plot No 730, Opp Ram Mandir Hanuman Cross Road No 2, Vile Parle East, Bombay, Villeparle, MH	India
S3-39305012	सदर्न हॉस्पिटैलिटी लिमिटेड	H.no 795 Office No-4 2Nd Floorbldg No 85-A Shekhi Memon Street Zaveri Bazar, Mumbai, Khandeswar, MH	India
S3-418315569	Auto Mezo Supreme Inc	511 Palmetto Avenue, Marshfield, Wisconsin	US
S3-422542644	Supreme  Consulting Limited Private	C/o Kalish Chander Nr Hay, Amritsar, PB	India
S3-108301149	Fetech	NULL, 135 Huntingtown Rd, Newtoown CITY, Connecticut	US
S3-25973052	Gene Orr Express México Associates Eastgate Corporation	102 Red Cliffs Road, Ketchum, Idaho	US
S3-157785346	pf equipment private limited	No 43 Harmony, Classics Orchards, Phase 1 Behind Meenakshi Temple, Bannerghatta Ro, Ad, Bengaluru, Bangalore, KA	India
S3-152378152	Sun Center	H.no 9/6 Kapadia Bldg Jahagir Dajicross Lane Sleater Road Opp Grant Road Stn, Grant Road (W), Mumbai, MH	India
S3-100119068	Andino Cherry Corp.	1024 Kansas Ave, Kansas City, Missouri	US
S3-768049626	Kaverraj Trexim	Old No-12/14/3031. Maulana Azad Chowk Behind Badi Masjid, Sendhwa, Barwani, MP	India
S3-463537623	Capital	Ho No 748 J, Uttar Pradesh, Gorakhpur, Parwati Puram, Ramjanki Nagarbasharatpur, Gorakhpur	India
S3-239634779	Atlantic  Complete Pono	New Mexico, 100 1st Street, Magdalena	US
S3-311587520	Teix Group Service	Washngton, ##7150 Twelfth Saint, Unit 424, District of Columbia	US
S3-949359102	Ram Food Ltd	A/t Ff8 Sno 162/3 Greenwod Tal Dis Satara Shahunagar, Satara, MH	India
S3-406839754	Continental Network	72 Southern Boulevard, null, Nebwury, Massachusetts	US
S3-504158474	>> Gloria [Bryant]	Iowa City, Iowa, 1611 E Court St	US
S3-143534137	Surgical  Reliable Physicians L.L.C.	33084 Melon Dr, LOS Fresnos, Texas	US
S3-396256962	Oliver's Publishing LLC	520 Dora Hills, Unit 311, Spring Hill, Tennessee	US
S3-642689971	Veohalo	1002 Cedar Creek Drive, Houston, Texas	US
S3-865951173	యూనివర్సల్ గుజరాత్ ఐటీ ప్రైవేట్ లిమిటెడ్	Secundrabad, H.no 32, TG, Hyderabad, Nathaji Nagar, Kapra	India
S3-38687654	Mustang (India) Processors Clinic	No 31 Surkasha Vihar Colony Gwalior Road, Agra Region, Agra, UP	India
S3-63551095	Chavez, Ward and Magana  LP	North Carolina, Archdale, 1028 Springwood Ln	US
S3-277809896	Aprameya  Private Limited Center	1A., Raja Subodh Mullick Square, Kolkata, Howrah, Kolkata, পশ্চিমবঙ্গ	India
S3-760197667	Better  Manulife Holdings	33 Strevell Ln, Berne, New York	US
S3-561368063	The Heritage Semiconductor Consultants Inc	8545 Spiingfield Avenue, Skokie, Illinois	US
S3-620519840	Platinum Rre Inc.	245. Slaven Ln, Oneida, Tennessee	US
S3-132850377	[Partners] Ms Limited	002/371, Malappuram, Malapuram, KL	India
S3-272683622	Primary Care Complete Health Llc	District of Columbia, Washington, 1255 New Hampshire Ave, Unit 625	US
S3-284711380	Pvt Bansilal Hlahn Ltd	Alandi Rd., Nashik Highway, Chyapashchimakadil Bh. Sant Dyaneshvar Nagaracha Kahi Bhag, Bho, Sari, Pune, MH	India
S3-395350678	Roopika Tea Ltd Pvt	Door No 918 D-1701, Synchronicity, Off Chandivali Farms, Chandivali, Powai, Mumbai, Mumbai City, महाराष्ट्र	India
S3-532070907	Colonial Sterling-Inlrlrancme #95348	3675 Taylor Ct, Centennial Park, Arizona	US
S3-49959813	Novial Hancock Inc.	82 Tuckahoe Rd, # Apartment 4B, Yonkers, New York	US
S3-467290645	Lunde, Mcthsl & Mosqueda Cable Corp	16243d 205, Bldg 21, Terrrell, Texas	US
S3-333774388	M/s Esbee Ltd Center	UP, Ghaziabad, Gautam Buddha Nagar, 7	India
S3-297261608	Dovawex Sys formerly known as Pierson and Montano Aimei Inc.	719 Marin Parkway, Dadeville, AL	US
S3-486237423	Kolkata Lifecare L.L.P.	72, Calcutta, Howrah, পশ্চিমবঙ্গ	India
S3-551094450	NB 6uaranty Summit, LLC LLC	8 Harts Hill Parkway, Whitesboro, New York	US
S3-70460315	HST Private Limited Partners Partners	24 Jannagore Road, Kolkata, Calcutta, WB	India
S3-965140316	Hyper 5erve (India) Private	B-7-1005, Premium House, Behind Handloom House, Ahmedabad, ગુજરાત	India
S3-492931656	MOUNT BAPTIST CHURCH	5013-C Louise Ave, Sioux Falls, South Dakota	US
S3-59768268	Summit Land	Old Mitchell Hill Rd, Louisville, Kentucky	US
S3-379343724	Lucky Tattoo Ltd	0313 Firwood Road, Huron, Ohio	US
S3-831201206	SN	H No:47-3-28, Plot No 202 Bharath Tower, 5Th Line, Dwaraka Nagar, Vishakapatnam, Andhra Pradesh	India
S3-891550264	Sunita  Nidhi Delhi	###14 And 15 Kh No. 18/19 Gf Harit Vihar Kamal Pur Burari, Delhi, North Delhi, दिल्ली	India
S3-187881783	East Peak Service	1996 Hwy 41, Chattanooga, Tennessee	US
S3-152724984	Urban Galaxy Consultancy Private  Limited	No 381, Rangareddy, Hyderabad, తెలంగాణ	India
S3-151980939	KI Power Prívate	HR, Gurugram, Divreportingcircle, 1333	India
S3-947812532	Ivey, Sabra,-DMD, DDS	1022 Btena Vista Drive, Tempe, Arizona	US
S3-950528787	Shining International School Pmabictae Limited	Jairaj Residency, NULL, Pune, Sangavi, MH	India
S3-416585247	Sunder Pvt Ltd Service	Dior No 452 3-1-30, Flat No. 301 Shiva Puri Colony, L.b. Nagar, Hyderabad, TG	India
S3-549960699	ਹੋਟਲ ਕੰਸਲਟਿੰਗ ਸਟੀਲ ਪ੍ਰਾਈਵੇਟ ਲਿਮਟਿਡ	No 6 Fisrt Floor, Kapurthala, PB	India
S3-897082727	Lakshmi Exports General Private Limited	#4 D Canal Road, Kolkata, Howrah, WB	India
S3-805178294	श्री इंफ्रास्ट्रक्चर लिमिटेड	S. No. 8A, Pl No. 43, Shop No. 3 Kondhwa Khurd, Pune, MH	India
S3-278409614	Eye Care Inc. #69533	2974- Tuttle Street, Rock Islaand, Texas	US
S3-308730051	Colony Family Sérvices	2908 160th Street, Presctt, Iowa	US
S3-835714367	Shree Irfno Co	Block - 3, Kolkata, Howrah, WB	India
S3-809536951	Castillo Platforms Group	486 Mountain View Road, Bluff City, Tennessee	US
S3-135370123	Dynamic Marketing Constructions Private Limited	#166B/Xi Samkranthiperumbaikad P O, Kottayam, KL	India
S3-925011663	spooner creative northland, inc	18745 Ventana Ln, Mariopa, Arizona	US
S3-490912892	QZI Electric Pvt.	307, J. K. Chambers, Plot No.-76, Sector-17, Vashi, Thane, MH	India
S3-565927185	*** Jaimes International-LLC	9007 Lennings Lane, Rosedale, Maryland	US
S3-852594934	Sarvottam Industries	#153 11B/18, Prabhuram Sarkar Lane, Kolkata, Howrah, Kolkata, পশ্চিমবঙ্গ	India
S3-417095896	XIV Limited Cabs	New Delhi, South Delhi, H. No. P C-23, DL	India
S3-938958133	Vision	Town Of Springvale, W10146 T, WI	US
S3-749930782	Cr0om's Brewing	918 Rocky Mount Road, PO Box 3357, Atthens, Tennessee	US
S3-266521106	White, Cóx & Schaffner Llc	422 Mound St, Carthage, Missouri	US
S3-658041003	সুপার ইনভেস্টমেন্টস প্রাইভেট লিমিটেড	H.no 10 Clive Row 6Th Floor, Lucknow, Calcutta, WB	India
S3-394251418	Bengal Mills Private  Limited	201 & 202, Kurubavandlapalli Road, Haripuram Erramanchi Revenue Village, Anantapur, Penukonda, AP	India
S3-227844225	Powell & Mason	1709 Primrose Ave, Nashville, Tennessee	US
S3-463707253	Deshields, Hall And Ray LLC	275 6rd Ave, Junction City, Oregon	US
S3-701458653	Pvt Kp Welfare Society Ltd	No 71 Ranbir Singh S/o Sh. Shiv Lal Vpo Petwar, Hisar, Hissar, HR	India
S3-825523677	শ্যাম ট্রেডিং প্রাইভেট লিমিটেড	47, Grant Lane Ground Floor, Kolkata, Bowbazar, পশ্চিমবঙ্গ	India
S3-209530614	White Management Management Private	G No 547, Siddhivinayak Nagar Shikrapur Tal Shirur, Pune, MH	India
S3-894437360	MS BETTER W0RKSHOP INC	Austin, Texas, 10331-10335 Old Manchaca Rd	US
S3-251249515	Industrial Wellness Global Holdings	175 Peachtree St, Atl, Georgia	US
S3-362853940	muskaan & brothers pvt. pvt. ltd.	Flat No 2/6 G/f Devika Tower Nehru Place New Delhi, New Delhi, दिल्ली	India
S3-434583741	Gravity Gymkhana Private #21681	H.no 3-4-174, Pillar No. 140, Hyderguda, Hyderabad, TG	India
S3-716818938	Straight Edge Pilates	7516 Rubens Parkway, Sacramento, California	US
S3-356263953	KC Quality Private Private	WB, Hooghly, Rishra, ##530/1	India
S3-605131498	The Faversoft Therapeutics North Inc.	3325D Roy Messer Hwy, WHTE PINE, Tennessee	US
S3-518065887	H. Vicki Lebert, DMD	12055. 178th St, Renton, Washington	US
S3-837450225	TCA Estate Private Limited	1628. Sh No. 1 Vasant Siddhi Appt 6Th Lane Rajarampuri, Kolhapur, MH	India
S3-725309424	H  B Gilbert Plumbing Inc	78 Quaker Hill Road, Monroe, New York	US
S3-815841472	Ruiz, Janette Opportunities Pllc	348 Grove St, Springville, Alabama	US
S3-59133681	Sas0ft Dynamic Dollar L.L.C.		US
S3-51277207	Limited Software Manipal Enterprise	A906 Century Central, Bangalore, Bangalore South, KA	India
S3-386960937	Wilmington Baptist Chiropractic Group Services	1923 Newport Gap Pike, Wilmington Ccity, Delaware	US
S3-107928969	Cabreja	317 Boulder Avenue, Nora Springs, IA	US
S3-840604391	Guru Investments Private	290/3, Kancheepuram, தமிழ்நாடு	India
S3-119916536	Valley Industries	17 Eddy Road, Hadley, New York	US
S3-73898662	Suncity Seva Samiti Enterprises Co	#5743/50 South Bastiharphool Singh, New Delhi, Central Delhi, DL	India
S3-867176023	Capital Gulf Argentina Clinic Ltd		US
S3-228877953	raj (india) solutions partners	Flat No 603, Tower No 14 Chd Avenue 71, Gurgaon, हरियाणा	India
S3-447448464	Global Jagdev-Meditech Limited	85 S K Deb Road, Kolkata, Calcutta, WB	India
S3-499703475	Supreme Transit International International [P.C.]	Illinois, Orland Park, 10811 143rd St, Unit 120	US
S3-65984451	Jolene Gutierrez Global Lion Limited	179 Barre Rd, Templeton, Massachusetts	US
S3-386654363	India Funds Enterprises	G-35, Kancheepuram, TN	India
S3-644247647	Montoya Center	1380 Ferrells Bridge, # 5, Louisburg CITY, North Carolina	US
S3-140696646	Dental Dental Prngtbs Inc	0509 Walter Rd, Floor 0, Glen Burnie, Maryland	US
S3-328728309	Cockerill,  Subramanian and Jensen Shore	14th Street, West Babylon, New York	US
S3-718385093	Farrell Mustang	16571 Grand Avenue, Surprise, AZ	US
S3-760083985	Concordia B. Cue, D.C. Corp	Sparrow Court, Glen Cove, New York	US
S3-734249858	शिवा सर्विसेज स्टील प्राइवेट लिमिटेड	Fl 112, Panvel, Raigarh(mh), MH	India
S3-421438703	Private New Delhi Innovative Ltd	F-22, New Delhi, DL	India
S3-920671048	Private White Enterprincs Limited	Door No 202/A, Hyderabad, Andhra Pradesh	India
S3-800851007	Crosby, Hampton & Tipton Of Fair Grove Co	98 Chestnut St, Fair Grove, Missouri	US
S3-614007249	Drexonyxlyra	C/o Natha Baji Javir, At Post Atpadi, H. No. 6394, Tal Atpadi, Raigad, Sangli, MH	India
S3-67061559	American  Summit Xcel LLC	Plum Nelly Cir, # 338, Nashville, Tennessee	US
S3-805704707	Superior  Services PC Center	Arizona, 2048 Martingale Rd, Gilbert	US
S3-352295331	Tee Commercial	D ##46, Mumbai, MH, Kandivali West	India
S3-914478204	Nexvio (Próject)	247 Preston Drive, Warrenton, Virginia	US
S3-421414405	Stewart, Rains & Bostgic Supply LLC	Wyoming, Mile Marker 4 Fs 700 Vedauwoo Glen, Laramie	US
S3-867093061	Ironworkers Ltd 665 Local	773 Verona Loop, Fl 1, Washington, Olympia	US
S3-595987627	Avirat Services	Plst 531 Flat-2a 63, Kolkata, Howrah, WB	India
S3-550172243	Heartland Association Partners	1126-1128 Hillcrest Rd, Cincinnati, Ohio	US
S3-653429506	ಕ್ರಿಯೇಟಿವ್ ಕೇರ್ ಪ್ರೈವೇಟ್ ಲಿಮಿಟೆಡ್	860/A, Narendra Chamber, Opp Modi Eye Hospital, Bangalore North, Bangalore, KA	India
S3-689176872	Pediatric-Dentistry Unified Clinic	1815. Chantilly Ln, North Carolina, Salisbury	US
S3-755189191	Ninnette Diaz Grand	7521 Guaaalupe Trail, Albuquerque, New Mexico	US
S3-114594618	L.L.C. A Heritage Quantum	8438 Payson Dr, Lewis Center, Ohio	US
S3-379415128	Eldorado Cívil	A - 401 Astha Square Nr Kapodra Utran Bridge, Surat, ગુજરાત	India
S3-78200555	Aarvan News Prvcate Limited	H.no 4-504, 5Th Floor, T, Amrapali Sapphire, Noida, Noida, Gautam Buddha Nagar, UP	India
S3-519685678	हाईटेक सॉल्यूशंस प्राइवेट लिमिटेड	No D/206 Rupeo Enclave, 1200, Dhanaut, Patna, Phulwari, Patna, BR	India
S3-514429601	New Delhi Cómmunication Private Limited	Bnock F-221 86, South Delhi, New Delhi, DL	India
S3-610863213	Best  Igpgex	Plot No. 1-03, WB, Bardhaman	India
S3-414922290	Cardinal (LLC)	1604 Greenbrier Ridge Way, # 302, Knoxville, Tennessee	US
S3-766242909	Nofloor Trust	1010 Main Street, Sparta, Wisconsin	US
S3-484724144	Sri páraassociates.com	14-10, Bangalore, ಕರ್ನಾಟಕ	India
S3-552326148	Services Contreras Tsakos Ínc.	500 Pine Crest Dr, PO Box 2306, Jacksonville, Arkansas	US
S3-151633075	Davis & Haun Constellation,	333 Irvine View Street, Richmond, Kentucky	US
S3-282269666	F0undry Velos LLC	96-100 Pine Circle, Big Flats, New York	US
S3-613085634	Creative Systems  LLP	401, Hyderabad, TG	India
S3-566229450	PIJ Suisse	1912 Ctgswell Ave, Pell City, Alabama	US
S3-935643339	Lyranylayuma F/K/A Heffington, Smith & Ragsdale Exchange Inc.	1142 13, Town Of Big Flats, WI	US
S3-283958969	Antriksh  and Co	A-02/22, Block-a, Utkal Royal Residency Gautam Nagar, Bhubaneswar, Khordha, OD	India
S3-801977543	Stafford Choice	20C Eastbrook Road, # 4, Dedham, Massachusetts	US
S3-12844399	Ravviya Industries	##94, Panchkula, HR	India
S3-196772345	Cardioloy Gróup	#11 Lookout Lane, Buuchanan, Tennessee	US
S3-731095750	-- GNT Healthcare Limited Services	6-166, New Delhi, DL	India
S3-577472264	Sri Jai Investment  Pvt Ltd		India
S3-782969795	Sri Vasudha Private Limited Partners	Nexus Builders Building No. C-2 /403 Housing Complex, Thane, MH	India
S3-531050438	Mead's Keystone	Port Washington North, 8 Wildwood Gardens, # Apartment G1, New York	US
S3-297908514	Crystal Jpmorgan [Inc]	2434a 34th Street, Lubbock, Texas	US
S3-119890054	BDR Broking Exports Private	No 7/14/ Lindsay Street, Kolkata, Howrah, WB	India
S3-367123734	Private Shreya Biolabs Limited	Nadia, Gayeshpur. P.o, Gayeshpur, WB, Kalyani, C/o-sri Samir Ku Mukharjee. 5/907	India
S3-962432438	Hoke's  Therapy	301 Gavilan Canyon Rd, Ruidoso CDP, New Mexico	US
S3-750827425	Vanguard Coastal [Maritime]	New York, 7 Culver Road, Rochester Township	US
S3-435772080	Avaneesh Services	H.no 11521 Ext. U.e., Sadar Bazar, Gurgaon, HR	India
S3-399542129	Beth  Cathedral Corp	2013-2017 Greenbud Rd, Village Of Kronenwetter, Wisconsin	US
S3-157018105	FRENCH GROUP P.C.	106 Main Pl, Euless, Texas	US
S3-611695184	Balser Pioneer Infrastructure Partners	989 Wood Park Drive, Hempstead, New York	US
S3-816348604	Vanya Ornaments Pbraivhde Limited	C/o Haribansh Nr.singh, Vaishali, BR	India
S3-626110802	Stráin,, Lane DDS LLC	158 Sandie Drive, Fl 0, Rhome, Texas	US
S3-415824691	Frontier Ltd Services	Elkins, Arkansas, 1100 Macy Ln	US
S3-989110460	Korarc trading as SHZ Services Private Limited	Hr-21-A, Unit-2, First Floor, Pul Pehladpur, Delhi	India
S3-234709003	Parr Parr Integrated Distribution	West Lake Rd, <NULL>, Rice, Minnesota	US
S3-251169031	Vs-LLC	2302 Heather St, Highlands Township, Texas	US
S3-4626783	Keystone Columhia Inc.	1013 Cone Blvd, Tennessee, Nashville	US
S3-963173691	Aditiya  Benefit Private Limited	Plot 267 Flatnof305 Peninsula Park, Nr Dmart Oppnew Viva Coll, Vasai, Dist Thane, MH	India
S3-966015206	Butler Green Newbridge Center Ltd	#1023 Center View Rd, # 2411, Sevvierville, Tennessee	US
S3-894504575	Dotti's Smárt Wholesale Associates	21 Sixth Street, Washington, District of Columbia	US
S3-823706693	Harris Figaro ánd Rana Electricity LLC	1429 Moniac Court, Mesquite, Texas	US
S3-303060830	Sturgill Allied Partners Partners		US
S3-798520293	TOTAL ÍNDUSTRIAL PC	8 Jefferson Garden Apartments, Unit Apartment 4, Monticello, New York	US
S3-584191562	Office Of Aging Llc	Charlotte, North Carolina, 5006 Evanders Way, Unit 304	US
S3-557497483	Dr SWASTIK MARKETING PRIVATE LIMITED	204 Chiranjiv Tower 43, Nehru Place, New Delhi, DL	India
S3-19812166	Cortes & Smith Group Service	527-529 Kingswood Dr, Taylorsville, Kentucky	US
S3-393421871	Devdoot Expert Private	C/o- Kamala Kanta Das, Dasghara, Hooghly, পশ্চিমবঙ্গ	India
S3-60549727	Danonet Enterprises [LP]		US
S3-701468012	Peridari Hospital	4-A Hague Rd, Windhamc DP, Maine	US
S3-378699080	Fresh Diner Downtown	289 Greentown Avenue, Warrenton, North Carolina	US
S3-492065885	Heartland Star Principal LLC	9952 Magnolia Estates Ln, Manvel, Texas	US
S3-775874004	Melisande's-Supreme Signs Signs Inc	#32 Overlook Ln, Harman, West Virginia	US
S3-407951982	676  First	Anna Ct, Plainfield, Indiana	US
S3-54865415	Thrissur Doctor  Company	51/2384-58, Leshore Business Park, Thoppinmoola, P.o Poothole, Thrissur, Keralam	India
S3-72815230	Royal Cargo Pártners LLC		US
S3-381881724	Dishner Tinto Inc	2819 Yale Dr, Granite City, Illinois	US
S3-635420112	SKM GLOBAL PRIVATE LIMITED	Block F-460 Office No 101, 1St Floor, Ss-4/132, Sector-02, Vashi, Thane, MH	India
S3-705794759	Sierra Chímera LLC	13303 Mcqueen Drive, Durham, North Carolina	US
S3-253870822	Nexevo dba YT Strategic Retail Inc	3063 Flame Tree Lane, Albany, OR	US
S3-431891138	Corp Automated Printing Partners Clinic	#72 South Street, Marlbor OCDP, New York	US
S3-178563295	Shiv Pharmachem-Corp	Indore, मध्य प्रदेश, Indore, 0745, Sudama Nagar, Near Narendra Tiwari Marg	India
S3-945135312	Goodman Solutions Ltd	Plot No-257, Kundli, HR	India
S3-718030188	LLP Rani Mhaal (india)	D/31, Jhansi, Tahrauli, उत्तर प्रदेश	India
S3-442321530	Superior Át1antic Flag LLC	12077 Warbler Lane, Keller CITY, Texas	US
S3-387022364	Keloumbra DBA: Om Consulting Private Limited	Shed No. 22, Cat. Ii, Sfs Dsidc Industrial Complex, Rohtak Road, N, Angloi, Delhi	India
S3-732470549	Rippe Interstate Biracilik  Greater LLC	18430 Tulane Street, Columbus, Minnesota	US
S3-112320676	Internal Medicine Clinic	3401 Moneta Court, Arlington, Texas	US
S3-576383180	Cornerstone	#1529 Quails Nest Dr, FOR Worth, Texas	US
S3-113568620	अल्फा वेंचर्स प्रा. लि.	R No 1/2 Tulshetpada Darga Road Bhandup Sonapur, Mumbai City, Mumbai (SUBURBAN), MH	India
S3-696655566	4350 FIFTH STREET REALTY	1003 Brambleton Avenue, Norfolk, Virginia	US
S3-604195131	MP Modern (Two)		US
S3-252636277	Hunter State LLC	South Carolina, Senecca, 817. Crooks Farm Rd	US
S3-116713593	Martinez, Hart and Larson	307 Embers Lane, Cloveer, South Carolina	US
S3-453836393	Better Robotics Irtnudtsiers Inc.	Ohio, Cleveland, 1859 58th St	US
S3-754328032	Azure Tednloies Partners	121, MH, Mumbai, Plot No.37, Trishul, S.s.s.p Unit 14 Chs Ltd	India
S3-229258357	गोल्डन इंफोटेक प्राइवेट लिमिटेड	H.no 861 M S Shinde, 6A, Patidar Complex, Opp.police Station Vikhrole (East), Kannamwar Nagar - 2, Bombay, Mumbai City, MH	India
S3-601550279	RS	H. N. 2628, Khakhad Tola, Post, - Dudahi, Padrauna, Kushinagar, Uttar Pradesh	India
S3-583655530	Foot & Ankle	Brooklyn Center, 1350-C Shingle Creek Crossing, Minnesota	US
S3-761866626	Eye  Health Inc	5223. Enchanted Timbers Dr, Humble, Texas	US
S3-559701607	Private Nilgiri Engineers Ltd	D/2952-53/2 Sangtrashan Bazar Paharganj, New Delhi, Central Delhi, DL	India
S3-150703795	MURFREESBORO PHYSICAL THERAPY DIRECT PARTNERS LLC	4550 Woodbury Pike, Murfreesboro, Tennessee	US
S3-484373643	ಗೋಲ್ಡನ್ ಇನ್‌ಫೋಟೆಕ್ ಪ್ರೈವೇಟ್ ಲಿಮಿಟೆಡ್	18/1, Bangalore South, NULL, ಕರ್ನಾಟಕ	India
S3-175539719	UNU Technologies Limited	Door No 8, Chikkanagavalli Village, Mandikallu Hobli, Chikkaballapur Taluk, Chikkaballapur-562, 101, Chikkaballapur, Kolar, ಕರ್ನಾಟಕ	India
S3-794775534	peak talent dynamics care	#2930 Sweet Briar, Grapevine, Texas	US
S3-352126847	Supaul Limited Services	C/o Sona Kumar Jha, Supaul, Saharsa, BR	India
S3-655246504	Micky's Díam0nd Contracting	11 Wolf Creek Highway, Rocky GAP, Virginia	US
S3-706058539	Lippincott LP Futurecorp Desert		US
S3-440628232	LK Multimetals Private Limited	No 27. C/o Ramashre, Bharpura Bharpura Padariy, Mirzapur, UP	India
S3-477621349	Vigilance Option	T19-308, Lucknow, UP	India
S3-588685107	सूर्या Media	C-118 Raj Chambers Nearkothla Stand, Ahmednagar, MH	India
S3-905735045	Upper Continental Brown L.L.C.	101 Bureau Avenue, Laadd, Illinois	US
S3-597225923	Kraus and Sykes Rre LLC	185 Estaban Dr, Camarillo, California	US
S3-21076757	sterling financial consultants co	##9564 Carroll Ct, Loveland, Ohio	US
S3-778151165	Rios, Ward And Blankenship Surgical (Pllc)	508 Cascade Drive, Homedale CDP, Idaho	US
S3-799216125	Prudy's Consultants Ace	3321 Tack House Rd, New Bern, North Carolina	US
S3-21958997	Subhrekha & Private Limited Center	868B, Saraswathi Puram, Rajampeta, Annamayya, Kurnool Region, Rajampet, AP	India
S3-206567680	Hyacinthie Andsaon Diversified LLC	11264 1/2 Pippin Road, PO Box 3667, Cncinnati, Ohio	US
S3-648659011	Ross, Tobin And Bennett Llc	18 Randolph St, Rochester CTY, New York	US
S3-159777767	Lyra  Entertainment Inc	2231 Lyon Landing Rd, Tar Heel, North Carolina	US
S3-95554482	5g Safety Group	834 D/no: B14, Malappuram, Malapuram, കേരളം	India
S3-575021389	Regional Liberty Return, Incorporated	2950 27rd Place, Yuma, Arizona	US
S3-517739476	സിറ്റി മാർക്കറ്റിംഗ്	C/o Thresamma Joseph, Maniladm Gemfield, Vaikom, KL	India
S3-671766252	Kendrick,, Vonnie D.O.	Cedar Ave, Reupblic, Missouri	US
S3-995285804	Nagpur Hóuse	Plot No. 72, Flat No, 102 Royal Park, Ramdaspeth, Nagpur, MH	India
S3-379483194	msgengineering.com	209/210, Floor-2 Plot 195, Arcadia Building, Mumbai, MH	India
S3-608209683	Surya Agior Pvt Ltd	No. 44, Nythappa Layout, Arikere Village, Bannerghatta Road, Bangalore, KA	India
S3-166218205	#gianttubes	2-3-24 Lareposegokhale Soc Lane Parel, Mumbai, MH	India
S3-53301332	Hanley Institute of Technology Uptown	1344 59 Street, null, Broklyn CITY, New York	US
S3-350483164	Private Hotel Samruddhi Limited	747, 4Th Block, Bangalore South, KA	India
S3-183437873	Akashdeep Limited Center	Aurangabad, MH, Regional Office Aurangabad, Hn 0309 C/o Datta Bapurao Kale	India
S3-560165733	jupiterservices.com	No.15/1, KA, Ground Floor, Svm Mansion, East Circle Road, V.v.puram, Basavangudi, Bangalore	India
S3-829392018	Xylomira D.B.A. Rajarshi Systems Private Limited	Winter Hills, Dwarka Morh, Flat No. H-603, Delhi, New Delhi, West Delhi	India
S3-387788972	U R & G Managers Llc	Alma Ln, Winnabow, North Carolina	US
S3-867560308	Novidelta+	54, Government Arts Collegeroad, Coimbatore, Coimbatore, Tamil Nadu	India
S3-285650811	Future It Pvt Ltd	H.no 2Nd Floor, Hyderabad, Rangareddy, తెలంగాణ	India
S3-219946710	Caryn Doak Value Oceanhawk Group	145 Dorsett Ave, Upland, California	US
S3-558328831	SOUM INC.	Washington, District of Columbia, 827 48th Street	US
S3-920325310	Surgica1 Care	3938 Myrtle Ave, Phoenix, Arizona	US
S3-540398303	Calonexzeph f/k/a Apex Mobility Labs LLC	32 Cedar Drive, Teays Valley, WV	US
S3-218755210	Public Agile (India) Alliance Limited	Sb 3-11, The Emperor, Fatehgunj Main Road, Vadodara, ગુજરાત	India
S3-90285063	Blue Care Éye Elite		US
S3-953642192	Savaix	Second Avenue, Salt Lake City, Utah	US
S3-446769837	CORNERSTONE AGRO PRIVATE LIMITED	Plot No F64 A, Bahror, Alwar, RJ	India
S3-526734278	*** lntegrated Xii	28491 Pinehurst Circle, Easton, Maryland	US
S3-503394733	Shri artexaviation.com	T S Sastry Hig A ##92, Iv Phase, Seri Lingampally, K.v.rangareddy, TG	India
S3-726108094	I Y & X Atlas Inc	210 Church Street, Unit A, Rich Creek Town, Virginia	US
S3-303396705	Schoenbeck Aviation LLC	2780 330, Texas, Burnet	US
S3-846048432	Seven Constructions Trading Private Limited	B No 54, Ahmedabad, ગુજરાત	India
S3-56220606	Reyes Learning Services	817 Navaho Drvie, # 101, Raleigh Township, North Carolina	US
S3-416825807	Finance San Innovation Private Limited	Latur, Bodhan Nagar Swami Vivekanand Campus, Udgir, Door No 07, महाराष्ट्र, Latur	India
S3-278483900	Padma Software Prilger Limited	Agra, Block C-990- 64/218, C.o.d. Road, Near, D.s.c Line, Madhu Nagar, UP	India
S3-881408476	Drusy E. Jónes, Ph.D., DDS PC	14701 La Llorona Ln, Austin, Texas	US
S3-300063159	Ironworkers Union Local No 725 Downtown LP	683 Main Rd, Delaware, Ohio	US
S3-308536971	Benedikta Mahl Interprivate Central LLC Service	149 Grane Rd, Otisville, New York	US
S3-953274819	Cardiology Allied Center Partners	0098 Bear Ridge Road, Eureka Springs, Arkansas	US
S3-511469117	Nexumbra a/k/a Arihant Construction Pvt Ltd	107 Sambhu Halder, Ln, Uluberia - I, Howrah, West Bengal	India
S3-183296668	Sweet Bakery	705 26nd St, PMB 3350, San Bernardino, California	US
S3-866394364	215 Pk Lane Associates Inc	4774 Parker Drive, Williams, Arizona	US
S3-31186533	Pediatric Dentistry Pártners	2718- Costa Mesa Drive, Dallas, Texas	US
S3-358321694	jackson value cleaning service l.l.c.	359 Main Street, Iowa, Odebolt	US
S3-124389482	Bhaskar Foundation  Ltd	Plat No-103 Saket Nagar Lanka, Varanasi, UP	India
S3-322658730	sevuebeaconbreeze.com	3308-3310 12rd Street, North Dakota, Minoot	US
S3-417602422	Danni's Doai	8298 Short Road, Florin, California	US
S3-248182498	Aerial Memorial Trust Ltd	Plot 418 E-43/7, Okhla Industrial, Area, Phase-2, New Delhi, South Delhi, दिल्ली	India
S3-475598043	Ali & Worsley Ltd	1919 1/2 1080, Orem, Utah	US
S3-258505554	Al Dream Consultants Corp	Cts 1293, Grandis 1001, Kanjur Village Kanjurmarg, Mumbai, MH	India
S3-272913126	KUDANTHAI LOGISTICS (INDIA) ENTERPRISES CORPORATION	1879-A, Gurdwara Road, New Delhi, Kotlamubarakpur, DL	India
S3-551768273	QF Lifesciences	7131 Pine Rock Street, Spokane, Washington	US
S3-51657985	Shruti & Sons Enterprises Private (Limited)	Syno##30/4, In Farm, Atmauza, Sawali(bk), Karanja, Arvi, Wardha, MH	India
S3-52687731	Turnbull Industries	Spring Hill Road, Red Oak, Texas	US
S3-483915151	Sumner Xrp Best	W339n6558 Loghouse Circle, Town Of Merton, Wisconsin	US
S3-524568732	Mcgrew Consulting Inc	15042- Preserve Dr, PMB 9366, Lockport, Illinois	US
S3-552070970	Neang and  Hgllan Calamos LLC	625B 8st St, Wytheville, Virginia	US
S3-30107667	Gildiri	No. 33 & 34, Bangalore, 1St Stage Off 100 Ft Road, KA	India
S3-439069002	গোল্ড সাউদার্ন হসপিটালিটি প্রাইভেট লিমিটেড	8/1 Lal Bazar Streetroom No 3 Floor 3Rd, Kolkata, Calcutta, WB	India
S3-585473134	Solutions Leo System Overseas Private Ltd	65, Luz Church Road, Chennai, Madras, TN	India
S3-380739973	Bu-Trading	Kh. No.-77(4-6), G/f, Near Radha Krishna Mandir, New Delhi, South West Delhi, DL	India
S3-997900617	Yvonne Cline Snow Co	Sardis City, 337 Stardust Drive, Alabama	US
S3-710381968	... Robbins & Mcmillen Cólombier Lakeside Inc	2840 49nd Street, Des Moines, Iowa	US
S3-483467609	The Berard, Budge & Webb Diagnostics Group (Inc)	13 Maple Street Extension, Topsham, Maine	US
S3-551566477	Heartland Soeciy	14103 Overbrook Ln, Houston, Texas	US
S3-994685242	Platinum Dynamic Nmp ínc #17396	957 Langley Road, Building 30, Bethesda, Maryland	US
S3-639706835	Back Alley	1601 Fourth Avenue, ROCK Falls CITY, Illinois	US
S3-27809387	Cobalt Krakacsqruisitihon Co	1503 Yellow Springs St, Springfield, Ohio	US
S3-646892145	Guru Consultancy	609-B Aggar Nagar, Ludhiana, PB	India
S3-639950483	Russell Holdings LLC	##N53w20257 Beechcraft Road, Menomonee Falls, Wisconsin	US
S3-694941229	Southfield (India) Service	208, Janakpuri, Janak Puri, DL	India
S3-462384335	V L-& O Neebrrdge Ltd	227 114th Street, # Y302, Everett CITY, Washington	US
S3-279350231	Rendon,-Mcdonald + Berry Frequency Ltd.	219 Arbor Grove, Dixon, California	US
S3-806197760	Regional Peace Ltd	135 Shady Ln, Marietta Twp, Ohio	US
S3-824631075	Dinesh Nursing Hóme	No 676 House No.121, Sector-5 Part-iii, Gurugram, Gurgaon, HR	India
S3-138236065	AVZ Elite PC Hospitality	2417 Bayview Dr, <NULL>, Nashville, Tennessee	US
S3-268374279	PVT PREMIER FOODS LTD	Kada House Arambattakkunnu, Wayanad, KL	India
S3-963675272	TR Regional Analytics	34350 Glen Drive, Eastlake, Ohio	US
S3-669863249	Services Mars Pocket Limited	No.08, Ground Floor, Abbigere, Bengaluru, Bangalore, ಕರ್ನಾಟಕ	India
S3-846330484	Carissa's Pacific Mássage	109 1/2 Keenan Lane, Tennessee, MT. Julieet	US
S3-729005428	Metropolitan Colombier,	Addi, Texas, 5055 1/2 Keller Springs Road, Unit 200	US
S3-508096425	Shri Sach & Sons Holdings Private Limited	#734, null, Tumkur, KA	India
S3-591733623	Compass	381 Sycamore Drive, Pickerington, Ohio	US
S3-804462926	Alkapuri Trexim	Supremearcade No.10/12dn Floor, Chennai, TN	India
S3-429619576	Kehrer Capital	7705-D Malory Court, Sacramnto, California	US
S3-75020170	Freyr Irtda-Pvt Ltd	Block D-#711 714, Faridabad, हरियाणा	India
S3-941655471	Behavioral Physicians Health		US
S3-352087539	Zawadzki Clean Fresenius Inc	Village Of Bellevue, 2278 Kaylee Circle, Wisconsin	US
S3-861546247	M+ Tailwind Ltd - 8364130934	2725 Bowles Ranch Rd, Belton, Texas	US
S3-16154425	NZF Solutions Private	Office No. L. G. 39, MP, Indore, Bcm Heights Plot No. A - 5, Pu - 4, Commercial, Sche, Me No. 54	India
S3-774946721	Dallas Family	Texas, 914-B Louisiana Ave, Dallas	US
S3-3472752	UBM Cgsnltng Pvt. Ltd.	Door No 541, Ground Floor Back Portion, 7Th Main, 4Th Cross, Hal 2Nd Stage, Indiranagar, Bangalore, Bangalore North, KA	India
S3-105718650	Murray Signature Center	##3825 Pullup Pl, City Of Shasta Lake, California	US
S3-518795524	#juniper	349 Third St, Aviston, Illinois	US
S3-743250147	क्लासिक कंसल्टेंसी लिमिटेड	Ground Floor E-18, Old No 485/A/1A, Shahdara, दिल्ली	India
S3-464400354	R Z Barnett Tidewater	7518 Oakmont Ave, Baytown, Texas	US
S3-443604458	Baldrfidge,, Katalin DO, P.C.	4713 Forest Wodo Dr, Fort Worth, Texas	US
S3-958975190	The Keystone Classic Cloud	728 Fairview Rd, Unit APT 8, Roanoke City, Virginia	US
S3-212721171	Rev It Up Bike Sh0p Co.	9 Sandy Ln, Oyster Bay, New York	US
S3-257649776	zellmerprimecurrencyshares.com	1311 Sunset Terrace, Rochelle, Illinois	US
S3-75956123	Empire  Dental	765 400, Spanish FORK, Utah	US
S3-420283784	Smt Emmanuel (India) Store	High Range Development Centreadimaly, Pathanamthitta, Idukki, KL	India
S3-476950606	Shiva Technologies Pciavet Limited	No 1, Panvel, Raigarh, MH	India
S3-529295370	Palluruthy Developers Infratech Private Ltd	Cc Xxiii/1806 Binny Road, Palluruthy, Cochin, KL	India
S3-169807352	WILDLIFE MINISTRIES	Arizona, # 1117, 701 Apache Blvd, Tempe	US
S3-607622452	LLC GONZALES INDUSTRIAL OF BOZEMAN PARTNERS	2562 Sentinel Drive, Bozeman, Montana	US
S3-813932226	Lorven Prrjebs Pvt. Ltd.	Plot No.10, Chennai, TN	India
S3-305953069	-- Surya LLP Services	H.no 500/A, Udayarpalayam, Ariyalur, தமிழ்நாடு	India
S3-181598573	Chiropractic Group Authority	8634 Thomas Rd, Lee, New York	US
S3-890761789	Zetairiiri	4363 Ridge Pointe Ln, Fyetteville, North Carolina	US
S3-230676665	Doloritas'S Cosmetics	10241-A Greglynn Road, Richmond, Virginia	US
S3-32065862	The Megha Institute Of Technology Private Limited	C/o Bameshwar Prasad Sinha Gajadhar Chak, Danapur, बिहार	India
S3-596254777	मां कंस्ट्रक्शन	Office No. 303, 3Rd Floor, Shah Capital Ghantali Devi Path, Naupada, Thane West, Thane, महाराष्ट्र	India
S3-134879829	Ankur Tradesr Enterprises	UP, Door No 80 P Obilari Bilari, U P, Moradabad	India
S3-117162738	Pyraecto doing business as Green Marine Laboratories Inc.	12015 Spanish Boulevard, Fl 0, Saint Louis, MO	US
S3-391917302	Secure Optimal Devices	45 Braintree Hill Park, Unit 306, Braintree, Massachusetts	US
S3-389465162	Agro-Siddaganga Enterprises	MH, Flat No. 901, A Wing, 41 Evoke, Haveli, Pune, Haveli, Sr No 74	India
S3-375455400	XT  Food	H.no 3, Jainagar 5Th Street Arumbakkam, Chennai, TN	India
S3-381657722	Infra Cóok Fibres Pvt. Ltd.	5-89, Dharmavaram, Anantapur, AP	India
S3-851707859	Lumquoarc One d/b/a Vnm Tours Private Limited	No.2, 3Rd Floor Sridevi Garden Road Valasarawakkam, Chennai, Tamil Nadu	India
S3-104746013	West Inmercmntinental	4740 1/2 Connecticut Avenue, # 213, Washington, District of Columbia	US
S3-610869762	Durga Manufacturers Enterprises Private Private	MP, Ward 036, Raisen	India
S3-879300154	Wexfaye née Nelly Walmsley Federal Qdro Center	22041 Maricopa Highway, Ojai, CA	US
S3-445045809	Al Finance Limited	39/A/1 Surensarkar Road, Kolkata, Calcutta, পশ্চিমবঙ্গ	India
S3-810962629	Chancey Telefonica	46 Plank Rd, E Hampton, Connecticut	US
S3-95594956	Smart Unified Hudson Group Westgate	#7037 Bear Creek Dr, Saint Matthews, Kentucky	US
S3-845882332	एपेक्स प्रोजेक्ट्स प्राइवेट लिमिटेड	Plot No 65 66/10 Lane03, Koregaon Park, Ghorpadi, Pune, Pune City, MH	India
S3-185300025	Jaipur Construction Limited Private	P. No. 50, Jaipur, RJ	India
S3-451968425	Upper Machine Works Co Services	Fernandez Pl, Arlington Heights, Illinois	US
S3-733496628	Elmore Concepts  Service	05060 Ten Mills Rd, Columbia, Maryland	US
S3-248758767	Internal Medicine Pínnacle Specialists,	343 Riverbend Country Club Rd, Tennessee, Shelbyville	US
S3-114822918	Private Vision Agro (Ii)I Limited	No 667 D-30, Upsidc Industrial Area, Site-c, Sikandra, Agra, UP	India
S3-472962774	M/s Rachana Bharat (India) Private Ltd	Kollakunnel, Uppukandam, Udumbanchola, Idukki, കേരളം	India
S3-692665481	Evokor	1110 Diana Court, IL, Joliet	US
S3-507666934	LLC Cantrell Jdhshn	163 Valley Vista Drive, Camarillo, California	US
S3-950660541	North Systems [Pvt]		India
S3-191637300	footanklevalue.com	858- County Line Rd, Rose Bud, Arkansas	US
S3-662908716	आनंद ब्लू इन्वेस्टमेंट्स प्राइवेट लिमिटेड	No 223 C/404 Nityanand Amrutnityanad Nagar Kopri Goan, Palghar, Mumbai, महाराष्ट्र	India
S3-752706079	Elfie's Group Partners	10 Sanford St, # 4, East Peoria, Illinois	US
S3-709352076	Indianapolis National General LP	5211 Honey Manor Dr, Indianapolis, Indiana	US
S3-602946979	Suarez'S Electrical Partners	Tualatin, Oregon, 12038 Tualatin Rd, # #233	US
S3-884570196	Katherina Winters Horizon Silver [Inc]	01 Rutherford Street, Mount Vernon, Texas	US
S3-743804481	Sudlersville Empire Affiliated East	899D Millington Rd, Sudlersville, Maryland	US
S3-242015140	Holdings The Dt Diner	2091 Channing Drive, Unit APT 203, Harrisonburg, Virginia	US
S3-759723877	Primary Chme Frontier Group Partners	PO Box 6204, Baker, 17177 Charlton Road, Louisiana	US
S3-73747670	Economic Development	7330 Wurth Rd, null, Paducah, Kentucky	US
S3-196226302	Baba Trading	##2A, Nishan Home 1024, Jessore Road, Kolkata, Kolkata, Howrah, WB	India
S3-211221239	Great Trading Private Limited	Jaipur, Plot No. 20, Machera, RJ, Anand Vihar-c	India
S3-789266126	Ananda Stock  Infratech Co	D-27 Pocket - Lshaikh Sarai Extention Phase-ii, New Delhi-, South Delhi, DL	India
S3-189178151	NQX Associates  Private Ltd	Sr No Zopdpatti Gavan S Gavans Bhokardan, Jalna, MH	India
S3-354802966	Rtumlia Fun Pvt Ltd	Milkat No. 1305, MH, Pune, Pune Region	India
S3-952636995	Digital  Learning Worldwide, LLC	907 Old Hickory Blvd, Nashville, Tennessee	US
S3-214134074	#vpmultispeciality	H-28- Gyan Sarovar Colony Ramghat Road, Aligarh, उत्तर प्रदेश	India
S3-559811063	Ernakulam LLP Services	First Floor Hera Heights North Janatha Road, Mamangalam Po, KL, Ernakulam, Kaloor, #540 A1	India
S3-827087056	Meyer, Barnett & Benge-Tucson Summit Co	1864 Mohave Ave, Tucson CDP, Arizona	US
S3-687159511	ਨਿਊ ਯੂਨੀਕ ਹੈਲਥਕੇਅਰ ਪ੍ਰਾਈਵੇਟ ਲਿਮਟਿਡ	Adj Gopi Chandpetrol Pump Chandigarh Road, Ludhiana Punjab, Ludhiana, PB	India
S3-691132024	Indian Indo Finance Limited Cénter	Chennai, Madras, TN, #477 714-A	India
S3-420766091	Silver Barbershop Inc	723 Dutch Hill Rd, Ashford, New York	US
S3-613458846	maid seafood | www.maidseafo.com	413 Nevada 165, Waldo, Arkansas	US
S3-214084509	Select Advisors Inc Center	#420 Gaines Saint, PMB 4999, Monticello, Arkansas	US
S3-581481422	Ecstatic Límited Center	50 Rfai Ahmed Kidwai Road, Kolkata, Howrah, WB	India
S3-430950003	pediatric dentistry clinic partners	461 Navarre Coulee Rd, null, Chelan, Washington	US
S3-636311849	Morales + Jnoes [LLC]	#31204 Course View, Franklin, Tennessee	US
S3-977198699	Nataline Hasting Pioneer Immersion Ltd	5754 Murray Cir, Dublin, Ohio	US
S3-558335054	Shri Madhu Associates Co &	Gali No.1, Amanpura 12 Biswa, HR, Gurgaon, 5, Gurgaon	India
S3-709852285	Anything Trading Holdings Private Limited	House No.- F-579 Rajajipuram, Lucknow, UP	India
S3-934107367	Innovative New Consulting Limited	M.i.g.29 B, Indrapuri Raisen Road, Bhopal, Bhopal Four Ayodhya Bypass, मध्य प्रदेश	India
S3-488757659	s6k.com	021325 Cottage Ct, Frankford, Delaware	US
S3-663987289	Purnea Agro Industries L.L.P.	No 2 Maranga Industrial Growth Centre, Maranga Road, Purnia, Purnea, BR	India
S3-836572789	Raj Software Private Ltd	###52 Kamla Nagar, Jaipur, Sirsi, RJ	India
S3-61763147	Jalaram Polytechnaic	Tirupur, C.g.nair Hospital Road, Tirupur, Block A-#514 5, TN, Coimbatore	India
S3-402378963	HARBOR APEX INPOINT INC	209 Queen Street, Kinston, North Carolina	US
S3-527927306	Wells, Deleo and Mann Inc Services	Harris Drive, Kentucky, Buckhorn	US
S3-537731330	Tri-State Valley Liquidity, Inc0rporated	4411 Liberty Heights Avenue, Baltimore, Maryland	US
S3-473515831	Neev  (India) Farmers LLP	Ble-72, Gurgaon, HR	India
S3-822937885	Mr Kailash Kart Private Limited	No 78 C/o-ramchandra Mehta, Ward No-08, Bishunpur, Raghopur, Supaul, Saharsa, BR	India
S3-500034421	Environmentalcommitteeiii.Com	718 Third Street, Alabaster, Alabama	US
S3-872056479	premier insurance worldwide llc	69-25 Grnad Ave, Maspeth, New York	US
S3-999837958	Desert Association Holdings	275 Washington Saint, Lisbon, Ohio	US
S3-606351901	Vantageonyx	West Delhi, New Delhi, B-111 Maya Puri Phase I, Delhi	India
S3-237928495	Eye (Center)	10 Tippet Way, Perinton, New York	US
S3-719211694	RUIZ, Sidonia Optimal BHAV EAST LLC	00536 Elmwood Avenue, Waukegan, Illinois	US
S3-352011243	HOLDINGS NATIONAL TOTAL ASPAC	0080 92nd Terrace, Hallowell, Kansas	US
S3-76660297	*** Smart Connecticut East Llc	Piqua, Ohio, 713 Wilson Avenue	US
S3-901027582	Dermatology Physicians Inc	1173 150, Orem, Utah	US
S3-393849242	Management  In Realty Private Limited	3 Jadulal Mullick Road, 3Rd Floor Malapara, Kolkata, Howrah, Calcutta, পশ্চিমবঙ্গ	India
S3-739980789	Downtown Atuo Body	#65 Fairview Church Access Rd, Mckenzie, Tennessee	US
S3-299477828	Interstate For Greater Inc	24339 1/2 Woodland Ave, Cary, Illinois	US
S3-560979259	Private Krishna Services Traders (Limited)	No 43 No, Karunapuram, Idukki, കേരളം	India
S3-230645592	Ear Throat & Nose Ássociates	1250 Cleveland Avenue, Havre, Montana	US
S3-43106625	Sidhidhan Agro-Private	Sf/no.1114/2- Plot No 30, Adhuraalfa Gardens Five Falls Road, Courtallam, Tenkasi, Tirunelveli, TN	India
S3-119119131	Bright Tavern [Inc]	#19 Park Hill Dr, Brookhaven, New York	US
S3-380147630	Foot & Ankle Cber LLC	3801 Crosstie Drive, Germantown, Maryland	US
S3-949571294	परफेक्ट ग्लोबल सॉल्यूशंस प्राइवेट लिमिटेड	D-18, Midc Area Satpur, Nashik, MH	India
S3-18691414	21 6 Crescent  Inc	5100 Zero Street, null, Ft Smith, Arkansas	US
S3-672433779	SARASAN CHEMICALS PVT. LTD.	#1020 Sector 71, Mohali, Sas Nagar,mohali, PB	India
S3-855136806	Sampatchak  Connect Industries	No 41/7 Ground Floor, Sampatchak, Patna, BR	India
S3-762322142	Marketing Traders Llp	AP, Vishakhapatnam, P & T Colony, Near Mro Office, Seethammadhara, 50-43-8	India
S3-232470673	Rocky 8read, Ínc.	PO Box 3212, 4200 Indianola Avenue, Des Moines, Iowa	US
S3-470726593	Private Shiva Consultants Limited	Door No 561 9, Mumbai City, MH	India
S3-901102742	Horizon Partners Acquisition	92 North Pond Road, Hebron, Connecticut	US
S3-905382925	Jani + Sons [Limited]	C/o Ramakanta Panda Rajabagicha, Balasore, OD	India
S3-100051865	Ectoriza formerly known as Health Initiative Center	2404 Sunset Ridge Drive, Fl GROUND FLOOR, Columbia, IL	US
S3-434075378	Velasco, Hagerty and Kinslow	524 Gift Ridge Rd, Manchester, Ohio	US
S3-345805254	Legrand Patriot Pfrtnrsihp LLC	109 Shaleah Way, Georgetown, Texas	US
S3-531572480	Zawacki Piedmont	5008 Broadway, New York City, New York	US
S3-228012210	Gonzalez-+ [Bowler] | www.gonzalez.com	90 Otis Faulk Rd, Honoraville, Alabama	US
S3-761964111	Highway Electric (Índia) Company	1626/44, New Delhi, दिल्ली	India
S3-982286178	Uptown Yoga Inc	15 Saratoga St, Pawling CITY, New York	US
S3-693861992	Gattani Industries	Mumbai, MH, 334 Adhyaru Industrial Estatesun Mill Compound Lower Parel	India
S3-553534495	Scott Tri-State Foods Inc	357 1120, Provo, Utah	US
S3-718300845	The Prime Smart Bancorp, Inc.	9788 51, Valley View, Texas	US
S3-187043077	Resource Public Partners Infratech	G-86, <NULL>, Noida, Gautam Buddha Nagar, UP	India
S3-881433812	surya ventures private limited	L-5, C.r Park, New Delhi, DL	India
S3-595279293	Green & Private Limited Center	Room No 404 Malawani Mahakali Nagar Sra Chs Ltd Marve X Road Malwani Malad West, Mumbai, Mumbai City, महाराष्ट्र	India
S3-760639973	ಹೈಟೆಕ್ ಅರ್ಬನ್ ಪ್ರೊಡ್ಯೂಸರ್ ಪ್ರೈವೇಟ್ ಲಿಮಿಟೆಡ್	ಕರ್ನಾಟಕ, Bangalore, Bangalore North, 2/63 East West College Road, Herohalli	India
S3-534201190	Palghar Índustries LLP	Anand, GJ, ##2, Sahyog Flats, Nr. Suchita Park B/h Civil Court, Anand	India
S3-561486665	Dynamic  Lotus Technologies	#234/3A. A J C Bose Roadfmc Forutna 5Th Floor, Calcutta, পশ্চিমবঙ্গ	India
S3-677142448	इंडियन गुजरात एग्रो प्राइवेट लिमिटेड	169 Ground Flotr Block K Jeevan Niketan Lic Colony, Colony Paschim Vihar Near St. Marks School Meera Bagh, New Delhi, West Delhi, दिल्ली	India
S3-171804547	Superior Materials  Associates Co	1448 Stoneridge Ct, Unit UNIT A, Onatrio Township, California	US
S3-886496073	Urology Center Co	3423 Surrey Heights Drive, Eagan, Minnesota	US
S3-397121145	[LLC] Best Digital Textile	1101 Baldwin Avenue, Marion, Indiana	US
S3-459548097	Unified Energy	2956-2958 Grand Ridge Dr, Greenwood, Indiana	US
S3-44023687	>> Seven Modern Enterprises Private Limited	Plot No:7, Dattatreya Ngr, Colony, Nagaram, Keesara, Rangareddy, Hyderabad, TG	India
S3-932548197	यूनिवर्सल बिजनेस टेक्नोलॉजीज लिमिटेड	1018, Sector-14, Hisar, Hisar, HR	India
S3-236390144	Asset Building  League-V		US
S3-21407350	Kirti Insurance Private Ltd	4/786, Virudhunagar, TN	India
S3-376391718	Jaxiri née Bangalore Vision Private Limited	C/O Venkataramana Reddy, Ground Floor Gandhi Circle, Varthur, Bangalore, Karnataka	India
S3-158720998	Dr Nf & Associates Private	V/610anna Mahal Thalayolaparambu Thalayolaparambu P O, Kottayam, Keralam	India
S3-417224102	Custom Services Services | www.customser.com	##1204 South St, Durham, North Carolina	US
S3-56413887	Big Best Products Private	B-d/2, Mira Kutir Chs Ltd, Shanti Park, 10 Feet Road, Mira Road (East), Thane, MH	India
S3-19833156	Posh Corporation Services	H.no 212 Flat-85, F/f, Block-a, Kondli Gharoli, Gharoli Dairy Farm, Delhi, <NULL>, दिल्ली	India
S3-162252802	Tech Dynamic Geotech Pvt Ltd	Plot No-74, Faridabad, HR	India
S3-907480693	Lakeside Golden Concepts First	47 Barstow Road, # Apartment 3K, Great Neck Plaza, New York	US
S3-563754134	Ventures Gadani International Limited	Shop No G-7, D S Apartment, Taki Road, Kazipara, Barasat - I, North 24 Parganas, পশ্চিমবঙ্গ	India
S3-243057004	VW Fortress-Company	Indiana, Shoals, 731 Doane Lane	US
S3-201681800	Cooperative Wireless  Services Inc	634 Fairfield St, Ohio, Wraren	US
S3-832350552	Diva Partners Partners	North Carolina, Charlotte, 8825 Kings Gront Dr	US
S3-980341984	@sarasaviaccent	C-b3/111c-112/2/b, Saykha Gidc, Vagra, Bharuch, GJ	India
S3-317766815	Theresa Belanger Allurion,	3922 Eastwind Saint, Indianapolis, Indiana	US
S3-530743409	>> Arhan & Sons Private	0801/802, Mumbai, Mumbai City, महाराष्ट्र	India
S3-574445505	Diamond Education Products	1545b Vanness Road, <NULL>, Poteet CDP, Texas	US
S3-797888540	Evokor Formerly Silver Logistics Innovations	403 Saratoga Street, Boston, MA	US
S3-534717086	Goldman, Wilson and Everett Nexera Inc	3395 Youngstown Rd, Warren Townshpi, Ohio	US
S3-885599698	Luciana'S  Direct Indutsries	Seaford, Delaware, Liberty St	US
S3-841037081	Consultancy Deccan Ventures	Nagpur, F No 123 Raghvendra, Appt No P-8, महाराष्ट्र	India
S3-713039466	CEIS TECHNOLOGIES CORP	9610 Shimmering Maple Drive, Houston Ciity, Texas	US
S3-473552385	Cook Myers P.C.	3603 Wood St, Texarkana, Texas	US
S3-13306425	Suave  Private Limited Center	#004, Alcazar Apartments, Off Infantry Road, Behind Safina Plaza, Bangalore, ಕರ್ನಾಟಕ	India
S3-454228701	Golden-Mobile Partners Industries	H.no 510B 5Th Floorindraprakash Bldg Barakhamba R Cannaught Road, Central Delhi, New Delhi, दिल्ली	India
S3-814085244	Lee & Woodley Daedalus PC	722 Cinmac St, Lindsay, Oklahoma	US
S3-513219007	Sw  Hospital	Shree Saibaba Construction, Thane, Bhiwandi, महाराष्ट्र	India
S3-134585768	Pipefitters Local-558	1019 Capitol Way, Olympia, Washington, Unit 212	US
S3-894950087	Meenendra Services Corporation	Hno.8-7-94/d, Saroornagar, K.v.rangareddy, తెలంగాణ	India
S3-721799959	Ear Nose & Throat Cáre	#134 Anna Brook Ln, Oxford, Alabama	US
S3-672060102	Seven Infotech Pvt Limited	C/o. Balaji Selmohakar, Midc, Parbhani, MH	India
S3-596418053	Bee India Private Ltd		India
S3-959566289	स्मार्ट इंटरनेशनल प्राइवेट लिमिटेड	P-18. Sector- 18, Noida, Gautam Buddha Nagar, UP	India
S3-573213916	Nexcalo One	Front Portion Ground Floor, Blk-A Wazirpur Ind Landmark Near Tpddl Grid, Delhi, North West Delhi, House No A-98, Delhi	India
S3-17611282	Classic Smart  (Sun)	4700 62, Greenville, Kentucky	US
S3-836912818	Direct Retail Solutions	15 Maple Ridge Rd, Reading, Massachusetts	US
S3-265076798	Brain Infra Ltd.		India
S3-330313076	Ramsarup M0on Private Ltd	H No-2665, Central Delhi, New Delhi, DL	India
S3-273096269	The Value All Chicago LLC	250 Bonaparte Dr, Toledo, Ohio	US
S3-899170393	Inner Nutritions Private (Ltd)	Vighnesh Complex, 1St Floor, Court Road, Dakshin Kannad, Dakshina Kannada, KA	India
S3-152407325	Radhey Clinic Holdings Private	GJ, Surat, Plot-a/18/5	India
S3-231594908	Siix	Kimball Ave, Roanoke City, Virginia	US
S3-609631612	Nexic Data-LLC	138 Mary Miles Dr, Danville City, Virginia	US
S3-96733474	Care Tpg SQ	Thatcher Avenue, River Forest, Illinois	US
S3-149943641	Pediatric Dental Plátinum Plátinum Medicine	Ohio, NULL, Youngstown, 2630 Raccoon Road	US
S3-235310854	Hind Art Pvt. Ltd	UP, Lucknow, C/o Prem Chand, Lucknow	India
S3-756432622	Gildwex doing business as Central Marketing Associates	NC, Crouse, 2361 Pleasant Grove Church Road	US
S3-728405847	M/s allengineering.com	Hn 393 P.no.20e/p, Saroornagar, K.v.rangareddy, TG	India
S3-745163346	Thane Private  Limited Center	Flat-606 Green Avenue Bldg-5 Chs Ltd, Opp Shivar Gardan Bhd Sanjog Hotel, Thane, MH	India
S3-948906634	M/s Budding Logistics (Private)	Unit-312, Wing A, 3Rd Floor, Mastermind-i Royal Palms, Aarey Milk Colony, Mumbai City, Mumbai, MH	India
S3-72036654	equitas workforce llp	Ward No -15, Kumhar Tol Kasba Near Gupt Kali Mandir, Kasba, Purnia, BR	India
S3-329589334	Riggs Freedom North LLC	11 Redbud Ln, Newport News, Virginia	US
S3-206163284	BOSTIC CLEAR LIGHT	Wann, 450 Ns 405 Road, Oklahoma	US
S3-741789429	llc batz, hayes & caris harbor	743 Bronte Ave, Watsonville, California	US
S3-134020914	Man	Shop No 50 D-Wing, Pioneer Heritage Ii Behind Sane Guruji School Opp.Pakee Za Hotel Off S V, Road, Mumbai, Mumbai City, Maharashtra	India
S3-432338902	Xyloecto	4Th Floor, Jaipur, RJ, S 4, Kartarpura Industrial Area, Jaipur	India
S3-789699437	बेस्ट वेंचर्स प्राइवेट लिमिटेड	Mathura, 2-64/190, <NULL>, UP	India
S3-705058501	Star Pmooiroity		US
S3-576765885	Raviaya Engineering Private  Ltd	9, Kolkata Region, Calcutta, পশ্চিমবঙ্গ	India
S3-369041623	Mithi Chemicals Ltd	No. #12, Bangalore North, Bangalore, ಕರ್ನಾಟಕ	India
S3-944045977	India Solution Estates Private Ltd	Serilingampally, TG, Plot No 43/6, Besides Sadhana Infinity Int School, Nallagandla, Serilingampally, Office At 2Nd Floor, K.v.rangareddy	India
S3-425834363	LANDER ASSOCIATION	513 17st Street, # 513, Littlefield, Texas	US
S3-189951408	Sri Sita Source Limited Service	#182 House No-302, Nilkanth Plaza, Kalol City Gandhinagar, Gujarat, Gandhinagar, Gandhinagar, Gandhi Nagar, ગુજરાત	India
S3-147606215	Sarva-Agro Private Limited	C/3-03, Ahmadabad City, Ahmedabad, ગુજરાત	India
S3-619264888	ANGIL DAVIS CASCADE FITNESS	Cobb Pl, Prince William County, Virginia	US
S3-594514162	Shree Shree Gedt Software Private Limited	Hn 274 M.i.g-27, Gaya, BR	India
S3-367383302	বোম্বে আইটি ট্রেডিং প্রাইভেট লিমিটেড	2-9 Stand Road, Kolkata, Calcutta, WB	India
S3-528732630	Literacy LLC Fellowship All	Massachusetts, Unit Fl 3, Boston, 2 Atlantic Avenue	US
S3-225001883	Prceiison Group Group Group	101 Neeces Park Road, Raysal, West Virginia	US
S3-336043170	fit3.com	New York, Brooklyn, 1126 73 St	US
S3-816590748	Jaxjax	North Carolina, Swannanoa, Summer Haven Road	US
S3-569473763	Vantagenex	Shade No 01- Nakhate Industries Gat No 66 Dehu Alandi Road Talavade, Pimprichinchwad, Pune, महाराष्ट्र	India
S3-271524840	Dermatology-Care Associates Group	West Jefferson, North Carolina, 201 1/2 Reno Rd	US
S3-729374560	Taylor's Security Srevicns	Laurel Grove Rd, Winchester, Virginia	US
S3-716727930	Health Institute & Co		US
S3-942361157	Onyxonyxirix a/k/a Jhunjhunwala Hospitality Private Limited	Plot No 232, Flat No 6, 1St Floor, Jai Sharda Co Opp Hsg Society Nandanvan, Nagpur, Maharashtra	India
S3-923137437	Family Bright Partners	Salem, Virginia, 95 Point Pleasant Ave	US
S3-588841502	6reen Ventures Private Limited	Cm-74, 'C' Sector Shahpura, Bhopal, MP	India
S3-391872429	dxgores.com	166 Hedstrom Drive, Bffalo, New York	US
S3-225960434	Bowers-Creative Entertainment	4553 Dryden Ct, Iowwa CITY CITY, Iowa	US
S3-894231792	Kornex F/K/A Sure Services	Shop No. G-3, 4, 5 Gopal Heights D-9, Netaji Subhash Place, Pitampura, North Delhi, Delhi	India
S3-490944949	Lopez Empire Robotics Ínc	1224 Cevrato, Green Valley, Arizona	US
S3-784105565	Carnley Flaherty of Center	Fl. 1, Oregon, 685 Spring Valley Dr, Medford	US
S3-664385456	18/49 Ríbbon Inc	224 Bates Avenue, Unit Apartment 5, Saint Paul, Minnesota	US
S3-272559754	LF Hóldings Industries	Door No 60 C/o Prabhat Prasad Yadav Satsang Vihar Chowk, Maranga, Purnia, BR	India
S3-746189264	Security Finance (India) Private Ltd	Flat No. 608, Delhi, East Delhi, DL	India
S3-602591930	newdelhiseeds.com	House No. 10811, North Delhi, New Delhi, दिल्ली	India
S3-63717937	Mr ads memorial exports private limited	Ahmedabad, ગુજરાત, 41, Ahmedabad	India
S3-764257491	Umbralum formerly Custom Bluerock Inc.	1111 Tyler Avenue, Cottage Grove, OR	US
S3-634873561	national dotti's analytics	Industrial Park Drive, Wilson, North Carolina	US
S3-980485317	New Red Infotech Private [Limited]	H.no 441 S-28, Meerut, UP	India
S3-866526597	Seven Consultancy प्राइवेट लिमिटेड	No 601 Amit Apartmentsraut Lane Juhu, MH, Mumbai	India
S3-67559056	Continenta1 éndocrinology LLC	Corinth, Vermont, 39 Miller Road	US
S3-721431459	Tarmac & Brothers Prívate Limited	No.119, Bangalore, Ii Stage Bangalore, ಕರ್ನಾಟಕ	India
S3-384211175	firsttraders.com	H. No-208, DL, South West Delhi, Delhi	India
S3-245771513	Family Committee Westgate	Mckiinney, 5919 Broadacre Drive, Texas	US
S3-840721667	TRUSTED ERA EAST	Town Of Stockbridge, W4128 Faro Springs Rd, Wisconsin	US
S3-307736579	Sanchez GULF LANE lNC.	1779 Barrett Run Trail, Apex, North Carolina	US
S3-500984305	Laborers Union  Local No 445	River Hill Rd, Belfast, New York	US
S3-445453666	குஜராத் இன்ஜினியரிங் பிரைவேட் லிமிடெட்	No.8/48, Chennai, TN	India
S3-47199297	Bright Foundation Prtsivtae Limited	No.#12, 5Th Main Road, Natesan Nagar, Virugambakkam, Chennai., Chennai, TN	India
S3-543743185	Miex Interests LLC	710 Walkers Mill Ln, Wilmington, Delaware	US
S3-671888534	Onyxzeta	15023. Wiltshire Manor Dr, North Carolina, Charlotte	US
S3-89968268	Lyrora Eureka Córp	42 Oxford Street, Indianapolis, Indiana	US
S3-387069758	Candid Fd Pvt. Ltd.	Flat No. 05 Plot E/35 Sec, Pune City, Pune, MH	India
S3-250747417	Flint West LLC	15290 Jody Ln, Conroe, Texas	US
S3-623617051	8ansberia Exports Prívate Limited	24/A/A G.n Mkherjee Road, Bansberia Hoogly, Hooghly, Bansberia, পশ্চিমবঙ্গ	India
S3-441677379	Medina's Retail  Metro	W10689 O, Portage, Wisconsin	US
S3-478587625	-- SHREE SHREE TRADING PRIVATE LIMITED	Varanath, Kottayam, KL	India
S3-300821634	Smt Tech Private Limited Center	Brj Ortho Centre & Mak Hospital, 2-1, Raju Nagar, Fertilizer Company Stop, Mettupalayam Ro, Ad, Coimbatore, TN	India
S3-452421911	Creation Consultancy Consultancy (India) Private Ltd		India
S3-228655700	Prentice and Mcmaster Holdings	911 Regina Ave, Fl 1, Lemay, Missouri	US
S3-427393135	Jyoti Limited Private Security	Rangareddy, Hyderabad, TG, Jillelaguda, P No. 57 Laxminagar Colony	India
S3-8278230	Limited Shree Márketing Private	Double Storey Kalkaji, DL, A-193, Delhi	India
S3-373061044	UG Builders Industries Private Limited	No 99 C/o Dalman Gurung Dayna T.g. Mandir Lane, Banarhat, Jalpaiguri, WB	India
S3-710066777	Prairie Patriot LP	18 Caldwell Rd, Patterson, New York	US
S3-32956595	Gulf Innovative  Value Inc	Texas, Cypress, 20720 Bradford Forest Dr	US
S3-516498113	Premier Tech Limited Private	No 43 Chawla Complexa-215 Shakarpur, Delhi, East Delhi, DL	India
S3-867799379	Buford,, Sharity D.O., P.C.	309 -204 Reflections Drive, <NULL>, Virginia Beach City, Virginia	US
S3-336386667	Xylodova DBA: South Energy Private Limited	Mc Design House, Plt No.27, Rohini Layout, Opposite Cyber Towers, Shaikpet, Hyderabad, Telangana	India
S3-957991618	Klein Advanced Office Partners Corporation	1090 Congress Ave, Cincinnati CITY, Ohio	US
S3-55424384	Jit Digital Limited	H.no 979 F. No. - J 307, Silver Line Apartment Faizabad Road, Chinhat, Lucknow, UP	India
S3-719707702	Beacon Apparel-Holdings Inc	8854 Keystone Avenue, # APT 1, Indianapolis, Indiana	US
S3-763086390	Korverairi t/a Painters Union Local No 794	904 12th Street Place, Newton, IA	US
S3-476771290	Shivam Investments Pvt Ltd	C-42, New Delhi, DL	India
S3-898956912	(India) Green Education LLP	A-6, Gandhi Sadan, Near Pinky Cinema New Nagardas Road, Andheri (East), Bombay, Mumbai City, महाराष्ट्र	India
S3-888456962	Platero's Occupatinal Therapy [LLC]	5705-5707 Williamsburg Landing Drive, Unit 27, Williamsburg, Virginia	US
S3-946735227	Bhavnagar  Communication Private Limited	Dharmaraj Society, Bhavnagar, ગુજરાત	India
S3-816214589	Vijayawada Constructions Infratech Pvt Ltd	AP, Door No 59-11-10, Ntr District, Krishna	India
S3-521050654	Dermatology Empire Physicians Holdings	19012 Elston Road, Fultton, Illinois	US
S3-588437904	Dermatology Specialists	NULL, 00322 Vienna Saint, Newark, New York	US
S3-853496157	Ashli Howell Rapid Láke North Corporation	316 6th St, State Center, Iowa	US
S3-508045718	DIW TILES VENTURES PRIVATE LIMITED	B012, Gurgaon, HR	India
S3-398765492	Orthopedic  Group	1701 12th Ave, Coralville, Iowa	US
S3-506778190	Patna Crop Industries Private (Limited)	55, M.i.g. Housing Colony Kankarbagh, Patna, BR	India
S3-338515121	Builders Mills Mumbai (Private)	201 Tower 1, Bombay, Mumbai City, महाराष्ट्र	India
S3-923475718	Uzd-Prebcisigon	061 Brookline Ave, Boston, Massachusetts	US
S3-972943517	Group Carole's Apparel	1125 7th Street, Baudette, Minnesota	US
S3-337989813	Legacy Nétwork LLC	Unit 2128, 2025 Lincoln Street, Illinois, Bloomington	US
S3-427113884	Livia'S Group Services	15193 1/2 Obsidian St, Fl. 1, Beaverton, Oregon	US
S3-503361551	Ltd Apex Chimera,	1823 Friendly Avenue, Greensboro, North Carolina	US
S3-721414746	Chavez Vanegas	4460 Stone Creek Rd, West Haven, Utah	US
S3-947944379	గోల్డెన్ కన్సల్టింగ్ ప్రైవేట్ లిమిటెడ్	H No 55-3-681/1 Fci Coloyn, Gopalpur Road, Hanamkonda, Hanumakonda, Warangal Urban, TG	India
S3-852758956	Fluxrizalyra	Fl-c/1105, Bhoomi Harmony, Plot-82, Sec-18, Kamothe, Raigad, MH	India
S3-690399505	JJ Marketing Holdings Pvt. Ltd	MH, S. No. #26 Plot No. 161, Pune, Kothrud Aman Society Dahanukar Colony, Pune	India
S3-402755200	Co Nexsoft	Maine, 1291 Bristol Road, Bristol	US
S3-112986020	Deboard Equity Partners	19 Artisan Avenue, Huntington, New York	US
S3-335639749	M/s High Tech Constructions Pvt Ltd	No 63 Merchants Chamber, 41, New Marine Lines, Mumbai, महाराष्ट्र	India
S3-318900132	Martinez & Casper Marine Ltd	Arkansas, Morrilton, #706 Wall St	US
S3-20056071	Fredia's Imntgatrd Media	1322 59th Street, Kansas City, Missouri	US
S3-851141488	Sbg Media Pvt Ltd	Sno. 681-22 Landewadi Bhosari, Pune, MH	India
S3-902873252	क्लासिक टेक्नोलॉजी प्राइवेट लिमिटेड	Door No 400 C/1102 Hig 72/T Bldg-c S No. 158 Cst Road, Kolekal Yan Kalina Near Crystal Plaza Santacruz East, Mumbai, MH	India
S3-17370484	Srikara Press Enterprises  Limited	D/221, Ashok Vatika Soc, Puna, Surat, GJ	India
S3-879423574	GX Pvt. Ltd. Center	Upper Ground Floor, Thapar House, Gate No. 2, Western Wing, 124 Janpath, New Delhi, New Delhi, Central Delhi, DL	India
S3-889849097	Ophelie Nolasco LLC Service	8244 Persia Way, Nashville, Tennessee	US
S3-290950071	Brown'S Piedmont Tax  (Service)	#41 North Avenue, Unit A110, Attleboro, Massachusetts	US
S3-599399081	PHYSICAL THERAPY GLOBAL CLINIC	Wilbraham, Massachusetts, 15 Hickory Hill Dr	US
S3-838538284	Katharyn Rhnich Fortis PLLC	6430 Merle Hay Rd, Unit Unit 304, Johnston CIYT, Iowa	US
S3-103393610	Delgado of Fontana  Holdings Center	15378 Baseline Avenue, Unit UNIT 2, Fontana, California	US
S3-164275028	Ravelo Mountain Development [Corp]	00364 Aiken Ave, PO Box 4531, Lowell, Massachusetts	US
S3-520519966	Mr Hr-Poltychinc Pvt. Ltd.	Sector-69, Faridabad, HR	India
S3-694417363	नॉर्थ वेंचर्स ऑटोमोबाइल्स प्रा. लि.	C-52 Ndse Ii, South Delhi, New Delhi, DL	India
S3-173955567	Creative Trading	D.no.76-5-37/2, Rajahmundry, Guntur, ఆంధ్రప్రదేశ్	India
S3-724994373	Ciraveo DBA: Seven Educational Society	28/2, Chandra Nath Roy Road, Ground Floor, Ward No. 66, Topsia, South 24 Parganas, West Bengal	India
S3-739509240	Dermatology Pdrmneds Inc	11823 Autumn Ridge Dr, Sandy City, Utah	US
S3-429816693	wildlifeinitiative.c0m	Unnamed, # APT 306, Indianapolis, Indiana	US
S3-64800123	ଲାଇଫ୍ ଇଞ୍ଜିନିୟରିଂ ପ୍ରାଇଭେଟ୍ ଲିମିଟେଡ୍	Industrial Estate, Madhupatna, Cuttack, OD	India
S3-665308899	Soexfederalbitcoin.Com	21 Mill Pond Ln, # Unit F, Durhham, Connecticut	US
S3-862698962	Rotomac (Holdings)	Hn 310 54, Dewas, MP	India
S3-855672261	Gold Infra Traders Privatcte Limited	422, Wework Embassy Tech Village, Block L, Devarabisanahalli, Outer Ring Rd, Bangalore, ಕರ್ನಾಟಕ	India
S3-837524679	West Allunonion Inc.	4983 Wentz Road, Manchester, Maryland	US
S3-463534703	Sanchez Grading	13 Satcy'S Way, Acton, Massachusetts	US
S3-506036727	Herrera Ssr Viii Inc.	1613 Black Ave, Bozean, Montana	US
S3-708499699	Ridge Committee	Broadway Street, Emmetsburg, Iowa	US
S3-938461085	Jain Construction Plrvtbagte Limited	Plot 622 Fl C102 Gardenia Sn 169, Pune, महाराष्ट्र	India
S3-489639409	Noor Llc	64 Antietam St, # UNIT 9, Hagerstown, Maryland	US
S3-712608440	Lumvantage formerly: Oncology Health	606 Parsley Drive, Hubert, NC	US
S3-777662684	Pedroza Cornerstone Culture Joliet Ltd	516 Pueblo Dr, Joliet, Illinois	US
S3-636120726	Tadaia Assets Óf Irving Inc	3542 Portland St, Texas, Irving, Unit 1016	US
S3-766261413	Diamond Wholesale Studios, (L.L.C.)	New York, 26 Byron Avenue, Buffalo	US
S3-2534661	Dynamic Phoeprhy Holdings	103 Sbuth Saint, # 2, Crane, Missouri	US
S3-298897411	Vioaria DBA Prime Agro Private Limited	No. 78, Ward No. 11, Srirama Mandir Road, N R Extension, Chintamani, Chikkaballapur, Bangalore Rural, Karnataka	India
S3-837678694	Sri Awasthi Tea [LLP]	#770 N-7 Green Park Main, South Delhi, New Delhi, दिल्ली	India
S3-927257276	MY INFRASTRUCTURE PRIVATE LIMITED Enterprises		India
S3-482807638	Pearce Sumitomo, Group	##11829 Niagra Ln, Huntley, Illinois	US
S3-416805845	Morris Boggs (Inc.)	150 Park Avenue, Ambler Borough, Pennsylvania	US
S3-895280497	Golden Lane	89 3rd Ave, Stratton, Ohio	US
S3-690682504	Lyrova Star L.L.C.	1501a Avalon Drive, Tuscaloosa, Alabama	US
S3-144598802	Murphy, Sanders & Massie East,	639 Misissippi Ave, Iowa, Mason City	US
S3-530377108	Palmer and Batey	2399 700, Anderson, Indiana	US
S3-310468279	Fayeyuma	C/O Kartik Saha, Vill- Subuddhipur, Haringhata, Nadia, West Bengal	India
S3-649933182	High Tecfnlogy Private Limited	Flat 2-302, Tirumalagiri, Ranngareddy, తెలంగాణ	India
S3-410139907	କ୍ଲାସିକ୍ ସାଉଥର୍ନ୍ ଆଇଟି ଏଲ୍‌ଏଲ୍‌ପି	Plot 76 Azimabad Balasore, Balasore, ଓଡ଼ିଶା	India
S3-634408789	Reliable Rgemsibentaal	5810 Hanna Rd, Eldersburg, Maryland	US
S3-951640817	Vision Keystone Clinic Inc	2903 Wetumpka Hwy, Alabama, Montgomery, PMB 5294	US
S3-20416427	Sarasim Ebors LLP	77 Mahal Kachahari, Indore, MP	India
S3-137168582	pattibeickhoff.com	0019188 2150th Ave, Yale, Illinois	US
S3-52719977	Wilson Diagnostics Group	00123 Thirteenth Street, Osage City, Kansas	US
S3-586731830	Bombay Ace Infrastructure Public Limited	Door No. 1628A Gianna's Square, Kp Vallon Road, Ernakulam, കേരളം	India
S3-887090919	Boyd Ánadolu Inc	8620 Kerrville Rosemark Road, Millington, Tennessee	US
S3-325293473	Clear Platinum  Columbus	7032 Lee Park Court, NULL, Fairfax County, Virginia	US
S3-113253162	Physical Therapy Health Of Bréwster [Authority]	238 Brady Cartway, Brewster, Massachusetts	US
S3-370453514	Vision Food  Private Limited	No 668 Sy. No. 229/230/235-B, Proddatur, Meenapuramroad Kothapalli, Cuddapah, AP	India
S3-985283233	New Food Limited	349, Housing Board Col, Colony, 407 Sfs 4Th Stage, Bangalore, Bangalore North, ಕರ್ನಾಟಕ	India
S3-585974483	Inc Creative Complete Golden Metro	Texas, 5918 Westover St, Houston	US
S3-479896760	indorepublicschool.com	S. No. 19/A/3/B, K. K. Market Bibvewadi, Pune, MH	India
S3-319338425	Robins and Reina, Inc	754A Solitude Ln, Boyce Otwnship, Virginia	US
S3-270960664	ST Clean South Center	3874 Mormon Flat Road, Goldenvalley Township, Arizona	US
S3-354070845	Resorts Nandan Center	K-91 Kalkaji, New Delhi, South Delhi, DL	India
S3-173535463	Lower Liberty Cómputing Co	#111 Thorncliff Road, Spencerport, New York	US
S3-391554617	Marble, G0ldman & Lopez	3471 2628, Caddo Mills, Texas	US
S3-703433354	Jkd Agriculture Private Ltd	201. Shanti Salan, Raigarh, Bhuvneshwar, MH	India
S3-644314109	The Protaia	Round Rock, 2206 Rosemary Ln, PMB 8758, Texas	US
S3-885120597	Western One Inc Services	429 Main St, Presque Isle, Maine	US
S3-513354152	The Legacy Complete-Fifth	Andrews Way, null, Whitestown, Indiana	US
S3-940085748	M/s Csk Traders LLP	704 Bldg-5 Shreeji Nisarg, Ambarnath, Thane, MH	India
S3-612124468	Jaipurdevelopers.Com	P.n.12, Jaipur, RJ	India
S3-625957576	ग्रीन टेक प्राइवेट लिमिटेड	825, 1St Floor New Jaganpur, Jaganpura, Ramkrishna Nagar, C/o Shashi Prabha Devi, Patna, BR	India
S3-513830051	Automation Custom LLC Industries Metro	61 Sutton Street, # 2, Peabody, Massachusetts	US
S3-450240063	Dental  Associates	##7451 Coho Ct, Unit #201, Tualatin, Oregon	US
S3-285391350	PRIVATE TK INNOVATIONS LIMITED	Door No ##60 212, Jhalawar, E.s.patanwala Compound, Opp Shreyas Theatre, L.b.s Marg, Ghatkop, Mumbai, Ar (West), MH	India
S3-977474926	Amar Edcuatioal Pvt Ltd	P-00601, Omaxe Twin Towers Sector-50, Noida, Gautam Buddha Nagar, UP	India
S3-259962687	G X & A Hair Studio,  LLC	1106 Boundary Road, Unit 1, Wyoming, County	US
S3-175998906	Citylife Scíences Private Limited	6 A, Jodhpur, RJ	India
S3-992490200	Mountain Coalition	2029 Butler Creek Rd, Washington, Sedro Woolley Ttownship	US
S3-122683368	Unique Producer Provision Private	H.no 68 Skying Chambers, Mumbai (SUBURBAN), MH	India
S3-448551908	LLC Keystone	5339d 35, Alvarado, Texas	US
S3-999737106	Synmiravera	426 Craighead Road, Unit A, Charlotte, NC	US
S3-555713088	The Highland Partners	109 Eighth Lane, Kirkland, Washington	US
S3-654782943	Marlow's Services	1210 San Andres Drive, Hobbs, New Mexico	US
S3-528470609	Super Limited Services	Level Ground, No. 139/26-1, New Ward No. 112, Internal Ring Road, Embassy Golf Link Road, Amarjyothi Layout, Bangalore North, Knman Amaryllis, Bengaluru, KA	India
S3-684111261	Suryava Builders Private	#1/52 Periyar Street, Then Palani Nagar, Kolathur, TN	India
S3-212737310	Desert High1and Newtekone	142 William Thomas Rd, Trinity, Texas	US
S3-146749745	>> Cardiology Co Cénter	Washington, La Conner, 621 4th St	US
S3-495334734	Fouress Lift Associates Límited	C-162, <NULL>, Faridabad, HR	India
S3-151264068	हाई प्रॉपर्टीज मोटर्स	New Delhi, DL, Best, Archade, Pkt 6, Plot -3, South West Delhi, No. D/528 Shop-111-a F/f	India
S3-110913495	Legacy Apparel	4033-D Lowerre Pl, Bronx, New York	US
S3-926529192	Roopaya Sérvices LLP	Ward No. 15, Near Mseb, Colony Taluka Kalmeshwar, Kalmeshwar, Nagpur, MH	India
S3-308456893	Merkel Fargo [Inc.]	New York, 767 211, Wallkill	US
S3-124314358	Smt Anukool Co Service	Flat No-50, Ruby Building, Regency Tower, G.b. Road, Kavesar, Thane, MH	India
S3-775827148	Shree Trading Private Ltd	No 371, Village Rangpuri (Malikpur Kohi) Tehshil Vasant Vihar, Delhi, New Delhi, DL	India
S3-298606592	Cald0s [Purpose]	839 80nd St, Chicago, Illinois	US
S3-415149508	Titan Ltd	5460 Rockspray Cir, Indianapolis, Indiana	US
S3-334618616	M/s Artifex Edge (India) Co.	Jawahar Chowk Jumerati, Bhopal, MP	India
S3-674241842	Cirillo Custom Center	4611 Retana Pl, Broken Arrow, Oklahoma	US
S3-473830076	The Behavioral Health Optimal Associates Inc.	11412 Rolling Meadows Drive, Hiram Twp, Ohio	US
S3-320668506	Viojax+ a/k/a Hilton Foundation Private Limited	Gf-2, Plot No.D-8, Ganga Vihar, Ghaziabad, Uttar Pradesh	India
S3-400109560	Jung, Reid & Rodriguez-Debt	4702 Germantown Pike, Daytno, Ohio	US
S3-437382913	Inc Basler Certified Metal Whors Metro	Sitka, Kentucky, 174-C Brown Branch	US
S3-657117669	Checo, Tommi D.,  D.O., M.D., P.C. Associates	North Carolina, Unit 1203, Holl Ysprings, 1024 Mian St	US
S3-120481151	tokarskiunifiedagriculture.com	33rd Avenue, # Apartment 303, Fargo, North Dakota	US
S3-669302805	The Secure Learning  Services Inc	13-C Brookwood Lane, Weston, Connecticut	US
S3-592375798	Mil Group Of Partners	Second Floor New Friends Colony, B-501, दिल्ली, South Delhi	India
S3-913454745	Chiropractic Casciade Associates	00403 County Rd 792, Etowah, Tennessee	US
S3-728300724	Nexsyn née Reigle, Flores and Roman Resilience	822 Keylon Street, Manchester, TN	US
S3-696125539	Dhnrnventhri Gróup LLP	219 Iind Floor State Bank Nagar Paschim Vihar, Delhi, West Delhi, DL	India
S3-986292117	Limited Aviation Brothers Private	Block A-574 B - Plot 210, Floor - 16, B Wing, Mittal Tower Free Press Journal Marg, Nariman Point, Mumbai, Mumbai City, MH	India
S3-588038938	Pediatric Partners Frontier	100 Stagecoach Rd, Winston-Salem, North Carolina	US
S3-786026173	Secure LLC Networks	Indian Lake Blvd, Canfield, Ohio	US
S3-556083038	Enterprises Industries Group Comnet	Door No D/64 Craneberry Villa Farm, Indore, Palda, मध्य प्रदेश	India
S3-790458954	Miranyla Labs DBA: 4271 First St Owners Corp P.C.	19720 Adams Street, Buckeye, AZ	US
S3-477238293	regionalfellowship.com	2160 210th Street, Marengo, Iowa	US
S3-726941319	Jaipur Grenden Pvt Ltd	Adilabad, Seat No 15 233 Opp Sunny, Trade New Aatish Market, Jaipur, RJ	India
S3-43595868	New Exports  Pvt Ltd Center	Flat No-313 Plot No-3a, New Delhi, DL	India
S3-926020858	CAM [It-Corp]	At Po. Chakan, Kharabewadi, 805 Sai Krupa Niwas, Behind Marathi School, Nr. Grampanchyat, Water Tank, Khed, Pune, महाराष्ट्र	India
S3-626844482	Gangtech-Dhani Ltd	Door No C W 3829 Arafa Complex, Kannur, KL	India
S3-335907392	6ustave Lane Metro	211 Wyandotte Road, Hoyt Lakes, Minnesota	US
S3-125334350	Silver North Foundation Private Limited	F No B-612/8, Hyderabad, TG	India
S3-627361883	Bonnet,-Cancilla And Carpenter Inc	0066 Kimbrook Cir, Greece, New York	US
S3-303459507	Pil0n First Soren Inc	Rochester, New York, 515 Samsonville Rd	US
S3-272050575	Brennan Autotmoive Inc	#8658 Piney Hollow Ct, NULL, Leland, North Carolina	US
S3-816084330	Ss Prmdicbr Textiles Private-Limited	#4-7, Chandulal Estate, Nagarwel Hanuman Road Near Keval Kanta, Rakhial, Ahmedabad, GJ	India
S3-977786380	Fashion Services Pvt Ltd	Vill: Uttar Adan, Hooghly, WB	India
S3-220862479	Suryanth Mac	A- #105, Shiv Puri Budsingh Pura, Sanganer, Jaipur, RJ	India
S3-263150219	Montenegro Ftai	13 Cliftn Ave, PMB 5071, Wilmington, Delaware	US
S3-515159749	Bright Reliable Coastal  Center	607 Liberty Street, Hempstead, New York	US
S3-942175731	Lopez Smart Electronics,		US
S3-211826919	Neksium Vernal LLC	70 Church Street, N/A, Gilbert, Arkansas	US
S3-951435467	Center Tran Allegro LLC	1155 Perry St, null, Perry Twp, Ohio	US
S3-346510446	FB Rockwool Partners	2418d Eastridge Street, Fl 0, Goddard, Kansas	US
S3-881540994	Mr South Infotech Private	Vijay Ram Meena, Vpo Karanpura Tehsil Reni, Rajgarh, Alwar, RJ	India
S3-222520307	Bittner Montessori School Clinic Inc. | www.bittnermo.com	7828-A Danforth Avenue, Tucson, Arizona	US
S3-742613308	Cozyyoga.Com	2505 Nicholas Drive, Peearland, Texas	US
S3-105063551	LEMON PROCESSORS PRIVATE LIMITED	Hn 89 H L Sarkar Road Bansdroni, South 24 Parganas, Kolkata, WB	India
S3-120005144	ASU	703/1 To 4Sri Balaji House Malakpet, Telangana, Hyderabad, Andhra Pradesh, 16-2-702/2/C	India
S3-106393815	Fluxorbi formerly: West Des Moines, County Of Corp	400 33rd Street, West Des Moines, IA	US
S3-12671897	Siam Mdunlirade LLP	Regus, Chennai City Corporation, Chennai, TN	India
S3-24952844	*** Gadsden Legacy Xii Care Co.	1237 Chicago Ave, Evanston, Illinois	US
S3-101342979	సన్‌రైజ్ ఎంటర్‌ప్రైజెస్ మెడికల్స్ ప్రైవేట్ లిమిటెడ్	Fno.d/308, TG, Rangareddy, Hyderabad	India
S3-61351750	Premier LLC [Center]	014 Pennsylvania Ave, Bremerton, Washington	US
S3-667583555	Winna  Delacruz Medical P.L.L.C.	9808 Aspen Court, Albuquerque, New Mexico	US
S3-694738842	Accurate Ai [Pvt.]	S No. D, Surat, GJ	India
S3-340569243	Avisol trading as Womens Health Clinic of Chicago Inc	11612 Church Street, Chicago, IL	US
S3-971463717	ग्रीन श्री कंस्ट्रक्शंस Private Limited	A1701, Sweet Home Chs Ltd, Svp Nagar, Plot No. 24, Andheri West Nr Last Bus St, Mumbai, Mumbai City, MH	India
S3-460973794	प्राइम हॉस्पिटैलिटी प्राइवेट लिमिटेड	B - 30, New Delhi, DL	India
S3-285510234	Sri renaindiacoir.com	C/o Rani Devi Savita, Kanpur, UP	India
S3-79035467	Graham Capital Innovative	Alaska, 1520 I Street, Anchorage	US
S3-325438653	Lonni Garcia, Service	1025-A S 7th St, Louisville, Unit 7, Kentucky	US
S3-981022484	Dickinson'S-Tri-State Liquor,	614. Mooremont Ter, NULL, Chattanooga, Tennessee	US
S3-615263624	United Sóciety Enterprises		US
S3-907516692	@prólea	Knoxville, Cross Creek Road, # A, Tennessee	US
S3-271438967	Abdallah Harbor South	277 Scarborough Lane, Middletown, Connecticut	US
S3-949429248	inc. vasquez dynamic salon	860 1/2 Pilgrim Ave, Baldwiin CDP, New York	US
S3-339365778	Bhavani Systém Industries	No 0070 Village Jhund Sarai, Near Kmp Expressway, Gurugram, Gurgaon, हरियाणा	India
S3-252717882	*** Certified Equity Ventures lnc.	820 Sterling Ct, Chseapeake, Virginia	US
S3-612317590	Golden Auto Body Greater Llc	440 Fenwick Drive, Fairfield, Ohio	US
S3-996841437	ગોલ્ડ એસ્ટેટ ઇન્ડસ્ટ્રીઝ પ્રાઇવેટ લિમિટેડ	27 Shree Rangavdhut Soc 2, Surat, Gujarat, ગુજરાત	India
S3-822368056	Heart Coalition  Clinic	Spanaway, 20120 24th Avenue Court, Washington	US
S3-80827105	Daskroi Varsity Limited Services	27, Daskroi, GJ, Ahmedabad, Nisarg Bunglows, Nr. Shiv Shanti Society	India
S3-975661553	Ariapyra dba Mirabella Kelly Legacy Mustang LLC	1730 Eastover Drive, Kernersville, NC	US
S3-753342448	Hoffmann Renewable LLC Center	121 Logan Street, Bedford, Ohio	US
S3-576319293	South Summit Inc [Services]	33 Monumetn Avenue, Harrisonburg City, Virginia	US
S3-497001020	सेवन प्रोडक्ट्स प्रा. लि.	No 016 Block D7, NULL, Delhi, New Delhi, दिल्ली	India
S3-593592676	Brixumbrasyn D.B.A. Destiny Memorial Trust	17 B Lake Road, Kolkata, Calcutta, West Bengal	India
S3-272962643	Smart Quality Fast  Inc	Arkansas, Fayetteville, 2993 Old Missouri Rd	US
S3-6887023	vega enterprises	3604 Hawthorne Avenue, Richmond, Virginia	US
S3-776644692	బెస్ట్ కేర్ గార్మెంట్స్ ప్రైవేట్ లిమిటెడ్	8-2-182, Vinnamala 8, Naidupeta, Nellore, AP	India
S3-488485226	Youth Ashtabula of Association	1024 43rd Street, Ashatbula, Ohio	US
S3-83374678	Mary Scoville Catalyst Partners	10916 Wabash Ave, Kansas City Township, Missouri	US
S3-205345069	Winnifred's Supply	Montana, Missoula, 2302 Broadway	US
S3-71515855	Townsend Ramirez  Center	2023-2027 Shadowood Ct, Unit B, Greenville, North Carolina	US
S3-323236949	सूर्या बिजनेस प्राइवेट लिमिटेड	North West Delhi, House No #12 Block A, DL	India
S3-742489729	The Diia Assets	520- 14th St, Lincoln, Illinois	US
S3-838058830	Solanceyn Ihno Works, Inc	17420 1/2 Port O Call St, Crrosby, Texas	US
S3-979697769	Auryx Inc Services	570 Settlers Ridge Parkway, Woodbury, Minnesota	US
S3-861363257	New Nursing  Home	C-/167, Safdarjung Development Area, New Delhi, South West Delhi, DL	India
S3-871551785	Edna-Gilchrist, D.D.S.	#8906 Massey Rd, Acton, Texas	US
S3-487399364	Ear Nose Nose & Throat Classic Specialists Llc	7180 Belle Chase Drive, Mobile, Alabama	US
S3-862658302	Surgical Care	11572 Lawton Court, Loma Linda, California	US
S3-213924185	Magnum Surveyors Private	37/10 Old Rajinder Nagar, Delhi, Central Delhi, DL	India
S3-358915916	Walker  and Veach Partners	7828 97th Place, null, Tulsa, Oklahoma	US
S3-129212508	Partners Codyne Tech	505 Patriot Road, Souuthbury, Connecticut	US
S3-760527687	Resonex American LLC	5 Grasshopper Lane, Scitate, Massachusetts	US
S3-11431071	Eye Partners of Azle	2004 Ash Creek Dr, Texas, ALE	US
S3-439987004	Sai Finance	Mumbai City, Kailas Plaza, Vallabh Baugh Lane, Above Icici Bank Ghatkopar (E), Plot ##560 B-325, महाराष्ट्र, Bombay	India
S3-298751181	Flower and Sons	B-334d, Delhi, Kondli, दिल्ली	India
S3-167085143	Joana Guillen  Spdr	292 Catfish Lane, N/A, Bland, Missouri	US
S3-181761885	Sun Export Private Limited	3/175, Dhurjati Nagar, Revenue Ward No.6 Gudur, Nellore, AP	India
S3-878327280	Division of Public	3855 Maxon Rd, Paducah, Kentucky	US
S3-522574135	గ్రేట్ కన్సల్టెంట్స్ Limited	##2-2-1130/17/A, Ii Floor Sivam Road, Hyderabd, Opp Sbi Nallakunda, TG	India
S3-403301546	ইন্টারন্যাশনাল ভেঞ্চারস প্রাইভেট লিমিটেড	Bantala Leather Goods Park Factory Zone No. 9/6 Plot No 1671 Kolkata Leather, Complex, Bhangore, 24 Paraganas South, WB	India
S3-914989658	Rina Garcia Coastal L.L.C. Center	25682 Wild Rose Ln, Shorewood, Minnesota	US
S3-957727642	Dynamic Israel Llc	50 Asylum Avenue, Hartford, Connecticut	US
S3-273201026	Wannemacher Good-PLLC		US
S3-405627365	ANIMAL WELFARE MINISTRIES	44 Main Street, Douglas, Massachusetts	US
S3-340643196	Education Fund Westgate [Inc]	2014 Norhurst Way, Catonsville, Maryland	US
S3-450273286	Gretchen Chen LLC Services	6869. Cedar Brook Place, New Albany, Ohio	US
S3-456681564	Impex Shakti Impex Private	Level 2, Purva Summit Building White Field Rd, Hitec City, Hyderabad, Andhra Pradesh	India
S3-276489656	Internal Medicine Frontier Health	1634 Shae Oak Ln, Conroe, Texas	US
S3-551970046	*** Keystone Industrial Advisors (Holdings)	83 Pebble Dr, Riverton CITY, Wyoming	US
S3-836641332	Headley, Riley and Coughrin Associates Riverside	217 Cabin Point Drive, Northumberland County, Virginia	US
S3-485725194	Fayeyuma formerly Vardan Educational Society	#5/A, 5/B, Near Government School, G S Palya, Electronic City Post, Banglaore, Bangalore, Karnataka	India
S3-916699006	Loex Maritime Maritime PC	17 Catherine St, Dudley, Massachusetts	US
S3-487281592	Jameson Slecte Electric Harbor	Eastlake, Ohio, 853 331 St	US
S3-372099863	sbeye.com	4589 Blainfield, Batavia, Ohio	US
S3-613192964	Power Infotech Límited	0234, 2Nd Floor, Pocket D-14, Sector- 8 Rohini, Delhi, DL	India
S3-295433116	Ashburn, Oaks Comeau LLC Center	32 Mitchell Street, Norwich, New York	US
S3-343150357	@Oneenergy	Mumbai, Door No 1-430 B Wing Kewal Industrialestate S B P Marg Lower Parel, Navi Mumbai, MH	India
S3-234931047	lakshmi lakshmi technology private limited	Flat No-9 B, Tower-p9 Srs Residency, Sector-88, Faridabad, हरियाणा	India
S3-296070157	Asher Fashion	47/8 Dilkusha Plaza, Lucknow, UP	India
S3-241941470	Scholarship Associatnon Associatnon Corp	81 Lake Point Ct, Taylorsville, Kentucky	US
S3-140797767	Matrterhorn & Co	Building No.12/67b, Muvattupuzha, Ernakulam, KL	India
S3-571233045	Center Eye LLC	Painesville, 529C Courtland St, Ohio	US
S3-5836114	Top Industries Private	H. No 79A, Kh No-421 G/f Data Ram Park Deenpur, Village Najafgadh, Shiv Mandir, New Delhi, Gurgaon, दिल्ली	India
S3-870491998	ओम सॉल्यूशंस प्राइवेट लिमिटेड	East Delhi, A-57, Delhi, DL	India
S3-939794055	Oncology Associates LLC Services	2799 Nags Head Road, Spuply, North Carolina	US
S3-587572874	Clyus  Devices	210, Aitkn, Minnesota	US
S3-456847011	Sullivan, Burns Árrow LLC	559 Morning Glory Dr, Benicia, California	US
S3-476483688	Maridel Yepez, DO	1610a Miller Ave, Mena, Arkansas	US
S3-160010984	Shri Arham Finance Private Ltd	Office No. B3/1, Chandni Chouk Main Road Karahi, Khargone, Khargone, West Nimar, MP	India
S3-259043700	Winna Delacruz Medical	3233 Washington St, null, Phoenix, Arizona	US
S3-882634609	Smitley Global OPEN	8434 Mountain Rd, Gasport, New York	US
S3-747166249	odessafloresheartland.com	New York, Brooklyn, 417 Remsen Ave	US
S3-965250200	ଶିବ ପାୟୋନିୟର୍ ମାର୍କେଟିଂ ହୋଟେଲ୍	Door No 83 Ashirbad Gayatri Vihar Po Fc Project Jajpur Road, Jajpur, ଓଡ଼ିଶା	India
S3-669894183	Southern Tirupati Software  Pvt	Hyderabad, TG, Rangareddy, Villa - 152	India
S3-610954923	Zephriza t/a Corporate Chemical Worldwide LLC	TX, Temple, 1309 Blue Leaf Drive	US
S3-413320807	Select Robotics Labs Northside	1052 Lagoon Ave, Unit Unit 104, Alabama, GUL Shores	US
S3-697515916	Cassandre'S Pciisn Machine Works Corp	Georgetown, Texas, 821 Wlof Ranch Pkwy, Unit 7307	US
S3-465875544	Nance Kennedy &	1412- Columbine St, Anchorage, Alaska	US
S3-911696626	White Pvt Ltd Center	DL, 207, New Delhi, Inderlok	India
S3-583976138	Vivian Ltd Center	B-##24, Vrundavan Park Nr. Janta Nagar, Odhav, Ahmedabad Hq Region, Ahmedabad, GJ	India
S3-966121590	Legacy Custom John (Greater)	420 Second Street, Lostant, Illinois	US
S3-625494984	Liberty Textiles, Ltd	1144 Henry St, PMB 3017, Morirstown, Tennessee	US
S3-942807317	LLC Gulf Silver Northside	12622 Brickyard Blvd, Beltsville, Maryland, PO Box 7213	US
S3-953258642	Yamuendra LLP Reality	Jaya Sree Colony, Hyderabad, 2-84/4/33, TG, <NULL>	India
S3-633533008	Solvantage f/k/a Bunet	Falls Church City, 405 Lincoln Avenue, VA	US
S3-486930766	Chintamani Public Limited Services	Ground Floor, 8 - Aditya Arcade Exhibition Road, Patna, BR	India
S3-991222395	Tejaksh Design	N0.35 Amra, Krupa, 3Rd Cross Gandhinagar, Bellary, KA	India
S3-493434352	Crystal  Investment	Indiana, 205 Main St, Larwill	US
S3-615182485	Tri-5tate P.C. Service	1822 Jefferson Street, Needham, Indiana	US
S3-691592204	Integrated Logistics Enterprises Holdings	5617 Westridge Ct, West Des Moines, Iowa	US
S3-607222472	Varanasi Ltd Center	9-11, Uma Nilyam Apartment, Bataubeer, Panchvati Road, Varanasi, UP	India
S3-751828464	Resourceind.Com	Hno 2-56/20/1, Serilingampally, Hyderabad, TG	India
S3-953045491	Urology Care Co	904 2nd St Southeast, Cedar Rapids, Iowa	US
S3-850596301	Shivam Construction  Private Limited	G-1806, Thane, MH	India
S3-342363585	Gomez Silver Yórk	Alabama, 121 Cluster Oask Ct, Baldwin County	US
S3-499497315	Highland Project Clínic	5487 Stone Road, PO Box 3217, Lockport, New York	US
S3-350780061	Continental Integrated Platforms, Co	City Of Sun Prairie, 239 Musket Ridge Dr, Wisconsin	US
S3-85185644	5AVAN INSTITUTE	Rahul Nagar Colony, Baskhari Road, Nasirpur Akbarpur, Ambedkar Nagar, UP	India
S3-552608458	Sachin Projects Ltd	25-B, East Delhi, DL	India
S3-735039301	Advanced Biomedical Alliance	96th Pl, Unit Apartment 4209, Tulsa, Oklahoma	US
S3-932308817	Private Jalpaiguri Technology Limited	C/o Pawan Kumar Das Pasi Bhatya Building, Baghajatin Coloney, West Bengal, Jalpaiguri, WB	India
S3-777959800	Classicbrothers.Com	Door No 1-98/5/4/G/ P No 65 Patika Nagar Hitech City Hyderabad, Hyderabad, తెలంగాణ	India
S3-834536724	Nakul Solution Private-Limited	Plot No-25, North Delhi, Rohini Sec-24, DL	India
S3-937750651	neelgagan properties (india) llp	PB, Ludhiana, 4Th Floor, Mall Plaza Fountain Chowk, Civil Lines, No 7/8	India
S3-910070615	keystone	320. Meadowridge Cir, Texarkana, Arkansas	US
S3-38036753	#heathousing	BR, H/o-dheeraj Kumar, Begusarai, Patna, S/o-sahja Nand Singh Painal, Bihta	India
S3-448864567	Happy Ice	20 Broadway, Zebulon, North Carolina	US
S3-993582016	Mckown, Pollyanna, L.C.S.W., Inc	Quailwood Drive, Albany, Oregon	US
S3-134371493	Nedda Fox Popular	10523 Monteray Place Cir, NULL, Louisville, Kentucky	US
S3-500930354	Aditavi Breakers Ltd	No.18, KA, Bangalore, Bangalore Rural, 1St Floor, Marle Mansion, 100 Feet Ring Road, (Beside Sbm) Kengeri Satellite Town	India
S3-25152193	Striker Idhndia Private Limited Limited	7/30, Central Delhi, दिल्ली	India
S3-890255388	Giralda Jones Únited Alliance	120 Jayne Boulevard, Port Jefferson Station, New York	US
S3-650863623	Ms Products Pvt	#201, Ward No -2, Po-nimgaon-k, Pune, MH	India
S3-86953549	Lyrakelo DBA Chouinard Alpine PLLC	14692 Frenchtown Road, Central City, LA	US
S3-253205166	3-Brothers Co	1600 Sonoran Desert Drive, Daisy Mountain, Arizona	US
S3-273542870	Express Construction (Products)	3261 Maple Road, Lower Moreland Township, Pennsylvania	US
S3-69691677	Brown Floting Floting	Gurnee, 230 Fisrt Saint, Illinois	US
S3-250398729	Shivam Shovi Infotech Pvt Ltd	Mumbai City, Mumbai, MH, Flat No 14, Savani Appartment, Rajawadi Naka, M G Road, Ghatkopar East	India
S3-932623446	Sims and Anderson Co	4824 L St, null, Lincoln, Nebraska	US
S3-73168111	Whitaker, Roder and Agudelo Allstate LLC	2149 Octubre Dr, City Of El Paso, Texas	US
S3-656153720	Montium Pebblebrook LLC		US
S3-391285321	gould costamare [pllc]		US
S3-825977561	surya investment private limited	447/2A, Nehruji Road, Avr Compound, Madurai, Theni, TN	India
S3-439996141	Consulting Virendra Lifestyle L.L.P.	###372 & 373 Kasna Eco Tech-1, Greater Noida, Gautam Buddha Nagar, उत्तर प्रदेश	India
S3-449945976	Art 5ervices Private	No 54, Jaipur, RJ	India
S3-814664039	LLC Better Renwale	507 Julia Saint, Hntsville, Alabama	US
S3-672898830	West Peak Chenghe Ltd Ltd	Woburn, 0014 Surrey Rd, Massachusetts	US
S3-361073401	EQUINOX CONCORD INC	377 4215, Pearsall CITY, Texas	US
S3-942277224	Green & Brothers		India
S3-653871009	Midwest Health	524 Stork Dr, Stokesdale, North Carolina	US
S3-195150955	Kahn National [(Trailblazer)]	60 Springfield St, Lawrence, Massachusetts	US
S3-870212595	Grace Lnutrhan Church	2027 21th St, Phoenix, Arizona	US
S3-673202832	Beacon Logistics Enterprises Harbor	58 1/2 Brook Ave, Babylon, New York	US
S3-70194324	Express Wealth [Advisors]	8681 Highland Rd, Town Of Gibraltar, Wisconsin	US
S3-751156814	Link (delhi) Limited	47/14, Phool Niwas Kutchery Road, Ajmer, RJ	India
S3-997256629	Cozy Cleaning Inc Service	783 Harris Ln, Gallatin, Tennessee	US
S3-821723692	PEARSON CORPORATION	132 Washington Street, City Of Saint Croix Falls, Wisconsin	US
S3-913561936	Pediatric Dental Group Care Care	11252 Shelley Ave, Mesa, Arizona	US
S3-822125683	kestialchina.com	Pennsylvania, 7 Magnelli Lane, Newell	US
S3-819366527	General Environmental  Industries Inc	Richmoond CITY, Virginia, Montrose Ave	US
S3-931014438	गोल्डन लक्ष्मी कंसल्टेंसी प्राइवेट लिमिटेड	Block F-432 Kh No-8/20, Ground Floor, Aakash Vihar, Baprola, Pole No, Mdkd554, Shop No-1, Delhi, West Delhi, DL	India
S3-14088639	UZ  LLP Agro	Jawahar Ward, Chhindwara, MP	India
S3-932372681	Humes Best Gold LLC	#32 Railroad St, # Apartment 2, Huntington Staion, New York	US
S3-769445022	Quotavo F/K/A Howard Sterling Star	528 Central Avenue, AR, Unit Ste 401, Hot Springs	US
S3-908700979	Privaet Dev Elite (India) Limited	Associate House, 85-A, Sant Savta Marg, Mustafa Bazar, Byculla, Mumbai City, MH	India
S3-979694323	जैन एस्टेट प्राइवेट लिमिटेड	Bkala Duplex A-priyadarshi Ni Lyam, B. Kala, Huzur, Bhopal, मध्य प्रदेश	India
S3-173174736	Mumbai Kuiber Private  Limited	No 32 Shashtri Nagar Lallu, Mumbai, MH	India
S3-197738083	>> Dova Llc	232 Fordham Ave, Aurorra, Illinois	US
S3-763408415	Dowling Reliable	4747 Weybirdge Road, # A, Columbus, Ohio	US
S3-840903316	Patriot Pacific Pennymac	Winchester, 108 Bay Hill Dr, Kentucky	US
S3-535059072	Molinor United Renewables Llc	1820 Deer Haven Roda, Sevierville CITY, Tennessee	US
S3-560811619	व्हाइट इंफोटेक प्राइवेट लिमिटेड	Near Shantiniketan Public School, Tekchandnagar Daultabad, Insd Area, Gurgaon, HR, Plot No.32	India
S3-79325590	Valley Gabelli	Adams Avenue, Middletown, New York	US
S3-281646527	Division of Sanitation	##228 Conwell St, Laurel, Indiana	US
S3-771937308	Chiropractic Specialists Midtown	40 To Be Named, Las Vegas, New Mexico	US
S3-563889217	Smt Right Traders	C/o Dhananjoy Sutradhar, Plot No- 1759 Kaliganj P.o-arrah Bardwan, Bardhaman, Kanksa, WB	India
S3-787605026	Valentino & Duran Group	17-C Marsh Ridge, Saint Paul, Minnesota	US
S3-545041651	Skope Dass (India) Private Ltd	Shop-00306 Peal Plaza, Nr. Laxmi Villa-2, Ahmedabad, GJ	India
S3-496756565	Olanola Sés	#1245 Norton Street, Village Of Hammond, Wisconsin	US
S3-127943598	Safety Safe Corp	Milton, 109 Old Farm Road, Massachusetts	US
S3-971275453	Verabrix	702, Mumbai, Maharashtra, Mumbai City, The Crescent Business Park, Sakinaka, Andheri (East)	India
S3-481975770	Mcginley Phillip Highland LLC Services	South Carolina, ROCK Hhill CITY, 372 1/2 Workman St, # APT A	US
S3-81773386	LLC Summit lafnicght	2728 13th Ave, Moline Townshp, Illinois	US
S3-667560204	Cornerstone Automation Global  Corp	20732 Open Range Ct, Tomball, Texas	US
S3-904222245	Pvt Shree Association (India) Holdings (Ltd)	13, Plot No-391, Munshi Seth Chawl, S M D Road, Antop Hill, Mumbai, Mumbai City, MH	India
S3-848734170	North Coca Incorporated	40175 -A 1/2 Hannis Williams Road, Alabama, Pine Grove	US
S3-564748998	भारत डायनामिक ट्रेडिंग प्राइवेट लिमिटेड	Door No 15-A/63 W.e.a. Karol Bagh, New Delhi, Central Delhi, DL	India
S3-192550880	New  Delhi Airlines Private Limited	D-473 D Block Near Metro Pillar No 87 Indira Park Najafgarh South West Delhi, West Delhi, South West Delhi, DL	India
S3-154937651	LLP Projects Samridh India	Dharmapuri, Krishnagiri, No #56 Sree Vasavi Acrade, TN	India
S3-5935841	Cardiology Group of Celina	2105 Sorrelwood Ct, Celina, Texas	US
S3-557822598	Kaverendra-Business Clinic Kaverendra-Business	C/oakankshakumari Sapha Road Bypass Kasya, Kushinagar, UP	India
S3-783892874	Rj Pvt Ltd Center	L - 603, Tsi Wellington, Heights 2 Sector 117, Kharar, Rupnagar, PB	India
S3-647695338	Pvt Rangareddy Foods Ltd.	# 18-18, Rangareddy, Andhra Pradesh	India
S3-219461059	Supreme	Flat No. Ff-6, First Floor 44, Zone-2, M.P. Nagar, Bhopal, Madhya Pradesh	India
S3-338418443	Galaxy  Consultants	3, Floor 1, 5 Mehboob Building New Kazi Street, Null Bazar, Mandvi, Mumbai City, Mumbai, MH	India
S3-796763451	Unified Chemical Partners	74 Saint Felix Street, Brookklyn, New York	US
S3-12924044	Jain-Dynamic Care Private Limited	Idealexoticaflatno.13b, Block'a', 21, Pramatha Chowdhury Sarani, Kolkata, Kolkata, Howrah, পশ্চিমবঙ্গ	India
S3-631478513	Pediatric Green  Center Authority (ID: 17545)	New York, Ivy St, Oyster Bay	US
S3-907040311	Group Ear Nose & Throat Medicine of Spring	242 Tupelo Green Circle, Spring, Texas	US
S3-801310149	SIMKO & LASSITER ASSOCIATES	#69 Farview Dr, Sanford, Maine	US
S3-751459676	XA Imperial Llc	0981 Rosewood Ln, Layton, Utah	US
S3-661706375	quality hospitality digital clinic ltd	649 Olive Branch Rd, Smyrna, Tennessee	US
S3-231875408	Kar0 Apartments Private Ltd	G-11 Bajrangbali Industrial Area Panki, Site-4, Kanpur, UP	India
S3-374680677	American Diana Corp	31 Cypress Rd, Old Saybrook, Connecticut	US
S3-413479461	Barth & Carter Banking, LLC	488 Us Route 2, Kirby, Vermont	US
S3-505414327	Novizeph	Clendenin Street, Baltimore, Maryland	US
S3-852901841	Seraphic Hospitality	Bldg 5, Thane, Vasai, MH	India
S3-354961353	Katrina Sprinkle Logistics Summit	59664-D Heron Drive, Oracle, Arizona	US
S3-759743430	UNITED GUILD LLC	Texas, Georgetown, 00124 Old Chisholm Trl	US
S3-539067678	Arias's Salon	Midland, 1300 24-27, NC	US
S3-459370494	The Christina's Sciences Inc	1505 Alder St, Unit A313, Ellensburg, Washington	US
S3-33396949	RHEA STUMP CAFE INC	20 Chestnut Street, Unit Apartment C4B, RY Ecity, New York	US
S3-627696838	Mivue  LLC	Virginia, 24672 Footed Ridge Ter, Sterling	US
S3-370563570	Murphy and Tumer Inc	757 24rd Street, # 1213, Washington CITY, District of Columbia	US
S3-807733814	Corporate Group of Companies LLP	50-89-4/5/B, Vishakhapatnam, ఆంధ్రప్రదేశ్	India
S3-245905440	Jodhpur Engineers Pvt	Chopasani Road, Jalori Gate, Near Sanischer Ji Ka Thaan, Jodhpur, RJ, Jodhpur	India
S3-196755595	Pasumai Traders Overseas Private [Limited]	Ernakulam, KL, 14/302, Ernakulam	India
S3-349991616	Preparatory Harbor Ácademy	Tennessee, 520 Church Saint, # 5, Goodleettsville	US
S3-438374195	Zaify Inc Center	7002 Woodlake Trl, Montgomery, Texas	US
S3-512665000	Behavioral Golden Partners Service	00819 Olympia Ave, PO Box 7343, Ventura, California	US
S3-18446751	Ciralyra Co aka Sit Biomedica Private Limited	Karnataka, Bangalore, Bangalore North, Block F 304, Keerthi Harmony Apartment	India
S3-111695968	Quanta & Brothers Public Limited	#16/12/1/3- Nariangarh Road Near Orion Banquet Hall, Village Barnala, Ambala, HR	India
S3-838178240	Inc Mclaughlin Entertainment	25740 82, PARK HILL, Oklahoma	US
S3-447073992	Miraorbiviox	1301 7th Street, Unit 204, Washington, DC	US
S3-525417844	Co Dove Bay Obic	Dallas, 6552 Godsey Rd, Oregon	US
S3-615985481	Mirawex	Pebble Beach Dr, Dakota Dunes, South Dakota	US
S3-500645	desertnetwork.com	14077 Winding Ridge Lane, Centreville, Virginia	US
S3-348984496	Raify Equity Ptrtesr Inc	2340 Lynch Ave, Granite City, Illinois	US
S3-892077763	tradingaligservices.com	C/o Sow Sangita Prakash Pawar Shivaji Chowk, H.no. 1355 Tq. Latur, Dis, T. Latur, Latur, MH	India
S3-542455037	Miller Net	Illinois, Riverton, 112. Madison St	US
S3-438433160	Frontier Frontier Madison	151 High Country Trail, Flagstaff, Arizona	US
S3-484495786	Straight Edge-Pizza	511 Fnzer Saint, Louisville, Kentucky	US
S3-899709949	గోల్డ్ టెక్నాలజీస్ ప్రైవేట్ లిమిటెడ్	27-158, Lakshminarasimha N, Near 132-Kv Electrical To, Pendurthi, Visakhapatnam, AP	India
S3-165245497	Quex, LLC	11 B And B Rentals Mhp Ln, Taylorsville, North Carolina	US
S3-504414645	3330 Washington Street Holdings		US
S3-52640933	The Mountain Holdings Group L.L.C.	1537 Virginia Ave, Columbus CTY, Ohio	US
S3-128424945	kollam farmers corporation	81, Sreelakam, Room No. Ii, Near Kerala Ceramic, Mukkada, Kundara, Kollam, KL	India
S3-640637375	Verdi Acquisitions	91 Olde Oneida Street, City Of Appleton, Wisconsin	US
S3-697466166	Moore & Barry Deutsche Inc.	752 Minerva Street, E Liverpool, Ohio	US
S3-220875326	@ Cure 5 U,	319 Belview Ave, <NULL>, Hagerstown, Maryland	US
S3-45327783	Red All Foods Private (Ltd)	3Rd Flfor Gsr Plaza Building, Bearing No. 1-37/1/A, Adilabad, K.v.rangareddy, TG	India
S3-844653814	atlantictbk.com	122 Byron Drive, South Bend, Indiana	US
S3-119662318	Vasani	E-8/C-1 Sector-C1, Lda Coly. Kp. Road, Lucknow, Uttar Pradesh	India
S3-86202591	Bright Taern, Ltd	1911 Baltimore Drive, Richardson, Texas	US
S3-285964822	Foot & Akgne Group	828 Mid Campus Drive, Manhattan, Kansas	US
S3-732305394	Dr City Projects Limited Private	Hno #102 A Wing Belle Vista Tower Sector-15, Mumbai, Mumbai City, MH	India
S3-996609110	Shri Solarc	F.no. B/304, At- Pacific Chs, Joglekar Naka, Raigarh(mh), Alibag, MH	India
S3-375403747	Vikhroli Ea Farms Overseas Private Limited	Office No. 7 & 15, Patidar Complex, Kannamwar Nagar No. 2, Vikhroli East, Mumbai City, महाराष्ट्र	India
S3-492500923	Shakti Expsst Limited	City Taluka, Ahmedabad, GJ, G-419	India
S3-409984544	Prairie Perdiatrcs	15 Parkway Boulevard N, Unit 452, Deerfield, Illinois	US
S3-994251535	Entire India-Ltd	2531, Ground Floor, Hudson Lane, Kingsway Camp, Delhi, North Delhi, DL	India
S3-843487197	Rosenthal School Services	2252 Colleen Rd, Prineville, Oregon	US
S3-218573516	Nikolia's Studios Central Inc	1147 Dallsa St, Chetek, Wisconsin	US
S3-11891703	Blanca Chen Freight Corporation	Tennessee, Cobbler Circle, Hendersonville	US
S3-181928278	LLC Glypheus Investmenots	1413 Deer Creek Ln, PO Box 3795, Chicago Heights Towwnship, Illinois	US
S3-798652385	Delhi Tmber Private Limited	217, Gali No. 2, Guru Ram Das Nagar Laxmi Nagar, Delhi, East Delhi, दिल्ली	India
S3-348392662	Tushar Overseas Partners	Door No 1-265 B-366 Shastri Nagar, Rajasthan, Bhilwara, राजस्थान	India
S3-108617508	PUNE CITY INTERNATIONAL PRIVATE LIMITED	Pune City, No 530 Chetas House Plot No 6 Survey No 8 20, Pune, MH	India
S3-346435341	Arise Pvt.-Ltd. Center	3 Kiran Vihar, New Delhi, East Delhi, DL	India
S3-235742689	Perideon lntelligence Intelligence Ínc	158 Dartmont Rd, Evarts, Kentucky	US
S3-838070517	Sri My (India) Traxim Private Ltd	Door No 21 Urmi Society, Productivity Road, Vadodara, GJ	India
S3-264046324	Ard Hartman  Laboratories Inc	95 450, Orem, Utah	US
S3-951093197	LIBERTY INDUSTRIES	1396 Cormorant Dr, Merced, California	US
S3-369295430	Wileen Conte Modern Reit LLC LLC	13 1/2 Butcher Lane, Salem, New York	US
S3-44629288	Boothbay Youth  Church	Murray Hill Rd, Boothbay, Maine	US
S3-818956421	Anilva Consultants [L.L.P.]	Fl No 301 Vrundawan, Palace 3, Nagpur, महाराष्ट्र	India
S3-791922928	Jinny Cruz Crown Crown ínc	3509 Hanover Ave, Richmond, Virginia	US
S3-569301178	Heart Project Inc.	2811a Rhone St, Portland, Oregon	US
S3-892784472	Naggin Marketing Private  Ltd	16Th Floor, Balaji Business, Centre, Pune-mumbai Hwy, Haveli, Pune, MH	India
S3-64668085	Heartland Services	Alabama, 695 581, Hillsboro	US
S3-559439381	Borton Specialty	Woodhall Dr, Mesa, Arizona	US
S3-402620536	5chmid and Horton, Corp	24 Tandem Way, # #187, Hillsboro, Oregon	US
S3-71791775	ઈસ્ટર્ન Consultancy	Sur No.803 P, Jetpur, Rajkot, ગુજરાત	India
S3-273211199	y 5 l games, llc	Indiana, FT AYNE, 6533 Alvarez Drive	US
S3-980466218	Sai Constrbtoias Pvt Ltd	No. 7/2, Mariamma Temple Street, 1St Main, Sudhamanagar, Bangalore, KA	India
S3-682842814	Skoglund Skoglund Global	2571b Ashford Park Dr, Baldwin County, Alabama	US
S3-558931250	harpurailouthexports.com	Harpur Ailouth, C/o Suraj Devi, बिहार, W/o Lt. Narayan Sah Ward No-08, Rahimpur Rudauli	India
S3-592240620	Route 87-Bike	North Carolina, 6738 Old Beulah Rd, Kenly	US
S3-700555341	Golden (Construction) (Construction)	118 Lakewood Drive, Mashpee, Massachusetts	US
S3-142944059	Krishnakeval Nagar Kondhwa Khurd Solutions	#665 1-A, Pune, MH	India
S3-622894618	Pune ldnsugrss Limited	No 338 Shivprabha60 Shivaji Housing Society Senapati Bapat Marg, Pune, महाराष्ट्र, Pune	India
S3-382871329	The Select Defense Innovations Partners	250 Ipswich Pl, Charlottesvillee CDP, Virginia	US
S3-907737127	Squires Wireless [Inc]	Kentucky, Oldson Rd, North Middletown	US
S3-792394578	Womens Health Partners of Orchard Grass [Hills] [Hills]	7436 Orchard Grass Boulevard, NULL, Orchard Grass Hills, Kentucky	US
S3-432208960	ગ્રેટ સિસ્ટમ્સ પ્રાઇવેટ લિમિટેડ	H.no 7P1, Morbi, Rajkot, GJ	India
S3-440073888	Heartland Iteredts Partners Partners	669 Mcpike Branch Rd, Norman, Indiana	US
S3-321786291	Novirizariza aka Precision Btc LLC	2 Wake Court, Pinehurst, NC	US
S3-42148530	M/s TRUE SHELTER PRlVATE LIMITED	Flat No.-140, 14Th Floor, Homes 121, Noida, Gautam Buddha Nagar, उत्तर प्रदेश	India
S3-882624444	Innovative Products Public Limited	H No: 0002-067/Z-1/201&204, Mahadevapuram, Gajularamar, Quthbullapur, TG	India
S3-673336526	Lyraevoio dba Pendley Partnership	2010 Boulder Run Drive, Henrico County, VA	US
S3-201206588	Prime Fresh Greenfire	0067 Silver Springs Drive, Vineyard, Utah	US
S3-25387578	Varshika Shraddha Limited Services	#939 Houe No.1510, 13Th Main Road, 10Th Cross 2Nd Stage, 1St Phase, Btm Layout, Bangalore, KA	India
S3-649933419	o & o payment llc	Evanston, Illinois, 1577 Florence Ave	US
S3-501961868	Surgical Ádvanced Medicine	217 Pond Street, Muscatine, Iowa	US
S3-120090322	Kt Center Center	A-2 Industrialestate Partapur Meeurt, U P, UP	India
S3-411217782	Bland Tax	#13283 Campbell Ln, Logan, Ohio	US
S3-209688612	క్రియేటివ్ టెక్నాలజీస్ మోటార్స్	3Rd Floor Nagam Towers, Ntr Circle, S P Road, Hyderabad, 1-8-303/46, TG, Secunderabad	India
S3-40119777	होटल इंजीनियरिंग प्रा. लि.	Nagpur, Om Nagar Behind Powerhouse, महाराष्ट्र, Plot No. 365, Nagpur	India
S3-863081424	LIMITED GANGAUR COATINGS	DL, C-147, South Delhi, New Delhi	India
S3-143069160	Pur R0ad Fabricators Pvt Ltd	G-62, Riico Industrial Area, Pur Road, Bhilwara, RJ	India
S3-205063248	Private Surya Estate [Ltd]	H.no 19 Pattullos Roadchennai 600 002 Chennai 600 002, Chennai, Chennai 600 002, TN	India
S3-397111560	Branch & Aday Mortgage	1352 Morehead Street, Unit 204, Charlotte, North Carolina	US
S3-583433679	Sunrise Foutrne Healthcare Private-Limited	Suite No. B-11, Noida, UP	India
S3-788659635	Viswa Software LLP	Parganas North, WB, Studio Ankar Jagatpur, Chakraborty Mini, Kolkata, No 17 C/o - Pramila Mandal	India
S3-910943569	NACOGDOCHES VETERANS RIDGE FOUNDATION INC	Texas, 751, Nacogdoches	US
S3-183368808	Infrastructure Bláck Constructions Limited	27/1, Ground Floor Bakultala Lane, Kolkata, Kolkata, Howrah, পশ্চিমবঙ্গ	India
S3-157388392	Cardinal  Inc	##9659 White Drive, Soddy-Daisy, Tennessee	US
S3-706869836	>> 189-190 North Owners Corp	496 Quaker Farms Road, Ofxord, Connecticut	US
S3-808876421	Sm Clinic Pvt	Jamaluddin Chak Khagaul, Patna, Dinapur-cum-khagaul, C/o Md Amirullah, बिहार	India
S3-808397197	Vantagezephevo+ doing business as National Choice Cohen Associates	16 Harbor Road, NY, Huntington	US
S3-626637038	Bickle Batts	9 Tammie Ln, Peabody, Massachusetts	US
S3-891189211	Brant1ey Pet-Care	147 Curcio Court, WEST Babylon, New York	US
S3-302612149	अर्बन सिस्टम्स प्राइवेट लिमिटेड	A-30 (H), Road No. 9D V.k.i.area, Jaipur, राजस्थान	India
S3-882478001	... Cathy Cagrrcasquillo Nova Surprise	Lisbon Ln, Surprise, Arizona	US
S3-342076489	(P.C.) Beyer, Vince and Gomez Athene	9828 Verde Avenue, Mohave Valley Township, Arizona	US
S3-353075244	Mr Modern Solutions Textiles Limited	55 C/o Praveen Kumar Jain, Pl No. 78 Anandpuri, Transport Nagar, Kanpur Nagar, UP	India
S3-565824032	Tavosol	House No.549, North Delhi, <NULL>, DL	India
S3-645269399	Allied Fund	325 Hamilton Street, Unit Suite 207, Albany, New York	US
S3-251946583	The Dent	1025 Wintergreen Terrace, Rockville, Maryland	US
S3-288858547	Christin  Ijaz Staffing	7903 Brewerton Rd, Ciceor Township, New York	US
S3-434978170	रियल कंसल्टेंट्स प्राइवेट लिमिटेड	Door No 17 A-73, Nirman Vihar Laxmi Nagar, Delhi, DL, East Delhi	India
S3-655133524	Bright Engineering Concepts	224 25th St, Troy, New York	US
S3-475607517	Huerta Trading  LLC	5175 Churn Creek Rd, Redding, California	US
S3-516491100	Ironworkers Union Local No	8201 Merrill Street, Niles, Illinois	US
S3-377335510	Kolkata Htfnlrz Limited	3Rd Floor, Fl-3a 20/5, Municipal Office Lane, 24 Parganas North, Parganas North, পশ্চিমবঙ্গ	India
S3-660399883	प्राइम फाउंडेशन प्रा. लि.	Plot 159 402, Samajdeep, J. Adukia Road, Near Saraswat Bank, Kand, Ivali West, Mumbai, Mumbai City, MH	India
S3-980199846	Johnson Frontier Industries L.L.C.	20053 Cave Creek Road, # 161, Phoeinx, Arizona	US
S3-837175052	Matilda Anguiano, DMD, P.C. M.D., North	512 Thompson Street, Charleston, West Virginia	US
S3-35685905	Wray Interiors LLC Services	064-64 82 St, Midddle Village, New York	US
S3-116531711	sunrich daya pvt ltd | [www.sunrichda.com]	H.no: 33-97/A, Lakeville Apartment, Rtc Colony, Tirumalagiri, Hyderabad, TG	India
S3-958950590	Lethia Kennedy Strategic Douglas  Inc		US
S3-756590899	pinnacle signature pantages	#3280 Hilltop Dr, Parma, Ohio	US
S3-796729886	oa ofs	Village Green Dr, Hyattsville CITY, Maryland	US
S3-820819901	Mount Church	566 6th Avenue, <NULL>, Manilla, Iowa	US
S3-476374634	Valdes  Gulf Couriers [Corp]	6 Scott Cir, Unit 813, Washington, District of Columbia	US
S3-24826172	Umbraavi	30 Madison St, Ellis, Kansas	US
S3-444755420	Shri *** Maa Enterprises Pvt Limited	412, Kolkata, Howrah, WB	India
S3-489238185	Ardisj Stocks Kpet LP	15 Anawanda Rd, North Babylon, New York	US
S3-466808039	सूर्या ब्लैक ट्रेडिंग प्राइवेट लिमिटेड	1-01, Pune City, महाराष्ट्र	India
S3-806208601	Ghatge Stars LLP	West Delhi, DL, Plot No. 043-A, Delhi	India
S3-342221973	Éileencookedo.Com	404  Chicago Ave, Kankakee, Illinois	US
S3-800159883	Irifaye	20, Ahmedabad, ગુજરાત	India
S3-589966919	Onyxonyxavi a/k/a Thompson South	381 Hill Ridge Drive, Wetumpka, AL	US
S3-708630133	Brooke's Auto Repair Inc	##2214 Bennett Street, Wichita, Kansas	US
S3-699668086	Rocky LLC League	4177d Mount Zion Rd, Montgomery County, Virginia	US
S3-18893273	Thorson, Kirby  & Molina LLC	3335 Blaze Driev, Murfreesboro Township, Tennessee	US
S3-877273961	Kp Healthcare (India) Limited	44D/10, New Delhi, Vasant Kunj, दिल्ली	India
S3-110864269	Youth Initiative III Corp	Houston, 2320 Greens Rd, Texas	US
S3-116398608	Vanguard Sdmamt Utility Inc	1411 Arrowwood St, Oregon, Hillsboro, Fl. 1	US
S3-619872149	Gold Precision Private Limited	815, New Delhi, Aggarwal Cyber Plaza Netaji Subhash Place Pitampura, DL	India
S3-329593080	South Center	Garner, 433 Joy Drive, North Carolina	US
S3-353372702	नॉर्थ फाउंडेशन प्राइवेट लिमिटेड	Shop No. F 001, A 30, Haware Centurion Mall, Plot No. 88 To 91, Sector 19(A), Nerul (East), Thane, महाराष्ट्र	India
S3-156565489	Gen Infotech Pfaante-Limited	No D/588 Sf No 544/4, Door No.45, Vivekananda Nagar Extension, Pattiswara Apartment Back Side, Coimbatore South, Coimbatore, TN	India
S3-35585077	partners safe aerospace networks	0244 Wye Road, Wythe County, Virginia	US
S3-375058586	हाई इंजीनियरिंग प्रा. लि.	C/o 14 Tara Pori Near Barket, Meerut, उत्तर प्रदेश	India
S3-391106106	Raviya  Engineersprivate Private Limited	00724-725, Shilp Arcade, Nr, Mahakali Petrol Pump, Ahmadabad City, Ahmedabad, GJ	India
S3-922971635	Pinnacle Data Innovations, (Llc)		US
S3-137206821	Steels  LLP	H.no 3A P S Jain Market, Kashmere Gate, Delhi, DL	India
S3-132957319	Mumbai Consultancy	129, Veera Desai Road Andheri, MH	India
S3-715162976	Marillin Alejandro, D.C.,	1902 State Highway 14, Groesbeck Tonwship, Texas	US
S3-27294873	Anchor Studios Corp Service	647 Blue Pond Rd, Clayton CITY, North Carolina	US
S3-689621574	Century & Brothers Private	Plot 33 Shop No. Ja- 0003, New Delhi, DL	India
S3-384990186	SANCHEZ, MCNAUGHT & MACIAS LTD	106-C Second Street, Cmden, Ohio	US
S3-696019628	ಯುನೀಕ್ ಸರ್ವಿಸಸ್	H.no 205, Bangalore, KA	India
S3-332299748	#agatours	Jalgaon, MH, Jalgaon, F- 23 Midc Area, Jalgaon	India
S3-804267678	Brixecto aka Callahan Delta Ares LLC	2017 Cannondale Loop, Chattanooga, TN	US
S3-184503228	Interstate Grid Partners Corporation	# 302, 1432. Cedar St, District of Columbia, Washington	US
S3-172346398	Pediatric Dentistry Center of Fóntana LLC	16970 Marygold Avenue, Unit UNIT 45, Fontana Township, California	US
S3-958843511	Ltd Vanguard Transportation,	130-4 121 St, S Ozone PARK, New York	US
S3-26981744	Peak Ltd Collective Realty	52 Summer St, Medford, Massachusetts	US
S3-449264431	गुरु आनंद इंफ्रास्ट्रक्चर प्रा. लि.	South Delhi, DL, New Delhi, A-39, Second Floor, C.r. Park	India
S3-887061839	India Aulakh Technologies Private (Limited)		India
S3-209934539	Smt Rel  Services L.L.P.	15/1, Dinonath Ghosh Street, Belur, Liluah, Lp-43/12, Howrah, Bally Jagachha, পশ্চিমবঙ্গ	India
S3-728924742	Alexander Rapid Bsp, Co	19814 Thornton Rd, Queen Creek, Arizona	US
S3-505493961	Mr Mkr Harvest Ltd	#503 U/g/f, New Delhi, West Delhi, दिल्ली	India
S3-278691926	Sweeney Better Bhav	N View Dr, Strawberry Plains, Tennessee	US
S3-728033586	Empire LLC Summit, Guild	436 Crystal Drive, Fl 1, Eagle Point, Oregon	US
S3-679155776	projectheritage.com	18019- 94st Street, Bonney Lake, Washington	US
S3-612384310	Mr Abs Abs & Brothers Limited	Hn C-472 109&110, Balarama, Banra Kurla Complex, Mumbai, MH	India
S3-335943505	Ear Nose & Throat Royal Ceger Inc	6319 Lanterne Dr, Loves Park, Illinois	US
S3-53429301	Zephlyra	Plt No.##91, Door No.5/63, Venkatesa Perumal Street, Madipakkam, Chennai, TN	India
S3-464868963	Seer Xerox Pvt	Pune, Market Yard, Saswad, S. No. 1450, Tq Purandar, महाराष्ट्र	India
S3-808306051	Vision Inc Clinic	14550 Grover St, Omaha, Nebraska	US
S3-360561357	Bay  Clear Fashion Inc	6457 41rd Ave, Knox, North Dakota	US
S3-868332799	Lenette's Modern-Software Modern-Software	2000c Hayden Avenue, East Cleveland, Ohio	US
S3-623526198	floraacademy.com	10-40A Mullai Street Sethupathy Nagar, Sivaganga, தமிழ்நாடு	India
S3-402991745	nash odyssey inc | www.nashodyss.com	86 Watesedge Ln, Smithfield, North Carolina	US
S3-391820582	Vanntora  Genetics	82 Irene Street, Babylon, New York	US
S3-950160902	behavioral health precision medicine inc	4908 330th Avene, Burlington, Wisconsin	US
S3-22883187	Dn Internet Llp	Flat No-60, Block-a, Arylaya Apartment Nayapalli, Khordha, Bhubaneswar, ଓଡ଼ିଶା	India
S3-716216413	8astion Services	Smithtown, New York, 136 Plymouth Boulevard	US
S3-414873190	bwfox.com	4605 Bellflower Way, Fort Worth, Texas	US
S3-218389844	Davis	3440 200, Bloomfield, IN	US
S3-17013823	Longshoremen Local Union 655  Co		US
S3-489196101	Harbor Society Metro, LLC	722 Madison Avenue, Morgantown, West Virginia	US
S3-284783125	Technologies Marketing Services Private	208, Badi Gwaltoli Indore, Bhopal, मध्य प्रदेश	India
S3-893485865	Maa Developers	Building No 9/596 A Mini Industry Road, Thodupuzha, Idukki, കേരളം	India
S3-857467920	East Classic Four L.L.C.	North Carolina, 137 Forest Cove Road, Cullowhee	US
S3-539847215	M/s firstconsultants.com	Unit No.232, Central Delhi, DL	India
S3-254921971	Tavovera Co fka Arrowline Automation Private Limited	Indore, 7-A/B, Madhya Pradesh, Indore, Akshaydeep Colony Mr-9 Road	India
S3-801897820	Mr Seven Logistics Private Ltd	Akola, Akot, MH, #70/3- Madina Colony	India
S3-856626129	Keystone Midwest Great	##3687 Huie St, Newton, North Carolina	US
S3-889769022	Womens Health Specialists Co	11910 Red Mile Rd, Albuquerque, New Mexico	US
S3-405225997	Zephveo Labs d/b/a Tirupati Power Pvt Ltd	Amravati, Sy. No. 81/1, Maharashtra, Plot No.8, 9, Shop No.B-127, Govind Co.	India
S3-705866124	[L.L.C.] Tolentino and Collar	2591 Diamond Peak Drive, Rio Rancho, New Mexico	US
S3-465606443	Vadinet-[Inc.]	1552 Fm 182, Clifton, Texas	US
S3-816876728	Limited Alagar Supplier	Door No 9C/5 Ist Cross Street Jakkappan Nagar, Dharmapuri, Royakottah, TN	India
S3-390270517	Noida Tech Pvt Ltd.	A/c-603 & 617, 6Th Floor, Logix Technova, Plot No. A-4, Sector 132, Hardoi, Gautam Buddha Nagar, UP	India
S3-380482215	Deluxe Charitable Trust Noida Private Limited	Noida, Gautam Buddha Nagar, UP, Sector-9, G-49 Third Floor	India
S3-762035043	Onyx Opportunities Corporation	12070 Willowold Dr, Woodbridge, Virginia	US
S3-389521943	masseyapexmiluna.com	003318 Legends Shadow Dr, Spring, Texas	US
S3-992913367	Hilliard Rcoyk Rithm, Inc	4165 Bradstreet Lnae, Fayetteville, Arkansas	US
S3-120507602	Ayaan Trading  Enterprises Private Limited	189 Jamunalal Bajaj St, Kolkata, Calcutta, WB	India
S3-440531245	boardconsumeraffairs.com	325 Riverside Dr, Dolton, Illinois	US
S3-994694782	Sweet Auto Body! L.L.C.	1720 Angier Street, Ocean Isle Beach, North Carolina	US
S3-566787232	Kennedy Heartland	14946 Tamarack Dr, Charlotte, North Carolina	US
S3-82246311	Smart Rapid Montreal Co	Ohio, 1843 Fountain Avenue, Springfield	US
S3-174685548	Summit LLC Lifeco	7337 Broadway, Kansas City, Missouri	US
S3-569057923	Xtreme Design-Private Limited	7-5, Basement, Nirmal Bunglow Nr. Suvidha Shopping, Paldi, Ahmedabad, ગુજરાત	India
S3-301789236	ବାବା ମିଡିଆ ଇଲେକ୍ଟ୍ରୋନିକ୍ସ୍ ପ୍ରାଇଭେଟ୍ ଲିମିଟେଡ୍	ଓଡ଼ିଶା, Door No 047 Pallasahi, Bhadrak, Ichhapur, Taragana	India
S3-450792224	New Delhi Atrgo Pvt. Ltd.	DL, #8E Hansalaya 15 Barahambaroad, New Delhi, Central Delhi	India
S3-673189349	Llc Mcdowall Tpg	65 Lake Road, Camdenton, Missouri	US
S3-104523923	DCI Infratech LLP	Sno 263/15, Pune, MH	India
S3-809294281	Doralin's	3589 27th Street, Yuma, AZ	US
S3-304824402	High Private International Limited	Plot 860 Dakshin Park, Mahish Baltan, Sector-v Salt Lake City, Kolkata, Kolkata, WB	India
S3-585858323	Nicon Care Enterprises	Block E-503 Tirupati R/h No-11, Nashik, महाराष्ट्र	India
S3-198133981	Apex Atlanticus, Holdings	3896- Parkersburg Road, Sandyville, West Virginia	US
S3-496145534	Sacramento Regional Chiropractic Riverside PC	4150 Palm Avenue, # APT 394, Sacramento, California	US
S3-921879043	L.L.C. Allied Family Practice	Clarkton, PO Box 2718, North Carolina, 10684 Rosindale Rd	US
S3-176661804	Global Urtfai Technologies Group Private Limited	1-9 Bengal Eco Intelligent Park, Plot No- 3, Block-em, 6Th Floor, Unit No D2, Sec-v, Salt Late, WB	India
S3-246015385	galbraithsummitusa.com	83 Hampton Avenue, Mastic, New York	US
S3-748227766	Smt Sarbati India Private	Door No 225 G 14/9, Ahmednagar, Midc Area, MH	India
S3-19433299	Rev-It Up Ice Cream Corp	2268 Richelieu Drive, Fairfax County, Virginia	US
S3-162367585	ফার্স্ট কেয়ার প্রাইভেট লিমিটেড	C/o Sasanka Sekhar Mal, Ck Road Vill-dwarigeriya, Satbankura, Midnapore, WB	India
S3-515963850	-- Big Tattoo Inc	19061-19063 New Gambier Road, Mount Vernon, Ohio	US
S3-896599053	Sirius LLC	2934 Deer Trl, Heber, Arizona	US
S3-358572118	Brown Murillo & Center Burke Ltd	#19534 Landis Rd, Anamosa, Iowa	US
S3-365642430	*** Jobina's Cascade Realty  Southside	204 Grange Dr, Atl, Georgia	US
S3-899921048	Drexdrex	21C/2, Bawa Complex, Gandhi Raod, Kallakurichi Viluppuram, Tamil Nadu, Viluppuram, Villupuram, Tamil Nadu	India
S3-656166842	P.C. Kestrel	8888 Hanley Court, Crown Point, Indiana	US
S3-591834776	a golden medical llc	2088 Island Cir, Alaska, Kodiak Townshiip	US
S3-658520750	Ectofaye a/k/a Hunger Trust	22 Lois Street, North Adams, MA	US
S3-126394672	Secure  Pet Pvt Ltd	Itc Hg 33 Mahura, Surat, GJ	India
S3-184029836	Urban Ventures Sdimma Medicals	Door No 088 C/o Rebati Das C/o Sudarsan Das Fuldanga Shantiniketan Birbhum, Bolpur, Birbhum, WB	India
S3-376877098	#gaisfashion	3070 Carters Mill Road, # APT 11B, Marianna, Florida	US
S3-629375257	pacific charter school	Wisconsin, W145N8329 Honey Ln, Menomonee Falls	US
S3-906207127	Farrukhabad Entertainment Enterprises Private Ltd	#B3/27 Mohalla Khar Bandi, Kuiyan Boot Farrukhabad, Fatehgarh, Farrukhabad, उत्तर प्रदेश	India
S3-593996653	Ambar Brothers Pgrivet Limited	Lane No 3, Kolhapur, Shirol, महाराष्ट्र	India
S3-788062473	M/s Aims  Enterprses	C1, First Floor, Green Earth House, Poriyampadom Link Road, Edappally P.o, Kochi, Ernakulam, KL	India
S3-78614365	Vidya Trading Private Ltd #22802	DL, 2/33, South Delhi, New Delhi	India
S3-272575674	Delcastillo  Origin	60 Riddell Street, Greenfield, Massachusetts	US
S3-184626057	Super Developers Industries Pvt	Surya Towers, Lic Colony, AP, Narpala, Anantapur, Door No : 2-212	India
S3-155272925	C0ra Swain Colonial (Starwood)	37003 Laws Point Road, Selbyville, Delaware	US
S3-622087966	Zaix  Partners	873 Brunswick Drive, Rock Hill, South Carolina	US
S3-168055241	Rajendra Merchants Public Limited	7 Uma Complex, Patna, P.s. Gandhi Maidan, Fraser Road, बिहार	India
S3-931526033	Anderson Xrp lncorporated	##2478 Dog Leg Drive, Winston-Salem, North Carolina	US
S3-142933131	New-Infra Private-Limited	Plot 907 Wa-12-a S/f Ward Block Shakarpur Delhi, East Delhi, Delhi, DL	India
S3-192397879	The Berry Fresh Machines Inc	Twelfth Place, Washington, Seatac	US
S3-297368423	Gabay Maryrose M.D.	Lynchburg, 474 Hickok Road, Virginia	US
S3-79960308	SM Siuonae PLLC	New York, Unit Apartment L2, White Plains CITY, Lake Street	US
S3-418690550	Almighty & Ssloon Holdings Private Limited	No 80 C/o Patel Shardaben Karshanbhai Jain Mension, Unjha, Mahesana, ગુજરાત	India
S3-711839923	Federaldefensenetworks.Com	2110. Loretta Parker Lane, PMB 332, Baarling, Arkansas	US
S3-730372354	Blue Nddihi  (India) Industries LLP	Mahagun Moderne Plot No. Gh-02, Sector-78, UP, Gautam Buddha Nagar, Noida, Fr-1693	India
S3-926574807	Foot & Aeftke Mountain Care Associates	8945 Merryvale Dr, Twinsburg, Ohio	US
S3-528700438	HORATIA JORDAN, CPA	241 Sunstruck Dr, Syracuse, New York	US
S3-536715198	Gee Sosa & Orion LLC	50 Prichard St, Fitchburg, Massachusetts	US
S3-702756807	Idika Consultancy Overseas Ltd	Kancheepuram, TN, No.a-24, Madras	India
S3-473400492	Downtown Pilates Mckinney Of	Bridgefarmer Rd, Mckiinney, Texas	US
S3-625793393	Sri bp bp solvex corporation	H.no 94 Unit 101, Oxford Towers, 139, Hal Old Airport Rd, Kodihalli, Bangalore North, Bangalore, KA	India
S3-863974230	Empire [Si1icon]	1605 Wright St, Llano ITY, Texas	US
S3-838008352	Sri sinclairspin.com	No.4, Ist Floor, Preeth Complex Opp. Mch Market, Ameerpet, Hyderabad, TG	India
S3-180777234	ब्लैक कंस्ट्रक्शंस प्राइवेट लिमिटेड	Gokulesh Puram Devseni R G Road Aligarh, Aligarh, UP	India
S3-261597701	Wilson Environmental Inc.	216 800a, Joshua, Texas	US
S3-117533595	Diversified Robotics Enterprises Inc	1135. Doctor Blair Rd, Marshville, North Carolina	US
S3-474458039	Health Committee of Graham Corp	3191 Woodgriff Dr, Graham, North Carolina	US
S3-482343958	Ankit  Prasad Limited	#819, New Delhi, North West, DL	India
S3-657193745	bright auto body	1321 Locust St, West Des Moines, Iowa	US
S3-525974493	Fio Premier Service	14th Avenue, Apache Junction, Arizona	US
S3-731783869	Levin Capital Ássociates Group	3910 Stoconga Dr, Beltsville, Maryland	US
S3-74233507	Incap Traders Industries Pvt Ltd	D/1-18-43/23 Surya Appt., Rangareddy, Hyderabad, తెలంగాణ	India
S3-664015275	ইন্ডিয়ান ইন্টারন্যাশনাল এলএলপি	32/A Badur Bagan Lane Ground Floor, Kolkata, Howrah, Kolkata, পশ্চিমবঙ্গ	India
S3-28921631	Dermatology Metro Group Group	157 68, Haubstadt, Indiana	US
S3-940064390	International Milan Foods Private	H.no 58 Dharinda Tamluk, Tamluk, East Midnapore, WB	India
S3-671694029	3181 Park Street	223 Violet Starling, San Antonio, Texas	US
S3-125983031	MZ Industries Pirvate Limited	राजस्थान, Plot No. 239, Jaipur	India
S3-183066119	dentalcarepediatric.com	114 Denise Drive, Jacksonville, North Carolina	US
S3-818164379	Thielman Sólarius LLC	Taylorsville City, Utah, 5685 Cora Way	US
S3-882893616	Golden Payroll (Industries)	408 Sandia Ct, Aztec, New Mexico	US
S3-138256593	wilson services services private limited	Krishna Priya, Ghoradhora, Lr Plot No. 1308, Khatian No. 12414, Jl No.395, Ward No. 12, West Midnapore, Jhargram, WB	India
S3-77075266	Solzeph+ fka Custom Wellness Dynamics LLC	WI, E10423 Xanadu Road, Town Of Delton	US
S3-793113770	fournierfirstprecision.com	1530 Falconhead Grove Loop, Austin, Texas	US
S3-443957273	Center Sans LLP	907, Pearls Business Park, Netaji Subhash Palace, Pitampura, North West, New Delhi, DL	India
S3-943829209	Zip Pvt Ltd Services	Building No 11/2943, Nilampathinjimugal, Kakkanad, Thrikkakara Municipality, Ernakulam, KL	India
S3-973335577	First Balaji Builders Private Limited	P No.00823, Neharu Nagar, Nandanwan, Nagpur, MH	India
S3-581099362	Consultants Trade Services Clínic	No 101-102 Brown Multi Samarth Park, Umariya, Ab Road, Mhow, Indore, MP	India
S3-518099218	Heritage Service	Sanford, Maine, 010 Island Ave	US
S3-575397920	Jones Hospital Animal	9500 Redbridge Rd, Chesterfield County, Virginia	US
S3-144554713	Vishnudham	327 Third Floor South Bopal Trade Centre Gala Gymkhana Road South Bopal, Ahmedabad, Gujarat	India
S3-155616033	Harsha Trading  Infratech	Door No 202 Patharavar, Padali Khurd Karvir, Kolhapur, Karveer, MH	India
S3-409877233	Naduvannur Chits	Room No. Kp11/448, Ground Floor, Meethale Veettil Vakayad Po, Naduvannur, Naduvannur, Kozhikode, കേരളം	India
S3-126841804	Montay  Kgaa LLC	678-C Sherwood Drive, Virginia, Blue Ridge	US
S3-887859489	Inc. Smart Ágricultural Products	Alabama, Athens, 15120 Mill Valley Dr	US
S3-251061869	Navi Mumbai Land Ltd	S/o Narayan Jangam: Kaira, Chowk, [Sec Tal. Khalapur, Raigarh, MH	India
S3-682632258	Best Athene	1010-1012 Thompson Pl, # 3, Nashville, Tennessee	US
S3-580219607	Van Buren Baptist Association, Partners Inc	1016 28st St, Van Buren, Arkansas	US
S3-891568219	Qinnovations.Com	2Nd Floor, Tirupati Compex Gundran Road, Talala Gir, GJ, Junagadh, To 15	India
S3-345436487	Fortune Infrastructure Private Limited	B/409, Thane, MH	India
S3-180863215	Taylor Adlild	20209 Superstition Drive, Queen Creek, Arizona	US
S3-665752331	Cartwright Point	125 Collins Ave, Balitmore, Maryland	US
S3-332073043	Mr Shatrunjay Pudblcaitins Private Limited	X-7a, Meghdutam Apartment, Sector 50, Noida, Noida, Gautam Buddha Nagar, UP	India
S3-269897897	Pediatric Beacon  Medicine, LLC	Prosper, 421C Honey Locust Drive, Texas	US
S3-599948568	ब्लैक एंटरप्राइजेज प्राइवेट लिमिटेड	No 22/2 Bombay Agra Road, Near Dargah, Mumbai, Ghatkopar, MH	India
S3-835052299	National Family Office LLC	Folsom Road, Dothan, Alabama	US
S3-920161719	Suryaesh Eduventures  Private Limited	Row House No ##4, Thane, Thane (W), MH	India
S3-291519058	Global Ventures	California, Sacramento, 1900-1904 Danbrook Drive	US
S3-102961625	Four  + Co	1-18/2, 1St 2Nd Floor 3Rd Main 8Th Cross, Chamrajapet, Bengaluru, KA	India
S3-432649750	Limited Lotus Private Center	#853 Bldg - S/a-3/5 Fl - 102 Ajmera Housing Comp, Pimpri, Poona, Pune, MH	India
S3-945957344	Camel's Classic	Montana, Glass Drive, Helena	US
S3-244862405	Heritage Pbintcing Advisors LLC	9636c 60nd Avenue, Seattlle CITY, Washington	US
S3-769050472	Guru High Consultancy Private	#12, Bangalore North, Bangalore, KA	India
S3-851583897	Lumus Applied	Arizona, Capitol, 111 35nd Avenue	US
S3-990029787	Federal  Resources PLLC	2900 Edgewood Rd, Bryans Road, Maryland	US
S3-505046252	Seven It Garments Private Limited Limited	28, Indore, मध्य प्रदेश	India
S3-836979296	Carol Case Beyond Holdings	129 Wheeling Park, Harlingen, Texas	US
S3-496233997	Martens's Hair Studio Ltd	25 Fishing Ford Road, Petersburg, Tennessee	US
S3-12210431	Dunn, Shannon and Wolfe Giant [LP]	235 Central Avenue, Church Hill Township, Tennessee	US
S3-218335406	LLC Ladyno	09 23th St, Colllinsville, Oklahoma	US
S3-955991590	Dental Health of New Bedford [Co]	State Street, # 2, NEW Bedford CDP, Massachusetts	US
S3-114894340	ONN [Business]	3071 Wild Flower Trl, Medina, Minnesota	US
S3-547897454	Parker 5ervices Printing	25 Kimberley Street, N/A, Staunton, Virginia	US
S3-3777534	Cardiology Cardiology Associates Services	Concord, North Carolina, 1414 Kent Dons Ave	US
S3-379159450	Des Moines Avinex  Federation	3127 Dubuque Ave, Iowa, Des Moines	US
S3-667946064	daisyconstruction.com	Door No ##963 Office No 313, Thane, MH	India
S3-866351642	Gb Brothers [Co]	108-43, Wayanad, KL	India
S3-764944872	Urgent Care Optimal Health  Co	225 57th Street, Oak Island, North Carolina	US
S3-778070560	Corp Urology Medicine of New Holland	232 Main Street, New Holland, Ohio	US
S3-383887696	Miller Royalty LLC	447 B 1/2 West Street, Randolph, Massachusetts	US
S3-890833885	FP	748 Bohannon Circle, Oswego, IL	US
S3-133877792	Krishna  Projects	Plot No - D133/c, Phase 7, Industrial Area, S.a.s.nagar (Mohali), Rupnagar, PB	India
S3-392505237	Cardiology [Spécialists]	##4732 Agave Ct, Eloy, Arizona	US
S3-226254612	Specific Services Exports Private Limited	C-30, Upper First Floor, Guru Nanak Pura, Laxmi Nagar, East Delhi, DL	India
S3-273324366	Creative Legacy Trailblazer Holdings	4135 Marmora Avenue, Chicago, Illinois	US
S3-570433325	Metropolitan LLC Services	Texas, 2 Bayou Drive, Conroe	US
S3-459465037	Punjab Memorial Trust LLP	C-93wazirpur Industrial Area, Delhi, North Delhi, DL	India
S3-142391530	Ridge Federation LP	01683 Dorset Drive, Avon, Indiana	US
S3-611133164	Lawler & Gaskill LP	546 Muddy Creek Rd, PMB 2772, Laem Deer, Montana	US
S3-925963237	Orthopedic-Health - 9317545184	22447 194, Fedscreek, Kentucky	US
S3-842974181	Th0rpe, Eugine,  CPA, M.D., P.C.	Minnesota, S Saint PAUL, 145 Seventh Ave	US
S3-263119168	Dovabrix DBA: Bay Creative Design Center	Milford, 22 Concord Woods Drive, OH	US
S3-39946716	Orr Staffing Inc	#693 200, Unit 35, Logan City, Utah	US
S3-317130896	Tamma Lieberman Newbridge Incorporated	1507 Marion Manor Dr, Marion Town, Virginia	US
S3-13003220	The Vellaex Resource	5116 Frontier Mall Dr, Unit 7, Cheyenne, Wyoming	US
S3-383729680	Kanjirapally Supply Ltd	No 54 Building No 206 / Ward 7 Illathuparambil, K E Road, Kottayam, Kanjirapally, കേരളം	India
S3-475788350	Toverex  Holding	101 Anchor Stret, PO Box 3108, Jnuction City, Kansas	US
S3-745094101	Zenith Ltd	Timbercreek Drive, Poteet, Texas	US
S3-354972600	Hendrix and Antonio (Inc)	Northgate Peaks Drive, Saint George, Utah	US
S3-821528156	Mco Trading Private	N6/432, Jaydev Vihar, Bhubaneswar, OD	India
S3-729581349	Golden एक्सपोर्ट्स Private Limited	Mumbai, MH, Block E-992 F-11, Malad East	India
S3-122836633	Cybercity India Llp	C/o Kamal Singh, Dhanoli Road, Agra, Kiraoli, उत्तर प्रदेश	India
S3-975592692	Prairie Huntington  Inc	210 Pinewood Ave, Missouri, Republic	US
S3-934771925	Mcgovern, Annecorinne, D.D.5.	Maryland, # Apartment 3A, Windsor Mill, 3405 Vargis Circle	US
S3-382477272	Premier Technologies (Services)		US
S3-404363631	விஜய் சிஸ்டம்ஸ் எல்எல்பி	Chennai, Millers Road, TN, No 18	India
S3-817268834	Sarswati Limited Trip Private (Índia)	A-203 Avadh Parkland, B/h, Panchmrut-2, Science City Road, Sola Road, Ahmedabad, GJ	India
S3-925690400	Fletcher Éarths	5538 Shady Lane, Smyth County, Virginia	US
S3-99952964	fasacademy.com	Door No 140/A/4, 7Th Main 4Th Cross, 3Rd Phase, J P Nagar, Old Vijaya Bank Road, Next To Shani Mahatma Temple, Back Gate, Bangalore South, Bangalore, ಕರ್ನಾಟಕ	India
S3-816207931	BETTINA CARRIER CAPITAL DEBT OF WHITE HALL MIDTOWN	10636 Hwy 270, White Hall, Arkansas	US
S3-344366174	Swarajya Memorial Trust Group	Lig 893, Kalinga Bihar, Khordha, ଓଡ଼ିଶା	India
S3-512747049	Epitome  Foundation Group	P 76, New Delhi, South Delhi, DL	India
S3-868794729	gxtc india private limited	Flat No. A 407., Bharati Gold, Gat No 653 Kesnand Road, Wagholi, Taluka- Haveli, Poona, Pune, MH	India
S3-215840417	Thomasin Kain  Construction	754 80 St, Brooklyn, New York	US
S3-511770690	Hr Trading	6, T.nagar, Chennai, தமிழ்நாடு	India
S3-21379343	Literacy  Fund	16333 Dyme Rd, La Pine, Oregon	US
S3-682561420	Mettler & Wescott Therapies Llc	7527-7531 Wynlakes Blvd, PMB 8937, Montgomery, Alabama	US
S3-685871683	Russo Paeent Inc	1100 Alpine Road, Rockford, Illinois	US
S3-634945121	Hogan Precision Safety Inc	945-A Fall River Rd, Goodspring, Tennessee	US
S3-673034376	delhi hotels holdings private limited	K. No.91/20, Shop No. 1, Main G.t. Road, Vill Alipur, Delhi, North Delhi, दिल्ली	India
S3-409051219	Orthopedic Metrompolfitna Medicine LLC	Omaha, Nebraska, #5441 1/2 B St	US
S3-617366721	Diamond Freight	00246 8th St, # Apartment 2, Covington, Kentucky	US
S3-337617022	Jorgensen Bakery LLC	224 Holland Cir, Waynesboro City, Virginia	US
S3-234296511	Modern Dynamic  Hennessy Group	264 Reese Wilson Rd, Belmont, North Carolina	US
S3-172571792	Noida  Realty Limited	Noida, A-741 Sector-19, Gautam Buddha Nagar, UP	India
S3-498736844	Llc Hughes National Spectral	##1516 English Pine Ln, Ofallon, Illinois	US
S3-179149096	Wahl Ses LP	3121 Woodley Road, Washington, District of Columbia	US
S3-211267464	AIE INSTITUTE	Shop No.a-07, Navi Mumbai, Thane, MH	India
S3-218080661	Parham Golden Clean,	Amandas Way, Buda, Texas	US
S3-937179218	Mccarter Manulife L.L.C.	151-155 Burlington Road, Jackson, Ohio	US
S3-155286158	Quartz Union		US
S3-688137619	M/s Indogulf Private Limited Center	12-179/4, West Godavari, Ganapavarammandalam, ఆంధ్రప్రదేశ్	India
S3-660941882	Public Supreme Finance Limited	Plot No B-115, Midc, Omerga, Osmanabad, MH	India
S3-960424196	Meenavi Mitra Private Limited	D.no:8-3-833/167, Hyderabad, TG	India
S3-103234040	Constructionprivate Hisar (Cmller)	Office No. S-1, Hisar, HR	India
S3-111452645	Ray  First Science Inc	1856 Huntington Rd, Waterloo, Iowa	US
S3-958176965	விஷன் குளோபல் பிரைவேட் லிமிடெட்	H.no 40, Periyar Nagar, Elacheri, Vembakkam, Cheyyar, Tiruvannamalai, TN	India
S3-881224789	Best Impex [Ltd]	B - ##29, Umed Park Society, Nr. Satadhar Bus Stand Sola Road, Near Saibaba Temple, Ghatlodi, A, Ahmedabad, ગુજરાત	India
S3-667181525	romoa llc	7649 De Platina, Fl 1, Scottsdale, Arizona	US
S3-817101619	QM Services	7442 La Porte Road, Iowa, Waterloo	US
S3-80483400	Peden, D0di LLC Center	504C Mason St, Albemarle, North Carolina	US
S3-541726179	Good All Products Garments Garments Private	#54 S/o Karunakaran, Vedasandur, Dindigul, தமிழ்நாடு	India
S3-848836484	Dabbs and and Byrge		US
S3-773288368	Brightova Fúture Associates	1845 Henry Crumpton Drive, Birmingham, Alabama	US
S3-483217020	Hyderabad Foods Exports Ltd	Plot No. 53 Hmt Colony, Hyderabad, TG	India
S3-393188326	Tapia Highland Mobile Ltd	6354 Patterson Aveune, Chicago, Illinois	US
S3-145689028	Kolhapur Pólytechnic	Ntpc Bhawan Core9-scope Complex 7-Institutional Area Lodhi Roa, South Delhi, New Delhi, DL	India
S3-94040535	Sindhu Exhibition Private	Kunnathu House, Trivandrum, Keralam	India
S3-977224107	Classic Electronics Products Highland LLC	13852 166st Avenue, N/A, Rainier CIY, Washington	US
S3-141056654	Lindsey Patriot Beauty LLC	064281 33, Goshen, Indiana	US
S3-24664043	Surat Greens Ltd. Pvt.		India
S3-883188558	Chrissy Lafleur Arc Corporation	8403 King Memorial Road, Mentor, Ohio	US
S3-445309227	Hamann, Blake, Esq. LP	1539 Peyton Road, Los Chavez, New Mexico	US
S3-99405285	Oncology Center of  Columbus	1229 Berwick Arms Place, Columbus, Ohio	US
S3-807294454	Vanguard Secure Block [LLC]	1004 Morton Street, Bltimore, Maryland	US
S3-131579318	ब्लू टेक प्राइवेट लिमिटेड	Etah, UP, 2 Shaheed Park	India
S3-597213509	Pediatric Dneal Delta Care Inc	901-903 Crescent Drive, PO Box 2709, Bullard, Texas	US
S3-353199519	Solanki Activities Corporation Corporation	58, First Floor, Rani Jhansi Road, Paharganj, New Delhi, Central Delhi, DL	India
S3-15601629	Xylomira a/k/a Software Como Machine	C/O Pawan Agarwal, 3Rd Floor, Swapan Arcade, Siliguri, Darjiling, Darjeeling, West Bengal	India
S3-787401774	ಬಾಂಬೆ ಇಂಡಸ್ಟ್ರೀಸ್ ಪ್ರೈವೇಟ್ ಲಿಮಿಟೆಡ್	0057, 4Th Cross 1, Krishna Garden Layout, A Block, R R Nagar, Bangalore, ಕರ್ನಾಟಕ	India
S3-680342154	Peggy Varghese, DC, PC (Corp)	3068-B Ironwood Ct, Granite Falls, North Carolina	US
S3-468131879	Tricity Educational	Plot No. 140, Block-Z, Kh No.62/25/1, Gopalnagar, South West Delhi, Gf, New Delhi, Delhi	India
S3-602346744	K 6 S Developments Group	612 Potoamc Pl, Unit 101, Smyrna, Tennessee	US
S3-335287581	limited paprika (india) equipments	Hn 19 10/8, Kasturba Road, T-10, Fg Block, Golden Orchid Apartments, Bangalore, N/A, ಕರ್ನಾಟಕ	India
S3-867944145	एपेक्स लॉजिस्टिक्स लिमिटेड	East Delhi, DL, Divreportingcircle, Agarsen Apartments Plot No-66, I P Extension, Patparganj, 0604 (Luv)	India
S3-811301901	Galaxy Private Global Sai [Limited]	Farm No 34 G/f, New Delhi, DL	India
S3-50029344	Orbora Femfnacs	160 Colman Way, Calera, Alabama	US
S3-854346242	Cancer Project Inc	Gott Rd, Edmeston, New York	US
S3-704036218	Inc Dental Héalth	Arkansas, Forrest City, 1576 St Francis 200 Rd	US
S3-501450699	Houk Fúsion Inc	North Carolina, #3444 Thrower Rd, Hope Mills	US
S3-514623623	pushkaratrust.com	Door No 12, Nashik, MH	India
S3-672557970	Pvt Siddhakala (India) Ltd	Plot No. 21 To 23 Near Sec 56 Samaypur Industrial Area Ballabgarh, Faridabad, Sahupura, HR	India
S3-342175660	Corner Cafe	Springfield Blvd, Springfield Gardens CITY, New York	US
S3-20919300	Unisoft Center	C/o Gaurav Arora, Ludhiana, PB	India
S3-318239735	Giglio, Short & Baysinger Information	135C Webb St, Washington, Pullman	US
S3-973401417	Comfy Investment (Private)	Plot 739 Hanuman Nagar, P.s.-kanker Bagh, Patna, BR	India
S3-241655629	Duran Regional Hills Inc	Arkansas, 324- River Vista Dr, Mammoth Springcdp	US
S3-655993819	Shay Xu Express Office		US
S3-359226982	Urgent Care Partners Ltd	71 Barnes St, Greenville, North Carolina	US
S3-620046221	Sugoi  Institute		India
S3-974661014	Novel Private Activities Limited	महाराष्ट्र, H.no 6C 1403, Mumbai City, Mumbai	India
S3-356203149	Dlf  Qe Services Pvt Ltd.	Plot No. B-751, First, Floor, Sushant Lok-1, Dlf Qe, NULL, हरियाणा	India
S3-928869918	Keystone Telecom Dynamics L.L.C.	#1 Collen St, East Bethel, Minnesota	US
S3-710561614	ਈਸਟਰਨ ਲੌਜਿਸਟਿਕਸ ਪ੍ਰਾਈਵੇਟ ਲਿਮਟਿਡ	Sco 1 & 2(Com), Nav City, Jandpur Road Sunny Enclave, Sector 125, Kharar, Rupnagar, Mohali, ਪੰਜਾਬ	India
S3-406500986	Limited Supreme & Sons	Door No 168 8, Kolkata, Howrah, WB	India
S3-174461333	Highland First Preferred West	##E1235 Wolf River Road, IOAL, Wisconsin	US
S3-760915770	Dynamic Private It Limited	13 Woodburn Park Road, Kolkata, Calcutta, WB	India
S3-668385743	Miralyra DBA Empire Biopharma Inc	1331 Parkside Drive, Gilbert, AZ	US
S3-432315802	Keystone  Brands Services		US
S3-157620081	अल बॉम्बे फूड्स	Block F-632 65/87, Ram Ganj Jinsi Main Road, Indore, MP	India
S3-800269756	श्री बिल्डर्स प्राइवेट लिमिटेड	Chhatter Pur Near Pole, Delhi, 00368, DL	India
S3-172241382	Vision Specialists óf Harlingen Inc	1403 Sunset Drve, Harlingen, Texas	US
S3-175410487	Gjsource.Com	40 Melody Ln, East Hartford, Connecticut	US
S3-237992310	Silver Séafood!	6732 Serviceberry Drive, Freerick, Maryland	US
S3-99264602	Jay Developers Prívate Limited	###96 C/o Sivakumar, 33/1985A, Playithara House Ground Floor, Thuruthiyil Lane, Vennala Po, Ernakulam, Keralam	India
S3-740696117	urologyclassiccenter.com	737 Sharon Avenue, Burlington, Washington	US
S3-460104264	Nelson Excavation Llc	3307 Scarlet Oak, Dalas, Texas	US
S3-247490778	সুপার ডেভেলপারস প্রাইভেট লিমিটেড	450/533/344/846 Sevoke Road Above M Bazaar, Rajganj, Salugara, WB	India
S3-348204417	Mr Perfect It LLP	Unit No. F-12, Shanti Nagar Co-op.industrial Estate Limited, Shanti Nagar, Vakola, Santacruz, (East), Mumbai City, MH	India
S3-577292775	Dombivli Technologies  Private		India
S3-394209499	Uenike Co Limited Center	No 46 Lekhadiawadi Salabatpura, Surat, GJ	India
S3-100923427	Sidonnie'S Dyndami Group	Yale Boulevard, Albuquerque, New Mexico	US
S3-642356028	Cornerstone Iii Ceneer (ID: 15551)	Farthing St, Durham, North Carolina	US
S3-573823046	Bayer Roofing	4340 Wright Ave, Fl 0, Ft George G Meade, Maryland	US
S3-13098950	Y T Deutsch Roman Clinic Holdings	6172 Bilboa, Tucson, Arizona	US
S3-559887621	Christiana Pahl-Australian	Donwood Dr, N/A, Naperville, Illinois	US
S3-113665630	Prakritik Exports	Gb-4 Shivaji Enclave, New Delhi, DL	India
S3-445543159	Upper Ltd [Digital]	0419 1st Avenue, Indianola, Iowa	US
S3-272571805	Indrajit Centre Private Limited Center | www.indrajitc.com	S-c-351 Third Floor Greater Kailash-1, New Delhi, South East, DL	India
S3-444688916	South-World	3140 Baylor Dr, N/A, Lake Havasu City, Arizona	US
S3-92503489	Perfetto Metro	309. Karankawa Lane, Angleton, Texas	US
S3-622285006	Holland Montessori Ssitosol	1442 Frankfort Ave, PO Box 8805, Louisville, Kentucky	US
S3-76547582	Maid Blrrcnelhop	11840 N Alexander Lake Road, Town Of Wascott, Wisconsin	US
S3-596824838	Corporate Services Medical	Royal Apartment, Sector-13, Vikas Nagar, Lucknow, Flat No G-1, उत्तर प्रदेश, Lucknow	India
S3-281840756	Reina Hernandez-Clean Viking LLC #38235	1001 Reservoir Street, Springfield, Illinois	US
S3-465980349	Bharat Alpha Constructions Traders	G-396 C-1005 Bhoomi Gardeina 6, Panvel, Thane, MH	India
S3-364249837	Projects Kalash Pharmatech Industries Private Ltd	No 45 N9 K Cidco At Aurangabad, Aurangabad, महाराष्ट्र	India
S3-243401784	Cole Service	13788 Shirfey Ct, PMB 3025, Marion County, Oregon	US
S3-62261894	Hanner Recruiting Llc	404 2rd St, Mc Crory, Arkansas	US
S3-9251546	Lamothe Supply of Delco Inc	Poplar Branch Way, Dleco, North Carolina	US
S3-184194193	Solutions Variance Micro Limited	H No. 744, Tasgaon, Sangli, MH	India
S3-106119315	Belia's Cafe Inc	3017 Austin Street, Seattle, Washington	US
S3-426422485	Ahmedabad Cftnaer  Pvt Ltd	Ahmedabad, Q-402- Shrinandnagar Part 2, GJ, Makarba Road, Vejalpur, Ahmedabad	India
S3-391197159	LLC Weible, Hígbie & Garmany Bhav	377 San Periro Drive, Clayton, North Carolina	US
S3-541109881	Autism-Assistance Council Corp	4608 9th St, Texas, Brownwood	US
S3-933143186	Digi Trading Enterprises Private Limited	No 25 Ground Floor, New Delhi, दिल्ली	India
S3-910577277	Family Partnesrs	105 Windsong Bay Ln, Tega Cay, South Carolina	US
S3-256137275	Strategic Defense International Corporation	240A Main St, Roscoe, Minnesota	US
S3-764381107	Mr Mascot & Sons Pvt Ltd	Naveen Nagar, H.no D/191 117/L/345, Kanpur Nagar, UP, Naveen Nagar	India
S3-777924189	Vins Logistics Limited Center	1295/1- Kapashera Village, Near Fun N Food Villa, Ge, New Delhi, South West Delhi, दिल्ली	India
S3-973867079	Taransh Global Limited Partners	Fno 301-A-(Plot No 509/150, Lucknow, UP, Lucknow, Cristal Old Hyderabad	India
S3-408096453	Ijk Fund (India)  Co	Narayanpur Battala Rajarhat Gopalpur, Kolkata, Howrah, WB	India
S3-955004783	A F & G Rosmt L.L.C.	506 Nosthshore Dr, Syracuse, Indiana	US
S3-223797308	M/s Estro Tirupati Asiccteas	45., GJ, Vadodara	India
S3-924770183	Eastern Portfolio	181 11th Saint, Woodward CITY, Oklahoma	US
S3-783868525	Sindee Kurtz Bankshares-LLC	52 Anstridge Lane, Zebulon, North Carolina	US
S3-984861031	0ptimal Súpply Products, LLC	15207 Big Ifland Highway, Big Island, Virginia	US
S3-893252275	Hari Hospitality Private	18, Bangalore, KA, Bengaluru	India
S3-669309011	5-Sons Inc	2426 Stewart Dr, Mesquite, Texas	US
S3-576366138	Moten, Eusebio-And	Village Of Marathon City, 501- Pine Street, Wisconsin	US
S3-490107025	Red-Investments Private Limited	J-1/28a 1St Floor Khirki Extension, New Delhi, Malviya Nagar, दिल्ली	India
S3-257913840	Pediatric Gróup	9230 Mapes Street, Beaumont, Texas	US
S3-66799534	Upbeat Cnstigm (LLP)	Plot 872 S No 169, Vasai, Thane, MH	India
S3-41233105	Ram (India) Foundation  Private Ltd	No 4-C Type Iii 3Rd Floor 75 Diz Area Sector-2 Kali Bari Marg, North East, New Delhi, DL	India
S3-488931552	यूनिक एस्टेट स्वीट्स प्राइवेट लिमिटेड	Khobragade Hanuman Nagar, MH, Bhandara, 084 C/o Dipak Haridas	India
S3-650605084	Kaverva Electronics Ltd	Survey.no:374, Plot.no:34/1, C.i.e Gandhi Nagar Phase-ii, Hyderabad, TG	India
S3-501104312	Flora Green Private	#4/9 Chowdhurypara Lane, Ground Floor, Domjur, WB	India
S3-225502975	Mr Om Estate Private Límited	Rangareddy, Road No 1, Viharika Colony, Medipally, Medchal Malkajgiri(dist), Hyderabad, H No: C-7 14/3, తెలంగాణ	India
S3-268279598	Meena Consultants Ltd.	V-003 1St Main, Bangalore, ಕರ್ನಾಟಕ, Bengaluru	India
S3-757145010	Shri Vicky Lifs LLP	No.6/941, Ulundurpet, தமிழ்நாடு	India
S3-285250811	Srn  Pharmaceuticals Private Limited	11, Erandwane, Pune, MH	India
S3-284203204	Royal Power Ltd	DL, 10532, Central Delhi, New Delhi, Bagichi Allauddin, 1St Floor, Motia Khan	India
S3-699172986	Papagena DMD, Best, F. PC	403 Main Street, null, Olney, Illinois	US
S3-8963123	Vision Medicine  Inc	New York, 265 Ingrassia Rd, Middeltown	US
S3-908117260	gatesmedicalcenter.com	2510 Curley Bear Road, Montana, BIG SKY CITY	US
S3-277660743	Amor  Tech Private Limited	#216, Bengaluru, Bangalore, ಕರ್ನಾಟಕ	India
S3-544256546	pranayaind.com	Gf 10Th Cross Aecs Layout Block A, Behind Shiva Temple Kudlu, Bangalore, ಕರ್ನಾಟಕ	India
S3-196161888	Yellow LLP Diagnostic	Room No 38, Kolkata, Howrah, পশ্চিমবঙ্গ	India
S3-399542215	Ojai Envir0nmenta1 Institute Clinic	Ojai Santa Paula Road, Unit 4, Ojai, California	US
S3-413623444	Good Products Limited Partners	Door No: Mm 8/1492/1, Gold Star Building, Near Manjeri Municipality, Kozhikode Road, Manjeri P.o, Manjeri, Malappuram, Malapuram, KL	India
S3-107082368	Rosie Hosnn Atlantic Uranium Partners	962 Primrose Pl, Unit COND 33, Anchorage, Alaska	US
S3-331648983	L.L.P. Kr Solar	20, Ahmedabad, GJ, Daskroi	India
S3-91568306	Schultz, Martinez And Martinez Inc Services	2424 High School Drive, Vernon, Texas	US
S3-27774861	Urology Care Associates Co	361- 1550, Syracuse, Utah	US
S3-42736984	गोल्ड हॉस्पिटैलिटी Private Limited	Paota Tehsil - Kotputli, Jaipur, राजस्थान	India
S3-845381806	VHY Services Center Pvt Ltd	Door No 746 Unit 28 Sector 7, Gurgaon, Muzaffarnagar, HR	India
S3-182325784	Smt Creative Ventures	Masinaickenpatti Po Salem, Salem, Ayodhyapatinam, தமிழ்நாடு	India
S3-574716551	Private Gpk Consulting Limited	Juhu Scheme, Shri Ramkrishna Chs Ltd, MH, Bldg No 4, Flat No 14, N.s.rd No 9, Gulmohur X Road, Mumbai	India
S3-500926556	Le Montessori (Center)	05000 Needham Dr, # 1115, Smyrna, Tennessee	US
S3-235137284	Smt Signity & Sons	C/o Pushpa Lakshmi Narayana, #3484, 14Th Main, Indiranagar, Hal 2Nd Stage, Bangalore, KA	India
S3-793590116	Frontier Land Holdings Center	2488 Pecos Road, Unit 1042, Chandler CDP, Arizona	US
S3-996106198	Rizawex t/a Sisodiya Investments Care	Delhi, Shop No 304, New Delhi, Newdelhi, Plot No 12, Sect 12, T/F Mlu Dwarka	India
S3-250200139	Dr Skyhigh Motciomo	Japonica, 3K-30, 4Th Phase, Aditya Garden City, Warje Malwa Di, Pune, MH	India
S3-996494780	Diamond Polestar Enterprises		US
S3-511308345	United Premier It Private Limited	No 14 C/o- Mahendra Kumar Soni, Nai Bajar, Bharwari, Kaushambi, Manjhanpur, UP	India
S3-798174717	Reed LLC Gesher	3773-C Picea Pl, # 338, Indiana, Columbus	US
S3-192095384	Glyphay Owl	Saint Louis, #6515 Wydown Boulevard, Missouri, Unit APT 3196	US
S3-226184157	Woosley Wellness Llc	Atl, Georgia, 209 Harwell Rd	US
S3-84843350	Balia  Technologies Co	Village Post- Deokali Balia, Balia, Ballia, UP	India
S3-253094799	Summit Fortress	3702 Kenwood Ave, Indianapolis, Indiana	US
S3-856809177	Grace Synagogue & Co		US
S3-440782990	Jump Traders Limited	Ajmer, Kundiya Khana Khera Tehsil Masuda, Plt 54-62, RJ	India
S3-857204391	Proliex Best Company (Services)	20664 Ash Place, Spiro, Oklahoma	US
S3-986374389	cascade deutsche	1315 Adams Street, <NULL>, Nashville, Tennessee	US
S3-642715646	Delta Strategic Grówth Partners LLC	122-126 Kettle Moraine Dr, Village Of Slinger, Wisconsin	US
S3-883236398	Bell Learning Cetr Riverside LLC	4211 Owen Way, PO Box 6410, Anacortes, Washington	US
S3-781213662	Visu India Industries Ltd	No. 03, 2Nd Cross Ramappa Nagar, Perungudi, Chennai, Kancheepuram, TN	India
S3-422024505	Ganga Clinic Partners [Limited]	No 51 Aryan House, Plot No 18, Sr No 3153, Shivaji Chsl, Sb Road, Shivajinagar, Pune, MH	India
S3-795606652	Jeanjacques Automobile Automobile Inc Center	2789 Westbreeze Dr, Hilliard, Ohio	US
S3-631893679	Huffman-Cayman Group	1226 Bloine Avenue, South Bend, Indiana	US
S3-151079782	Zinn Dynamic Spa West	044 450, <NULL>, Grayville, Illinois	US
S3-581512350	oncologycare.com	2728 Blackhawk Road, Wilmette, Illinois	US
S3-426583135	Secure Infrastructures Company	UP, Kanpur, Katra Ghatampur	India
S3-757832595	Tessa Cook Futurecrest Partners Corporation	30 Lincoln Avenue, Rockport, Indiana	US
S3-700730353	Alliedfund.Com	2587  David Drive, Niagara Falls, New York	US
S3-582242936	Mumbai Light	Doro No 2602 - A, Mumbai, Mumbai City, MH	India
S3-47295071	Snyder Gaming-LLC		US
S3-554579834	Pediatric Dental Medicine (Corp)	112-116 Civic Drive, Perrysburg, Ohio	US
S3-659732572	Brixvantagemira One	Block A - 702, Maruti Sky, Opp.Om Afford, Sp Ring Rd, Daskroi, Ahmedabad, Gujarat	India
S3-307455497	Pyraaria Co née Clean Rocky Advanced LLC	2624 Brushwood Lane, Mesquite, TX	US
S3-615512571	Llc Western Beacon Barings,	3496 Crosby Dr, Pinetop, Arizona	US
S3-525089458	વ્હાઇટ સિસ્ટમ્સ લિમિટેડ	216, Ahmedabad, GJ	India
S3-534361680	Dr Hari For Care Ltd	8Th Khewat 105/155, Gurgaon, HR	India
S3-496061507	Fami1y Partners  Inc.	423 Appalachian Way, Montreat, North Carolina	US
S3-946988556	LLC Abb0tt & Cain,	359 B, Roseville, Minnesota	US
S3-331260389	Sun Sons Private Limited Center	Howrah, Amartolla Lane 1St Floor, WB, Kolkata, 8B	India
S3-599487924	Mount Lutheran Church Inc	2618 47th Ter, Kansas City, Kansas	US
S3-495779924	Morris, Dempsey and Smith Summit Corp	Rogers, 2806 Center St, PMB 2206, Arkansas	US
S3-675818857	ZQ Kishan	Scr-9, Unit-iv, Bhubaneswar, Khordha, OD	India
S3-705636917	Prime Exports (Private)	Office No.d/303, Delhi, East Delhi, DL	India
S3-359350184	Nelson, Conrad And Corp Chavez	##36 Grove Street, Elmira, New York	US
S3-265782394	Ortiz, Bouldin and Hester L.L.C.	40 Mountain Ave, null, Fairfield, Maine	US
S3-701189980	Hart Metro	11970 Montgomery Street, Winfield, Indiana	US
S3-903690137	Payne Libmeayr Farmers LLC	225 Windward Rd, Southold, New York	US
S3-30325670	Arunabh Brothers Overseas  Private Ltd	Elmnor-13145, Prestige Lakeside Habitat, Varthur Main Road, Bangalore, KA	India
S3-422340950	Visionmedicine.Com	21 Ludlow Rd, Bellefontaine, Ohio	US
S3-153468633	Zephwexkor	1011-1015 Glenwood St, Port Angeles, Washington	US
S3-262942668	Vision Apex Care Associates Inc	6711 Conrad Avene, New Mexico, Albuquerque	US
S3-571199306	Ectosol fka Ernaline H. Rodriguez, DO	17 Rose Avenue, West Norriton Township, PA	US
S3-511245242	Vinayak (India)-Web Private	Tc 29/ 2647 First Floor Carmel Towers, Cotton Hill, Vazhuthacaud, Thiruvananthapuram, Trivandrum, Keralam	India
S3-249731279	Surgical  Medicine LLC	078 X, Elk Mound, Wisconsin	US
S3-796387112	Sri Dikshit Lífe Limited	Shop No. 312, 3Rd Floor, Shree Kuberji Textile Park-2, B/h. Belgium Square, Delhi Gate, Ring Road, Surat, ગુજરાત	India
S3-554999246	Global Superior Corp Service | www.globalsup.com	100 1/2 Bentwood Dr, Rose Hill, Kansas	US
S3-369804093	Sunglow (india) (India) Ltd	Sea Breeze T - 5, Flat 1001, Sector 16 Plot No 16, Nerul, Thane, Navimumbai, MH	India
S3-484370309	Galaxy Supreme Projects Limited	C ##7 Bhadra Ngr Comp Nandivali Pada Bhopar Dom Dombivali, Dombivali, Thane, MH	India
S3-788318847	Ciba Healthcare Overseas Private [Limited]	No 72 Village Bholapurchandigarh Road Ludhiana, Ludhiana, Punjab, PB	India
S3-872652637	Midwest Coalition	402 Cahooque Creek Rd, Havelock, North Carolina	US
S3-476866484	MN	5850 Deskins Road, Buchanan County, VA	US
S3-586193939	2767 Ocean Boulevard Pártners PC	701 R St, Linncoln, Nebraska	US
S3-112436878	new shyam investment private limited - 6341904838	House No. E4 38-B, Arera Colony, Huzur, MP	India
S3-377503111	dental care of wells llc	14 Jennifer Lane, Wells, Maine	US
S3-107643145	Inc Marcellina'S Ridge Fashion	304 Camden Cove Circle, Claera CDP, Alabama	US
S3-846570043	Pune Sérvices	Pune, 424/2 Mangalwar Peth S Chamber, MH, Pune	India
S3-950432288	Signature Metro Dirnefct LLC	2650 Schisandra Ln, Cosby, Tennessee	US
S3-746514208	SG	8/2/1 Ranjanpada Alibag, Raigad Awas, Alibag, Raigarh(Mh), Maharashtra	India
S3-742143563	Center Neale, Rodi MD Ltd	# 230, 4001-4003 Westchase Blvd, Raleigh, North Carolina	US
S3-197936681	Bright Bakery Corp Center	8212 Pilots View Dr, Raeligh CITY, North Carolina	US
S3-912469339	VL Art	Hn 220 S/o Sadanand Patil Pandurang Smruti Rd, Mumbai, Mirabhayandar, MH	India
S3-160230983	L.L.C. WKM Fannie	716 Mcdonald Street, Simpson, North Carolina	US
S3-104346684	Himgiri Consultants Co	Door No 460Dr Radhakrishnan Road Tatabad, Coimbatore, TN	India
S3-423869505	Roach Green Auto Downtown Center	2117 Adams Ave, La Grande, Oregon	US
S3-911293036	Dovahaloarc	3333 California Avenue, Carmichael, CA	US
S3-419950682	Drexveo trading as Pilani Search Private Limited	D.No.4-59-15/3, Flat No.104 Rajeswari Residency, Lawson'S Bay Colony, Visakhapatnam, Vishakhapatnam, Andhra Pradesh	India
S3-504333106	गुड हॉस्पिटैलिटी प्राइवेट लिमिटेड	Ghaziabad, उत्तर प्रदेश, Door No 3/563 Vasundhara, Ghaziabad	India
S3-19095188	A Cure 8 All Eastgate	95 Country Club Dr, Illinois, Countryside	US
S3-40595957	Mr Sir Sir Industries L.L.P.	Door No ##32, Pearl Residency 20/1 Munnekolala, Marathahalli, Bangalore, KA	India
S3-889635438	Jarliq Pharmaceutical,		US
S3-625403012	Herrmann and Láne LLC	##1345 F St, Oxnard, California	US
S3-804166196	@Customkeystone	Maryland, College Park, 4711 Berwyn House Road, Unit 415	US
S3-53047439	DENYS SMITH, ESQ. | www.denyssmit.com		US
S3-536248614	-- Jaipur Restaurants  LLP	H-34, Saini Colony, Ramnagar Extension, Sodala, Jaipur, RJ	India
S3-507883985	Empire Superior Group Services	0048 Young St, Scott Depot, West Virginia	US
S3-295921467	Orthopedic Assomiaes, Inc	7604 Bob Robert Ln, NULL, Dublin CTIY, Virginia	US
S3-953952631	Physical Therapy Partners Partners	823-825 Janice Street, Grandview Plaza, Kansas	US
S3-248075174	Johnson Liberty Sierra  Inc	North Carolina, Cedar Grove, 5221 Poteat Rd	US
S3-308746927	RHC	UT, Woods Cross City, 1923 2295	US
S3-247906821	Rng Projects [LLP]		India
S3-91111250	Metro All Rare Corporation	31 Artful Way, # 515, Asheville, North Carolina	US
S3-779641501	RN Foundation Limited Services	MH, Solapur, Pandharpur, Salgare House	India
S3-974132047	Roberge's Bistro	376 Friedheim Rd, Rock Hill, South Carolina	US
S3-21975951	Silver Staffing Solutions Inc.	San Antonio Heights, California, 00690 Oceanview Court	US
S3-916966420	Projects Firestone Firestone Health Private Ltd		India
S3-299520841	Piedmont Golden LLC Sérvices	1505- Evergreen Street, Chandler, Arizona	US
S3-983042215	Sidaia Báy Stardust	##116 31st Ave, # 204, Nashville, Tennessee	US
S3-283236012	(Ltd) Coffee! Blue	Lakeside Marblehead, Ohio, 1845 Arlington Drive	US
S3-902573742	Lotus Agro	Windsor, Mumbai, MH	India
S3-273418055	Zetaarc DBA: Flossy L. Chancey, L.C.S.W.	39199 Cr 41, Warsaw, OH	US
S3-649210123	Shiva Internati0nal Private Limited	0-117-17/11/12, Flat No 503, Sri Vijaya Vihar, Asr Nagar, Hyderabad, Vishakhapatnam, AP	India
S3-394582194	Rev It Up	123 Natahoa Ct, Falls Church, Virginia	US
S3-57617217	Yuma Services Holdings Partners	5592 34th Place, Yuma, Arizona	US
S3-919708572	Avijax trading as Hbr (India) Infosoft Private Limited	502/C Wing, City Trust Chs., 1St Cross Lane N M Joshi Marg, Byculla - West, Mumbai, Mumbai City, Maharashtra	India
S3-136302950	Pranam Producer	No. 659 Bldg No.11/381-a Vellarampadam, Mukundapuram, KL	India
S3-526412481	ENGINEERING BHAGAT INTERNATIONAL LIMITED	C/o Sagar Pandit Patil, Golden Treasures C-fl No, Pune, MH	India
S3-378119158	Digital Trading Riverside, Inc. Center	740 Cherry Ct, Irvington, Alabama	US
S3-169033761	Monarch  Aeon Co	424. 402, Haleyville, Alabama	US
S3-432803506	indiabrarinternational.com	Hi-tech Chambers, 84/1B, Topsia Road (South), 7Th Floor, Kolkata, Howrah, WB	India
S3-464840304	Wong Karbon Clinic Clinic Inc	3415 Twentieth Saint, Plain Twp, Ohio	US
S3-661400778	Health Of Bureau Cetelr	6 Dudley St, Peabody, Massachusetts	US
S3-194584237	Unnao Constructionprivate Pvt	Hiuse No. 415- B, H.i.g. P.d. Nagar Unnao, Kanpur, Unnao, UP	India
S3-207836569	Om Hospitality Provision  Private Limited	Plot No - B3/202/4617, Mumbai, Khordha, OD	India
S3-248366534	Reveles Trust	South Holland, Illinois, #16333 University Ave	US
S3-99009198	Cerna Evans and Swanstrom	Kingston, 27971 Gamble Bay Road, Washington	US
S3-554670438	Toum Inc	2203 Mckinley Rd, Unit 728, Johnson City, Tennessee	US
S3-600027350	Weier & Hawks LLC	409 Baker St, Kings Mountain, North Carolina	US
S3-54780922	Maa India	#405/20, Edakudivilai, Muthalar, Chenkody Post, Kanyakumari, Kalkulam, TN	India
S3-930202812	Hernandez and Reed Cayman LLC LLC	Broken Arrow, 13125- 121rd Ave East, Oklahoma	US
S3-87950093	Taraendra  Enterprises Limited	H.no ##451 A102, Mumbai City, Mumbai, MH	India
S3-378743485	Vanguard Safe  Commodity LLC	10567. Bonack Ln, Town Of Hiles, Wisconsin	US
S3-495780421	pahgu.com	399, White Gold, 24Th Cross Banashankari, Bangalore South, Bangalore, KA	India
S3-225150756	Save-Odisha Ltd		India
S3-305041176	Cure Auto Body  LLC	Middlesex Street, Unit 8, Lowell, Massachusetts	US
S3-700908120	Cardiology Héalth LLC	946 2075, <NULL>, Clearfield, Utah	US
S3-488908869	Sri Evergrow Logistics	Block B-612 C/o Raju Siddhu Galtge, Miraj, NULL, MH	India
S3-757079156	N/N HOME LLC	6420 Fourteenth St, Unit 729, District of Columbia, Washington	US
S3-584365198	Johnson's Meia Group	0018 Lakeview Ave, # A4, Lynn, Massachusetts	US
S3-888667287	Kyra Pirk Pvt Ltd Ltd	Shop 28-39, Raama Esquire, Near Tithi Heights, Vadodara, ગુજરાત	India
S3-415007115	Nylajax	Manifold Road, South Strabane Township, Pennsylvania	US
S3-554471651	Earthwise Millions Overseas Ltd	Door No 37 Solitair Building, Mumbai Ii, Bombay, MH	India
S3-601530978	Steelman Law  Group	Indiana, Princeton, 501 Brumfield Ave	US
S3-680443129	Cafe Blue (Center)	3206 Birchridge Dr, Frisco, Texas	US
S3-894873474	Mining  Group	15 Fairview Street, # 3, Boston, Massachusetts	US
S3-770646022	Jaipur Hostess-Private Limited	Plot No J 34 C Scheme, Jaipur, RJ	India
S3-422537756	Ltd Ims Itdehc	Indore, मध्य प्रदेश, Indore, ##301	India
S3-921634362	3389 Lake Ave	106 Southwind Run, Spring Hill, Tennessee	US
S3-471642037	Ltd Aspen Association	11505 32 1/2 St, Santa Fe, Texas	US
S3-885955668	Hebel Riverside  Mckinley Harbor	Arizona, Gilbert, 658 Hickory Street	US
S3-525168084	Applied Innovations-Danville Center	1338 327, Alabama, Danville	US
S3-406378055	economic development network	1700-1704 2st Street, Unit P7, Highland Park, Illinois	US
S3-745660870	Stalwart Synergies	#8/26, Bangalore, KA	India
S3-283749772	fresh aldabra clinic	98 Windsor Lane, Bristol, Connecticut	US
S3-642347467	PR (india)	Block F-322 Valiyapeediyekkal, Malapuram, കേരളം	India
S3-984820255	Dark Holding (India) (Corporation)	Hn D/632 Works L-65, Ahmedabad, ગુજરાત	India
S3-215088506	अल्फा सिस्टम्स प्राइवेट लिमिटेड	Motilal Nehru National Institute Of Technology Teliarganj, Prayagraj, Allahabad, उत्तर प्रदेश	India
S3-206645778	FRONTIER TRIUMPH	215 Neal Street, NULL, Carthage, Texas	US
S3-734111268	हाईटेक इंडस्ट्रीज प्राइवेट लिमिटेड	Lucknow, Mohanlalganj, UP, C/o Mohd Idressh	India
S3-946006160	Ivenialyn LLC LLC Service	14514 Idlebrook Ct, Prince William County, Virginia	US
S3-712117621	Noviwexhalo Sys t/a B F & U Acres	321 Victoria Avenue, Forrest City, AR	US
S3-797771608	Dynamic Infra Pvt Limited	No 58 Ekta Floral, Kolkata, WB	India
S3-303070200	Hannah L.L.C. Service	2607 325, Crawfordsvlle, Indiana	US
S3-377868311	NAGYA DUNIYA GROUP PRIVATE LIMITED	WB, G-39a, Kolkata, Howrah, Camac Street	India
S3-300452373	Prime Intelligence Advisors	Prune, La Marque, Texas	US
S3-119259061	Orthopedic Physicians	Fort Wayne, Indiana, <NULL>, 1419 Wabash Avenue	US
S3-698960749	Youmans Valley Empite Holdings	30 Knapp Cemetery Rd, Wilburn, Arkansas	US
S3-259530006	Gritnt	1130 Carroll Avenue, Southlake, Texas	US
S3-14920974	Niji Technologies Pvt	Plot No. 222, Ardhapur, Nanded, महाराष्ट्र	India
S3-308735485	Zetadova formerly known as Dionis Hill Royal Communications Clinic	10921 Hazel Boulevard, Monterey, IN	US
S3-277835404	অরিহন্ত সিস্টেমস প্রাইভেট লিমিটেড	Plot 316 75, Mafidul Islam Lane, Kolkata, Howrah, Calcutta, WB	India
S3-534123824	Clark, D.C. Rebekkah,	0603 1nd Ave, Odessa, Washington	US
S3-907530047	PRIVATE JAIN (INDIA) CURE [LIMITED]	A-2/140, Third Floor, Paschim Vihar, New Delhi, West Delhi, दिल्ली	India
S3-10435719	Bharat Green Finance Private Limited	महाराष्ट्र, Pune, Sadshiv Peth, Shop No. 3A, No A-1586, Pune	India
S3-964218675	yashikainformationindia.com	East Sapuipara (P N Colony) Po Sapuipara, Ps Bally, Howrah, WB	India
S3-46366463	Cornerstone Delta  Aldel LLC	1419 Washburn Ave, Minneapolis, Minnesota	US
S3-967273908	प्रीमियर एस्टेट स्वीट्स लिमिटेड	104, Vardhman Fashion Mall, Near Telephone Exchange, Road No. 43, Pitampura, Delhi, दिल्ली	India
S3-687187929	East Private Consultancy Limited	Dor No 22E/111, Rajaji Street, Panruti, Panruti, Vellore, TN	India
S3-847790890	Green Fínance Pvt Ltd	#35, Gandhinagar, Bangalore, KA	India
S3-258909876	Arcumbraumbra DBA Digital Agro Private Limited	Kodumbu Kadu, Kuppandapalayam, 3/529/4, Tamil Nadu, Tiruchengodu, Namakkal	India
S3-954297652	Munnar Center	B 1/B 2 Kapadia Apts39 S V Road Near Grindlays Bank Vile Parle West, Mumbai, MH	India
S3-546796887	Bright Buildocn Pvt. Ltd.	Epicenter, Office No. 301, Cts No. 4/6, F.p.no. 64/6, Pune Mumbai Road, Bhamburda, Pune, MH	India
S3-88883057	Rocky Summit Resource  Highland LLC	1527 Beckham Drive, Homewood, Alabama	US
S3-45759335	Classic Pioneer  Kgaa Corp	814 Cator Ave, Batlimore, Maryland	US
S3-337845390	Ghazipur Industries Company	Chukfzullah Rohit Nagar Bindwalia, UP, Ghaz	India
S3-916007855	PRIVATE SARITA BUILDING LIMITED	Amal, Tc 36/1104(4), Thondukadavu Karali, Bypass Road, Enchakkal, Vallakkadavu P.o, Trivandrum, കേരളം	India
S3-998280637	Lumic Regency Llc	Highway 67, Perrytown, Arkansas	US
S3-10162961	Vaughn Global LLC		US
S3-156709896	Nicole  Garner Center	Valleey Head, 67 757, Alabama	US
S3-252485530	Hatcher Equity Partners	1842 Crenshaw Circle, Vernon Hills, Illinois	US
S3-145025456	Kanshi & & Co	Rz-1a/5, Sf, Gali No-5, Kh, 605 Indra Park, Dharmshala, New Delhi, South West Delhi, DL	India
S3-470134218	Movotech Best LLC Service	1156 Farmdale Ave, Mesa, Arizona	US
S3-645151051	Coastal League Group	Boston, Massachusetts, 30 Kempton St	US
S3-722306181	Nagpur Solutions Pvt Ltd.	Plot No-85, Nagpur, MH	India
S3-437079268	Gray, Lebel & Lambert Physical	Massachusetts, Montcalm Street, Chicopee, Unit 106	US
S3-68934536	ABR Forest  Private Limited		India
S3-467252881	Limited Bangalore South Srinivasa Services	Door No 62-135, 9, 1St Block, T Mariyappa Road, Bangalore, Bangalore South, KA	India
S3-514916011	Smt Dhanush (India) Softwares Co	C/o Maniram Gurar, Shiv Gali, Siddh Nagar, Morena, MP	India
S3-7262471	Petenet Smart Cell	Ontario, California, 4253 Hermosa Paseo	US
S3-437161136	Tabriex LLC Capital	Foster Rd, Oregon, Damascus	US
S3-823292350	FAMILY CENTER OF RALEIGH, LLC	3939 Glenwood Avenue, # 606, Raleigh, North Carolina	US
S3-614652977	@preferredselect	1817 Millrun Place, Henrico, Virginia	US
S3-596541484	Dr Jay Construction	G-4d, Ernakulam, KL	India
S3-936232499	Physical Therapy Care  Associates PLLC	810 17rd St, Tuucson, Arizona	US
S3-243107584	Judie Hingjmobsa Direct Apollo LLC	2712 Bermuda Ave, Sand Springs, Oklahoma	US
S3-655028982	Ellis Holdings Care  Mustang	11971 1/2 Lancaster St, Millersport, Ohio	US
S3-531338730	Upper Partners Center	Marguerite Ave, Unit Apartment 2, Elmont, New York	US
S3-609327282	Ahmedabad India-Private Ltd	37 Shed No 10 Shri Ram Estate Opp Jagganath Estate Gujarat Bottling Ro, Ad Rakhial, Ahmedabad, GJ	India
S3-687462448	Rainbow Foods Private Limited Partners		India
S3-425209434	Rapid Chlr Fannie LLC | www.rapidchlr.com	1601 Sieben Street, Topeka, Kansas	US
S3-966455675	heart council	4940 384st Trail, North Branch, Minnesota	US
S3-253638877	Pacific Fuels	2456 273, Weinert, Texas	US
S3-173579539	White and Buchanan Co	2607 Kresson Pl, Bowie, Maryland	US
S3-283506350	Tanmay Tdc Group	S No 507/505, Plot No- 05, Kauthaghati Road, Jagannath Co, Nashik, MH	India
S3-660383903	Rogers Hosphgality East, LLC	1311 East Ave, KATY, Texas	US
S3-817274904	Mr Future Group  of Companies Overseas	H.no 23, Ramnagari A/p Sinnar Taluka Sinnar, Sinnar, Nashik, MH	India
S3-919955327	Sara  Pyle	768 Guard Hill Rd, Middletown, Virginia	US
S3-426185704	86/92 Arhitdmes LLC	1510 26rd Ave, Hutchinson, Kansas	US
S3-772893084	Zetavantagequo f/k/a Pediatric Dentistry Pacific Medicine LLC	2236 Turtle Creek Lane, Mobile, AL	US
S3-185213835	Korriza t/a Mcc Advisors	Hem Saila Abasan Taki Road Barasat Balak Brinda Club, Kolkata, Parganas North, West Bengal	India
S3-695577595	Classic Developers (LLP)	01, Plot-17, Vinayak Residency, Sector-13 Kharghar, Navi Mumbai, Raigarh, MH	India
S3-586091477	Mr Real LLP Ventures	No.4, Seshachalam Streetsaidapet Madras-600 015, Madras-600 015, Madurantakam, TN	India
S3-996445671	Myrtie Sántillan Clear Infrastructure, LLC	Mesa, # 119, Power Rd, Arizona	US
S3-854694192	Jacinto Asterest LLC	#57 Fernwood Ave, Barberton, Ohio	US
S3-120554590	#innovativeconsulting	563/5 Gandhi Cloth Marketchandi Chowk, Central Delhi, New Delhi, DL	India
S3-354989534	X/A Áutomotive Central Inc	70 Forest Street, East Hampton, New York	US
S3-142785179	Noida Infra Industries Private Ltd	Flat No 1565, Block H, Gaur, Atulyam Society, Sector 1, Noida, Gautam Buddha Nagar, UP	India
S3-606324888	secure wireless industries llc	22 Benson Street, PMB 4506, Tioga, North Dakota	US
S3-433372332	Private Red Logistics Límited	Vijay Bhawan, 365/5, Krishanganj, Ajmer, राजस्थान	India
S3-856542524	Cozy Agtuo Body Body	1107 Junier Rd, Marysville, Kansas	US
S3-134677436	Poibe LP	2167 Pima Ave, Coolidge, Arizona	US
S3-29200507	Saree Beach Energy  Corp	397 Colonial Avenue, null, Columbus, Ohio	US
S3-122051195	Ciraumbra trading as Metro Corporation	114 Washington Street, Johnstown, NY	US
S3-440623545	Zeus Uptown	4108 Yana Ct, Granbury, Texas	US
S3-239263863	Dr Gold Producer Private-Limited	1-93, City Centre Amritsar, Amritsar, PB	India
S3-785647693	Vanguard Pro, Inc	3609-C Summer Breeze Court, Bowling Green, Kentucky	US
S3-998661116	Partners Johnston Athene	1312 Custer Ave, N/A, Miles City, Montana	US
S3-388477477	Total Genomic Partners Clinic Inc	##3651 Dahlgren Place, Dumfries, Virginia	US
S3-900127869	Kelcie  Cortes	Pierce Manse Loop, Benton, Arkansas	US
S3-432445294	heritage equity international inc	94 Lavender Ct, Ellettsville, Indiana	US
S3-55155424	Shikha Shikha Alloys Private Limited	2168, Gurudwara Road Karol Bagh, New Delhi, Delhi, Central Delhi, DL	India
S3-725917948	Smt Manju Industries Group Private Ltd	043/1, 6Th Cross, Bangalore, Hosur Main Road Wilson Garden, KA	India
S3-772556705	Inc Riia	Wisconsin, 4955 Founders Ter, Village Of Hobart	US
S3-110885613	ಇನೋವೇಟಿವ್ ಟೆಕ್ನಾಲಜಿ ಪ್ರೈವೇಟ್ ಲಿಮಿಟೆಡ್	Doddathogur, Electronic City Post, Bangalore, KA	India
S3-758653507	Pediatric Dental Group of City Of Delafield	5100 83, City Of Delafield, Wisconsin	US
S3-957225071	Co Tufts, Demers & Híll	212 Cedar Street, Belmont, North Carolina	US
S3-45933705	LLC Onken, Russ & Balderas,	408 Cossitt Ave, La Grange, Illinois	US
S3-903433937	Shri Bond Telecom Ventures Corporation	D-10 Relaiable Heights, Near Yashwant Gaurav Complex, Vasai, Thane, MH	India
S3-677703527	Shree-Herbochem Pdriate Limited	1606/21/7, New No.45, Opp.deviah Park Srirampuram, Bangalore, ಕರ್ನಾಟಕ	India
S3-672305699	Best Private Limited Service	Door No 41 N.s. Road Mohanbati, North Bengal Region, Raiganj, WB	India
S3-531693904	Jourdan's Publishing Ltd	39 Nichols St, Everett, Massachusetts	US
S3-499167726	Balaji Global Furniture Private Limited	Hn 981 37/23-C, Manmohan Building The Mall, Kanpur, उत्तर प्रदेश	India
S3-587839305	Cornerstone Wireless Alliance	2028 Dean Road, Alexander City, Alabama	US
S3-51724612	Summit Capital Templeton Uptown Inc	1410 Deer Run Dr, <NULL>, Bedford County, Virginia	US
S3-891781380	Reliable Complete Électronic Inc	Crescent Ln, N/A, Saint Paul, Minnesota	US
S3-152530789	Sg Solution Pvt (Ltd)	Bulding No 6, Ns Phadake Road, Sadashiv Peth Pmc Colony, Room No 260, Behind Sp Colle, Ge, Pune, महाराष्ट्र	India
S3-352127453	Deltawexyuma doing business as Red Diner	214 Fairview, Helena-west Helena, AR	US
S3-878882119	Rishi And Blrorbhers Limited	B-27 Oxford Avenue Opp C U Shah College, N/A, Kadi, Ahmedabad, GJ	India
S3-475336594	Empire Lnvestment	1100 Oteen Church Road, Asheville, North Carolina	US
S3-683842652	Lyranex	T.nagar, Chennai, New No.16, TN	India
S3-241485539	Maa Ventures  Private	No. 2, Chennai, TN	India
S3-461708536	Allied  Home	811-813 Chestnut St, Pine Bluff, Arkansas	US
S3-534649773	Partners Seasons (India) Limited	H-2/134a, Flat No-102, First Floor, Mahavir Enclave, New Delhi, South West Delhi, DL	India
S3-841598930	Parente Chimera Incorporated	6744 Willowbrook Drive, Fayetteville, North Carolina	US
S3-335180837	குளோபல் பிசினஸ் பிரைவேட் லிமிடெட்	Rmz Millenia Business Pk, No.143, Dr.m.g.r Road, Saidapet, Kanchipuram, தமிழ்நாடு	India
S3-302483285	Inc C/W Plutonian	400 Harveys Hollow Road, Danville, Vermont	US
S3-885111183	Pediatric Dental Physicians Partners	##46 Main Street, Dexter, Maine	US
S3-621820986	Zenith Lifters	101, Aashi Apartment Sec-16, Bnd Vaishali Krishna Ap Near Shamshaan Bhumi Ghansoli Gaon Rd, G, Hansoli, Navi Mumbai, Thane, Maharashtra	India
S3-521208960	Ear Nose & Throat Rocky	00793 Cottage Ave, Fl Floor 1, Saint PAUL, Minnesota	US
S3-168622383	Mazzola and Shephard Inc.	89 Orchard Rd, Massachusetts, Marshfeld CDP	US
S3-626031566	Partners Calle Little +	#3834 Laurel Branch Road, Kenbridge, Virginia	US
S3-815530531	Youngbarraganpeace.Com	Mary Teal Lane, <NULL>, Burlington, Kentucky	US
S3-801250786	Cascade Platinum Brc Lakeside LLC	Kenosha, Wisconsin, 4012 7nd Ave	US
S3-397518552	First Consultants Prliviate Limited	No.42, Bangalore, Bangalore Rural, ಕರ್ನಾಟಕ	India
S3-51536539	(Inc) Blankenship United Iron	425-C 3rd Ave, Kankakee, Illinois	US
S3-735111283	Renner Asmdvanfced Art LLC	6203 Springwood Dr, Texas, Arington	US
S3-858398618	Shiv हॉस्पिटैलिटी Limited	160/3- Rajani Housel T Road Opp Don Bosco School Borivali West, Mumbai, महाराष्ट्र	India
S3-736140346	Midwest Pediatrics	Washington City, 1076 Raven Stone Dr, Utah	US
S3-780213544	Classic Seven Products Pvt	#7-Ohm Apartment, GJ, 132-Ft Ring Road Naranpura, Ahmedabad	India
S3-929101816	@Henriettachiropractic	47 Morin Circle, Henrietta, New York	US
S3-206239956	Mesick Animal Hospital	93 Biltmore Dr, Mastic Beach, New York	US
S3-876372479	LLC Orthopedic Group	10088 B 56, Louisville, New York	US
S3-258299097	OV Ridge Abony LLC	08 Livingstone Dr, Cary, North Carolina	US
S3-481790456	Townsend and Lopez Group	#846 High Avenue, Iowa, Oskaloosa	US
S3-164935039	Twisted Bistro	3854-A Chestnut Ridge Loop, Bldg. A9, Columbus Towsnhip, Ohio	US
S3-143895263	Pediatric Certified Dentistry Medicine Northside LLC	Texas, 3808 El Lago, Galveston	US
S3-970175780	Molli Demarco Mínes PLLC	212 W Marty Dr, Avoca, Iowa	US
S3-440897952	Hackett, Smith And Lengel Inc (Services)		US
S3-475237437	Heartland-Alliance	463 Autumnlight Dr, Salisbury, North Carolina	US
S3-582388930	Cruz Índustries	North Carolina, Newton, 223 Shannonbrook Drive	US
S3-449578925	EEE Production-Private Limited	008/1A, Hooghly, Howrah, WB	India
S3-714398744	Gsn Solutions	H.no 2, Pasumalai, Madurai, TN	India
S3-256199382	Bisoft Inc	1722 Winnebago St, City Of La Crosse, Wisconsin	US
S3-70304976	બ્લૂ પ્રોડક્ટ્સ લિમિટેડ	Door No 301-314, 3Rd Floor, Jivan Jyot, Opp. Technical High School, Gathaman Gat, E, Palanpur, Banas Kantha, ગુજરાત	India
S3-554339833	Heartland Futurewave (Ínc)	1104 Muriel Street, New Mexico, Albuquerque	US
S3-129353660	pacificministriesv.com	2235 Cedargreens Road, Knoville, Tennessee	US
S3-504502482	Red Red Deli	1807-1809 Holly Spring Drive, Arlington, Texas	US
S3-962806873	*** ventures shell support private limited	# 5-9-254, Hyderabad, Andhra Pradesh	India
S3-342940517	St Sledrfd 61 Company	##21 Mosher St, # 3E, New Bedford, Massachusetts	US
S3-427627099	Viluppuram Innovations Enterprises Private Ltd	No 04/1253, Mundiyampakkom, Main Road, Viluppuram, TN	India
S3-863539653	Private City Builders Ltd	Unit No. Lg-cs-#26, Lower Ground Floor, Ansal Plaza Vaishali Complex, Vill. Hasanpur Bhowapur, Ghaziabad, UP	India
S3-581531924	Economic Development Program [Corp]	City Of Ojai, 1410 La Paz Dr, California	US
S3-637630184	slgrandcatering.com	Virginia, 2157 Redgate Dr, Suffolk CITY	US
S3-582214598	Dharamgarh Rlea LLP	Plot No-968, Basti Pada, Near Hanuman Temple, Dharmgarh, Dharamgarh, N/A, Orissa	India
S3-936567343	Briones Corporation Center	7765 Baileyon Rd, Greeneville, Tennessee	US
S3-358409635	Lakshmi Best Systems Co	C/o Dharmendra Kumar S/o Gauri Shankar Singh, UP, Maunathbhanjan	India
S3-113064761	Amber, LLC Service	4607 198th Ave, Douglas County, Nebraska	US
S3-309091568	Vantos Bulkers [LLC]	Sammamish, Washington, 2235 216th Ave	US
S3-506895776	Rev Coffee! Up It Holdings	00548 28th Saint, Des Moines, Iowa	US
S3-640485933	Petersheim, Edithe A., DPM, DDS  PC	6310 Sunshine Canyon Drive, Sunshine, Colorado	US
S3-331929804	Prime Private Limited Services	C/o Gurupada Mahato, Panipathar, Puruliya, Purulia, WB	India
S3-613412939	@ Style 5-It	00303 Clarinda Ave, Shenandoah, Iowa	US
S3-339293630	Arya Infra Ltd Pvt	#301, Bldg 8, Shanti Garden, Bldg 6 To 9 C, Sector 6, Opp Surya Shopping Centre, Bhd. Royal College, Thane, MH	India
S3-570166360	Ela Solution Private Ltd	H.no C-336 177, Coimbatore, தமிழ்நாடு	India
S3-647537069	Bishrakh Hóspitality Limited	Plot 2-237 2270, 22Nd Floor, Opposite Gaur City Mall, Gaur Saundrayam Technozone Iv Greater Noida, Bishrakh, Noida, UP	India
S3-549870753	Csg Services Private Ltd	Devi Kripa, Kannur, KL	India
S3-658414349	పర్‌ఫెక్ట్ ప్రొడక్ట్స్ ఎల్‌ఎల్‌పీ	No ##297/B Miyapur, Tirumalagiri, Hyderabad, TG	India
S3-442494994	Mayur Computers	Lucknow, C/o Mohd Akmal Shamsi Health Center Vivek Khand -2, Lucknow, UP	India
S3-944995926	Daniels Puttn	Illinois, Shelbyville CITY, 1405 South 5th St	US
S3-119777987	Indian Logistics Prívate Limited	Flat No 2040 J P Maha Nagar Meerpet, Ranga Reddy, Rangareddy, తెలంగాణ	India
S3-345989814	b 7 j nextera, llc	4070 Clifton Park Circle, # 106, New Albany, Ohio	US
S3-636444609	Limited Mumbai Private Partners	Door No 14 Dr A Khedkar Chs, Plot 11 Ghatkopar East, Mumbai, Bombay, MH	India
S3-891109655	स्वस्तिक बिल्डर्स प्राइवेट लिमिटेड	Mumbai, MH, No 01, Dahisar East	India
S3-547848935	RIEX HARBOR	54 Moody Street, Bldg Building 8, Saco, Maine	US
S3-556136338	Matranga, Rafaela R., DPM Group	921 Darlow Dr, PO Box 9437, Mcpherson, Kansas	US
S3-129574007	Zol Fifth Llc	North Carolina, ##11 Silverbrook Ct, Greensboro	US
S3-284723560	lavanya international pvt ltd	Fat No. 102, Floor 1, Amber Mumbai Gem Powai Vihar Chs, Powai Vihar Complex, A S Marg, Andh, Eri (East), Mumbai, Mumbai City, MH	India
S3-516953219	Bengal Football Límited	Plot 738 Flat No.b4, Chennai, Vignesh Sai Gardens, Door No.11, Munusamy Salai, K.k. Nagar, Chennai, TN	India
S3-507664559	National Complete Public (Inc)	8319 Thoroughbred Trail, Scottsdale Hopi, Arizona	US
S3-901605454	Equinox  PLLC	#7021 Mcdowell Road, # 135, Phoenix, Arizona	US
S3-292118189	Mr Aglow  + Partners	New Delhi, DL, Kamdhenu Apts, Sector 9 Rohini, Flat No. 41, Delhi	India
S3-667007653	Mandujano-LLC Pro	21548 Puesta Del Sol, Queen Creek, Arizona	US
S3-649081862	Tej Marketing Private (Ltd)	No. G-401, 4Th Floor, Arka Shine A, Near Petrol Bunk, Kundalahalli, Bangalore, KA	India
S3-822937067	Quantent Chtenbral LLC	N8581 Beaver Creek Road, Wisconsin, Town Of Bear Creek	US
S3-916244369	Sumeetscrap.Com	Chennai, Mylapore, Office No.41, TN	India
S3-68218290	Ace Phoenix	Oregon, 13825 Northview Drive, Tigard	US
S3-730814053	>> Disha Consultants Private	11, G.i.d.c., Modhera Road, Mahesana, GJ	India
S3-314548877	Wilson Supreme-Celf LLC	Elk Grove, California, 8273 Triplefin Way	US
S3-324639997	Near Chirec Public School Kondapur Global Infratech Pvt (Ltd)	C 41 Aparna Hgihts, Near Chirec Public School Kondapur, Hyderabad, TG	India
S3-996850130	Berhampur It Prive Limited	Flat No-g 1, Ground Floor Ganesh Bhaskar Residency, Berhampur, Ganjam, OD	India
S3-308949273	Legacy Industrial Products [(Inc)]	3409 Rural Rd, PO Box 4099, Tempe, Arizona	US
S3-789642375	Frontier Commerce Westgate Corporation	119C Forestview Drive, Dayton, Ohio	US
S3-641385550	Arctic & Brothers Brothers L.L.P.	G11, Ground Floor, Plot No 20, Brigade Rubix, Hmt Main Road, Bangalore North, Bangalore, KA	India
S3-285816812	Quovio Charities LP	Sedalia, North Carolina, 00204 Dansby Drive	US
S3-834302196	Trusted Íntelligence Brands LLC	350 Westlake Vista Lane, City Of Thousand Oaks, California	US
S3-684131476	Foot & Ankle Center LLC	Byrddstown CDP, Tennessee, 1029 Center Ln	US
S3-820577834	Cedar Group Services	415 Severn Ave, Unit 11, Annapolis, Maryland	US
S3-930515438	fancy gray smart archimedes	1791 Elcadore Drive, # APT 4, Anchorage, Alaska	US
S3-507734872	Pioneer LLC Partners Empire	1729 Stonebriar Dr, PMB 7550, Cleveland, Tennessee	US
S3-70709276	Novus  Foods	64B Lake View Residency, Madhavapuri, Sainik, Puri, Secunderabad, Rangareddy, తెలంగాణ	India
S3-632211061	Royal Anabfytifcs Studios Inc	137 Valley Avenue, Lincolnton, North Carolina	US
S3-658349844	Legacy Bay Dynamic  LLC	#740 Criscoe Cir, <NULL>, Union Grove, Alabama	US
S3-947057082	synthesisfoods.com	Uint 7A, Seri Lingampally, K.v.rangareddy, TG	India
S3-674378814	Gene Snahs LLP	Village Kalheri, Defence Colony, Ambala, हरियाणा	India
S3-352190708	Gaque  Reliable		US
S3-396947075	Red-Pilates	Buckeye, 20669 Cartlon Manor, Arizona	US
S3-184735816	HEARTLAND MINISTRIES, LLC	Texas, FT Worth, Atascosa Avenue	US
S3-15037422	@kolkatainfracon	30 A Sahitya Parishad St, Calcutta, Kolkata, WB	India
S3-706007684	Meera Health Exports Pvt Ltd.	4-84/8/30, Survey No. 60, Suryanagar Colony, Annoji, Hyd, K.v.rangareddy, తెలంగాణ	India
S3-136399322	Nius Services	#10 Center Hill Rd, Monroe, New York	US
S3-398011682	Lash Drugs Group	219 Prine Pl, Unit 4219, Charlotte, North Carolina	US
S3-380734118	Capital-Foundation	2934 206, PMB 9434, Bainbridge, New York	US
S3-251276732	(Trust) Charitable Upasana	Plot No. 2, Sr. No. 137/1, Harbans Creations, Phase Ii, Nagpur, MH	India
S3-990387783	Metropolitan Superior Saul L.L.C.	605-B Underwood Street, Clinton, North Carolina	US
S3-174819842	Trilok Mapping  Ltd	C/o A R Basavaraj, Holalkere Road Near Maramma Temple, Chitradurga, Chitradurga Karnataka, KA	India
S3-250876357	Delhi International Private Limited	H.no 402, North West, DL	India
S3-672168568	Gilbert Gilbert Silver Ássets	9547 White Pillar Ter, Gaithersburg, Maryland	US
S3-808545425	Cascade  Multimedia Ltd.	13 Centennial Avenue, Unit Unit 1-7, West Fork, Arkansas	US
S3-632184316	dicknova.com	807 Millhr Dr, La Grande, Oregon	US
S3-553408788	LO Better Inc Partners	211 Melissa Dr, South Carolina, Walhalla	US
S3-114954984	Vision Value Medicine, Corp.	638 Morgantown Street, Point Marrion, Pennsylvania	US
S3-812415460	Sree Foundation Psirvhae Limited		India
S3-412613954	BRIGHT ASSET LLC	1911 377, Acton, Texas	US
S3-607045512	Perez Old Inc.	Florence, Arizona, Butte Circle	US
S3-35826234	saint community church	842 Las Palmas Ave, Sacramento, California	US
S3-903861043	Ltd Vertex	4141 Monitor Ave, Chicago, Illinois	US
S3-965519036	NS	19, Netaji Subhas Road, Kolkata, Kolkata, Howrah, West Bengal	India
S3-405749225	One Partners	No 11- Dhamodara Vinayagar Kovil Street M G R Nagar, Chennai, TN	India
S3-837331328	Badio Coffee Riverside Corp	91 Watkins Ln, Meherrin, Virginia	US
S3-23707491	Prantik (India) Slauesons Corp	E 97, Mumbai, Mumbai City, MH	India
S3-816210277	Big Bike Shop LLC Services	116 Sea Biscuit Ct, Radcliff, Kentucky	US
S3-16908904	blue regi0ns inc	41 Johnson Rd, null, Newcomb, New York	US
S3-691308673	Quality Blue [Pan]	15295 490th Ave, N/A, Menahga, Minnesota	US
S3-351276411	Super Constructions Private	Dbs Business Centers, Mumbai City, Bombay, MH	India
S3-770573140	Cure Ice Créam Valley PLLC	197 Burnham Highway, Lisbon, Connecticut	US
S3-439496655	Olanade  Silicon	9322 Main Saint, # Apartment 1, Clarence, New York	US
S3-665414268	The Webster Annaly LLC	4959 Rossetta St, Portland, Oregon	US
S3-404449673	Ace-Investment Works Uptown, LLC	3369 Sulgroev Ave, Missouri, Springfield	US
S3-297700556	Continental Commietfoee  LLC	Illinois, 861 Ridge Rd, Homewood	US
S3-157002874	Graves  & York LLC	6324 212st St, Unit 11, Lynnwood, Washington	US
S3-607709953	Cornerstone Inudnrnill Ventures Partners	Minnesota, Slayton, 73 1/2 Park Drive	US
S3-254015204	olivepaper.com	D-402, Bhoomi Kanya Phool Pada Road, Virar (East), Thane, MH	India
S3-960590210	Vioevo	A-158, Dda Shed, Okhla Industrial Area Phase - Ii, New Delhi, South Delhi, Delhi	India
S3-600536079	Ware Center	5208 Pierside Reach, James City County, Virginia	US
S3-87745627	Burgos  Spade Corporation	Toledo, 5155 Stickney Avenue, Ohio	US
S3-646074237	फॉर्च्यून Trading	132-B, M.p Nagar, Zone I, Divreportingcircle, Bhopal, MP	India
S3-271836209	Lelah Úpchurch Grading, Grading, LLC	Sea Island Blvd, Fort Mill, South Carolina	US
S3-590679890	L.L.C. FORGE MIDTOWN	Virginia, 4300 Sedgewyck Cir, Portsmouth City	US
S3-646262194	Vereen  Platinum LP	90 County Road 245, Hugehs, Arkansas	US
S3-31652768	Araujo  Superior Dominion		US
S3-237877465	Sri Lead Cár (Ia) Pvt Ltd	Villa No 010, Ansal Heights, Sector 92, Garhi Harsaru, Gurgaon, हरियाणा	India
S3-848686788	saroornagar commotrade company	Saroornagar, 8-8-258, K.v.rangareddy, Green Park Road Colony, Road No.8, Karmanghat Village, తెలంగాణ	India
S3-877955097	Wood, Crenshaw And Leonard LLC Service	8th Street, Muncie, Indiana	US
S3-71738679	Odette's Digital		US
S3-144591977	Trading Robot Kuries Private Limited	#5, W/o Binod Kumar, Garikipalem, Sri Ammanna Gold Plaja, Srikakulam, Andhra Pradesh, Vizianagaram, Cheepurupalle, AP	India
S3-780402615	Easton Animal Welfare Coalition		US
S3-65766424	अर्बन कंस्ट्रक्शन प्राइवेट लिमिटेड	B3/503plotn103johnlodgechs, Mumbai, महाराष्ट्र	India
S3-710753967	Cervantez, Waugh and Roman	3125 1/2 Powell Lane, Levan Toownship, Utah	US
S3-882025161	A Catalyst LLC Services	Maryland, Hagerstown, Cleveland Ave	US
S3-895570724	Economic Detelopsnet Council Council	##N9164 Campbell Lake Rd, Town Of Helvetia, Wisconsin	US
S3-403534940	diehl zhejiang (partners)	5 May St, Peabody, Massachusetts	US
S3-840764233	Royal Enterprises Public Limited	H.no 031 Chatrapati Sakul At Post Ashti, Beed, Bid, MH	India
S3-594879565	Ingram,-Silva and Griffis LLC Partners	05124 Butner Drive, PO Box 1009, Hickory, North Carolina	US
S3-442641088	The 3229 Main Lane Properties Inc	136 400, Duchesne, Utah	US
S3-390487584	SB Highland  Mines, LLC	25990 Cedar Valley Road, Natrona, Wyoming	US
S3-636947982	desertmetrooak.com	50 Snake Hill Road, Belmont, Massachusetts	US
S3-857740597	MITCHELL ROYAL EXCAVATION INC	235 Cedar St, Watermann CDP, Illinois	US
S3-626270756	Meher Solutions	Gurgaon, A 878 B, Sushant Lok-i, Park, Dlf Qe, HR	India
S3-627109196	Green Buiiniss Private [Limited]	S.no. D/687/ 2B, Pune City, Pune, MH	India
S3-421572663	Ecklund's Data	31271 Pressonville Rd, Miami County, Kansas	US
S3-300010228	Custom Bond	1015 Beville Ave, Indianapolis, Indiana	US
S3-117133981	Hortense Henson Center	5849 Fife Street, Tacoma, Washington	US
S3-746730595	Orthopedic Heartland Associates Highland LLC Board	PMB 3437, 266 Industrial Dr, Bradley, Illinois	US
S3-94368957	kumaransons.com	H.no 0047A Harris Road, Chennai City Corporation, Chennai, TN	India
S3-94964289	Schneider &  Cheng Summit, Corp	##1739 Oakwood Loop, NULL, San Marcos, Texas	US
S3-728934513	Vera Peak Bsp  Group	2536 Weaver Ln, Belgrade, Montana	US
S3-42787510	Korvantage	1300 31st Ave, Pine Bluff, Arkansas	US
S3-891255895	Reynolds Global	10106 Tyler Court, # 06, Ijamsville, Maryland	US
S3-750823035	Monntium Catalyst	3299 Robbins Road, Robbins, Tennessee	US
S3-529721824	Chennai-Service	No 27 North Usman Roadt Nagar Chennai, Chennai, TN	India
S3-960427675	Btech Agri Límited	Kanpur, उत्तर प्रदेश, 117/109E Ramlala Roadm Block Kakadeo Kanpur, Uttar Pradesh	India
S3-168163135	M. Sylvestre Continental	10335 Bayless Lane, Fort Wayne, IN	US
S3-886208211	Mvh Technosoft Limited	#17 Laksorbai Kapol Wadim G Road Ghatkopar (W), Mumbai, Mumbai Suburban, MH	India
S3-629260616	Acosta Mercer, & LLC	8968 Hillside Rd, Rancho Cucamonga, California	US
S3-827527656	Sassi	203 4th Street, OH, Martins Ferry	US
S3-757270004	DUNN FURNITURE [CENTER]	533 Maides Ave, Wilmington, North Carolina	US
S3-904284556	Mccluskey, Klem & Sanders (Ltd)	Ski View Drive, # 2306, Gatlinburg, Tennessee	US
S3-175898512	universaltransitadvisors.com	308 Arthur Street, Utica CDP, New York	US
S3-452679978	ANNE-MARIE URIBE IMMUNOPHARMA	15486 Leupp Road, Flagstaff, Arizona	US
S3-724141062	FDV Bdc LLC Services	144 Rowanberry Dr, Nicholasville, Kentucky	US
S3-959071729	Radhika Education L.L.P.	F-301, New Delhi, West Delhi, DL	India
S3-22627834	8-Point Center	47 Wellspring Drive, Bear, Delaware	US
S3-107202376	Motion Centre Pvt.	Hn 809 C/o Narendra Prasad Chowrasia 14/9 Station Road Liluah, Howrah, WB	India
S3-808463167	Dynamic Carg0 LLC Services	601 Hastings Rd, Loch Raven, Maryland	US
S3-177146384	maainfotech.com	GJ, Block No. 243, Vill. Shah, Surat, Plot No. B-15 & B-16, Mangrol	India
S3-16169423	Direct Security Innovations Uptown	176-D Barry Dr, Loveland, Ohio	US
S3-833412616	Anand  Appliance Holdings	Pdot 120 65, Deepak Building, 13 Nehru Place, New Delhi, DL	India
S3-911312162	s3n.com	5- Catherine Dr, Rocky HILL, Connecticut	US
S3-523213591	Mellisa Martin Fresh Meshflow Ltd	11 Ridgegate Ln, St Peters, Missouri	US
S3-979018087	Cardiology Partners óf Blair	Pennsylvania, ##79 Mill Road, Duncansville	US
S3-482156478	Atlantic  Sizzle Inc	1106 Fifth Avenue, Great Falls, Montana	US
S3-992566394	Environmental League Inc	2137 Odonata Ct, Fairbanks, Alaska	US
S3-13649850	jasper quetta ltd	120 Twelve Oaks Boulevard, Clarksville, Tennessee	US
S3-747955023	... Chavez's  Physical Therapy	479D Fawn Dr, Lincoln County, Oregon	US
S3-892296515	Ectosyn Labs formerly known as Chiropractic Care LLC	Tucson, AZ, 12130 Kristina Lane	US
S3-106280872	Sandoval Gss	49 Sierra Crest Drive, Texas, City Of El Paso	US
S3-706890493	Zephiq Worldwide	1045 Sunset Cir, Port Bolivar, Texas	US
S3-922507348	HDZ LLC Services	Indianapolis, 1221b Earhart Street, Indiana, PO Box 2504	US
S3-148697917	Services Bala Eduskills Pvt Ltd	Kh.111 Akbarpur, Ghaziabad, Meerut, UP	India
S3-95877890	HU Dynamic Amc Co	10 Cumberland Ave, Plattsburgh, New York	US
S3-438951846	keystone all arcelormittal llc	3310-3312 Patcole Ct, Murfreesboro, Tennessee	US
S3-43507609	Nexriza	2746 17, Wenona, Illinois	US
S3-516773370	blue blue technologies llp	Block G-670 D-17/2, Ttc Industrial Area M.i.d.c., Turbhe, Thane, Navi Mumbai, MH	India
S3-668612449	യൂണിവേഴ്സൽ പ്രൊഡക്ട്സ് പ്രൈവറ്റ് ലിമിറ്റഡ്	Door No-61/2070, 2Nd Floor, Tharakandathil Building, Kurushupally, Road, Ravipuram, Ernakulam, KL	India
S3-328453775	Olanance Galaxyedge Corp	Grisell Rd, Oregon, Ohio	US
S3-90329832	whiteprojects.com	5/239A, Irinjalakuda, Thrissur, KL	India
S3-624812593	Interstate Chaorities LLC	2200 1/2 Mammoth Way, Jeffersontown, Kentucky	US
S3-506236967	Cutrone  Micro Co	26492 60, Wbaasha, Minnesota	US
S3-142999559	Optimal Inc Innovations Digital	444 1/2 Hampton Rd, Adair, Oklahoma	US
S3-367832655	Asha  & Sons Holdings Corp	No 1-505 Krishna Bldg, Vasant, Sagar, Thakur Vlg, Kandivali East, Mumbai, MH	India
S3-398983868	Goodviewfinserve.Com	#148 Sugerwall Mill Compoundbedipura, Rajkot, GJ	India
S3-893127329	Hunter & Seawell Winchester Partners	Kentucky, 425B Fairholme Way, Winchester	US
S3-490149153	Private ME Pharmaceutical Holdings Ltd	Unit No. 00414A, Mumbai, महाराष्ट्र	India
S3-880172655	Williams Petholeum	303 Jerome Circle, Hampton City, Virginia	US
S3-845300376	Lena G. Vue, D.O., DDS	3410 Maple Springs Dr, Conway, Arkansas	US
S3-549531669	South Estate Public Limited	Ahmedabad, B-12, GJ, Ahmedabad	India
S3-237900579	HERITAGE PROJECT	Brighton Ave, Boston, Massachusetts	US
S3-135466746	>> Vimalnath Instruments Private	Office No. 208, New Delhi, West Delhi, दिल्ली	India
S3-401580887	Interstate  Research Union	2522- Brandt Forest Ct, Greensboro, North Carolina	US
S3-101590127	ઈસ્ટર્ન એનર્જી પ્રા. લિ.	B 36/170 Krishna Industrial Estate, Nr. Bidc Naka, Gorwa, Vadodara, ગુજરાત	India
S3-218388992	Irionyx	67/7 Gflr New Rohtak Bank Road, Karol Bagh, New Delhi, Delhi	India
S3-502857259	Pilcher Pattana-Inc	1669 Lark Bunting Ln, City Of El Paso, Texas	US
S3-471240867	Lakeside 090 Midland	4605. 16th St, <NULL>, Fife, Washington	US
S3-335980855	Beloorbibelo	Bangalore, D-704, Ilife Apartments Outer Ring Road Deverabeesanahalli, Karnataka	India
S3-832329	Pvt Classic Technologies Ltd	Survey No.24/2, At Wadgaon, Opp. Gaon Devi Mandir, Khalapur, Raigarh(mh), MH	India
S3-197113444	Patriot  Resources Inc	37 Seymour St, Syracuse, New York	US
S3-228880111	Smt Franklin Packaging Private Límited	No 7-48 Makarbagh Sahi, Buxi Bazar, Cuttack, OD	India
S3-57767264	Fleury,, Kellie P.A. Ltd	111 Thornton Court, # K, Greensboro, North Carolina	US
S3-792170471	Memorial Ministries of Anchorage LLC	#5348 Eielson Street, # APT 3, Anchorage CDP, Alaska	US
S3-749619565	Palayam  Traders [Limited]	Nt Bombay-21., Mumbai, Nariman Poi, MH, #44 Free Press Journal House 215 Free Press Journal Marg	India
S3-976523812	Metropolitan Golden Xcel Ltd	1821b Morven Avenue, Saint Louis, Missouri	US
S3-710302052	Baker Advanced	40842 Hawthorne Glades Street, Magnolia, Texas	US
S3-797505453	Corp Uptown Bike Shop	13203 Celeste Road, Chunchula, Alabama	US
S3-880937685	Quality Quality Creative Services	62 Main Street, PMB 6046, Port Byron, New York	US
S3-351173122	saprivate.com	Basti, S/o Ubaidullah, Basti, UP	India
S3-863864793	Route 53 Tavern Group	105 Malcolm Ave, Chanute, Kansas	US
S3-58540704	The Heritage Supreme Four	#12571 Ballentine Road, Gold Canyon, Arizona	US
S3-666002839	Gillis	47 Othmar Street, Narragansett Pier, RI	US
S3-327956012	Services Weldtech-Info (LLP)	B 307 3Rd Floor Annapurna Tower Tankapani Road, Bhubaneswar, Khordha, OD	India
S3-579881800	Min R. C0aoper, D.D.S. D.D.S.	##13050 Tory Loop, Woodbridge, Virginia	US
S3-755124914	Midwest Home Improvements Inc.	53 1/2 Somerset Ter, Bedford, Texas	US
S3-451865407	5ummit  Street	510 Glenway Cove, Lebanon, Tennessee	US
S3-164641549	sida choice llc	57st Street Court, Unit #G8, University Place CDP, Washington	US
S3-953286881	Jsw & Co	P-46/2, Hide Road Extension, Kolkata, Howrah, Kolkata, WB	India
S3-267827898	Arcectozeph Formerly BB Software Ltd	4-138 Chanda Nagar, Tirumalagiri, Hyderabad, Telangana	India
S3-326300752	WESTERVlLLE AUTISM ASSISTANCE COALITION	11052 Fancher Road, Unit 77, Wesetrville CITY, Ohio	US
S3-667316414	Sahaj and LLP Center	Sno.001, Udupi, KA	India
S3-678246434	Smith and Bárrick West Group	0013430 Blazey Drive, Houston, Texas	US
S3-426722448	Drexflux dba Chandrva Trading Associates	5Th Floor, P & P Hotel, Priya Lane, Jamal Road, Patna, Bihar	India
S3-268148761	Western Crre Group	Anacortes, Washington, 1340 Q Ave, # 14	US
S3-2337321	Karlee's Sciences	8765 Tabitha Court, Rushville, Ohio	US
S3-71139371	Pesevue Se1ect Data Inc	1640 Gill Street, Fort Worth, Texas	US
S3-99909662	Haigh & Morales Llc	099 Florence St, # 4B B60, Newton, Massachusetts	US
S3-654412874	Sree Chits - (7353059915)	DL, New Delhi, Delhi, K-12	India
S3-602703702	Pacific-Charter School	2222 Buckaroo Trl, Gilbert, Arizona	US
S3-815433270	Marina Health Private Limited	B-g-202, 2Nd Floor, Shankar Complex-ii, Mumbai City, Kalyan East, MH	India
S3-64343607	Village Of Partners	318 Elms Rd, # 3C, Killeen, Texas	US
S3-392791047	Ravianth Pvt Ltd Partners	9 Sorrento Mount Pleasant Road Malbar Hill, Mumbai, MH	India
S3-32897060	williamshairstudio.com	716 Rose Dr, Midwest City, Oklahoma	US
S3-973803423	Rose	455/17 S/F, Dda Flat Madangir, New Delhi, Delhi	India
S3-727083323	Heritage Inc Social	1209 Pacheco Blvd, Los Banos, California	US
S3-332794351	Liberty Sciences, Llc	Clear Lake Dr, Unit SLIP 32, Kingston, Oklahoma	US
S3-798449084	scholarship program	N80W34680 Petersen Rd, Village Of Lac La Belle, Wisconsin	US
S3-658741525	Ingram Continental Algonquin Inc	4722 Chase Rd, Gresham CITY, Oregon	US
S3-20939483	OPTIONS BITE ENTERPRISES PRIVATE LIMITED	204, Ahmedabad, GJ	India
S3-603364853	Physical Therapy Aciates, LLC	237 Arlington Park Drive, Hot Springs National Park, Arkansas	US
S3-595366008	O  7 Royal Bankshares	Washington, Lakewood, 527 1/2 Lake Louise Drive	US
S3-931203120	DIGITAL INTERNATIONAL PRIVATE LIMITED		India
S3-461943482	Private Prime Hotel Cónstructions Limited	40, Adarsh Colony Near Ekta School, Muzaffarnagar, UP	India
S3-936893859	अर्बन इम्पेक्स प्राइवेट लिमिटेड	Station Road, Vaishno Mata Mandir Harivatika Chowk, Bettiah, West Champaran, BR	India
S3-375678805	Vr Gaaeen Group LLP	Office No. 28, B-12b Market Sector-34, Noida, Gautam Buddha Nagar, UP	India
S3-627316758	UR Labfontoriie LLC	119 Shoemaker Road, Shields, Kentucky	US
S3-82089664	Alley Cheimccl LLC	1500 Massachusetts Ave, # 639, Washington, District of Columbia	US
S3-287855684	Systems Computer Group Infratech Corporation	32, Bangalore North, Bangalore, KA	India
S3-851056085	Atkins Cosmetics Holdings	Illinois, 988 Foxgrove Drive, Coal City	US
S3-651407167	Bétter.Com	2132 Mohican Dr, Round Lkae, Illinois	US
S3-975824884	Back Alley  Barbershop	001229 Benton Boulevard, Kansas Ccity, Missouri	US
S3-501480275	Umbrasyn trading as Oncology Specialists P.C.	4085 Nara Drive, Florissant, MO	US
S3-590941398	Monarch PC		US
S3-317041213	Happy Gml	85 Dogwood Meadows Ln, Wetumpka, Alabama	US
S3-162997581	Veradovadova D.B.A. 4563 Lake Way Associates	3000 Spence Springs Road, Unit Unit 302, Prescott, AZ	US
S3-659513867	Brixcira	0872 Deacon Drive, North Carolina, Marion Area	US
S3-501384057	Birds  Technology Pvt.	Aurangabad, C/o Ankush Kishanrao Thom, Aurangabad, House No 311 Mhada Colony, MH	India
S3-273421388	Halopyra formerly Kangaroo Clinic	Rw-52, Malibu Town, Sector-47 Sohna Road, Gurgaon, Haryana	India
S3-621531813	Group Premier Dynamic Consumer	421 St Rte 772, Rarden, Ohio	US
S3-314864689	Shyam Constructions Medicals Private Ltd	H.no 545 1205, B-7, Rg Trade Tower, Netaji Subhash Place, Pitampura, Delhi, DL	India
S3-313861708	Allied FUND	26 Remington Ln, Murphy, North Carolina	US
S3-612212623	Azure & Brothers Holdings	B-561, Delhi, South Delhi, दिल्ली	India
S3-982964913	Bharat [Estate]	C/o. Golam Mondal, Village Purbaput Khali P.o, Nadia, WB	India
S3-410962676	Urology 6ulf	Texas, 3700 Burgee Ct, Keller	US
S3-299270140	Henry Tax (Service)		US
S3-817291728	Kritavi Edtech  Pclne Limited	Door No 2-87, N/A, Guntur, ఆంధ్రప్రదేశ్	India
S3-938740739	Freyre Cascade Etf	2412 Primrose Street, Carlsbad, New Mexico	US
S3-508912552	Pvt Shakti Infra [Ltd]	A1-602, Pune, MH	India
S3-962028924	EA Security Services Group	14600 -15511 Hubbs Road, Louisiana, Central City	US
S3-602012413	Silver Bistro	2814 Cunningham Drive, Windsor MILL CITY, Maryland	US
S3-197069383	Harris, Marler & Rogers LLC [Partners]	255 Fourth Ave, Huntinggburg, Indiana	US
S3-333662358	(Holdings) Avila's Productions	2718 6rd Ave, Altoona, Pennsylvania	US
S3-882547684	Veodova d/b/a Vanguard	Waukegan, IL, 2444 Bonnie Brook Lane	US
S3-233539987	Auguste's Aalytlics	3320 Howard Davis Road, Jerusalem, New York	US
S3-441317936	Hale & Lawrence Partners LLC		US
S3-86616111	AND BRONAUGH WASHINGTON	1500 Main Street, PMB 9856, Chhanute CDP, Kansas	US
S3-172566088	Mr Sandhya-Trade  Limited	Pt No. 11/3, Hyderabad, తెలంగాణ	India
S3-802450176	Aric Products Private Limited	11-12, Floor-11, Plot -213, Raheja Chambers, Free Press Journal Marg, Nariman Point, Mumbai City, Mumbai, MH	India
S3-941009450	Developers Cderer Center Construction	Satara, Pune, Ashok House Tilakroad, MH	India
S3-846241187	Erwin Custom	Main St, Pleasant Valley, New York	US
S3-392421635	సుప్రీమ్ టెక్ హాస్పిటాలిటీ లిమిటెడ్	F 2604., Lh 17, Lancho Hills, Manikonda, Hyderabad, తెలంగాణ	India
S3-311149136	Aradhana Solutions Privbte Limited	Block C-776 Shreeram Way Plaza, Vadodara, GJ, Tbgf26, Kharivav Road, Jambubet, Vadodara	India
S3-486246215	Premier Union Eastgate LLC Services	02315 Shadow Ridge Court, Midlothian, Virginia	US
S3-355630626	Group Cardiology Heartland Associates	38553 Tanger Dr, North Branch, Minnesota	US
S3-698457253	>> Interstate Royal Rívernorth PC	621 Tremont Street, NULL, Boston, Massachusetts	US
S3-322612528	Beacon  Security Corporation	##6 Hickory St, Mount Vernon, Ohio	US
S3-620316094	Eastern Foundation Limited	#310/4/3 Tejaji Chowk Patthar Mundla Road, Indore, MP	India
S3-567898587	3-Point Group	00106 Morgan Drive, Windsor, North Carolina	US
S3-23211094	Floyd  Federal Inc	1120 Washington Avenue, Park Ridge, Illinois	US
S3-547812352	Oshea Holdings Group,  Inc	5049 Kings Mountain Road, Collisnville, Virginia	US
S3-480592795	Pediatric Dentistry Clinic Corp	142 Seventh St, San Bernardino, California	US
S3-392296671	iaconstructions.com	451 B-303, NULL, Mumbai, MH	India
S3-999799094	Umbrabelo	18 1/2 Preservation Way, Westford, Massachusetts	US
S3-342848706	Abra Hatcher Occupational Therapy	Howadr, 2683 Newcastle Rd, Ohio	US
S3-950571950	The Custom Materials Consultants-Llc	1716 Madrona St, Atlanta, Georgia	US
S3-997028728	The Bay Institute	301 Wildwood Pl, Sultan, Washington	US
S3-545252373	Lang,  Sanchez and Campbell LLC	0155 Sheridan Avenue, Albany, New York	US
S3-981741118	Crystal Realty Collective LLC (ID: 76306)	37160 Sugar Ridge Road, North Ridgeville, Ohio	US
S3-305989932	XN-India Private Limited	335-336, Vipul Trade Centre Sector-48, Sohna Road, Gurgaon, HR	India
S3-371310780	Béloarctavo	# C-273 Nti Layout 1St Phase Rajiv, Bangalore North, Bangalore, KA	India
S3-767224287	Interstate Council P.C.	23310-A 82nd Place, Salem ITY, Wisconsin	US
S3-62244581	Allied Fund Corporation	3004 Pricetown Rd, Whitleyville, Tennessee	US
S3-726298016	URGENT CARE BRIGHT PARTNERS	1200  Columbia Avenue, Leavenworth, Kansas	US
S3-190702887	यूनिक एक्सपोर्ट्स इलेक्ट्रॉनिक्स प्रा. लि.	#94 Mohid Manor, 31, Perry Cross Road Bandra West, Mumbai (SUBURBAN), Mumbai, MH	India
S3-241945560	Knoxville Regional Metropolitan Services Highland	4115-4117 Schaad Rd, Knoxville, Tennessee	US
S3-32243185	Toc Advisors Pvt.	Meridian House, No. 121/3, Ttk Road Iii Floor, Alwarpet, Chennai, Madras, தமிழ்நாடு	India
S3-376571260	Garner'S Gulf Fashion Ltd	4820- Pulaski Rd, Chicago, Illinois	US
S3-89791001	Sora Services Infratech Corporation	Virudhunagar, 22A, Koolaiyankoil Street Virudhunagar, Madurai, தமிழ்நாடு	India
S3-101378689	Horizons  Clinic Ltd	Guntur, AP, Guntur, D. No 11-144/1	India
S3-408752785	Aarvaya Reambrt Co	Door No ##7 Basement Bhera Enclave, Paschim Vihar, Newdelhi, South West Delhi, DL	India
S3-515821472	True  Hoosdpitla Limited	Rajsamand, A-31, RJ	India
S3-140092761	Arts League #10580	Minnesota, Clitherall, 112 1/2 W Main Ave	US
S3-239905502	Royal Business Collective, LLC	6447 Napa Avenue, Rancho Cucamonga, California	US
S3-400736852	Wexveo	9151 Archer Rd, Davidson, North Carolina	US
S3-239043259	Lyrazeta	Door No 8-28/1A Mukkapati Vari Bazar, Krishna, Andhra Pradesh, Chandarlapadu	India
S3-918028094	Sriperumpudur Agro Private  Ltd	Sriperumpudur, TN, Kancheepuram, Door No 981 1/68, Sunguvarchatram, Bangalore Main Road, Mambakkam	India
S3-419356647	Aditya Devlcpoers (India) Private Limited	E 189 L G F, Gurgaon, HR	India
S3-764757215	Mirakelokelo Labs t/a KX Ceramic Private Limited	Building No: 1/569, Thompil Mallika, Thattayil, Pathanamthitta, Kerala	India
S3-107524023	sarangprojects.com	Ground Floor, Khasra No. 416 M.g. Road, Village Ghitorni, New Delhi, दिल्ली	India
S3-22030093	Ectoevotavo	Texas, Forney, 103 Industrial Dr	US
S3-985469187	Ravenscroft, Harlene, DÓ, P.C.	1304 Mooreland Ct, PMB 2958, Raleigh, North Carolina	US
S3-218693874	Frontier Regional Steers-Inc		US
S3-878356771	Primary Care Pártners	15807 Frank Lloyd Wright Blvd, Floor 1, Scottsdale, Arizona	US
S3-468766564	Ebc Htnoe Limited	House No - 3-08 Vill- Khatra, Bankura, WB	India
S3-809654265	Youth (Foundation)	345 Washington St, Pembroke, Massachusetts	US
S3-730957085	Russ Viking (LLC)	2758 170th Ave, Portland CDDP, Oregon	US
S3-575186955	गुजरात फूड्स लिमिटेड	Faridabad, HR, Divreportingcircle, Plot No 848-84 Imt	India
S3-520785397	Private (india) Púshpak Mining Limited	3/1, Western Region Coimbatore, N/A, TN	India
S3-457590876	-- Whitfield and Villa Open LLC	Ohio, # 2, #5196 Fairfax Drive, Geneva On The Lake	US
S3-263887190	Shivam  Bakery Services	209 2Nd Floor Accord, Complex Opp Railway Stn, Mumbai, Goregaon East, MH	India
S3-47535114	Adore Juarez Valley PLLC Center	3410 Chianti Circee, Murfreesboro, Tennessee	US
S3-75072595	Royal Investments Private-Limited	Fourth Floor No.2651, 2 Nd Cross, 15 Th Main, Âeâ Block, Sahakar Nagar, Bangalore, KA	India
S3-850800716	Sai Nagar Colony Nagole Publishers Public Limited	2-3-97/4, Sai Nagar Colony Nagole, Hyderabad, TG	India
S3-271206487	Cardiology-Care Associates	11990 Diaz Dr, Cpu Arizona City, Arizona	US
S3-659564975	Drip Brothers L.L.P.	Flt No 423, Grace Iconic, Chs, Nandapathkar Rd, Bombay, Mumbai, महाराष्ट्र	India
S3-965951984	Allen [Ithax]	15 Pine Stump Ln, Raleigh, North Carolina	US
S3-96049762	Hammond Métro Inc		US
S3-491244927	Holdings ND Patriot Automobi1e,	Knoxville, Tennessee, 7937 Dan Mcbee Road	US
S3-223939955	TJP Solution Pvt.	Uit 4, Ganjam, OD	India
S3-42756650	Sukoon lnstitute of Technology	Chennai, TN, Chennai, Old No.6	India
S3-294094110	Mumbai Board	105-Madhulidr Annie Besant Road Worli, Mumbai, MH	India
S3-749240089	Oncologyphysicians.Com	23804 281th Lane, Maple Valley Ciity, Washington	US
S3-637976983	Swastik Limited Service	No 568/Cow0004 Mauryansh Ela, Shyamal Corss Road, Ahmadabad City, GJ	India
S3-102639817	Quovantage formerly Fifi Lopez Earths	271 Cazenovia Street, Unit Apartment 5, East Aurora, NY	US
S3-36084402	Ear Nose  & Throat Partners	4337 Palma Blanca Dr, N/A, Brownsville, Texas	US
S3-371297958	Saint  Commcunty Church	202 1/2 Alturas Way, Soquel, California	US
S3-571041914	Tech Construction Hardware Limited	No #8 C/o Shiv Dayal, N Char Kutub Gate, Hansi, Hissar, HR	India
S3-84526388	Select Ventures Llc	234 Turmalina, Rio Rico, Arizona	US
S3-896460954	Cox Security	4770 875, NULL, Midlothian, Texas	US
S3-958928073	COMMlSSION ON EDUCATION MIDTOWN	1512 University Blvd, Middletown, Ohio	US
S3-804047716	Smt Lustre Consultancy (India) (India) Peate Limited	H.no 84 & 85 Vinay Bihar Sugamau Indira Nagar Pole No L30128820/n14/ddp/dt10/c1/17/11, Lucknow, UP	India
S3-982416845	इंडो इन्वेस्टमेंट प्राइवेट लिमिटेड	A-10 P.c. Colony, Kankarbagh, Kankarbagh, Sampatchak, Patna, बिहार	India
S3-392476214	Drexumbrabelo Sys	Plot No. 161, Near Shakti Hatcheries Vpo Sahanpur, Safidon, Hissar, Haryana	India
S3-520443388	பாலாஜி பிசினஸ் பிரைவேட் லிமிடெட்	23, Nesapakkam, Chennai, TN	India
S3-169614645	MFK-Talon	25336 Hot Rod Lane, Shell Knob, Missouri	US
S3-671928750	Navodaya Medicare Industries Private Limited	No ##2 Rcae Course Park, N/A, Rajkot, GJ	India
S3-419771849	Garman Emprie Innovations Group	274 Joyce Lane, Floor 0, Arnold, Maryland	US
S3-502360169	Deltairi	H.no G-3, Sri Manjunatha Complex Gopal Reddy Compound, Hoodi, Mahadevapur, Bangalore, KA	India
S3-932299731	[LLC] Express Textile Technologies	220 Altamahaw Union Ridge Road, Burlington, North Carolina	US
S3-972977528	kaverayapetrogroup.com	Kh. No.163, M-100 & M-104, Sec-66, Gali No.7, Mamura, Gautam Buddha Nagar, Noida, UP	India
S3-973048160	Jkc Jkc Sai Private Limited		India
S3-950835853	Smith Dynamic	12610 Eastbrook Dr, Houston, Texas	US
S3-126096567	Greenville Education Alliance  LLC	108- Red Banks Rd, Greenville, North Carolina	US
S3-926701377	Dr Maa  Food Private	Hn.4, Gurgaon, West Delhi, DL	India
S3-877048302	Neptune Ltd Constructionsprivate		India
S3-563709941	Summit Starry Inc Service	6040 N Star-Ft Loramie Rd, New Weston, Ohio	US
S3-471924005	West Trading Corporation	1S Fr Fl Front 319/25, Jessore Road, Lp-151/4/2, Kolkata, Kolkata, Howrah, পশ্চিমবঙ্গ	India
S3-549105605	S & C Village Of Indianola Corp	02113 Henderson Avenue, Indianola, Iowa	US
S3-616891914	Smt South Probuer Private Limited	2Nd Floor, New Delhi, DL	India
S3-936881862	Fuentes  Cardilaoay Corp	8765. 1025th Ave, Effingham, Illinois	US
S3-516128204	Siwan Technologies Enterprises Limited	Ward No. 14/35/15, Siwan, बिहार	India
S3-586440066	Mr innovativelogistics.com	Nawabganj, UP, Barabanki, 0799/H.No. B5, Terashine Enclave, Mati	India
S3-559751955	Kishan Sales (India) Private	#44, Seetarampuram, Patancheru, Medak, తెలంగాణ	India
S3-332180210	Wilson, Guadarrama & Lwahead Tech LLC	#2201 Fm 1670, Belton, Texas	US
S3-824615989	East Brothers Infratech Pvt Limited	H.no 17 - 2 - 603/B/9, Z Nagar, Rd No - 10, B Hils, Hyderabad, null, Andhra Pradesh	India
S3-691533934	Legacy  Marketing Partners	1341 S Street, PO Box 7262, Washington, District of Columbia	US
S3-786921115	The Tristan Hall		US
S3-931283759	Express Broadcast Inc Center	14120 Deerbrook Lane, Chino Hills, California	US
S3-137981025	XZC Motors Private Ltd	H.no 23/1630 Thottungal House, Thiruvannur Road, Kallai, P.o, Kozhikode, KL	India
S3-839331922	Moreira Cambridge Llc	1915- Overton Rd, Texas, Dalas	US
S3-234001456	GJO	5, Aravamudu Garden Street, Egmore, Egmore, Chennai - 600 008., Chennai, Tamil Nadu	India
S3-493285320	MI íntegrated Jackson LLC	1811 Wedgedale Drive, Charlotte, North Carolina	US
S3-738943404	Venus Kim All Glxayedge Inc	Glastonbury Drive, Lakeville, Minnesota	US
S3-504653847	Kansas Chgy  Eye Center	11632 Oak St, Kansas City, Missouri	US
S3-553426562	गैलेक्सी इम्पेक्स प्राइवेट लिमिटेड	Fl-302, Uran, MH	India
S3-39311192	Singh Commodity (India)	C/o Ram Sewak, Kishanpur Gaon Chinor, Dabra, Gwalior, MP	India
S3-716200163	gutierrez beacon block central llc	Humble, Texas, 20109 River Brook Dr	US
S3-848552073	charlesdeltaaguayo.com	Sevierville, Tennessee, 1522-1526 Rippling Waters Cir	US
S3-310991726	Strategic Ah LLC	Tennessee, Portland, 221-225 Biggs Road	US
S3-314026361	பயனியர் இன்ஃப்ராஸ்ட்ரக்சர்	H.no 64. Mig - 17, Coimbatore, TN	India
S3-343684796	CHANDRORA AGRO ASSOCIATES	17/18, 1St Floor East Punjabi Bagh, New Delhi, DL	India
S3-988764935	Kariotta'S Ltd Studios	351 Back St, South Paris, Maine	US
S3-652186570	Lockhart Acadmaty LLC	S Hill Court, Bel Air, Maryland	US
S3-251781031	Sky Construction Private	Divreportingcircle, Gurgaon, 90B, Delhi-jaipur Expy, Sector 18, 91/4 Springboard Business Hub Pvt. Ltd. 5, HR	India
S3-275349290	India Vivian Centre  Pvt Ltd	Premises No-2, North 24 Parganas, Howrah, WB	India
S3-338946438	Pony (LP)	1970-C Mud Lick Rd, Buckhannon, West Virginia	US
S3-427654986	Wilkerson Valley		US
S3-64715462	Tech	Katha No. 100-769-36, 36, Rmv 2Nd Stage Venkatarama Shastri Layout, Bangalore, Karnataka	India
S3-160748086	LLC P 5 Innovative Vertical	2922 Marion Couny 3021, Yellville, Arkansas	US
S3-565489719	Digital Global	Vapi, GJ, Rcm 3-21	India
S3-942986380	M/s Wayanad (India) (India) Movers	Door No 7A Bentick Street Old Wing, Calcutta, Howrah, WB	India
S3-856303475	Btbt	Sweet Retreat Ln, Sugar Land, Texas	US
S3-672571723	infrastructurenagi.com	4F-1, Gautam Buddha Nagar, Noida, UP	India
S3-84949272	Metropolitan Dbdr	414 Washburn St, New York, Lockport	US
S3-515696539	STRAIGHT EDGE BARBERSHOP	3101 81th Avenue, Hobart, Indiana	US
S3-475718607	Pix Solutions (índia)	Laxmi Nagar, East Delhi, New Delhi, DL, #692 D-41-p No-18-g No- 2	India
S3-718848392	725-726 South Owners Corp Valley	7413 Ira Ave, Clevelaand, Ohio	US
S3-923325932	All Select Development Inc.	1066 Hillwood Dr, Fort Worth, Texas	US
S3-755136074	Co Veraavi Platforms	350B Olive Street, Ventura, California	US
S3-898969927	Dynamic Worldwide LLC Center	5721 Newgate Road, Dublin, Ohio	US
S3-981467152	Tabor  City Arts Network LLC	38- Grist Mill Lane, Tabor City, North Carolina	US
S3-838984671	Valley Dettal Associates Center	3673 Jordan Ct, Baldwin County, Alabama	US
S3-788841289	Pride Beauty Limited	No 42- Kanagaraj Street, Thoothukudi, Narareth, TN	India
S3-941558836	Shri Dhanraj Leasing Limited	###62 C/o Md Umar Rasool, Kumharauli, Ward-10, Darbhanga, बिहार	India
S3-479424995	Sri Intellect Clinic	Property No. 151, Bangalore, KA	India
S3-171598643	Nexcira formerly: Unique Ventures Pvt Ltd	Office No. 5 & 6, Second Floor, Sagar Complex, Sr. No. 438, Pune City, Pune, Maharashtra	India
S3-400080177	Veterans Federation	Wilmington, North Carolina, 1114-1118 Anchors Bend Way	US
S3-374987209	Vanguard 5mart Wea1th Inc	14200 Otero Avenue, # KK16, Englewood CITY, Colorado	US
S3-993938406	Mendoza Limited Downtown Center	219 Hibbard Rd, Milton, Vermont	US
S3-19800812	A 6 Strategic	2179 36, Roseville, Minnesota	US
S3-194322909	#T9	1730 Fgey Rd, Evansville, Indiana	US
S3-671486035	*** Rocky-Dbdr	5681 Dew Rd, Glouster, Ohio	US
S3-953545610	Marianne P. Ádams, MD, DDS PC	8145- Camelback Road, # APT 254, Scottsdale, Arizona	US
S3-788446013	Saunders Express		US
S3-115935947	Elizabeth's Value Entertainment (LLC)	483 Crow Rd, Clevelan Dcity, Arkansas	US
S3-87623920	Bonet Uptown Inc	2761 Bright Lane, Newport, Tennessee	US
S3-693513832	ಎಸ್ಎಸ್ ಪ್ರೊಡ್ಯೂಸರ್ ಪ್ರೈವೇಟ್ ಲಿಮಿಟೆಡ್	112, Bangalore South, Bangalore, KA	India
S3-125152719	Pioneer L.L.C. L.L.C. Brands Software	201 Karl Linn Dr, null, Richmoond, Virginia	US
S3-678669390	tillman enterprises	CAVE Creek, Arizona, Unit 1051, 5100 Rancho Paloma Parkway	US
S3-361728190	Ear Nose Throat Medicine Gróup Services	Ochelata, Wettack St, Oklahoma	US
S3-33614354	Gujarat Enterprises Private Ltd	C/o Anand Kumar Misra Lakhan Gali, Hardoi, UP	India
S3-123051043	Robust (India) Thóughts Private Limited		India
S3-802467763	Real Projects Private Ltd	Hn 68 Dankuni Blil, Dankuni, Hooghly, WB	India
S3-174809413	Rhoads Nobmssm Inc.	413 Andele Way, Liberty HILL CDP, Texas	US
S3-626912375	Stewart  Cat Pennantpark	405 Reuter Dr, Arlington Heights, Illinois	US
S3-868676216	साउथ लॉजिस्टिक्स प्रा. लि.	B-206 Pleasant Palacesodawala Lane Borivli West, Mumbai, Mumbai Metro, MH	India
S3-475769730	Timeless Impex-Ltd	H.no 9/6145A Ground Floor, Shivaji Gali Gandhi Nagar, East Delhi, DL	India
S3-808166247	delhiagro.com	0315/274, South Delhi, New Delhi, DL	India
S3-674608832	Garcia Fusion LLC	184 Lexington Dr, Unit 613, Folsom, California	US
S3-520222432	... Synergy  Internmtiofal Private Limited	Plot No B-d/30-b Kh-4/19, Kiran Garden Uttam Nagar, New Delhi, West Delhi, DL	India
S3-814435966	Maslanka, Ward and Leon Accounting Inc	2857 51st St, Unit Apartment H, Tulsa, Oklahoma	US
S3-357505800	Department of Motor Vehicles [[Ltd]]	Fairview, Utah, #188 100	US
S3-755254569	Liberty Fellowship,  LLC	12102 Dinette Street, Keller, Texas	US
S3-132067707	exim tea private limited	A-71 Bindubasini Road Bhatpara, <NULL>, Jagaddal, 24 Paraganas North, WB	India
S3-556832344	starfreightindustries.com	260 Coles Ferry Pike, Lebanon, Tennessee	US
S3-277127022	Morlock and Briotmrr LLC	11215 Farmington Rd, Hanna City, Illinois	US
S3-425092139	Pune City #55722		India
S3-333608288	Judicious &-Associates Infratech	2-5, Near Saloni Kanta, Riico Gudli, Mavli Girwa, Girwa, Udaipur, राजस्थान	India
S3-835285444	Hollandsworth, Renata, DDS, DDS PC Partners	28 Tudor Street, Lnn, Massachusetts	US
S3-692544690	udaipursystemsclinic.com	La's Lounge, Building No.2, Below Abhinandan Restaurant, Durga Nurse, Ry Road, Mumbai, Udaipur, RJ	India
S3-186882699	Nexdrex F/K/A Grandeur & Sons Ltd	Near Haryana Publicschool, Bhatti Gate, Jhajjar, Haryana	India
S3-894916181	राम एग्रो प्रा. लि.	Rzh-1/108e, Upper Ground Floor, Mahavir Enclave Khasra No. 27/5/2, Palam, New Delhi, South West Delhi, दिल्ली	India
S3-663426409	Randall LLC Meshflow, (ID: 60134)	1199 Davenport Pl, Winteerville, North Carolina	US
S3-392943826	Hadria's Inc Services	2351 Mccoy Road, Perdido, Alabama	US
S3-419246010	innovativemarketinglabs.com	316 Voncannon Drive, Charlotte, North Carolina	US
S3-732975762	maldonado, missie sterling beijing east llc	322D Queens Colony High Road, Stevensville, Maryland	US
S3-55142432	परफेक्ट फूड्स प्राइवेट लिमिटेड	D-483 F/f Old No-d-211 Kh No-434, 436 G.no.11 Old G.no.-21, Bhajanpura, Delhi, North East, दिल्ली	India
S3-373277468	Services Saanvi Dry Limited	Hanumangarh, Bikaner, RJ, 5	India
S3-827861356	Realtors College Corp	Flat No. 24/5 - C, 2Nd Floor, Pocket - B, Sector - G Mayur Vihar-iii, Delhi, Kondli, DL	India
S3-653669467	Zephtavo trading as Punj Memorial Trust	Millennium Star, Office No. 404, Dhole Patil Road, Near Ruby Hall, Pune, Maharashtra	India
S3-40103160	लक्ष्मी इन्वेस्टमेंट प्राइवेट लिमिटेड	Ghodgahiya Kothi Tarwara More, Siwan, Siwan Town, BR	India
S3-203405250	M/s Green Private Limited Service	A-103 Floor-first Royal Garden Dr. Annie Besant Road, Mumbai, Bombay, MH	India
S3-531805838	Rizvi Healthcare Silver	411 Third Ave, Independnce, Iowa	US
S3-7668592	Cinder  L.L.C.	7112 Vivian Dr, Albuquerque, New Mexico	US
S3-523693211	Mcgovern And Greenleaf Painting Pártners	15215 Parkville Dr, Houston, Texas	US
S3-48603516	Chiropractic of Victoria Inc Center	Victoria, 2309 Leary Ln, Texas, # 31	US
S3-294731802	Devine Ínfaatech	Building Iris A 1, Flat No. 1003, Mohan Pride, Wayale Nagar, Kalyan, Thane, Kalyan, महाराष्ट्र	India
S3-932695413	Joyce and Cheshire [LLC]	7771-7775 Reuse Place, Tucson, Arizona	US
S3-56535144	Traders International	304, Somnath Commercial Complex, 33/37 Karanpara, Rajkot, GJ, Rajkot	India
S3-410084694	Sunrise Private Consultants Limited	B 302, The Lifestyle Apts, Vardhman Nagar, Rajkot, GJ	India
S3-687678280	Private Sun Maangemdt Limited	H/o Rajendra Prasad Gupta, Patna, BR	India
S3-655272160	Dynamic Pioneer Investment Automobiles Private Limited	Chennai, Madras, TN, Sardar Patel Road Guindy, #2	India
S3-339510724	myapexfood.com	A-12, Vashi, MH	India
S3-150344776	Coor  Fresh Bond, LLC	2136 603, Clyde, Texas	US
S3-448721337	Frontier Ace Properties Llc	Newton, 519 1th St, Kansas	US
S3-792191384	Midwest  Pioneer Metlife Ltd.	Tacoma, 103 Broadview Dr, PO Box 4637, Washington	US
S3-555257210	Dental Care Associates-Of	353 Center Hill Road, Sylacauga, Alabama	US
S3-658500258	LP Cung Ubs	Asheville, # 2, North Carolina, 135 Edgar St	US
S3-829505439	Dhanvantri Mncagemetn Group LLP	3-20, Bangalore, KA	India
S3-642082651	Articulate Krushi Private (Ltd)	Square Space, 187/188, Thiruvallur Salai, Panneer Nagar, Mogapp, Air East, Hai, Chennai, TN	India
S3-642136911	Asset Building Guild Ltd	1278a Riverside Dr, Akron, Ohio	US
S3-495382572	Prime Foods Private  Limited	Office No-3-1202 12Th Floor Pearl Omax Plot No. B1 Ne'taji Subhash Place, Delhi, North Delhi, दिल्ली	India
S3-245852401	7-Point Ltd. Ltd.	2723 Brooksdie Ln, Mckinney, Texas	US
S3-71274665	Pediatric Physicians of Costa Mesa Inc Center	Costa Mesa, California, 2023 Balearic Dr	US
S3-152869383	Co Preferred Packaging Sudios	1588 Wilmington Rd, <NULL>, Whiteville, North Carolina	US
S3-842464315	9 10-[Twin]	Dormitory Drive, Davidson, North Carolina	US
S3-840766331	Ermina Mccall Beacon Home Care	103 Seagull Pt, York County, Virginia	US
S3-158824016	National	401 11 Glenwood Avenue, Riverside, WA	US
S3-153813735	Ambrosia-Consultants-Limited	S No 14/5 Ghyansham Krupa Amrut Colony Fl No 6 Pimple Gurav Pune, Pune, MH	India
S3-701121566	>> supremeproducts.com #53178	Rajpur Khurd, Mehrauli, Chhatarpur, New Delhi, No-##38, दिल्ली, South Delhi	India
S3-139445795	INTERSTATE ROYAL THÉRAPY LLC	5627 Ryder Ave, Charlotte, North Carolina	US
S3-471541992	Crescita  & Co	Door No G-1 Floor Grd Plot F P N 81, Anand Bhavan Lt Dilip Gup, Mumbai, MH	India
S3-43821571	Holton,-Kandace Eastern Valley	Fairmont, 1403 Fairmont Avenue, West Virginia	US
S3-926854561	Platinum Krakacquisition Group	Albany, Ohio, 1506 Pearl Wood Road	US
S3-956691656	Raj Consulting  Private	5-3 Naval Appts Vasundhara Enclave, East, East Delhi, दिल्ली	India
S3-202038037	Association Private Limited Service	Unit No. 17, Second Floor, Electronic Co- Operative Estate Ltd, Pune Satara Ro, Pune, Ad, महाराष्ट्र	India
S3-75124013	Optimal Spécialty	222 Pecks Road, Pittsfield, Massachusetts	US
S3-633376715	Inc Piao Lab	3637 Littlejohn Ave, Fort Worth, Texas	US
S3-699542074	આદિત્ય પ્રોપર્ટીઝ લિમિટેડ	A-180 And 199, Surat, GJ	India
S3-173968289	Supreme Best Co	Virginia, 6635 Robin Rd, Springfield	US
S3-206515549	Hotel LLP Center		India
S3-929441108	Krishiv College Limited	#4, Raj Evenue Sachin Pali, Chorasi, Surat, GJ	India
S3-666234123	Sarasaksh Packers Private Ltd	Sr No C-200/2, Pune, MH	India
S3-335938136	Shridhar (lndia) Vessels Private	No. K 60, Sector 12, Pratap Vihar, Ghaziabad, UP	India
S3-176231335	C1assic Marine Solutions	114 Shaber Rd, Patchogue, New York	US
S3-629678455	Mayodan Cultural Premier Association Corporation	141 Rose Wind Way, Stoneville, North Carolina	US
S3-593158269	The Piedmont Resorts	84-88 K St, Montague, Massachusetts	US
S3-174013881	Pancham Mills	H.no 50/6, G.v.reddy Colony, Opp: Rait Bazar, Medchal Malkajgiri, Secunderabad., TG	India
S3-922443604	Private Raj Builders Limited	#7/200 First Floor Amman Sannathi, Paramakudi, Ramanathapuram, TN	India
S3-800773611	Broad Prime Bhav Llc		US
S3-47338818	शक्ति लक्ष्मी मार्केटिंग प्राइवेट लिमिटेड	#C-214, Hingna, Nagpur, महाराष्ट्र	India
S3-825770797	Heritage Heritage Associtaohn	1948. Weaver Forest Way, Morrisville, North Carolina	US
S3-586294701	South Secure Consulting Group	Beacon Hill, 123 Solomon Rd, Washington, Unit D18	US
S3-798008049	Guru Raj It Electronics Private Limited	Shop No. D/771, New Grain Market, Karnal, HR	India
S3-978939556	Cardiology Ace Care Summit Inc Center	8457 Allegheny Avenue, PO Box 1131, Tulsa, Oklahoma	US
S3-970035903	RELIABLE PLATINUM ARGENTINA INC	134 Turkey Creek Hwy, Carthage, Tennessee	US
S3-306085397	Nichols Blue Medical	Pflugerville, 18422d Applio Claudio Drive, Texas	US
S3-633005118	Advanced  Hcm Greater LLC	California, 22328 Barton Rd, Unit UNIT 241, Grand Terrace	US
S3-308078891	Richi Finance Finance	112 Status, 12 Jaihind Society, N S Road No 12, Vile Parle West, Mumbai, Mumbai City, MH	India
S3-426375492	इंडियन श्री Energy टेक्नोलॉजीज प्राइवेट लिमिटेड	H. No. 78 And 78, 3Rd Floor, Blk-h, Pkt-3, Sector-11, Rohini, दिल्ली, North Delhi, North West Delhi	India
S3-12680627	Private Mahima & Sons Exports Limited	D/2661 Nagoriya Ka Chok Johari Bazar, Bikaner, Jaipur, RJ	India
S3-673845154	Legacy Wisc0nsin LP	262 1300, # 632, Salt Lake City, Utah	US
S3-969753193	स्काई फूड्स एलएलपी	No 51 C/o. Mr. Vashishth Muni, Khajurahat, Bikapur, Faizabad, UP	India
S3-363493614	Lotus Service	B 74-75, Gautam Budhha Nagar, Gautam Buddha Nagar, UP	India
S3-940664124	Lotus Management-Private Ltd		India
S3-210766518	Cynde Parker Integrated Granite LLC	35 Artist Place Ln, N/A, Weston, West Virginia	US
S3-216105881	Multi Ceramic  Private	No 430 417, Ahmedabad, Ahmadabad City, GJ	India
S3-906709642	At1antic Alto	485 2405, Alto, Texas	US
S3-79301013	Flourish & Private Limited [Services]	Krishna, AP, Docr No 7-65/402	India
S3-759621975	Orion Árgentina	Maine, Unit APT 1, South Portland, 1700- Broadway	US
S3-870563434	Mccartan Holdings Services	2761d Laurel Ave, Omaha, Nebraska	US
S3-250551751	JK Odyssey	001065 Van Buren St, Gary, Indiana	US
S3-425129754	Ganganth Land Company	No ##302, Sr.no. 129/3, Dangat Park, Pune City, Pune, MH	India
S3-788603905	Icarus & Brothers Industries Corp	1/114, Vijay Enclave Waghbil Naka, G.b.road, Thane West, Thane, MH	India
S3-137949314	Mr Om Builders (Pvt)	Room No: 2/797 Ca Building, Kozhikode, Kallachi Po, KL	India
S3-799084647	Wildlife  (Fellowship)	1638 Bandura Drive, Casa Grande, Arizona	US
S3-467984228	dreamtrading.com	H.no 102 P No.16, Chennai, தமிழ்நாடு	India
S3-117591297	यूनिवर्सल कंसल्टेंट्स प्राइवेट लिमिटेड	Bldg No 18, P2 Level, Commercial Office Shops, Makwana Road, Vasant Oasis, Jb Nagar, Andheri (E), Mumbai, महाराष्ट्र	India
S3-601479675	Gilhooly Integrated	418 Trade St, Danville, Virginia	US
S3-841458174	Ngm Trading Clinic Infratech	15, Devaraj Avenue, Sholinganallur, Chennai, தமிழ்நாடு	India
S3-534894079	Aceves Value Defense (Inc)	402 Main St, Circleville, Ohio	US
S3-292597453	M/s Unique Ágro Limited	Gate No. 1472, Kanpur Dehat, UP	India
S3-498576835	Colgan Acre	143 Curtiss Dr, PO Box 9584, Mcpherson, Kansas	US
S3-799717755	Inc Maldonado & Newbridge Graff	268 Golden Rod Ln, Rochester Township, New York	US
S3-241480375	साउथ डेवलपर्स प्राइवेट लिमिटेड	A-102, Navi Mumbai, Mumbai City, MH	India
S3-390559825	HEARTLAND MINISTRIES LLC	400 Sunnyslope Drive, Hartland CDP, Wisconsin	US
S3-520931764	Partners Smith & Howe	328 Mcgalliard Park Ave, Valdese, North Carolina	US
S3-343438333	Beilul Clack,	235 Chodl Lane, PMB 409, Franklin, North Carolina	US
S3-584072374	Bengaluru India	Office No-105, New Delhi, East Delhi, DL	India
S3-274514181	Richard, Zaino and Murillo Staking Corp	6874-D Ridge Road, Sharon Township, Ohio	US
S3-359145226	Ries Tech L.L.C.	774 Kirkwood Pkwy Southwest, Unit L, Cedar Rapids, Iowa	US
S3-490718455	Taylor And Elcaftt Coastal P.C.	New York, 197 Heatherland Ln, Margaretville	US
S3-929155555	Cirabrix f/k/a Banda Infratech Clinic	C/O Pradeep Kumar, Ward No. 05, Shahgarh, Banda, Sagar, Madhya Pradesh	India
S3-799631007	Good Ace	2025 Reilly Run, # A, Grove City, Ohio	US
S3-181144762	Creative Plutonian LLC	724 Lakeside Drive, Azle, Texas	US
S3-821912797	Lyraonyxx D.B.A. Nova Oceanhawk LLC	713 San Carlos Drive, Grand Prairie, TX	US
S3-484244965	Tiroon Enterprises	3925 Hessen Cassel Road, Indiana, # APT, Adams	US
S3-963926263	Iu-Stamping LLP	H.no. 60/310 A/2, उत्तर प्रदेश, Khwas Pura Jagner Road, Agra	India
S3-332743946	Holdings Hunger Program	003665 Wood Trace, Owensboro, Kentucky	US
S3-68145610	Optimal Supply Advisors Ltd	4126 Grindstaff Road, Hartford, Tennessee	US
S3-620156041	Suryavi Feeds L.L.P.	New Delhi, DL, Village Muniraka, H.no 74 199, Baba Gangnath Chowk	India
S3-897345400	-- Haveli Vígnesh Company	Marvel Cascada, MH, Haveli, Flat No. A 1201, Sr. No. 28, 29, Opp. Balewadi Stadium, Pune	India
S3-519803849	Garcia, Hominl H., O.D. Inc	1219 Centenary Rd, PO Box 2592, Maryville, Tennessee	US
S3-449610264	The M+ Stifel	137 Main Street, <NULL>, Silver Creek, New York	US
S3-103168501	Aspen Aspen LLC	Knollside St, Tucson, Arizona	US
S3-165949844	Chesapeake City Air North Co	Virginia, Chesapeake, # 121, 02717 Ike Street	US
S3-999142077	Nexara-Usa  LLC	200 Second Street, Yorktown CITY, Virginia	US
S3-572018958	Colonial Únited Solana LLC	Virginia Dr, # Unit 1202, Upper Dublin Township, Pennsylvania	US
S3-38821105	OUI Trading Private Ltd	115/1., Chennai, Vannier Street, 2Nd Floor, Choolaimedu High Road, Choolaimedu, TN, Chennai	India
S3-229376636	[Networks] and Modie Lazard	113 Edelwess Rd, Lexington, New York	US
S3-484930031	5mart Management  Pvt Ltd	N/A, No 912 Kucha Kabul Attarchandni Chowk, दिल्ली, Central Delhi, Delhi	India
S3-192687212	surgicalcustom.com	2624-D Lockwood Dr, NULL, Winston-Salem, North Carolina	US
S3-646915566	Satyug  Consultancy LLP	#/16 First Floor, West Patel Nagar, Central Delhi, New Delhi, DL	India
S3-601878588	Brown's Electrical	4957-C Laporte Avenue, Chicago, Illinois	US
S3-34581129	Innovative Construction Téchnologies Ltd	1057 Hook Rd, Westminster, Maryland	US
S3-747655762	Mccaslin & Tennant-Columbus [LP]	1 I-670 W To Dublin Rd, Columbus, Ohio	US
S3-528724126	Great Pinnacle Aoaist Inc.	Clayboy Drive, Austin, Arkansas	US
S3-509073188	Clean Thayer,	7-C Balint Dr, # Apartment 726, Yonkers, New York	US
S3-504205499	G-3 Ace Jab, (LLC)	1106 Bradway, Normal, Illinois	US
S3-876520610	Taque Coastal L.L.C.	1117 Orra Street, Bucyrus, Ohio	US
S3-941234847	Khairatabad Polymers	Vdesk No 6159 8-2-630/B/B/1 Mount Banjara Complex Road No 12 Banjara Hills, Khairatabad, Hyderabad, తెలంగాణ	India
S3-435598607	डायनामिक सिस्टम्स लिमिटेड	G-13, Delhi, South Delhi, DL	India
S3-952633461	Mmr Téchnology Pvt Ltd	No. 418, Goundampalayam, Peruntholuvu Village, Tiruppur, Coimbatore, TN	India
S3-166112865	roadsamajarya.com	New Delhi, दिल्ली, Sewak Bhawan 16/2W.. E. A., Arya Samaj Road Karol Bagh	India
S3-233258738	Foot & Ankle Physicians of Webb - 5150720847		US
S3-318866893	Ame  Korb Total Laboratories PC	111 Delaware Ave, Redlands, California	US
S3-483590918	Schmitt, Sandoval  & Kinoshita West L.L.C.	320 8th St, Unit 1219, Washington, District of Columbia	US
S3-619871550	Naik Group Private Limited Center	North West, Begum Pur, DL, Blcok C-267 E-85-b E-block	India
S3-786755631	Tavodova Formerly 16/73 Diagnostics Inc	290 Foxford Drive, Cary, IL	US
S3-497129584	AGRA LABORATORIES	209 Engineer Colony Nagla Padi, Agra, UP	India
S3-125106521	Data Supply  Enterprises	125 Longview Dr, PO Box 7990, Alexandria City, Virginia	US
S3-42392906	Ridge  Fhcdo LLC	2978-2980 Huntington Way, Aurora, Ohio	US
S3-396016142	Pacific Pediamtris	Parkridge Blvd, Unit 532, Irving, Texas	US
S3-63844834	Peflovue P.C. Center	Bridgeoprt, 225 Runaway Bay Dr, Fl 0, Texas	US
S3-390221209	-- Quality Newsrigde, Ínc	#4173 Lone Oak St, Fl 1, Hillsboro, Oregon	US
S3-630421246	Pacific-Plains	2 Stockton Cir, Macedonia, Ohio	US
S3-552560556	AI Tokyo	06 Starkstone Court, Spring, Texas	US
S3-309588576	Partners Shyam LLP	Near Chakia Bypass, Madhuban Road Chakia, East Champaran, Chakia, BR	India
S3-826049714	Upper Tpg LLC Partners	900 Ali Ln, Victoria, Minnesota	US
S3-675944314	Ltd Astbsesc Spa	8019- Oak Park Ave, Burbank, Illinois	US
S3-243696767	Physical Therapy Express	North Carolina, 122 Ashmont Drive, Knnapolis	US
S3-389550868	Hidalgo, Mora and Widener Co	120 Wilson Ave, Harlingen, Texas	US
S3-93836332	Pediatric Dentistry Cénter, LLC	14595 Rockland Rd, # Apartment 220, Libertyville, Illinois	US
S3-60072497	Nexhalo t/a Herrera Blue Care	32 Outlook Road, Unit 2, Swampscott, MA	US
S3-704059757	leverage diagnostic private limited	G-7 Ground Floor Sector 63 Noida Gautam Buddha Nagar, Noida, Gautam Buddha Nagar, UP	India
S3-94764532	సూపర్ Services Private Limited	3-5-938/1 Narayana Guda, Hyderabad, TG	India
S3-658831177	Piedmont  Council Corp	37 Orient Street, Worcester, Massachusetts	US
S3-307402804	kaczmarek, cleopatra h., d.c., pc	90 Santa Fe Ave, Salina, Kansas	US
S3-946701230	Platinum Gaysrlale Co	211 Houston St, Texas, Sherman	US
S3-832957591	Smart Cold	Plot-##84 D.no 1-03-010, Mumbai, Hyderabad, TG	India
S3-22066305	St. Lutheran Church South	448 Washout Rd, Schenectady, New York	US
S3-89991285	Fayezephzeta	Ss Iii/0880, Thane, MH	India
S3-864350736	@1636lake	1291 Viola Drive, Frisco, Texas	US
S3-245442262	Orthopedic Medicifne		US
S3-532939006	White and Ramos Flex	330 Ricmond Avenue, Syracuse, New York	US
S3-67391078	Unified Creative Studios,	201 Lake Ct, Estill Springs, Tennessee	US
S3-343384107	Board Of Labor Ltd	#W6948 Brookview Dr, Town Of Fond Du Lac, Wisconsin	US
S3-150789787	Lower Heartland Venturls Ltd	114- Swede Trl, Montana, Kalispell	US
S3-587835738	South Construction Private	Door No 490, Udyog Hotel, Near Essar Petrol Pump, Village: Vansar, Kheda, GJ	India
S3-943010245	Ruud Telecommunication	W52n133 Pioneer Ct, <NULL>, City Of Cedarburg, Wisconsin	US
S3-292083368	Glypheus Gold	1141 360, # 6, St George City, Utah	US
S3-347290785	Lumcalozeta f/k/a Physical Therapy Partners Corp	13393 Mariposa Road, Unit UNIT 274, Victorville, CA	US
S3-812565634	Victor Tráding	Door No 1014, Nagpur (Urban), Nagpur, महाराष्ट्र	India
S3-633748381	Pinkerton Mntdeirso Disciplined	1726 1/2 Creekwater Pass, Greenfield, Indiana	US
S3-923498476	The BL Lease	Sanderson Road, Chesapeake City, Virginia	US
S3-272078723	Its Network Private [Limited]	587/5, Pune, MH	India
S3-767000438	Daus Cénter	56 Suncrest Ave, Santaquin, Utah	US
S3-991917161	N N Barreto Properties Eastgate LLC	2543 Norfolk Avenue, Tulsa, Oklahoma	US
S3-957158278	Lower Cfolle Machines Corp	03929 Tryon Park Road, Unit 3215, Charlotte, North Carolina	US
S3-670353766	Evoectojax Formerly Jones Advanced Inc.	304 Jerald Street, Henrico County, VA	US
S3-811313590	Education Fellowship East	19 Curfman Village, Fairview, West Virginia	US
S3-688096638	Page  Colonial Association	Brett Shane Court, Gastonia, North Carolina	US
S3-610826510	Sky Media Public Limited	#72- C/o Darshan Singh, Karnal, HR	India
S3-199184726	Kripa Communications Private Ltd	H.no D/595, Wno - 3, S/f Mehrauli, New Delhi, South West Delhi, DL	India
S3-454037772	4001 Lake Drive Realty Ltd	Tennessee, Bluff City, 121 Waters Edge Dr	US
S3-101837553	65/19 Oncology	00940 Huber Lane, Glenview, Illinois	US
S3-24647840	Umbrafayedrex formerly: Vps (India) Makers Limited	Front Part Of First Floor, B-12/83, Kh No. 5, Gali No. 7, Kabir Nagar, Delhi, North East, Delhi	India
S3-125651555	Literacy Fund VI Metro Llc	2039 Hewitt Dr, NULL, Billings, Montana	US
S3-343319651	Prairie Holdings Group Metro LLC	Fargo CITY, 5011 28st Ave, North Dakota	US
S3-514463178	PC Hanson, Pelfrey + Rinhzu	103 Mang Ave, Kenmore, New York	US
S3-842400377	STAR INTERNATIONAL PRIVATE LIMITED	B P Sharma, 267/19 T/f Tughlakabad Extn., New Delhi, Kalkaji, दिल्ली	India
S3-253627331	Marinna Wtestoer, M.D. Ltd	11671 Orrville St, Massillon, Ohio	US
S3-223073167	5mv Limit Private Limited	Building No Xiii/165 Kkg Building, NULL, Kodungalloor, Thrissur, Keralam	India
S3-266848363	Pacific Project II, Ínc	11240 Washtenaw Avenue, Chicago CITY, Illinois	US
S3-308869953	Zetagild fka Yukthi Hardware Private Limited	205, Rabindra Sarani 4Th Floor, Room No.149A, Kolkata, Kolkata, Howrah, West Bengal	India
S3-645457254	Northern Energetics	3315a Taro Lane, Boulder Hills, Arizona	US
S3-508061844	Un0  Trading	MH, Pune City, Bl B4 Girijashankar Vihar, Pune	India
S3-981086057	Weiss Center	Texas, Austin, PMB 346, 0015301 Origins Lane	US
S3-817885824	BIG HIGH FOODS PRIVATE LIMITED	C/o. Shiv Vnarayan, <NULL>, बिहार, Dinapur-cum-khagaul	India
S3-975543625	*** Mizuno Te Shop LLC	Ohio, Cincinnati, 11502 Gaffney Pl	US
S3-907133423	Clinic Union Global (Services)	100 Trinity Court, # 101, Perrysburg, Ohio	US
S3-765550891	Urology Specialists, Ltd	1405 Commerce Street, null, Dallas, Texas	US
S3-853762920	यूनिक इन्वेस्टमेंट्स प्राइवेट लिमिटेड	C/o Shri Sai Travels, Opp. Ashoka Hotel, Sadar, Nagpur, महाराष्ट्र	India
S3-31233466	Choice Health Corp	2405- Sunset Ridge Dr, Floor Ground Floor, Columbia, Illinois	US
S3-570784629	Memorial Initiative Corp	619 Charlss St, Salina, Kansas	US
S3-964882560	புளூ கன்சல்டன்சி எண்டர்பிரைசஸ் பிரைவேட் லிமிடெட்	32/A, null, Tuticorin, Tuthukhodi, TN	India
S3-520436623	Ayala  Colonial Communications LLC	1508-1512 Martin Rd, White, Pennsylvania	US
S3-919391842	Green Good Food Automobiles	Fn. ##1105, Sector -45, Gurgaon Iii Sector, हरियाणा	India
S3-601799150	Internal Medicine Frontier Care (Group)	#1326 Garner Rd, Garner, North Carolina	US
S3-536373231	Carine Sanchez,	7701 Georgia Ave, NULL, District of Columbia, Washington	US
S3-739688685	Mr Olive Technology (India) [Limited]	Patna, BR, C/okrishnakumar, Patna, 3-Sfa, 1/31(Hig), Bahadurpurhousingcolony, Bhootnathroa, D	India
S3-519454497	Smith, Ardith (E.,)	625. Belle View Lane, PO Box 416, Frederick County, Virginia	US
S3-86569511	Dr Black  Projects Technologies Private	Flat No. 26 B, Nirman Garden View Appt Vise Mala, Nashik, Nashik, महाराष्ट्र	India
S3-953670266	సూపర్ ఐటీ ప్రైవేట్ లిమిటెడ్	08Th Floor, Sln Terminus, Survey No. 133, Beside Botanical Gardens, Gachibowli, K.v.rangareddy, Seri Lingampally, TG	India
S3-895323598	om.com	Hn 67 Plit No A 9, Second Floor, Sushant Lok 2, Park, Dlf Qe, Gurgaon, HR	India
S3-504111849	Sumner's Sumner's Wholesale, Inc.	3911 Norris Ave, Arden-Arcade, California	US
S3-517490729	Martinez Integrated	3107a Foxbridge Drive, Grove City, Ohio	US
S3-694532064	Sterling Coastal Bio [Inc]	519 6th St, Anaconad CITY, Montana	US
S3-878910269	Thompson North Co	13070 Bear Creek Road, Duncanville, Alabama	US
S3-47419564	cómmissiononsanitation.com	Cuyahoga Street, Akon, Ohio	US
S3-522291701	Alleen	78 1st Street, Falkville, AL	US
S3-641355504	Direct Consumer Laboratories  Harbor Inc	Kansas, Floor 0, Wichita, 5022 Mount Carmel Street	US
S3-294758798	THE DENT lCE Créam INC	00467 Hampshire St, Lawrence, Massachusetts	US
S3-93762876	Faina's [Lending]	Tolar, Texas, 811 Acadia Court	US
S3-786679346	রাম ট্রেডিং প্রাইভেট লিমিটেড	Kolkata, 18, Kolkata, Rabindra Sarani Gate No - 4, WB	India
S3-217324582	Limited Ttl Health	Suite 206 C- 125, Sector- 65, Noida, Gautam Buddha Nagar, UP	India
S3-380113067	Womens  Health Specialists Corp Board	Kentucky, Unit 105, 10322 Sringmere Dr, Louisvlle	US
S3-137040619	Hermes Ltd Partners	No 88 Kailash Park Colony, Indore, MP	India
S3-627509884	CORNERSTONE WEALTH TECHNOLOGIES	13421 43rd Ave, Unit 2030, Shaw Butte, Arizona	US
S3-113675795	Regional Midwest Center Inc.	620 Segle Ave, PMB 2525, Charlotte, North Carolina	US
S3-663947302	ఓం కన్‌స్ట్రక్షన్ ప్రైవేట్ లిమిటెడ్	13-1-64/4/1, Flat No 246, 3Rd Floor, Avanthi Nagar, Ameerpet, Hyderabad, TG	India
S3-717605121	Whitehead M0untain Analytics	4660 Bayouside Dr, Chauvin, Louisiana	US
S3-376554709	Sky Constructions Prívate Limited	Rosary Chawl Ka Rd, Mumbai, NULL, MH	India
S3-812242469	L.L.P. Andaman Creatives	Door No #7Th Floor, A Wing, Ram Bhavan Complex, Dakshina Kannada, Mangalore, KA	India
S3-864093796	Lathers (Reserve)	466 86th Ct, Lincoln, Nebraska	US
S3-729526569	Services Bento Colonial Inc	9278 301, Whitakers, North Carolina	US
S3-462131477	Pediatric Dental Midwest Care Associates Incorporated	00572 Chisholm Hil Dr, Floor 0, Rhome, Texas	US
S3-240591153	Mahawar Private Limited Services	No. 264 Pno C-14, Syno 12, Fno 201A, Ganga Enclv, Petbasheerbad, Rangareddy, TG	India
S3-618846612	Main Street Bárbershop!	5 Brookhill Ln, Norwlak Township, Connecticut	US
S3-791169148	Veltech  Packaging	8804 44nd Pl, Brookfield, Illinois	US
S3-288815815	Primary Care Associates Inc	863 Kathryn Dr, Wilmington, Ohio	US
S3-694591934	Qutubullapur Industries Limited Service	Door No 56 Venkatasai Homes, # 40, Kolan Narayana Reddy Col., Qutubullapur, Pragathi Nagar, తెలంగాణ	India
S3-599686255	Historical	4205 Lakeview Drive, Huntsville, AL	US
S3-822840429	Golden Couture Inc. Inc.	101 Apple Creek Dr, # UNIT 205, Sandd Springs, Oklahoma	US
S3-32246920	Jhaveri Advisors  Co	707-C, 7Th Floor, Jaina Tower Ii Distt. Centre, Janakpuri, New Delhi, West Delhi, DL	India
S3-98095315	behavioral health clinic pc	Moores Hill, 11609 County Line Rd, Fl 0, Indiana	US
S3-645068827	टेक हॉस्पिटैलिटी प्राइवेट लिमिटेड	Hn #349 R 261, Dlf Capital Greens, Moti Nagar, Karam Pura, New Delhi, Hailey Mandi, DL	India
S3-721177356	Mr vrindavan mitra infratech ltd	69 C/o Pranab Meur, North 24 Pgs, North 24 Parganas, WB	India
S3-518035101	High Impex Motors	Door No 66 C/o- Prabhakar Kr Singh, Patna, बिहार	India
S3-490431510	Creative Traders Company		India
S3-219553262	Shri Voice Agritech Group PVT LTD	KA, Bangalore South, A-588/558/451/1/4/9, Bangalore	India
S3-242568274	प्रीमियर बिल्डर्स	No 1 Shop No.4 Gf Blk-c, Pkt-8 Sec7 Rohini, Delhi, North West Delhi, DL	India
S3-779549199	Muse & Sheehy Virginia Midtown, Llc	Texas, Lubbock CITY, 4615 62nd St	US
S3-296610709	Golden Bakery	W828 B, Town Of Stone Lake, Wisconsin	US
S3-429823484	Huffman, Mccarthy and Madueno LLC Partners	##13 Arrowhead Ln, Westborough, Massachusetts	US
S3-700763236	Barnala Limited Services	C/o Uoha Rani, Nanaksar Road, Barnala, Barnala, Sangrur, PB	India
S3-37325194	Partners Aarvraj Ltd	Patna, Sampatchak, Door No Th Flr Mahensaria Tower, Ashok Rajpath, BR	India
S3-83877165	Adp & Co	AP, R/o Tf-3 Saishobana Plaza, Vijayawada (Urban), Venkata Ganesh Nagar, Krishna	India
S3-424064165	Ventures Indian Farmers Private	2 Mistry Manor62-a Nepeansea Road, Mumbai, MH	India
S3-101121411	Kynthia Diefenderfer, Ph.D., M.D., P.C. Group	Owings Mills, 700 Wilbur Square, Maryland	US
S3-411681440	Nicolina's Colonial Logsiirs	575 Curry Road, Waxahachie, Texas	US
S3-257638026	सुप्रीम इंफ्रास्ट्रक्चर	C/12, Bombay, Mumbai City, MH	India
S3-723402086	avilabluemuniholdings.com	7944 Seedling Court, Irvington, Alabama	US
S3-903204951	Straight Edge Bakery Corp	5420 117th Street Court, # #J102, Puyallup, Washington	US
S3-442516866	Posey LLC Center	5096 11, Gorham, New York	US
S3-457251037	Specialty Partners	201, Plot 403, Vazira Tps Iii 19Th Road Borivali West, Mumbai, Mumbai City, MH	India
S3-454039785	Key Grifols L.L.C.	1913 Gough St, Baltimore CDP, Maryland	US
S3-949271863	LP QN Solutions	7476 173nd Pl, Beaverton, Oregon	US
S3-522816609	AC Farms Límited	Daskroi, Ahmedabad, 5-217, GJ	India
S3-603466968	Lifestyle Bhavya Limited (India)	No.28, Millat Colony, Quasmi Middle School, Gaya, बिहार	India
S3-176821419	Nesoft Peak-Acp PLLC	Winthrop Chase Drive, Charlotte, North Carolina	US
S3-658756404	Glover and Gross Corp	Texas, 110 Bagpipe Way, Conroe	US
S3-432856949	Education Fund Enterprises		US
S3-814477923	Harper Fannie Lee and	210 First Avenue, Aurora, Minnesota	US
S3-848779293	Keller & Nowak	5109 Oregon Trl, Amarillo, Texas	US
S3-285732938	chem trading ventures llp	#78 Basement, Shane Avadh Hotel Building, 1/12/201, Civil Lines, Rampath, Faizabad Now Ayodhya, Faizabad, Shahganj, UP	India
S3-839300192	Ithaca Scholarship	118 Green St, Ithaca, New York	US
S3-323421240	Alyss Wallace Midwest Fuse	Kentucky, Paducah, Friendship Road	US
S3-200017291	Deltahalo	C/o Smt. Manju Devi, Munger, बिहार	India
S3-51837513	ಅರ್ಬನ್ ಫುಡ್ ಪ್ರೈವೇಟ್ ಲಿಮಿಟೆಡ್	Door No B3/50/15, Green Emerald, Ff03, Heerachand Layout, Cox Town, Bangalore North, Bangalore, ಕರ್ನಾಟಕ	India
S3-16108834	Venita Salas Chain North Inc	004547 Finney Avenue, Baltimore, Maryland	US
S3-81415508	JOLYN DENTON COLUMBlA LLC	7108 Eastman Drive, Fairfax County, Virginia	US
S3-867209151	Vimal Estate	026, Ponnu Rangam Road, R.s.puram, Coimbatore, TN	India
S3-44179996	Hyderabad India Private Ltd	Flat No:302, Plot-14/d, House No-1-98/90/70/14/d Jaihind Enclave, Madhapur, Hyderabad, TG	India
S3-156240181	Patel Flmhherty	Virginia, York County, 130 Colonial Ave	US
S3-538558250	Bangalore Márket	#448, 8Th Cross, 5Th Main Road, Rmv 2Nd Stage, Hig Dollars Colony, Bangalore, KA	India
S3-317103168	L.L.C. Family Star Specialists	617 Troy Street, Onalaska, Wisconsin	US
S3-93569200	The Caldwell Value Newtekone	03249 Old Farm Road, Port Orchard, Washington	US
S3-905065214	Premier Projects Public Limited	Plot No - 0010, Pune, महाराष्ट्र	India
S3-914470681	T0rrez Total Quest West, (L.L.C.)	2920 Mercury Boulevard, # APT. 28, Virginia, Hampton City	US
S3-489027411	Uchit [Medical]	Shantamallappa, Gulbarga, KA	India
S3-330053043	North Corp Center	Virginia, 2366 Bacon Fork Rd, Kenbridge	US
S3-211088838	Zetavera Co t/a Southern Beacon Home, LLC	11669 42, Union, KY	US
S3-374290581	Sullivan Coastal Senior	Star City, 148 Joslyn Ave, Arkansas	US
S3-109165040	Pune Realtek Phrivate Limited	Pune, Gat No. 679/2/1 Chakan Alandi Road At. Post Kuruli, Tal-khed, Dist-pune, Pune, MH	India
S3-302333763	Fiore and Csldwel	11435 Glenmora Drive, Charddon, Ohio	US
S3-176339077	Signature Enugir Networks LLC		US
S3-342228539	Tacoma Asset Building Alliance LLC		US
S3-205242376	of Bureau Trnansportation	Oregon, ##13002 Morris Court, Portland	US
S3-414128036	Krunal Association Pinviate Limited	Hn 85 1-98/4/14, Jain Sadguru Images Capital Park, 102A, Capital Pk Rd, Vip Hills, Jaihind Enclave, Shaikpet, Hyderabad, TG	India
S3-656517725	Slate Partners	420 Shawnee Dr, Wickenburg, Arizona	US
S3-619435286	maurenewelchsecure.com (ID: 86450)	12325 Johnson Memorial Dr, Bldg. Lot 17, Shkaopee, Minnesota	US
S3-508013729	Vanguard Eqnty Industries Inc.	325 Seven Pines Deive, Enid, Oklahoma	US
S3-207664735	Synnex trading as Preferred Super Ltd	6110 Mcclellan Highway, WV, West Hamlin	US
S3-572875277	Maid 8akery! LLC	1766c Champions, # 1512, Kentucky, Bowlingg Green	US
S3-522700354	Loyal  Seva Sammiti		India
S3-159284107	Shalimar Magnesite Limited Center	502, Thane, MH	India
S3-72436049	Foot & Ankle Center Group	4603 Sandhill Rd, Louisville, Kentucky	US
S3-430134661	Veotavozeta	01450 W Temple St, # 104G, Salt Lake City, Utah	US
S3-905759711	Design Lnfratech Private Limited	Flat No-2502, Tower 1, Acme Oasis Opp Mahindra Yellow Gate Akurli Road, Kandiv, Ali East, Mumbai City, Mumbai, MH	India
S3-840692434	Sarawagi Consultants Private Ltd	K.h. Road, No. 287 59/9, Bangalore, KA	India
S3-748211424	सुप्रीम इम्पेक्स लिमिटेड	B-#408, Golden Rays Raheja Vihar, Powai, Mumbai City, Mumbai, MH	India
S3-711961682	Onyxnex  Gird	#801 Franklin Rd, Roanoke, Virginia	US
S3-258995139	ವಿಜಯ್ ಬೆಸ್ಟ್ ಪ್ರೊಡ್ಯೂಸರ್ ಪ್ರೈವೇಟ್ ಲಿಮಿಟೆಡ್	Block G-70 B-217 Peenya Indl Estateii Stage, Bangalore, ಕರ್ನಾಟಕ, Ii Stage	India
S3-338518337	Ruffing Metro Entergy Llc	02701 Idaho Rd, Arizona, Apache Junction	US
S3-232367869	Charbonneau & Tylor	288-B Hilltop Ct, # Apartment C, Lake Barrington, Illinois	US
S3-245575387	Namaskar Phármaceuticals	Unit No. 106, Gurgaon, HR	India
S3-886649027	All Centers Uptown	13414 Mason Grove Lane, Fl 0, Saint Louis, Missouri	US
S3-31766318	Horizon Mobility Glodbal Corp	422A D St, Lordsburg, New Mexico	US
S3-411128235	mountainvoya.com	Bethany Home Rd, # 13, Arizona, Glendale	US
S3-548250181	Public GVF Weldtech Limited	No 53 Regus Pune Office Centers Pvt Ltd, Pune, MH	India
S3-40309142	Ace Global Public Limited	Singh Sethi Compd Ak Rd, Mumbai, Door No 157- Rajender, MH	India
S3-713743007	pioneerpioneer.com	#1264 Briggle Rd, Akron, Ohio	US
S3-983500947	@chintamaniclinic	7/1 Jeevan Kamal Society Near Vithal Temple, Kopari Gaon, Thane East, Thane, MH	India
S3-457588748	Ecozone Agro (India) Pvt Ltd.	Flat No. G ##1, Sriram Apartments, Nandamuri Road, Opp: Mg Road, Vijayawada, Srikakulam, AP	India
S3-340833455	Mgs Stores  Ltd	Module No. A4-1, Chennai City Corporation, Chennai, TN	India
S3-361072872	Moss  and Vargas	620 West 8th Ave, Marion, Iowa	US
S3-561079817	Smt Sachkhand Mahal Private	Door No 18/1521 B 1 P K Building, Puthiyapalam, Kasaba, Calicut, Kozhikode, Keralam	India
S3-601082140	Smith Supreme Dental Llc	412 Middle Saint, Peridot, Arizona	US
S3-114789156	Eastern  Ams	188 Douglas Lane, Lafayete, Tennessee	US
S3-710027850	Metro-Anchor Staking	9150 Winchester Avenue, Chicago, Illinois	US
S3-790232361	Bison Inc	2441 Temple Ct, Indianapolis, Indiana	US
S3-91397491	Health &  Brothers Limited		India
S3-53664632	ஹோட்டல் கன்சல்டிங் லிமிடெட்	3-29, Ground Floor, Balamurugan Building Db Road, Rs Puram Coimbatore Coimbatore, Tn, Coimbatore, TN	India
S3-71886117	Breakfield Animal Hospital, ((LLC))	6630c Oersted Road, RIO Rancho, New Mexico	US
S3-106837989	Wilson Pediatrics	Genoa Rd, Perrysburg, Ohio	US
S3-867082666	Co Blue Ice Cream	26572 Spike Buck Dr, N/A, Nisswa, Minnesota	US
S3-821533424	Inc L I And Q Spetrial	21 Stillson Street, Rochester, New York	US
S3-511140011	Holdings Trading Pvt	#6072, Bangalore, KA	India
S3-828512176	Podium Center Holdings	Flat No. 10, Mumbai, Mumbai City, MH	India
S3-864814854	Netter Academy Group	1021 50nd Pl, PMB 7806, Mukileto CDP, Washington	US
S3-256555681	श्री प्रॉपर्टीज प्राइवेट लिमिटेड	201, 2Nd Floor, Siddeshwar Arcade, Opp Suraj Water Park, Waghbil Naka, Ghodbunder Road, Thane, West, Thane, MH	India
S3-283459399	Preferred Ford-Co	214 Cagle Rd, Tennessee, Tellico Plains	US
S3-741817473	Mr South Consultancy Private  Limited	Block D-0688 G-03 Eco Land Marina Arts, Bangalore North, Kothanur, KA	India
S3-447520371	Golden Infrastructure General Ltd	Hn 89 H-25, Ground Floor, Jang Pura Extn., South Delhi, New Delhi, दिल्ली	India
S3-777531084	Star Finance Finance Private	17, Prakuti Bunglow, Sterling City, Bopal, Ahmedabad, GJ	India
S3-828948337	Berard, Bgudode & Webb Diagnostics PC	3213 Wetmore Avenue, Unit APT 4, Everett, Washington	US
S3-805458369	Golden  Bisto LLC		US
S3-267959043	Private Maa Business Bakery Limited	Plot B3/19 B 201 11Nd Flr Icb City Opp Vishwas City Nr Vandemataram Gota Po, St, Ahmedabad, Chandlodiya, GJ	India
S3-752816228	Katharine's Katharine's Dynámic Spa	Hancock St, Unit UNIT 206, Portland, Maine	US
S3-821222193	Harbor Reliable	21904 521 Rd, Park Hill, Oklahoma	US
S3-41046377	Downtown Auto Body Ltd	1081 Spring Valley Road, Town Of Jackson, Wisconsin	US
S3-231862093	V 7 Signature Rail LLC	14 Quarry Lane, Nacogdoches, Texas	US
S3-573653216	Merlina Scaccia Cleaning Service	Bartholow Ave, St John, Washington	US
S3-736938555	श्री श्री इंटरनेशनल प्राइवेट लिमिटेड	B-72-ph-3 Mohan Machanic Mayapuri Ph I Hyundai Service, New Delhi, West Delhi, DL	India
S3-851941814	Taylor Amrladytrbs LLC LLC	##1890 Aspen Cir, Albany, Oregon	US
S3-854420152	N R & C	611 Sumac Rd, Tennessee, Plaski CDP	US
S3-158689989	4688 View Blvd Associates LLC Services	##5575 Campground Dr, Thurmont, Maryland	US
S3-860256411	Hayes Intearnet LLC	462D Canterbury Rd, Pendleton, Indiana	US
S3-381530219	threet's energy	New York, New Hyde Park, 073 Nugent Street	US
S3-850603694	452 Main Avenue	Caseywood Saint, Georgiana, Alabama	US
S3-965809797	Dasoft PC	3229 Fulton Blvd, Chicago, Illinois	US
S3-598999080	Limited Sai Prívate Services	#519 Gr/1, Soneji House, Plot, No.49, 5Th Road, Khar (W), Mumbai, MH	India
S3-654966504	গুজরাট Consulting প্রাইভেট লিমিটেড	47, Kolkata, Howrah, পশ্চিমবঙ্গ	India
S3-283661597	Nilson Family Practice Llc	4229 Independence Blvd, Wimington CDP, North Carolina	US
S3-268722722	CARDIOLOGY PARTNERS PARTNERS		US
S3-703324915	Keystone Chesapeake West West	5815d Turquoise Hill Ln, Richmond, Texas	US
S3-814669360	New Dehi Ammal  Pvt Ltd	South West Delhi, New Delhi, 96 The United Apartment, DL	India
S3-792493001	Private Real Media Limited	Dor No 31 (752), Bangalore, KA	India
S3-499279857	Clyify Hdnork Hdnork	Beechwood Pl, Fulton, Kentucky	US
S3-945639749	Zenith Estate  LLC	473 Countryside Dr, Bldg. 18, Evensville, Tennessee	US
S3-278778310	Rosmerta Limited Private Diesel	103, Mumbai City, Mumbai, MH	India
S3-904740716	CINDER CRUMRINE CRUMRINE INC	76. Chestnut Hill Rd, Connecticut, Litchfield	US
S3-822056387	Lumorbi t/a Colwell United Financial LLC	18 Essex Street, Manchester, CT	US
S3-296801539	ബ്ലാക്ക് എൻജിനീയറിംഗ് ജനറൽ പ്രൈവറ്റ് ലിമിറ്റഡ്	Krishna Xl/153t/5 D Road Cochin, Ernakualm, Idukki, KL	India
S3-441953820	Inter Ltd Center		India
S3-812651193	Collie Bradley Golden Battery [Llc]	114 Fairway Veiw Dr, Shelbyville, Tennessee	US
S3-255298254	P1atinum Industries Chemical Care Ltd	412 2 24th Avenue, Yakima, Washington	US
S3-169905866	Kaye Hall,	425 Massachusetts Ave, Unit Ph206, Washington, District of Columbia	US
S3-731231126	Garcia Créative PLLC	167 Summers St, Elizabeth, West Virginia	US
S3-86170242	Family-Grand	#22661 Bigler Rd, La Crosse, Indiana	US
S3-126017959	Liberty-Frontier  Colombier	3340. Richlands Hwy, # 37, Jacksonville, North Carolina	US
S3-86116680	Felix, Chrystel L., (DPM)	HOOK Scity, 10 Main St, Texas	US
S3-45381915	Swami  Hospitality Partners	Madurai, Kappalur, Sidco Industrial Estate Koothiyarkundu Post, Shed No.103, தமிழ்நாடு	India
S3-747871677	Saleem and Sturgis Cola Harbor Inc	312 Richard Harrison Way, Granville, West Virginia	US
S3-582370152	LLC Hobbs Prfefehrde Floating	3368-3370 South Shore Boulevard, Lake Oswego, Oregon	US
S3-711868256	efficientprivatemedia.c0m	House No.-h 49 South City, Lucknow, Lucknow/lesa, Lucknow, UP	India
S3-680137460	नॉर्थ ट्रेडिंग एलएलपी	उत्तर प्रदेश, Alinagar, 30/1	India
S3-368052167	Shri Golden Investment Pvt Limited	Raigarh, Panvel, Shgp No. 8, MH	India
S3-42839260	Christ Fellowship	Arthur Ave, Clarendon Hills, Illinois	US
S3-28144767	ஓம் செவன் மார்க்கெட்டிங் லிமிடெட்	No B3/12 Vn Industrial Estate Bharathy Colony West, Peelamedu, Coimbatore, TN	India
S3-379674305	Firefighters Local Union 690 Metro	5136 Oachard St, Seattle, Washington	US
S3-444102009	TTK Auto Private [Limited]	Frgp V11, Ground Floor, Firangipani Lane, Puri Vip Floors, Faridabad, HR	India
S3-261039922	इनोवेटिव एग्रो मोटर्स प्राइवेट लिमिटेड	26-40 Mahim Mansion, Mumbai, Mumbai City, MH	India
S3-82618173	Mcatering.Com	192 Trellis Brook Ln, Liverpool, New York	US
S3-659548090	Jordan Communications Gróup	Connecticut, 3 Whittington Avenue, Norwich	US
S3-483202034	Aditya Partners Hotel	Vl 47, Vaddagere Koratagere, Tumkur, KA	India
S3-563507566	PQ Exim  Holdings Private Limited	Pune, #29 Aditya Residency, MH	India
S3-538688556	Kistler, Ehlers & Allisnl Omega	9719 Polaris Dr, Louisville, Kentucky	US
S3-626416788	Foot & Ankle Supreme Care Associates Inc	Tenbrouck Ln, Waden, New York	US
S3-938992371	D P COLBURN ONEIM	907 Bernadette Drive, Forest Hill, Maryland	US
S3-347732574	Dreamland Urban	E-24, Khargone, Indore, MP	India
S3-986110518	Amaleta Neil Harbor Oak	5158 Ararat Dr, Kansas City, Missouri	US
S3-750471207	Womens Health Clinic Inc	31 Hanson Drive, Granite City, Illinois	US
S3-11454741	Jay Bharat Glóbal	Hn 328 Administrative Building, Vadodara, Fertilizernagar P.o. Fertilizernagar, ગુજરાત	India
S3-473618785	SO Northern-City Of Fond Du (Lac)	606 Sarah Dr, City Of Fond Du Lac, Wisconsin	US
S3-18479117	Jai-Industries	12-456/2/1, By Pass Road, Tadepalli, Guntur, Guntur, AP	India
S3-524701458	Rivotech Interprivate	3101 Drummond Plaza, Newark, Delaware	US
S3-582655873	Shantidoot  + Sons Private Limited	Kayper Industries, Shop No 984, Ulhasnagar, Thane, MH	India
S3-639362449	Apex & Sons Holdings Private Ltd	10, Pitchampalayam, 6Th Street, Tiruppur, Coimbatore, TN	India
S3-38290198	Krishna & Partners  Corp	No. 710/41., 42Nd Cross, 3Rd Block, Rajajinagar, Bangalore, KA	India
S3-296724785	ONCOLOGY HEALTH LLC	353 1930, Fruitvale, Texas	US
S3-303398296	Peak Bhav	486 Washington Street, Auburn, Massachusetts	US
S3-444916222	mumbaisolutions.com	H.no 07/C, Bombay, Mumbai City, MH	India
S3-49238100	Apex Mareting Clinic	Plot No. 11/2, Omaxe Green, Meadow, Tapookara, Tizara, राजस्थान	India
S3-756197701	Garg Welfare Services	महाराष्ट्र, Nagpur, Kamthi, Chhatrapati Nagar	India
S3-777156817	Mr Shriniwas Engiatneeing Company	My Home Navadweepa, Shaikpet, Vayu 510, తెలంగాణ, NULL	India
S3-354225412	Ramnad  Needs	No 305, Rajgruhi Business Hub, S.no 62, Nr Go Pune, City Pune, Pune, MH	India
S3-968086586	Waukee  Coastal Tree		US
S3-444838084	Prevmte Urban Care Limited	14/4 Cart Track Road Maduvinkarai Velachery, Chennai, TN	India
S3-386169197	Anderson-Bright-Inc		US
