source1_entity_id	matched_entity_ids
S1-508858	S3-974198234
S1-170278	S2-546229769,S3-910802058,S3-486006855
S1-287768	S2-434102795,S2-432552461,S3-211318233
S1-343195	S2-427741933,S3-250059802,S3-974853621
S1-542980	S2-589470747,S2-197202706,S3-306732642,S3-534132350
S1-102538	S2-485178893,S3-478422609
S1-577773	S2-437251690,S2-427499303,S3-773491687,S3-418777411
S1-518527	S2-772341961,S3-573847509
S1-130063	S2-265257498,S2-449421701,S2-596181215,S3-289880299
S1-647607	S2-608018497,S3-366873477,S3-109587701
S1-784930	S2-223201546,S3-732819436
S1-448021	S2-811361279,S2-601745528,S2-382993692,S3-320300133
S1-129238	S2-812266616,S2-816733028,S3-876930201,S3-584000861
S1-748552	S2-594111220,S3-931294991,S3-425056945
S1-186492	S2-632700363,S3-836608644,S3-673995061,S3-550646777
S1-679516	S2-245153344,S3-480303574,S3-877535730
S1-654664	S2-934619035,S2-734247878
S1-538331	S2-900495724,S2-263644012,S2-450235942,S3-77747059,S3-112541728
S1-734004	S2-897006943,S3-506816280,S3-837190759
S1-193096	S2-827665191,S2-317392539,S3-723385642
S1-489376	S2-934459144,S2-411224403,S3-805367182
S1-162120	S3-55838720,S3-178530781
S1-554715	S2-18266587,S2-162661398,S3-340632578
S1-140124	S2-184841018,S2-578809120,S2-180473716,S2-217371522,S3-546253309
S1-489769	S2-294000096,S3-519003632,S3-82843301,S3-192192605
S1-481011	S2-87407365,S2-453607290,S3-831509407,S3-158577829,S3-311610229,S3-394978858
S1-728141	
S1-403699	S2-604195818,S2-831348309,S2-250416902,S3-317229228,S3-244597607
S1-540578	
S1-137155	S2-820833570,S3-661388544,S3-431927217,S3-276899683
S1-839914	S2-953975320,S3-935864278
S1-684523	S2-461320223,S3-226040389
S1-332529	S2-501410120,S2-129663398
S1-173288	S2-765335750,S3-372258757,S3-886002988,S3-342361718,S3-246963026,S3-181136322
S1-511944	S2-955572599,S2-33882051,S2-891512073,S2-701023502,S2-225537805,S3-658870174,S3-467134207
S1-165401	
S1-473414	S2-618337014,S2-538092827,S3-658896866,S3-829202268
S1-459549	S3-440640504
S1-647099	S2-803165762,S2-759311243,S3-685625525,S3-685603661
S1-459151	S2-838940265,S3-316249241
S1-771175	S2-408638050,S2-411224388,S2-508782118,S2-91481365,S3-96531584,S3-384492697,S3-71721183
S1-446770	S2-606218721,S2-625890365,S3-389781993,S3-468363991
S1-190856	S2-720354754,S2-911938564,S2-833178330,S2-604487704,S3-492929998,S3-60577739,S3-441148415,S3-403754510
S1-524771	S2-607385459,S3-194191800,S3-418234831,S3-990957207,S3-917261407
S1-573200	S2-997004549,S2-548909875,S2-234233576,S2-931632576,S3-718573722,S3-583111446,S3-463397288
S1-556282	
S1-457683	S2-462237841,S2-658189880,S2-982780099,S3-795093500,S3-837276310
S1-398616	S2-859531722,S3-413451072,S3-689581380,S3-213745079
S1-818535	S2-552359,S2-637074492,S2-783506446,S3-299754637,S3-752597078,S3-907241717,S3-522723818
S1-627919	S2-189972258,S2-639138805,S3-52431113
S1-704871	S2-420160556,S2-191224095,S2-868763682,S2-806160046,S3-386633503
S1-704862	S2-592142920,S2-196115157,S3-337916302,S3-79368093
S1-123601	S2-947216821,S2-513891720,S2-43108356,S3-952242152,S3-372233002
S1-163732	S2-886320978,S3-890049210
S1-335961	S2-212221583,S2-949916949,S3-409205745,S3-917114221
S1-801989	S2-301588468,S2-372621,S2-828099603
S1-158036	S2-979557805,S2-351345163,S2-999989470,S3-529521128,S3-541046438,S3-650280126
S1-747561	S2-112635193,S2-100386130,S3-30483470,S3-835809348
S1-87099	S2-179674865,S3-385111567,S3-813188471,S3-668158263
S1-154036	S2-200623538,S2-873484164,S3-981194094
S1-593953	S2-428463404,S2-283031326,S3-104139775
S1-699259	S2-917433061,S2-190316143,S3-610268197,S3-668567994,S3-246991814,S3-917441952
S1-51149	S2-273051225,S3-472544269,S3-513006158,S3-58123622
S1-680934	S2-266789519,S3-599253556,S3-7635446
S1-390397	S2-27286557,S3-103384952,S3-471739124
S1-107371	S2-496308162,S2-550847883,S2-426064546,S3-970927902
S1-720158	S2-135952247,S2-269340618,S3-364154782,S3-296572191,S3-797560560
S1-555062	S2-517795547,S3-496137046,S3-49906438
S1-309019	S2-414232639,S2-135830931,S3-778107854
S1-795300	S2-527855784,S2-795958628,S2-806369367
S1-498958	S2-551368824,S3-935085435,S3-897185614,S3-882553901
S1-67975	S2-170796070,S3-913782327
S1-524136	S2-208526323,S3-49681982,S3-165958758
S1-303170	
S1-135889	S2-699140529,S2-28400859,S3-431986866,S3-764606558,S3-97776947
S1-64143	S2-981236973,S2-191134780,S3-138071742,S3-955643526,S3-345558820
S1-75231	
S1-169980	S2-582549506,S2-316915803,S2-330160281,S3-153131216,S3-152804540,S3-175310592,S3-613344735
S1-565971	S2-733865471,S3-812107907,S3-809190277,S3-634399613
S1-433175	S3-868372392,S3-120649313,S3-506787199
S1-385599	S2-639213648,S2-570541357,S2-185673721,S3-640259167
S1-718419	S2-445978084,S2-867329523,S2-970028706,S3-291321200
S1-209223	S3-931399320,S3-100049287,S3-852335143
S1-566341	S2-811865134,S3-518633865,S3-33520021
S1-218523	S2-724368574,S2-321405279,S3-980148244
S1-238154	S2-784673815,S2-504435189,S2-221676246,S3-202296498,S3-700849366
S1-688100	S2-259933883,S2-64309916,S3-824406795
S1-164750	S2-833262412,S2-346548429,S3-471893822
S1-104360	S2-573042527,S3-216245236,S3-430163427
S1-824709	S2-112246404,S2-383741218,S2-92000015
S1-508414	S2-381916119,S3-877920351,S3-964060661
S1-719352	S2-724964335,S3-291750310,S3-441624385
S1-255036	S3-456876590,S3-147925620
S1-831223	S2-865089279,S2-751602916,S3-86621300,S3-827473298,S3-790457985
S1-754922	S2-276221883,S3-654472500,S3-332131944
S1-371926	S3-504359114,S3-366122891,S3-191847521
S1-423663	S2-354549162,S2-305968688,S2-810428812,S3-737339042
S1-148273	S3-393795641
S1-745224	S2-536695003,S3-892644326,S3-678539569,S3-25848910,S3-396714884,S3-643495415
S1-540833	S2-547683283,S3-33952109,S3-833093247,S3-659558338,S3-520082517
S1-23728	S2-337632833,S3-92993305,S3-799837328,S3-915608649
S1-247259	S2-154866899,S2-749389763,S3-632827178,S3-470694595
S1-772753	S2-957959770,S3-713867847,S3-289065535
S1-721781	S2-587735795,S2-961241135,S2-835666830,S3-120711571,S3-93954648
S1-114862	S2-99610226,S2-674378992,S2-183936277,S3-63698081
S1-11354	S2-397386782,S2-421221313,S3-910145537,S3-483025586,S3-916790694
S1-570740	S2-874786844
S1-682262	S2-802865559,S2-517365366,S3-174593369,S3-949142555
S1-416486	S2-650967307,S2-267366343,S3-984764314
S1-398707	S3-633484393,S3-94026561
S1-455594	S2-296710380
S1-30786	S2-526230943,S2-547012719,S2-657998229,S2-990572429,S3-135440099
S1-244549	S2-682332963,S2-95719214,S3-94870682
S1-229547	S2-352510843
S1-691057	S2-326306730,S3-603363911,S3-917224333,S3-832756382
S1-92085	S2-225253305,S3-463050368
S1-264330	S2-642640492,S2-312346772,S2-42647420,S3-482132364,S3-365900893,S3-729382026,S3-618610174
S1-491572	S2-571660200,S2-733103728,S2-729653194
S1-247020	S2-215875682,S2-188169355,S3-371149768
S1-420347	S2-331910503,S3-364166059
S1-359048	S3-693267261,S3-397568837
S1-713407	S2-478369698,S3-675010546,S3-507189265
S1-581700	S3-572160489
S1-403992	S2-840246068,S2-461367190,S2-795615161
S1-162886	S3-162770843
S1-554109	S2-388551913,S3-454684938,S3-7064337
S1-269192	S3-575501613,S3-281210978
S1-221645	S2-105447674,S2-630472203,S3-433226111,S3-388339842
S1-571807	S2-618312551,S2-846624750,S3-252502021,S3-541278851,S3-899867715
S1-596316	S2-762204401,S2-154569200,S3-284424966,S3-517589231
S1-332802	S3-943365982,S3-74426979,S3-466873322
S1-705743	S3-798656428,S3-585573732,S3-37172851,S3-705461141
S1-565880	S2-702922668,S2-426825375,S3-396670942
S1-538109	S2-872607279,S3-631959875,S3-233107034
S1-837687	S2-164546188,S2-379548583,S3-45701173,S3-286493082,S3-969800343,S3-26739130
S1-597527	S2-101974555,S2-841524098,S2-948817988,S3-418841584
S1-470766	S2-457810357,S3-505460847
S1-290998	S2-952468464,S2-627361897,S3-427780179
S1-785088	S2-590422212,S2-153771787,S3-863280339
S1-126881	S2-102195620,S2-453503936,S3-386735313,S3-995232041
S1-164205	S2-952277173,S3-768478393
S1-527711	S2-513986670,S2-715755382,S3-951878143,S3-872615760
S1-164661	S2-603404792,S2-6314578,S3-669744381
S1-324854	S2-543365020,S2-984667826,S2-945592133,S2-806860855,S3-507365470
S1-329001	S2-312185990,S2-447069285,S3-238887286
S1-557064	S2-582622292,S2-154636456,S3-859697351
S1-225156	S2-988228913,S2-226459299,S2-626722369,S3-855267710,S3-350143131
S1-539110	S2-665127462,S2-759325994,S2-84869795,S3-75824725
S1-217229	S2-66282693,S2-227677734,S2-569489531,S3-108368622
S1-706078	S2-589641959,S2-185020620,S3-597877169,S3-571794152
S1-142000	S2-612193947,S2-66233778,S3-837808361
S1-263986	S2-799388262,S2-488702733,S3-384598410
S1-384183	S2-274470649,S2-219340409,S2-856221239,S3-145540953
S1-795301	S2-520497469
S1-595774	S3-444306121
S1-54806	S2-850700647,S2-478584337,S3-795126056,S3-703771118,S3-724125672,S3-626260435
S1-686218	S2-652771111,S2-786198728
S1-669099	S2-228767111,S3-622971371
S1-635491	S2-86668208,S2-63779372,S2-122527108,S2-982895642,S3-298023748,S3-364019675,S3-134388222
S1-692219	S2-649105001,S3-759584178,S3-420292692,S3-18044366
S1-833952	S2-635504829,S2-812867346,S2-825753063,S3-925183014
S1-701878	S2-653630985,S2-339116789,S3-246538966
S1-373233	S2-388814641,S2-528627240,S3-39461496,S3-102900003,S3-86122178,S3-461301152,S3-615967433
S1-306226	S2-486891363,S2-994115219,S3-323998963,S3-826408488
S1-126389	S2-484046420,S3-462337828
S1-372737	S2-210468006,S2-728703247,S3-6473734
S1-312484	S2-345377605,S3-362288202
S1-438217	S2-474617212,S3-873383879
S1-152868	S2-261721991,S3-470470509
S1-319952	S2-366927064,S2-485607095,S2-637190706,S3-301080002
S1-603541	
S1-821587	S2-539008510
S1-280909	S2-191013925,S2-614019071,S3-785802186
S1-73414	S2-925163124,S2-366814706,S3-846622360,S3-765612017,S3-839092631
S1-726104	S2-271166709,S2-447528804,S2-763487374,S3-978105561
S1-569558	S2-667866120,S3-790315684,S3-410113084,S3-544542753
S1-62823	S2-134735629,S2-746656453,S3-112050911,S3-533871123,S3-996421970
S1-534136	S2-526482510,S2-637038667
S1-607933	S2-819353268,S2-617683070,S2-380270150,S3-428710265
S1-362946	S2-224245955,S2-250503008,S2-490003792,S3-68039942,S3-728475141
S1-440469	S2-538322311,S2-964200038,S3-727470928
S1-616992	S2-459757128,S2-845208371
S1-847862	S2-385076650,S2-501434286,S3-140511624,S3-330716238,S3-824973284
S1-805464	S2-502268839,S3-957023281,S3-46264907,S3-617233172
S1-175552	S2-844423015,S2-755474037,S3-524775035,S3-732576217
S1-586905	S2-986984341,S2-558604473,S2-527498666,S2-530610986,S3-163164774
S1-79037	S2-573482152,S2-41072706,S2-674148319,S2-490285477,S3-89208611,S3-960271534
S1-756562	S2-673832666,S2-760808825,S3-495087941,S3-390807602,S3-122206101,S3-90996919,S3-940277884
S1-483169	S2-788197653,S3-450792224,S3-78477674,S3-879960765,S3-264708666
S1-89979	
S1-659	S2-481821949,S3-195394165
S1-492038	S2-11061569,S2-863052305,S3-656207473
S1-284927	S3-680976392
S1-119838	S2-509224099,S3-144910600
S1-709766	S3-940381838,S3-849969241
S1-296001	S2-955664134,S3-694302501
S1-44775	S3-952143947,S3-875333614
S1-231096	S3-170413901,S3-742480168
S1-676480	S2-598394326,S3-770611474,S3-207223817
S1-439822	S2-535958856,S3-560356522,S3-539081973
S1-509825	S2-329422569,S3-816403804,S3-820459432,S3-141232954,S3-778205188,S3-806084155
S1-278379	
S1-407616	S2-615808122,S3-267034459,S3-739379411,S3-885031877
S1-188620	S2-769821420,S2-240785354,S2-870049158,S3-312636450
S1-365443	S3-805447303
S1-425225	S2-350823905,S2-844302212,S2-760146352,S2-891165615,S3-505089242,S3-105218917,S3-885183071
S1-429426	S2-851685631,S3-498418404,S3-536016101,S3-440911555
S1-326391	S2-121981175,S2-226354778,S3-292494068,S3-27754725
S1-690870	S2-817403472,S2-131176620,S2-993441881,S3-54933837,S3-410676317
S1-844822	S2-316751133,S2-461365629,S3-949743540,S3-152495560
S1-626314	S2-906478919,S2-270317526,S2-885133863,S2-444136513,S3-734929886,S3-166421893,S3-128150569
S1-349630	S2-142287591,S2-94435453,S2-457924031,S2-371775305,S3-426415205,S3-182267620
S1-707046	S2-735943045,S3-287883883
S1-768285	S2-873284849,S3-523420473,S3-624317544,S3-486299804
S1-677469	S2-881805646,S3-228366576
S1-167659	S2-248125426,S3-31441751,S3-851641947,S3-198654650
S1-47049	S2-438810429,S2-86884777,S3-870447883,S3-497868522,S3-256965633,S3-283845643
S1-572260	S2-536394981,S3-39674836
S1-138651	S2-241204934,S2-234350952,S3-613125869,S3-11663396
S1-392219	
S1-229193	S2-324636430,S3-283597759,S3-102924734
S1-460045	S2-777619062
S1-690758	S2-434398791,S2-473064866,S3-439530986,S3-827448249
S1-435127	S2-740337210,S2-793946500,S2-854800005,S3-580990099,S3-338781570
S1-499755	S2-697537868,S2-336893190,S3-663960749,S3-582872000
S1-415189	S2-548583344,S2-870425238,S3-661723582,S3-532971501
S1-62585	S2-942901173,S3-240359989,S3-782041286,S3-550017241
S1-485816	S3-404215203,S3-956965883,S3-470462794
S1-4393	S2-228664430,S3-757048092,S3-863823341
S1-653191	S2-882447049,S2-750686102
S1-728260	S2-75453797,S2-654907315,S3-113588394,S3-880555960,S3-589914457
S1-384165	S2-549793700,S3-553154693,S3-495841668,S3-518055411
S1-275839	S2-264881272,S2-547141334,S3-317838423,S3-569318147
S1-762498	S2-450505794,S2-561795028,S3-860805398,S3-579884624
S1-503837	S3-57015378
S1-183369	S2-61181154,S3-988371030
S1-424521	S2-166242778,S3-465317390
S1-736549	S2-728623003,S2-177214853,S3-195549307,S3-902512793
S1-182522	S2-52502198,S2-782792597,S3-465958428,S3-385338555,S3-802395277,S3-779263313
S1-324193	S2-726526223,S2-426533301,S2-958443496,S3-225006453,S3-758423874,S3-888034464
S1-263315	S2-600943956,S3-222837317,S3-87319313
S1-788724	S2-330162368,S2-801226617,S3-328842218
S1-717612	S2-55886258,S3-295089109
S1-275444	S2-513869180,S3-623734003,S3-475041585
S1-678936	S2-975242870,S3-178087562
S1-353747	S2-442167622,S2-981638844,S2-575293554,S3-308613863,S3-42555203
S1-68955	S2-470547224,S2-838161700,S3-41762890,S3-708761759,S3-623654808,S3-922227311
S1-224269	S2-347095184,S2-166617062,S3-264272079,S3-14852778
S1-571824	S2-937805560,S2-322537723,S3-278025982
S1-169600	S2-693131093,S3-922309888,S3-213871350,S3-949759266,S3-407456813
S1-52964	S2-511645614,S3-663899786,S3-907277416,S3-268430096,S3-394727745
S1-758685	S2-261120462,S2-123229271,S3-274075925,S3-153983151,S3-243163403
S1-180703	S2-462776451,S2-229877468,S3-582497115
S1-6350	S2-394172910,S3-796876088
S1-25768	S2-512810352,S2-915770822,S2-548241145,S3-64298246
S1-70893	
S1-728305	S2-903544187,S3-414003589,S3-172440331,S3-937128545
S1-687022	S2-864233135,S3-867108130,S3-819352383
S1-744629	S2-162904817,S3-393842518,S3-960138231,S3-20028494
S1-17112	S2-183123482,S2-779259312
S1-444998	S2-877560513,S3-916516564
S1-787578	S2-684373813,S3-811192042,S3-441731270,S3-962293266
S1-517297	S2-9676728,S2-775237357,S2-529368771,S2-479147737,S3-444871381,S3-791452890,S3-666111142,S3-17423406,S3-398633490,S3-739896795
S1-804645	S2-781405922,S2-718693422,S2-541538647,S2-943364098,S2-5557119,S3-508719367,S3-27405512,S3-256048013
S1-137382	S2-529820969,S3-957212670,S3-90167584
S1-820213	
S1-180150	S2-653766572,S3-467639339,S3-229339376
S1-635778	S2-813774031,S2-334005027,S2-127133461,S3-81975936,S3-289630769,S3-651986043
S1-348642	S2-370586306,S2-432547036,S2-98885862,S3-535892913,S3-947861527
S1-824670	S3-86602711
S1-212817	S2-342143505,S3-410982399,S3-466669814
S1-659281	S2-184493322,S2-858019556,S3-634702829,S3-174226915,S3-902551939
S1-533704	S2-520768201,S2-914630773,S3-875338924
S1-378829	S2-744214796,S2-968757095,S3-830259913,S3-25496086
S1-198802	S2-571984756,S3-279123343,S3-785419195,S3-675017775
S1-302681	S2-255681419,S3-509788687
S1-223128	S2-280869643,S3-61015940
S1-342704	S2-919103608,S2-106209939,S2-85459684,S3-911393722,S3-625447876,S3-211393765,S3-25279280
S1-801773	S2-466856925,S2-498910630,S2-253122361,S3-713204969
S1-154396	S2-931340812,S2-283106480,S3-43454444,S3-695984133,S3-672068003,S3-970504943
S1-151517	S2-258334175,S2-241171129,S3-382408198,S3-56522381,S3-792583911
S1-28440	S2-763227373,S2-51403947,S3-518619824
S1-5735	
S1-338435	S2-340309159,S3-320305174
S1-14025	S2-558656376,S2-465945500,S3-649496909
S1-397794	S2-652885317,S2-304885260,S3-774615721
S1-180436	S2-255121870,S2-384159592,S3-852056291,S3-810848981
S1-443588	S2-292198411
S1-427691	S2-224602786,S2-269976955,S3-313796512
S1-325201	S2-569908268,S3-172170703,S3-516992061,S3-141403398
S1-24996	S2-320579601,S3-387745228
S1-661596	S2-283330430,S3-982328232,S3-220505150
S1-802322	S2-573234956,S3-211128879,S3-629321366
S1-845054	S2-924371925,S3-843054243,S3-805383386
S1-521649	S2-525991347,S2-843356637,S3-78584432
S1-737365	
S1-580843	
S1-812395	
S1-321762	S2-100927920,S3-689178145,S3-682446759,S3-683703857
S1-9918	S2-49125304,S2-945264763,S3-303620212,S3-622392293
S1-456999	S2-674629858,S2-606686248,S3-846734945,S3-909575380
S1-202919	S2-920715079,S3-787176079,S3-658635479
S1-301925	S2-640095714,S2-852983793,S3-654879626,S3-158784596,S3-569979796
S1-736104	S2-759344860,S2-71269737,S3-993804114,S3-803344994
S1-350242	S2-222050197,S2-335825355,S3-800750874
S1-494487	S3-311989993,S3-339099496,S3-38119310
S1-540339	S2-289259272,S2-777526863
S1-806629	S2-704433052,S2-282181474,S3-826647562,S3-72336610,S3-707489709
S1-428955	S2-955262898,S3-278831804
S1-713580	S2-739684567
S1-851826	S2-441501707,S2-551051371,S2-91033870,S3-351022910,S3-856082209,S3-695127191
S1-243517	S2-320910015,S3-5323214,S3-163504248
S1-644574	S2-816093838,S2-527157139,S3-972350060
S1-586542	S3-63479858
S1-453841	S2-832828550,S2-604161535,S3-610991943,S3-937091033
S1-771773	S2-529591081,S2-505462056,S2-977565602,S2-562502393,S3-582326979
S1-792954	S2-637066811,S2-868013339,S3-520063520,S3-416728787,S3-532347765,S3-724151564
S1-611235	S2-800448593,S3-588007522,S3-924078801,S3-852703926
S1-365944	S2-341560616,S2-816965007,S2-920740149,S3-896978788
S1-821071	S2-352187473,S2-725402610,S3-817847943,S3-820198926,S3-867893014
S1-173985	S2-187526789,S3-307372281,S3-537138852,S3-296745681
S1-113513	S2-975894457,S2-422583067,S2-84456769,S3-841056694,S3-421279192,S3-17133697
S1-332716	S2-224273002,S2-203448113,S2-569634032,S2-102466649,S3-154333572,S3-991341658
S1-179558	S2-588263080,S2-459626775
S1-288941	S2-576187867,S2-807510112,S2-953224503,S2-368565140,S3-7828839,S3-506061460
S1-427581	S3-167471498,S3-45499911,S3-902224145
S1-808029	S3-626213505,S3-605021793
S1-618063	S2-276982831,S3-944881849,S3-198186754,S3-492371301,S3-103449967
S1-645022	S2-458161103,S3-266637317
S1-385156	S2-607585088,S3-569574019
S1-605631	S2-86707907,S3-647497496,S3-846606114
S1-820547	S2-3896112,S3-535364572,S3-696618100
S1-50475	S2-92072379,S2-40336277,S2-579901632,S3-564550656,S3-168024805,S3-404626035
S1-211420	S2-502028788,S2-420213211,S2-194834220,S3-277297101
S1-487665	S2-963781969,S2-674907286,S2-711431023,S3-728330093,S3-442587389
S1-125752	S2-620877283,S2-493866261,S2-152776850
S1-410564	S2-908668476,S3-559850468,S3-366243981,S3-533021913
S1-358751	S2-262869780,S2-963480470,S3-223690396
S1-679483	S2-917733874,S3-988587013
S1-805329	S2-399805006,S3-709869795,S3-984676419,S3-550025226,S3-719998487,S3-810298429
S1-64834	S2-820626521,S3-544625682,S3-601485717,S3-839140021,S3-852200096
S1-168317	S2-373438122,S2-89397664,S3-238464521
S1-624222	S2-351134666,S2-221911413,S2-807082296,S2-851126781,S2-356788615,S3-696817077,S3-317653435
S1-419914	S2-248494384,S3-979971750,S3-713030241
S1-58990	S2-69577755,S2-565536529,S2-28355395,S2-885545239,S3-616191864,S3-602595429,S3-116690829
S1-759964	S2-437829461,S3-651846262
S1-537408	S2-464991000,S2-748119975,S3-564951206
S1-793496	S2-445371657,S3-944971338
S1-104651	S2-526356058,S3-770828666,S3-251517636,S3-928684968
S1-496153	S2-123023802,S2-733450357,S2-61712065,S3-164760150,S3-421609809,S3-544431500,S3-310335948,S3-238986468
S1-829207	S2-448993252,S2-770365472,S3-839613169
S1-597041	S2-354486174,S3-195115822,S3-742110136,S3-969807362
S1-824073	S2-111023168,S2-952615167
S1-681888	S2-206458011,S3-824095205,S3-695793408,S3-952386215
S1-321826	S2-59337245,S2-924706666,S2-981355185,S3-764340799,S3-191396379
S1-740664	S2-516657615,S3-600499464,S3-749588737,S3-148318744,S3-479701130
S1-354211	S2-782766007,S2-715509316,S3-503996838
S1-66139	S2-474229608,S3-431733175,S3-963933639,S3-370264748
S1-601021	S2-558169021,S2-830770944,S2-874729586,S3-349476044
S1-338235	
S1-148311	S2-15920582,S3-22636573,S3-2400586,S3-832942448,S3-903420471
S1-427050	S2-193249217,S2-263347980,S3-407845635,S3-91039033,S3-40391515
S1-227189	S2-904157272,S2-393367188,S3-30024371,S3-240400926,S3-144852221
S1-381144	S2-613972862,S2-385124141,S2-865863299,S3-248082795,S3-265337473
S1-369576	S2-726007406,S2-399996968,S2-590553365,S3-836864423,S3-913428042
S1-543729	S2-235970808,S2-214300192,S2-341489678,S3-609864259,S3-618810232
S1-377947	S2-353218559,S2-965624965,S3-958319122
S1-790713	S2-417484658,S3-819828576
S1-132414	S2-552489447,S2-164135420
S1-375391	S3-833619011
S1-662681	S2-838700849,S3-886631598
S1-705119	S2-402291835
S1-815321	S2-718946211,S2-581762909,S3-424157471
S1-824921	S3-320024169,S3-21872362,S3-968501457
S1-211353	
S1-99821	S2-598212988,S2-571543715,S2-327669411,S3-692815971,S3-589999431
S1-63460	S2-933628652,S3-290722948,S3-819363512
S1-245805	S2-886771796,S2-818343006,S3-57668982
S1-671554	S2-738149252,S2-185549861,S3-997269991
S1-350628	S2-51798606,S3-886998731
S1-4359	S2-331627583
S1-779754	S2-353430462,S2-926357977,S3-28254676,S3-234099613,S3-652848750
S1-359975	S3-55782701,S3-676669112,S3-585390685
S1-297182	S2-409472362,S2-454038716,S2-969543444,S3-589504310,S3-460676379
S1-118998	S2-279808487,S2-105950999,S3-623533271,S3-167065936
S1-1782	S2-422747242,S2-484472533,S2-863153050,S3-95946178,S3-12418255
S1-69761	S2-974867366,S2-392724580,S2-763543730,S2-847515220,S2-740195506,S3-672497183
S1-744602	S2-719399540,S2-682860590
S1-185850	S2-504046284,S2-626895885,S3-324886672,S3-134712385
S1-192890	S2-384267207,S2-787412283,S2-188980566,S3-389269126,S3-922017806
S1-458988	S2-49523411,S2-146134545,S2-332553931,S3-733065979
S1-226521	S2-316443668,S3-932447857,S3-888721819
S1-59249	S2-191570850,S2-198453718,S3-428307904
S1-381973	S2-946878255,S2-435935123,S2-124175565,S3-566688739
S1-192584	S2-64125985,S2-884061556,S2-119528351,S3-444589820,S3-449062495,S3-193736871,S3-424403252
S1-540291	S2-503046332,S3-632024725,S3-625303534,S3-214573179
S1-378696	S2-200025453,S2-858059606,S2-365311413,S3-118174367,S3-273542246,S3-700642748
S1-223763	S2-341739792,S2-850936848,S2-798859952,S3-168023832,S3-964226847,S3-805979732
S1-434702	S3-466991652,S3-216848633
S1-167846	S2-331641018,S2-551449051,S2-905593021,S3-958987661
S1-29053	S2-89679392,S2-813181863,S3-876561213,S3-949996866,S3-172558764,S3-720088174
S1-539575	S2-943403166,S3-305343381,S3-569833417
S1-100536	S2-625653301,S2-638805782,S2-704015836,S3-653167812
S1-589846	S2-247593927
S1-570847	S2-123787803,S3-994217872,S3-348196328,S3-322357186
S1-272199	S2-131687097,S2-932472441,S2-845934353,S3-859310035
S1-803473	S2-496211953
S1-448373	S2-446892818,S3-809396023
S1-442709	S2-849404435,S2-685479663,S3-204308416
S1-686092	S2-192808216,S3-698530765
S1-799744	S2-242947136,S2-699173277,S3-33817619,S3-176871011,S3-811432734
S1-422592	S2-977890881
S1-293083	S2-833430085,S2-584518958,S3-774228443,S3-184700399,S3-13827445
S1-818594	S2-520434814,S2-182930283,S3-567287812
S1-562146	
S1-433504	S2-69974214,S2-673607603,S2-951298601,S2-61707548,S3-530614272
S1-645495	
S1-20923	S2-870245478,S3-293200880,S3-799268823
S1-136656	S2-114249473,S2-828664614,S3-781215697,S3-14208625
S1-180611	S2-323187800,S2-600793051,S2-931138490,S3-601465324
S1-271535	S2-129442427,S2-973899871,S3-91253511,S3-407338806
S1-618061	
S1-617521	S2-813679276,S2-967972826,S3-362838575,S3-64054853,S3-434331913
S1-649146	S2-37726424,S2-368294431,S2-73074175,S3-103044938,S3-610135729
S1-13711	S2-828138551,S2-194155516,S2-212746790,S3-483217334
S1-61899	S2-388465034,S3-431640172,S3-784161080
S1-736222	S2-877314646
S1-409583	S2-505043454,S3-790789078,S3-376421133,S3-339085497
S1-731408	S2-449344666,S3-172746739,S3-196678440
S1-4605	S2-991830047,S3-687647678
S1-775732	S2-571249599,S3-643576621
S1-91546	
S1-732314	S2-398792137,S3-172929919,S3-754479724
S1-114660	S2-682791881,S2-273378271,S2-680458473,S3-822664353,S3-57748735,S3-157247128,S3-627970721
S1-560379	S2-9539209,S2-882861000,S3-414562488,S3-931464040,S3-776616057
S1-349817	S2-294202215,S3-381739592,S3-273204669
S1-788092	S2-257874432,S3-321227904,S3-268625643,S3-457690302,S3-874709852,S3-266781110
S1-708379	S2-175154196,S2-518551658
S1-549396	S2-257997316,S3-61967311,S3-453056378
S1-675737	S2-380691483,S3-767200095,S3-854215531
S1-604149	S2-987817912,S2-657694486,S3-675185167
S1-319957	
S1-655578	S2-199335125,S3-321769302,S3-762414541,S3-879883283,S3-491763142
S1-546134	
S1-100365	S2-244046139,S2-299363211,S2-226226348,S3-939504233,S3-82666604
S1-517416	S3-918514740,S3-285920076,S3-110284595
S1-178209	S2-916800271,S2-342184208,S2-106200383,S3-647510356
S1-74402	S2-543564898,S3-354431033,S3-655591334
S1-834059	S2-98760798,S3-930509052
S1-749170	S2-897111492,S3-24523681,S3-826729901,S3-174341963,S3-733719327
S1-417134	S2-215354482,S2-296443997,S2-934028071,S2-461777337,S3-630175934,S3-806739018,S3-873714464
S1-100573	S2-449266547,S2-832199305,S2-939950998,S2-914433834,S3-742700648,S3-727518487
S1-846569	S2-464764219,S3-284678975
S1-764154	S2-27039973,S2-23866819,S2-966574111,S3-437660015
S1-845196	S2-641286511,S2-955337183,S2-654752237,S3-825504804,S3-813866157
S1-93358	S2-904774445,S2-764597392,S3-519401140
S1-631313	S2-819007148,S2-929188518,S3-737630563,S3-315043541,S3-860744138
S1-511599	S3-309548754,S3-741978008,S3-49642365
S1-122108	S2-252623383,S2-376402200,S3-753051576
S1-141110	S2-687231385,S3-512279754,S3-33676961
S1-51431	S2-79241316,S2-885439160,S3-506526359
S1-737063	S2-215578985,S2-978759967,S3-772581009,S3-871970326,S3-198362862,S3-848521410
S1-178648	S2-132067916,S3-376394554
S1-192568	S2-357917292,S2-630459526,S2-716450846,S3-874673801
S1-497271	S2-736526836,S2-417655614,S2-971520268,S2-647237439,S3-317107946,S3-426701773
S1-223848	
S1-760753	S2-561470396,S3-910678811
S1-541146	S2-724127095,S2-122846537,S2-555378172,S3-379091136,S3-472393190
S1-709401	
S1-589983	S2-840087989,S2-887576114,S2-296997607,S3-483476966,S3-503965967
S1-418158	S2-802745901,S3-746305496
S1-641327	S2-42610149,S3-532006364,S3-212238425
S1-473769	S2-247419719,S3-135962153
S1-580440	S2-597460262,S2-976151143,S2-34788846,S3-105794724,S3-412504336,S3-942584959,S3-886371635
S1-800556	S2-930118046,S2-355596050,S2-153894116
S1-49752	S2-677422666,S3-763578545,S3-623834060
S1-639865	S2-721281121,S3-581326117
S1-693318	S3-235771547,S3-142161259
S1-643709	S2-686274315,S3-96303671,S3-992485477
S1-734392	S2-93595021,S2-207550239,S3-308992796
S1-728680	S2-408590371,S3-59764500,S3-657268176,S3-477260986
S1-819548	S2-855223622,S2-64751594,S3-785994885
S1-109310	S2-787294833,S2-154649606,S2-631938323,S3-337065297,S3-629564897,S3-446733956
S1-699479	S2-960847272,S2-199718552,S2-974266491,S3-499720911
S1-482585	S2-277862119,S2-952119914,S3-257192252,S3-376269422
S1-564459	S2-370196298,S2-874095207,S2-937887804,S3-387305231,S3-717404502
S1-713715	S2-400354074,S2-223002793,S3-872702292,S3-64209662,S3-177151956
S1-526981	S2-259305100,S3-807474844,S3-977616189,S3-366023876,S3-733601937
S1-620693	S3-379552902,S3-705209707,S3-46365081
S1-793208	S2-465894918,S2-53422442,S3-423100044,S3-828519277
S1-420349	S2-42336345,S2-304918839,S2-482219287,S3-280553324,S3-963468688
S1-191502	S3-791805853,S3-144704370,S3-472808991
S1-525456	S2-11711695,S2-714774291,S2-421386540,S2-895957967,S3-930469983
S1-613621	S2-694378414,S2-796549576,S3-985793903,S3-118751385,S3-988822806,S3-74402974
S1-789599	S3-945305598
S1-743521	S2-804873613,S2-291387714,S2-560856155,S3-408921780
S1-199553	S2-442833809,S2-697555823,S3-197509429
S1-223216	S2-218235089,S2-409473588,S3-374838478,S3-161167201,S3-873638343,S3-306546934
S1-747180	S2-114014837,S2-603611498,S2-750552159,S3-506216104,S3-394110905
S1-517523	S2-325851179,S2-780811301,S2-730935617,S2-129813084,S3-151244633
S1-66095	S2-330198942,S3-912503482,S3-949805782
S1-655986	S2-633085294,S3-273121102,S3-940992531,S3-389654242,S3-65177827,S3-229129878
S1-246615	S2-45918375,S3-217672270,S3-971515579
S1-451390	S2-163753337,S2-88980853,S2-20166481,S2-622299403,S3-456092809
S1-419190	S2-316245546,S3-763492167
S1-355559	S2-663115645,S2-866891038,S3-482648627,S3-20817201
S1-145518	S2-337580652,S2-268484080,S2-139562823,S3-89899551,S3-541089145,S3-458093408
S1-343106	S2-363773225,S2-905392157,S3-853207761
S1-97739	S2-725443845,S3-257700516,S3-157330226,S3-304271060
S1-469959	S2-137401464,S2-199380437,S3-34385016,S3-599940610,S3-112456784,S3-376567897,S3-48631401
S1-510922	S2-709888734,S3-741909947
S1-79246	
S1-317561	S2-352257606,S2-631055834,S3-534761694
S1-283229	S3-233440408
S1-469845	S2-150840867,S3-536288274
S1-671102	S3-87820442
S1-155830	S2-218404391,S3-362238225,S3-385508989
S1-710216	
S1-71277	S2-633369554,S3-407740400
S1-805024	S3-827501240
S1-521391	S2-907095335,S3-91450850
S1-55914	S2-517728913,S2-526260530,S3-476659478
S1-632492	S2-9318620,S3-606508437
S1-266696	S3-996511340,S3-697098832
S1-841062	S2-660652080,S3-62607878,S3-86970372
S1-596842	S2-707774688,S3-312118214
S1-506454	S2-743473918,S2-340760926,S3-971391803,S3-426774798,S3-508861192,S3-678695223,S3-319814128
S1-770941	S2-998046709,S2-672668700,S2-584277673,S3-635412308
S1-16773	S3-227790080,S3-444174889,S3-526473899
S1-86007	S2-330672436,S3-890862186
S1-536869	S2-820936270,S3-122343847,S3-883568030
S1-692246	S2-144009352,S2-56733597,S2-17522849,S2-410680200,S3-572162034
S1-431440	S2-138468584,S2-321835036,S3-63539626
S1-329870	S2-941822630,S3-565858635
S1-217840	S2-159681487,S2-747704604,S3-592755367,S3-554756477
S1-354532	S2-589842998,S3-697194672,S3-678941816
S1-210355	S2-455579763,S3-701603421,S3-980905192,S3-511895171
S1-543599	S2-721459636,S2-574486666,S2-762327364,S2-600559092,S3-1312165,S3-182946879,S3-714688836
S1-620972	S2-510186900,S3-273722805,S3-656972049
S1-540018	S2-671840935,S3-832786802,S3-750937335
S1-332343	S2-22861690,S2-294436168,S2-245342212,S3-691199134
S1-819106	S2-465082590,S2-556131485,S3-319958293,S3-953958431
S1-798496	S2-492955787,S3-595193132
S1-621716	
S1-320073	S2-873724312,S2-829659893,S2-642597399,S2-505696022,S3-216972368,S3-330925333,S3-930141259
S1-5662	S2-660417403,S3-153333892,S3-408928459
S1-59892	S2-344178381,S2-570961199,S2-158900012,S3-440128432,S3-222542796
S1-499041	S2-843589929,S2-85774241,S2-372544693
S1-670152	S2-112262963,S2-587157131,S3-625756626
S1-829734	
S1-222404	S2-196562245,S2-292351455,S3-20857877,S3-383344603
S1-119180	S2-368217593,S2-589649708,S2-904304244,S3-779687814,S3-970292498
S1-3662	S2-165495361,S2-396278397,S2-10064010,S3-589781932,S3-542526154
S1-544168	S2-160387117,S3-191655347
S1-837622	S2-559602560,S2-430562630,S2-559238116,S3-314817486,S3-583269764
S1-751174	S2-439801672,S3-144074429
S1-271174	S2-392218159
S1-438198	S2-678148709,S2-276090731,S2-176827526,S2-68607243,S2-763331998
S1-11838	S2-466626841,S2-605629186,S2-692495509,S2-101185208,S3-840776611
S1-305913	S2-412011067,S2-83526754,S2-530072101,S2-872294910,S3-440841631,S3-574307025
S1-305765	S2-474850930,S3-542219140,S3-563148078
S1-537752	S2-301667710,S2-555271326,S2-222598907,S2-444266089,S3-923880843,S3-133596442
S1-659117	S2-508068815,S2-403268189,S3-432729792,S3-974720360
S1-181900	S2-628625648,S2-420306149,S3-392598672,S3-851532554
S1-472621	S2-387882327,S2-255048168,S3-735806687,S3-749819182
S1-831169	S2-161189825,S2-354715644
S1-508023	S2-813787529,S3-248278840
S1-449541	S2-261807930,S2-754567362,S2-706006440,S3-317831616,S3-974234543,S3-969464150
S1-110139	S2-848886479,S2-604637183,S2-220453185,S3-548240536,S3-234681499,S3-241404328
S1-517367	S2-477506129,S2-855705675,S3-972857066,S3-887643373,S3-441567844
S1-239426	S2-390238278,S2-776967468,S2-951241347,S3-832673902,S3-179546586,S3-761904791,S3-347290785
S1-15714	S2-736846009
S1-424075	S2-935650271,S3-755464291
S1-679718	S2-254196604,S3-326712036,S3-393297643
S1-256504	S2-531169280,S3-444207024,S3-329148204,S3-419801705,S3-769104802
S1-615563	S2-911909870,S3-211005362
S1-127052	S2-121496592,S3-359310653,S3-332151425
S1-539780	S2-717047414,S2-780403813,S3-201616069,S3-125392924,S3-938066391
S1-508945	S2-845981766,S2-157761896,S3-599407880
S1-693766	S2-498710228,S3-315226391,S3-60362179,S3-356438188,S3-855288246
S1-253386	S2-202839804
S1-253345	S2-393610813,S3-777804164
S1-98852	S2-659175772,S3-486319653
S1-179897	S2-401440085,S2-620813061,S3-692302665
S1-787856	
S1-13628	S2-415628936,S2-877014066,S3-507953662,S3-785056174
S1-292561	S2-531628643,S3-592590835,S3-940980399,S3-953745550
S1-222004	S2-545573983,S3-306043176,S3-355927821,S3-527708835,S3-679470774,S3-762366140
S1-471476	S2-949756174,S2-680678598,S2-431313444,S2-221814672,S3-379717913,S3-604403749
S1-707766	S2-472629654,S2-48944560,S3-636108101
S1-839266	S2-984372658,S2-847004861,S2-147771568,S3-722852106
S1-140897	S2-288254082,S2-508040127,S3-279679796,S3-419799044,S3-809583527
S1-64485	S2-401093257,S3-509921217,S3-573726378
S1-782266	S2-306629212,S2-161911271,S2-159284400,S2-640420807,S3-131476520,S3-180656092,S3-496666453
S1-140354	S2-218498621,S2-550654626,S3-26682437,S3-512041643,S3-260564299
S1-590662	S2-117791533,S2-257434181,S2-636372089,S3-390998421,S3-457554882,S3-160358071
S1-786843	S2-73805198,S2-387843410,S2-662351283,S2-113817310,S3-453747831
S1-42261	S2-924377148,S3-946968249
S1-448345	S2-443861659,S3-614070947
S1-794206	S2-317103349,S2-151543769,S2-795865693,S2-666245279,S3-898467812,S3-254778588
S1-547229	S2-982726814,S3-957868994,S3-647806686
S1-158081	S2-468951221,S2-455790271,S2-919984897,S3-151381205,S3-789146251
S1-30359	S3-167478928
S1-175554	S2-693658233,S2-914587590,S3-346446318
S1-62475	S2-863997595,S3-100458413,S3-547550218
S1-89875	S2-319520583,S2-338633204,S3-551024031,S3-983129743,S3-552520550
S1-548197	S2-532946452,S3-715026588
S1-263130	S2-625662599,S2-503866049,S2-853323522,S2-52446969,S3-103094195
S1-397748	S2-104329975,S2-655744016
S1-827102	S2-136617158,S2-788026831,S2-975941006,S3-322292222,S3-252732299
S1-205117	S2-867363384,S2-821423575,S2-198165453,S3-332782252,S3-510529657,S3-75411748
S1-183948	S3-683062589,S3-7894164,S3-852885679
S1-656161	S3-523831756,S3-467863253,S3-395045347
S1-307716	S2-8299927,S3-750204466
S1-299395	S2-252501803,S2-33215286,S3-210358853,S3-335953486
S1-733224	S2-347376949,S2-935208960,S3-335379299
S1-252219	S2-368985296,S2-340015022,S3-764958460
S1-392006	S2-260589780,S3-684110331,S3-991962267,S3-635915760
S1-271155	S2-143355003,S2-751156622,S3-971804908,S3-10270918
S1-703924	S2-415471554,S2-229505227
S1-857122	S2-242022617,S3-38444583
S1-412853	S2-212593508,S2-815832016,S3-257393208
S1-823181	S2-542945733,S2-60374127,S2-323259534,S3-524321984,S3-24254766,S3-828183612,S3-527041083
S1-814377	S2-409771712,S2-396981184,S3-533265920,S3-586616478
S1-110151	S2-524612939,S2-37095284,S3-124675013,S3-189344256,S3-346254510,S3-908653315
S1-816120	S2-753613542,S2-312687273,S2-607970635,S3-279934239,S3-493899617
S1-848742	S2-411695434
S1-236735	S2-299719398,S3-68087810,S3-674111197,S3-741884691
S1-630944	S2-353520933,S2-336770728,S2-875024462,S3-3066769,S3-117880395
S1-338389	S2-910009370,S2-627979048,S3-175883654
S1-83643	S2-699176034,S3-585321644,S3-443234749,S3-133767641
S1-682811	S2-69204110,S2-361582767,S2-661697886,S2-560712727,S3-862772811
S1-15891	S2-243224560,S2-605023846,S3-6917310
S1-141534	S2-748134428,S2-973813875,S2-614789567,S3-746826204
S1-725905	S2-700091033,S3-986247301,S3-985996117,S3-684012718
S1-23767	S3-494495420,S3-42480437
S1-815696	S2-916362365,S3-218547454
S1-389971	S2-92214662,S2-977080269,S2-75790274,S3-904297715,S3-758617201
S1-852683	S2-757006931,S2-252065393,S3-87043882,S3-254507064,S3-218365050
S1-690499	S2-853722551,S3-366647473,S3-936795486
S1-61428	S3-230145894,S3-651348694,S3-610056159
S1-167567	S2-70233240,S2-505525562,S3-556837323
S1-376236	S2-674018422,S3-973262937
S1-690074	S2-647167470,S3-684898387
S1-205597	S2-408481275,S2-100258986,S3-171286501
S1-159694	S2-6824716,S2-488709414,S3-689387798
S1-120656	S2-781292348,S2-353139721,S2-690691446,S3-206357703,S3-721765972,S3-659301629
S1-425590	S2-972201652,S2-372826391,S3-783693831,S3-296526425
S1-362174	S2-513179890,S3-297875365,S3-495809237
S1-612329	S2-332079149,S3-460446640
S1-696643	S2-188055165,S3-179724745,S3-749608034
S1-787680	S2-372448483,S2-751798344,S3-313287456
S1-314970	S2-11633216,S3-769834686
S1-67892	S2-589926166,S2-742390649,S3-885197496,S3-641245175,S3-697353437
S1-145035	S2-93202529,S3-196709260,S3-426100633
S1-375880	S2-308215883,S2-597989605,S3-408320708,S3-271899538
S1-647623	S2-657179363,S3-472193272,S3-949719883,S3-314556495,S3-196337016
S1-768392	S2-466599060,S2-714360705,S2-891913975,S3-922194593,S3-682845384,S3-649992630
S1-574927	S2-464629173,S3-60521874,S3-262756063
S1-266267	S2-947646473,S3-343019469,S3-407163549
S1-391551	S2-633069855,S2-916903765,S3-955355840,S3-426049511
S1-307887	S2-777351415,S2-203931362,S2-376893215
S1-228310	S2-738813886,S3-266538211
S1-660372	
S1-696440	S2-710977280,S2-33612099,S3-732691198,S3-775985701,S3-771446523
S1-324530	S2-711707155,S2-106630457,S2-393643037,S3-171556065
S1-686115	S2-660231381,S2-477815137,S2-178283646
S1-548748	S2-553850100,S2-39667284,S2-876949820,S2-488103928,S3-76689120,S3-960911330,S3-917832314,S3-950064500
S1-626781	S2-530341832,S2-154360565,S3-272950523,S3-960826426,S3-969620467
S1-578300	S2-529290614,S2-828853264,S3-548548461
S1-708552	S2-164046987,S3-32037113
S1-209127	S2-203665795,S2-172820044,S2-198879908,S3-853279331,S3-828335124
S1-579092	S3-489463197
S1-417551	
S1-555183	S2-624936711,S2-367951428,S3-661732918
S1-275482	S2-317533978,S2-904479335,S2-608324010,S3-951444540,S3-863619432
S1-417265	S2-731881547,S2-61607271,S2-131354656
S1-258437	S2-194199673,S2-680254626,S2-675548499,S2-679984918,S3-332018941,S3-897593872
S1-584974	S2-831461122,S3-151203533
S1-332082	S2-627480733,S3-72983805,S3-509929962
S1-427006	S3-345680060
S1-778704	S2-927240058,S2-675005611,S3-486816682,S3-302541710
S1-664868	S2-145778454,S2-712452932,S3-163748568
S1-243856	S2-100394172,S3-129058633,S3-121344356
S1-25928	S2-36192143,S3-736991596,S3-171001744
S1-153492	S2-339657772,S2-249300274,S2-962907240
S1-226428	S2-822594802,S2-483655484,S2-891064814,S3-444486821
S1-54451	S2-660825999,S2-506169198,S3-886460824
S1-683372	S2-248366467,S2-901008311,S3-275979095
S1-92158	S2-694742334,S3-940250097
S1-536037	S2-178049117,S2-112682278,S3-208519575,S3-346925027
S1-435045	S2-872324204,S3-524564819,S3-600970907,S3-579947931
S1-662922	S2-120393953,S3-148536048,S3-963342745
S1-30633	S2-268836076,S2-109182532,S3-602928711,S3-120987215
S1-494875	S2-631219785,S3-518582265,S3-208576559,S3-971991054
S1-786342	S2-172175171,S2-234917925,S2-258707405,S3-915033700,S3-469642227
S1-487797	S2-938155019,S3-352319768,S3-489610201
S1-775247	S2-518929114,S2-643920226,S2-828625475,S3-93808768
S1-677843	S2-961332745,S3-981951400,S3-166583352
S1-313819	S3-145569591
S1-706465	S2-137706917,S3-808359870,S3-478704319
S1-11276	S2-13631734,S2-410436751,S3-926041511
S1-58072	S2-938054680,S2-82065799,S2-252580331,S3-683678280
S1-624049	S2-298435300,S2-106196776,S3-933028991,S3-939022449,S3-708660655
S1-75906	S2-30619505,S2-795257700,S2-105696683,S2-587003575,S2-487776610,S3-526973561
S1-571694	S2-126301426,S2-510514431,S2-5502463,S3-975979168,S3-283644506
S1-8847	S2-785352055,S3-774002445
S1-41868	S2-622765648,S2-534386081,S2-654828668,S3-679100970,S3-234705722,S3-973362125
S1-83652	S2-885854654,S2-643043836,S2-359287273,S3-988285137,S3-190446567,S3-865988879
S1-659960	S3-683948958,S3-273852749
S1-675432	S2-966174766,S3-128154112,S3-581522780
S1-597819	S2-470492844,S2-150542274,S3-956258075,S3-25325231
S1-91179	S2-522988595,S3-412061586,S3-221226929
S1-135851	S2-24819580,S2-140130216,S3-158104417,S3-586657367,S3-324676067
S1-476677	S2-616760625,S3-910325636,S3-587057594,S3-610803874
S1-809087	S2-241434643,S2-37058022,S2-186071321,S2-622836210,S3-960766090,S3-678518534,S3-351298689
S1-719906	S2-607027164,S3-668957932
S1-793911	S2-626189049,S3-693945483
S1-108613	S2-490838221,S3-737938436,S3-413614321,S3-24838718,S3-285585072
S1-226346	S2-454714477,S3-116473980
S1-569971	S2-987764162,S2-929405375,S2-279313905,S3-673598252,S3-826242425,S3-564787728,S3-759789173,S3-650329083
S1-794724	S2-10222231,S3-888283712
S1-776747	S2-908919367,S2-592936796,S3-295702287,S3-10291741
S1-344277	S2-144034905,S2-739959327,S3-763892703,S3-677160753
S1-406042	S2-539520626,S3-155967363,S3-230576982,S3-216422218
S1-605443	S2-561910740,S2-576872256,S3-171323866,S3-236244916
S1-330809	S2-671545420,S2-430081394,S3-649338462
S1-289093	S2-167664240,S2-514700542,S2-366955000,S2-153689591
S1-233845	S2-913540103,S2-312944689,S2-165245978,S3-412688343,S3-354328551,S3-799356079,S3-739060283
S1-693332	S2-121638450,S2-774780302,S2-670063619,S2-371421033,S2-588566055
S1-328186	S2-268995665,S2-751389924,S2-851345761,S3-910823808,S3-143833513
S1-686240	S2-988950962,S2-230848682,S2-495312860,S3-687447988
S1-829494	S2-553326614,S2-865838165,S3-326449197,S3-448262324
S1-409860	S3-841112294
S1-106620	S2-817333765,S2-980025745,S3-23622549,S3-760415999
S1-164481	S2-546472943,S2-647876048,S2-539658685,S3-960315745,S3-250727693,S3-545480657
S1-29101	S2-781155828,S2-306226582,S2-986430689,S3-184065003
S1-78841	S2-332022397,S2-658649377,S2-495423204,S2-253510343,S2-543800383,S3-311459832,S3-210820394,S3-251410018
S1-206345	S2-186628463,S2-355619247,S3-599430948,S3-772801239,S3-126435491,S3-288000638
S1-445761	S2-900986318,S2-580613047,S2-288582844,S3-88549498,S3-976867235
S1-671269	S2-775492404,S3-328744389,S3-735552622,S3-767386046
S1-723983	S2-856805473,S2-469453290,S2-749438507,S3-708891756
S1-722415	S2-721728300,S2-629956412,S3-389713299,S3-294603744,S3-362690849
S1-370234	S2-66130029,S2-96665330,S3-319344148
S1-834349	S2-934874276,S2-793441720,S3-133635468,S3-597522050,S3-238406122
S1-235413	S2-301404294,S2-127499257,S2-720973728,S3-46973670,S3-567577451,S3-373858387
S1-716534	
S1-57128	S3-58293163
S1-289667	S2-909807217,S2-936767323,S2-771286514,S3-896278413,S3-127006992,S3-589845981
S1-644265	S2-742619571,S3-73659321,S3-824371948,S3-531133903,S3-958641233
S1-166598	S2-360780127,S3-394013718,S3-17983299,S3-980637116
S1-496474	S2-514299450
S1-780488	S2-372915630,S2-662240955,S2-362118085,S3-369130251,S3-622713289
S1-784983	S2-770698192,S2-890085221,S3-145380638,S3-972072428,S3-77883295
S1-649304	S2-358052758,S3-645020882,S3-508368393,S3-788509665,S3-236336113
S1-432374	S2-623587670,S2-546708391,S3-4024374,S3-649008066,S3-471419271,S3-390733736
S1-65100	S3-631828452,S3-340306056
S1-771920	S2-637734161,S3-562576151
S1-809267	S2-101199934,S2-191687150,S3-160614698,S3-474273840,S3-904115890
S1-848190	S2-947970055,S3-475863253
S1-461792	S2-94789998,S3-82631755,S3-967333286
S1-422571	S2-404760443,S2-255020382,S3-283828526,S3-693683452,S3-288177185
S1-379365	S2-495603041,S3-640313714
S1-88189	S2-348294317,S3-999036893,S3-803404463
S1-34653	S2-529218177
S1-554861	S2-597476930,S2-713399985,S2-850413068,S3-694624561,S3-271137868,S3-433221583
S1-164696	S2-294547377,S3-311845617,S3-897125469,S3-135552632,S3-459034437,S3-311735495
S1-187859	S2-881446381,S2-431539664,S2-192762606,S2-648751785,S2-876790947,S3-641268166,S3-702584287
S1-213984	S3-870362575,S3-235330011
S1-645318	S2-510746750,S2-13742746,S3-333349207,S3-176413884
S1-68554	S2-664274446,S3-519538881,S3-43811450
S1-543560	S2-273895602,S2-809928623,S3-180207162,S3-389675953
S1-144746	
S1-150648	S2-864666277,S2-37754897,S3-431355154,S3-193501096,S3-385906439
S1-404475	S2-464085187,S3-357597866,S3-717523149,S3-682753418
S1-807366	S3-928931768
S1-172914	S2-997236342,S3-646036886
S1-660258	S2-809221588,S2-201714778,S3-103033913,S3-941727824
S1-778551	S2-669051735,S2-242063845,S3-911931043
S1-38127	S3-302922929,S3-238030885
S1-839161	S2-532428851
S1-21068	S2-80376761,S2-655318221,S3-782433252,S3-133944659,S3-802765361
S1-351059	S2-660786725,S2-504080271,S3-690132382,S3-784734823,S3-289901362
S1-716985	S2-794636844,S3-192672805,S3-812001999,S3-524793867
S1-790735	
S1-708080	S2-472131241,S2-311652987,S3-266605228,S3-719111981
S1-36638	S2-91817208,S3-584234433,S3-205207709
S1-57813	S2-995655151,S2-892506426,S3-226767489
S1-562212	S2-825336613,S2-498338949,S3-275612595
S1-50466	S2-262444075,S2-543077747,S3-784184201,S3-740493268
S1-129880	S2-360162031,S3-433672298
S1-581273	S2-153909682,S3-385289530
S1-634808	S2-426280864,S2-240423768,S2-869560963,S2-485535145,S3-481473024,S3-627575795
S1-352252	S2-564135735,S2-677986178,S3-12431286
S1-627867	S2-593313640,S2-227437438,S3-343250345,S3-686480323
S1-113109	S2-103765036,S3-809675076,S3-693995117,S3-864413304
S1-750724	S2-286846499,S3-814753182,S3-22324779,S3-697129939
S1-527310	S2-329116774,S2-707672302,S2-501377200,S3-877218651
S1-67348	S3-337713289,S3-758219296
S1-749391	S2-10560125,S3-472362247,S3-502668161,S3-513625640,S3-48275754
S1-274569	S2-406396745,S3-525675016,S3-454405702,S3-379006562,S3-791039214
S1-494316	S2-706371390,S2-811422187,S3-947221508
S1-309136	S2-870799453,S3-411112190
S1-209843	S2-988715556,S3-870560057
S1-212780	S3-747914234,S3-190737164
S1-126584	S2-164571738,S3-510213501,S3-115462561
S1-63803	S2-636087416,S2-771161068,S3-956899899,S3-121288169,S3-344365214,S3-325850371
S1-97582	S2-487266169,S2-830417828,S3-362392692,S3-370451176,S3-467216417
S1-341071	S2-394446451,S3-526664356,S3-351840456
S1-815515	S2-565389269,S2-350944442,S2-239906369,S3-475733847,S3-124431012,S3-618222756,S3-250169451,S3-307896987
S1-519391	S2-7906218,S3-839179050,S3-807522256
S1-317658	S2-472712589,S3-725147024,S3-42585739,S3-292244597,S3-352117888
S1-488592	S2-629319545,S2-497209668,S2-368862715,S3-617244983,S3-753227561,S3-726067753
S1-32523	S3-945029652,S3-402288622,S3-18407250
S1-331813	S2-809693875,S2-44418421
S1-483491	S2-448176097,S3-481324329
S1-636585	S2-676643724,S2-948358929,S3-465425066,S3-477304897
S1-647086	S2-705603681,S2-156787421,S3-922476805,S3-469733965
S1-742763	S2-838671530,S2-731946626,S2-273236794,S2-454454386,S3-255819694,S3-370124736
S1-205917	S2-475301812,S3-293415382,S3-177758304,S3-342307032
S1-534896	S2-679519726,S2-653680451,S3-324808432,S3-345719525
S1-572666	S2-614842145,S3-579194141,S3-689618655
S1-326423	S2-879237315,S3-434610739,S3-864726263
S1-471618	S2-490307199,S2-882767563,S3-890219988
S1-204872	S2-747761942,S2-955763760,S3-27787471
S1-43666	S2-278336987,S3-797457932,S3-596369788
S1-357515	S2-501346063,S2-480465606,S2-275485779,S3-914686235,S3-45977237,S3-307654514
S1-749297	S2-14452207,S3-157325540
S1-650254	S2-746182184,S2-897527448,S2-106683451,S3-571339979
S1-361096	S2-75299292
S1-785235	S2-374357194,S2-630317391,S2-611864840,S2-252313814,S3-670715605
S1-790138	S2-460345394,S3-362182900,S3-943779812
S1-648593	S2-632374737,S2-176054221,S2-362857289
S1-699327	S2-324992774,S3-696833906,S3-49064528,S3-982997477
S1-66591	S2-761850957,S2-786698001,S2-460423193,S3-695912587,S3-636282721,S3-308325513
S1-250341	S2-741484153,S3-602935566,S3-42372600,S3-342069414,S3-376250354
S1-282802	S2-542810062,S3-754789893
S1-443502	S2-296454635,S2-143322202,S3-138938245
S1-154758	S3-815431357,S3-402640869
S1-308112	S2-878494995,S3-462780956,S3-904932603,S3-532888858
S1-802660	S2-389005737,S3-512676090,S3-661120932,S3-299747775,S3-773262232
S1-34654	S2-64562038,S3-310934568,S3-92958165
S1-116177	S2-4050615,S2-802463380
S1-750807	S2-297982535,S3-626655344,S3-152762209
S1-608135	S2-7819799,S3-103731055
S1-262261	S2-196928184,S2-31960451,S2-376789518
S1-537047	S3-90423876,S3-643294333,S3-180840260
S1-425956	S2-905512277,S3-696596139
S1-377307	S2-125928398,S2-701601608,S2-213548953,S2-825697909,S3-282439318
S1-204512	S2-769064344
S1-290476	S2-926325989,S3-484637397,S3-313676010,S3-668934565,S3-901879207
S1-255632	S2-979146286,S3-839828159
S1-37774	S2-614901549,S2-346499969,S3-650164608,S3-63910622
S1-594290	S2-584449207,S2-207445833,S2-192755744,S3-691820083
S1-412697	S2-311038683,S3-98129482,S3-488958738
S1-212621	S2-360828034,S2-164193566,S2-928635667,S3-303377954,S3-402631700
S1-689057	S2-291764725,S2-524731465,S2-415594230,S3-37743849,S3-887913497
S1-356439	S2-39270864,S3-289849804
S1-243401	S2-702665110,S3-787749099
S1-377609	S2-656351190,S3-132159124
S1-679190	S2-443681592,S2-430110140
S1-725829	
S1-195368	S2-304946784
S1-412772	S2-442520237
S1-12175	S2-645702577,S2-463191001,S3-180861114,S3-68671419
S1-718450	S2-316682952,S3-570909643,S3-223069117,S3-998281337,S3-825760805
S1-382530	S2-964578843,S3-182415526,S3-340390117
S1-151212	S2-738208608,S2-238935198,S3-239689663
S1-465875	S3-808326278,S3-646433542,S3-687395891,S3-488874427
S1-837193	S2-896548838,S3-555286148
S1-298928	S2-159841225,S2-326582094,S3-740572303,S3-343150209,S3-429303983,S3-938860675
S1-74434	S2-34845085,S2-664303648,S2-30119802,S2-484278153,S3-460591679
S1-187427	S2-803790725,S2-205315157,S2-416750406,S3-259982957
S1-740344	S2-372872658,S2-742652561,S2-249604230,S3-187642347,S3-512820994
S1-65188	S2-52911030,S2-173808403,S2-953573805,S2-917675014,S3-485260216,S3-863651042,S3-523927278,S3-734898499
S1-515623	S2-996387861
S1-209564	S2-893579404,S3-616727895,S3-68741590
S1-1920	S2-459058222,S2-444076282,S2-432477213,S3-313670675,S3-168210259
S1-797751	S2-144647912,S2-30589572,S3-886295383,S3-92706977
S1-733851	S3-619886861
S1-358543	S2-97762565,S2-688788106,S3-313420744
S1-649849	S3-915884681
S1-113916	S2-232827371,S2-804857222,S3-144890084
S1-110941	S2-691383614,S2-495726602,S3-911403778,S3-49175340,S3-900027825
S1-726248	S2-185748145,S3-365887647,S3-387420987
S1-790487	
S1-689210	S2-626112526,S2-222858852,S3-133036565,S3-325689685,S3-197771087,S3-713969780
S1-210103	S2-796218963,S2-86499263,S3-570219067,S3-915381408,S3-925462377
S1-564523	S2-57641918,S3-972093229,S3-960478718,S3-442551585,S3-905418880
S1-511380	S2-678243496,S3-308621882,S3-922687853,S3-395329440
S1-232951	S2-104926465,S2-543403393,S2-393203446,S3-533040600,S3-132242247,S3-140086803
S1-293180	S2-509691654,S3-730533711,S3-961455434,S3-671766452
S1-816228	S2-803832468
S1-645543	S2-554471031,S3-87040314,S3-756537598
S1-122063	S2-819124119,S3-689342372,S3-617659931,S3-594009158
S1-700774	S2-192036550,S2-795142561,S3-333658046,S3-68335853
S1-299853	S2-784226750,S2-566177698,S2-240958161,S3-37974186,S3-33086475,S3-124135493,S3-78829037
S1-568870	S2-435580164,S2-379025191,S3-465882290
S1-790484	S2-457321092,S2-767497284,S3-766676715
S1-576314	S2-573505291,S3-495681054,S3-441149065
S1-446720	S2-62596592,S2-264814247,S2-316174994,S2-286319124
S1-441991	S2-845816726,S2-284159941,S3-752422725,S3-669235023,S3-792550670,S3-720669301
S1-479519	S2-633740696,S3-204364329
S1-695853	S2-552208129,S2-24545064,S2-893185580,S3-460596450,S3-840436387,S3-447397702
S1-597087	S2-515836543,S2-597824349,S2-398259045,S3-547441276
S1-320553	S2-942783580,S2-208193342,S2-890360485,S3-186364099,S3-93328823,S3-151861879
S1-763227	S2-515348089,S2-407917803,S3-551743595,S3-494303039,S3-482700756
S1-546910	S2-854037416,S3-440830911
S1-694296	S2-663972945,S3-961326118,S3-134632873,S3-260180216
S1-222518	S2-603106615,S2-915209613,S2-733254721
S1-578928	S2-756098056,S2-924695420,S3-658237917,S3-479776679
S1-855240	S2-739973853,S2-916494071,S3-849772834,S3-427768720
S1-355114	S2-728253150,S2-660335129,S2-350719702,S3-731664646
S1-543775	S2-348634386,S2-912495246
S1-352580	S2-181088449,S3-75277215,S3-318356730,S3-363467793
S1-774730	S2-733823774,S2-24358944,S2-854442674,S3-773686183
S1-801179	S2-158630664,S2-816636396,S3-433070054
S1-272971	S2-40672719,S3-679205256
S1-388812	S2-322746107,S3-81498507,S3-943300667,S3-965563743,S3-674735173
S1-353769	S2-898714130,S2-204443483,S2-797059951,S2-880179952,S3-193791238
S1-165493	S2-157604377,S2-783131948,S2-478320081,S3-107722082
S1-649171	S2-730457845,S2-35421976,S2-232814129,S3-412031978,S3-753859883
S1-105083	S2-708060142,S3-748593591
S1-29904	S2-992335611,S2-574418737,S2-407470278,S3-630067122,S3-811064927,S3-962557146
S1-379187	S2-157938954,S2-810929357,S3-123396631,S3-127382631
S1-429392	S2-347406770,S2-342320828,S3-963683035,S3-969756977,S3-226885981
S1-589111	
S1-178716	S2-70183054,S3-106483997,S3-325239123,S3-631896688
S1-539290	S2-817407507,S3-919767715,S3-339166412,S3-754229410
S1-83336	S2-522839932,S3-14401226,S3-370983891
S1-594177	S3-686347331
S1-416639	S2-888340021,S2-430251332,S3-120043786
S1-470357	S2-55348410,S3-714428622
S1-560605	S2-746272972,S3-911393746,S3-879146055
S1-396467	S3-438378175,S3-821145171,S3-519893823,S3-251016504
S1-772890	S2-242304258,S2-425096551,S3-147583118,S3-765283332
S1-527800	S2-274839569,S2-946449770,S3-928408428
S1-318459	S2-732634892,S2-352825625,S2-915688847,S3-356403887
S1-666974	S2-110926063,S3-557175810
S1-636745	S2-780783251,S2-513841224,S3-244193437,S3-579554082,S3-471678024,S3-648037264
S1-19377	S2-152946950,S3-253297742,S3-552498338,S3-527349736
S1-714535	S3-603576536,S3-669495380,S3-26638198,S3-3931370
S1-129223	S2-542276672,S2-903740385
S1-245531	S2-201542712,S3-920131959
S1-441353	S2-457314894,S3-710166156
S1-204338	S2-822650596,S3-73772266
S1-653298	S2-483010147,S2-502927688,S3-842027538,S3-864461328
S1-702492	S2-761082223,S3-6295596,S3-557282774,S3-70888912,S3-288444986
S1-74750	S2-372639331,S3-441142378,S3-369501016,S3-435408139,S3-967628743,S3-151494986
S1-668790	S2-343540990,S2-937158669,S3-404058826,S3-48153308
S1-795049	S2-502540499,S3-544209070,S3-937961900
S1-543207	S2-823682883,S2-703378794,S3-260333725,S3-386728023,S3-973720391,S3-89205425
S1-161704	S2-953495880,S3-915690755
S1-293537	S2-611411656,S3-708536977,S3-96139702
S1-575308	S2-379208572,S2-633148108,S3-712469940
S1-313078	S2-763490089,S2-938596604,S3-861877449,S3-950997257
S1-267742	S3-203116800,S3-321226651
S1-332604	S2-871710721,S3-489393926
S1-520593	S2-344819509,S2-210237222,S2-202322819,S3-621196141,S3-319577425
S1-725021	S2-688457466,S2-930760177,S3-15058449
S1-431744	S2-684438294,S3-658420844,S3-612222443
S1-475913	S3-487109510,S3-205458911
S1-572371	S2-41516103,S2-810458799,S3-253520274,S3-411485782,S3-673923888,S3-107812750
S1-608990	S2-415415178,S2-93797944,S3-152913426
S1-448163	S2-669997741,S2-22193509,S3-166437760
S1-516462	S2-974527675,S3-948575324,S3-624148058,S3-614496748
S1-187563	S2-664891594,S2-354450544,S3-802784203
S1-500958	S2-371690900,S3-397783425,S3-802726618,S3-539385858,S3-314879246
S1-740106	S2-79818505,S2-699005879,S3-662803477,S3-349399220
S1-615664	S2-921002278,S3-806147930,S3-983131788,S3-826843832,S3-727165532,S3-768036718
S1-516776	S2-318535964,S3-775523394
S1-797675	S2-444076698,S2-875468975,S2-223793696,S3-125588598,S3-676546252
S1-154587	S2-777598492,S3-179033580,S3-386267104,S3-535437891
S1-621678	S2-287091416,S2-972156981,S3-453409454,S3-496856385
S1-695993	S2-353609673,S2-686006639,S3-903997957,S3-345912866,S3-796144470,S3-368325335
S1-346687	
S1-796087	
S1-34951	S2-525843928,S2-767324235,S3-933066805,S3-778905269,S3-808107987
S1-240629	S2-48869075,S2-782636760,S2-335110580
S1-103027	S2-676147037,S2-102237328,S3-238346196
S1-315867	S2-6853623,S2-789849691,S2-793209259,S3-307418063,S3-690681624,S3-267770583
S1-79294	S2-763778733,S2-914191843,S3-597246177,S3-585077627
S1-423389	S2-510607996,S3-491072350
S1-61545	S2-53016701,S2-675189747,S3-41644262,S3-380130314,S3-851779072
S1-545038	S2-515658561,S3-492366414,S3-522359783
S1-345898	S2-426496575,S2-681186881,S3-525369573
S1-344221	S2-705317248,S2-880032912,S2-655898544,S2-159631080,S3-17291690,S3-479599265,S3-744700681
S1-7265	S2-805555068,S2-791199572,S3-118215005,S3-989517313
S1-336159	S2-162661325,S2-913467522,S2-218628539,S3-402539145
S1-288815	S2-276877051,S3-319730322
S1-827481	S2-172616952,S2-74677784,S2-858283030,S3-298493056,S3-620074362,S3-823722120
S1-684568	S2-853440372,S2-315230639,S2-309550501,S3-689782548,S3-867478772,S3-970358552
S1-715940	S2-403374049,S2-674742139,S2-259771941,S3-248317579
S1-268850	S2-392058405,S3-857132957,S3-866308545
S1-273324	S2-76597980,S2-657386537,S2-626409206,S2-912050253,S3-287722886
S1-765976	S2-92940264,S2-685233619,S2-756339829,S3-747150583,S3-682419743
S1-772039	S2-201386913,S3-513849759,S3-229690355,S3-565437621,S3-227174999,S3-323967912
S1-666609	S2-238902518,S3-547798784
S1-790448	S2-791391846,S2-751827409,S3-847042859,S3-423106240,S3-121234593
S1-34286	S2-324430566,S3-587135160,S3-184717165,S3-136798364
S1-33691	S2-260433756,S2-274212486,S2-890483622,S2-398828349
S1-380519	S2-116241143,S2-144017886,S3-706216558
S1-332050	S2-759616061,S2-729105715,S2-687189538,S3-602078846
S1-149691	
S1-321493	S2-810345878,S2-537058248
S1-637031	S2-727852723,S2-267672761,S3-347271538,S3-764136151
S1-168885	S3-182706761
S1-22109	S2-206334792,S2-346786226,S3-298138886,S3-359606866,S3-837532009,S3-594866550
S1-371076	S2-320109261,S2-956153260,S2-255879941,S3-576059848
S1-541258	
S1-151601	S3-259678592
S1-343516	S2-779791783,S3-807854536,S3-903432019,S3-591384634,S3-586829000
S1-220486	S2-709319883,S2-895786429,S3-907595255,S3-729565040
S1-284114	S2-643725921,S2-378946824,S3-22834496
S1-403565	S2-306480517,S3-67060585
S1-341983	S2-56977350,S2-842492434,S2-561092298,S3-810660343,S3-472444925
S1-794285	S2-567774095,S3-856067608,S3-566212900
S1-812032	S2-939844114,S2-576228229,S3-480504990,S3-617015025,S3-94970455,S3-842559062
S1-722614	
S1-855890	S2-985460085,S3-199845279
S1-755381	S2-198654642,S2-745060232,S3-631605196
S1-331016	S2-648962786,S2-423268655,S2-555013325,S3-927413661,S3-686728451
S1-613589	S2-583017100,S2-977114066,S3-29787799
S1-293996	S2-359121288,S2-81444801,S3-874997849,S3-534196593,S3-337554724,S3-725206009
S1-614880	S2-330077310,S2-158257669,S2-578971840,S3-98251923,S3-428283720
S1-187358	
S1-474784	S3-939014710
S1-739513	S2-678756537,S3-488105987,S3-858766728
S1-93966	S2-149035693,S2-208680051,S3-165219003,S3-98580147
S1-375967	S2-215603865,S3-110348191,S3-905954019,S3-295417704
S1-592927	S2-981492030,S3-125957636,S3-660539684
S1-442172	S2-78370376,S2-613228019,S2-215790463,S2-101629384,S3-357208552
S1-367075	S2-737893214,S3-106632997,S3-464314971
S1-831995	S2-735543203,S2-386677910,S3-701960702,S3-818440695,S3-83120312
S1-734978	S3-322008572
S1-156611	S2-474345600
S1-752854	S2-541536088,S3-488669657,S3-393326236
S1-265733	S2-682138090,S3-852361569
S1-241835	S2-217766734,S3-8161054
S1-549872	S2-683875373,S2-160456711,S3-41240191
S1-625690	S2-132251835,S2-959578168,S3-391946354
S1-81274	S2-169622964,S2-759220685,S2-818928247,S2-585378570,S3-624756587,S3-464584637,S3-915621237
S1-151801	S2-409718599,S3-614547205,S3-822342516
S1-91522	S2-798731220,S3-460075327
S1-393243	S3-508977739,S3-235307905
S1-12127	S2-123993129,S3-965132380,S3-728013525,S3-971436292,S3-123930017
S1-200581	S2-847927652,S3-13248867
S1-250777	S2-47488572,S2-835947735,S3-858412402
S1-452846	S2-504853240,S3-256821324
S1-253768	S2-845758609,S3-169109045,S3-736117255
S1-732119	S2-830692694,S2-42506922,S3-228783098,S3-845426950
S1-529587	S2-801881520,S2-718417736,S3-371632571
S1-113815	S2-121535820,S2-250531438,S3-988265617
S1-524313	S2-652214438,S2-696430454,S3-932365307,S3-729805358
S1-709679	S2-270503335,S2-270074763,S3-165908709,S3-138078812,S3-749146900,S3-98965399,S3-867223282
S1-452111	S2-458387209,S3-582789770,S3-396733762
S1-535885	S2-250495077,S2-395732225,S2-886620493,S3-350587848
S1-42818	S2-761579482,S3-457677377,S3-462578151,S3-833020895
S1-616490	S2-191509222,S2-198769291,S3-463453591
S1-791482	S2-371032405,S2-268102408,S3-787624842,S3-956637010
S1-148645	S2-438947179,S3-55916914
S1-844342	S2-356282225,S3-651646186,S3-719061346,S3-151579941
S1-848582	S3-870143913
S1-611342	S2-349648644,S3-308243208,S3-309012898,S3-711853937,S3-452293487,S3-507680473
S1-265589	S2-821917474,S2-122965451
S1-734874	S2-725726994,S2-646295996,S2-143046375,S2-435255315,S3-850344981
S1-294225	S3-164369524,S3-495800039,S3-78080905
S1-649728	S2-450306311,S2-835485129,S3-106057193
S1-720476	S2-386413446,S2-50582300,S2-831346305,S3-186237281,S3-428108250
S1-398742	S2-559009878,S2-820234462,S3-447114243,S3-883918586,S3-7137305
S1-563170	
S1-246963	
S1-710093	S2-183848226,S3-1354875,S3-984869444
S1-673478	S2-801949777,S2-658106899,S3-977003802
S1-20070	S2-995727816,S2-280977792,S2-623187281,S3-431029930,S3-531658579,S3-192314614
S1-221504	S2-134861487,S2-459080612,S2-302327967,S2-444386968,S3-623919151,S3-715081441
S1-548620	S2-200060335,S2-949269792,S2-881497520,S3-954556464
S1-271812	S2-124213568,S2-735111517,S3-426555084
S1-416753	S2-639891075,S2-465158220,S3-47450444,S3-114037499
S1-814573	S2-180909555,S2-805239189,S3-95707862
S1-217	S2-300834400,S3-601237529
S1-451680	S2-570081313
S1-343271	S2-967350220,S2-863946350,S3-512140949,S3-358107862
S1-430870	S2-824652482,S2-560376741,S2-879113178,S3-691292150,S3-687046172
S1-820656	S2-891184360,S3-791565940,S3-726182432,S3-680160872
S1-339225	S2-928207085,S3-23733955,S3-598577856,S3-555131582,S3-781834076
S1-591860	S3-73278090
S1-209906	S2-658903009,S2-478155716,S3-955832119,S3-27339105
S1-123977	S2-219252972,S2-424739403,S2-540302908,S2-109894873,S3-998791042,S3-205445511
S1-115962	S2-880140198,S2-4444684,S3-437293035,S3-28481403
S1-684243	S2-165324755,S2-39997541,S2-930321149,S3-688810813,S3-754793741,S3-594204415
S1-796056	S2-427418969,S3-383988950
S1-737800	S2-67464844,S2-877549502,S3-320644109,S3-381584605,S3-46213160,S3-971567110
S1-795376	S2-956701640,S2-646461164,S2-849295710,S3-547930271,S3-974559078,S3-305034688,S3-857339667
S1-247509	S2-976759322,S2-322346721,S3-643456681,S3-631725127
S1-88936	S2-778119153,S3-765377842,S3-959867392,S3-146453394
S1-836324	S2-24733530,S2-925990705,S2-108439685,S3-481223953
S1-111900	S2-925813979,S3-441083613
S1-19568	S3-391277153
S1-445501	S2-829360203,S3-118549506,S3-484046005
S1-709298	S2-930976842,S3-790248143
S1-140604	S2-270697411,S3-120149146,S3-245770634
S1-735956	S2-284248449,S2-688587775,S3-999118525
S1-472276	S2-674930324,S3-5079267,S3-530318687
S1-422212	S2-849590342,S3-973884802,S3-596828208,S3-867414120
S1-238329	S2-446705346,S2-948266831,S3-150232197,S3-580746501
S1-385622	S2-632081162,S3-703021044
S1-685125	S2-641602371,S2-31136076,S2-324236258,S3-963694942,S3-291045076
S1-621209	S2-634123138,S2-476999290,S3-365869994
S1-723908	S2-404431662,S3-365908674,S3-268645751,S3-656934246
S1-665390	S2-179562944,S2-959040669,S2-690969859,S3-700876626
S1-365442	S2-70532832,S3-314628920,S3-907960085
S1-99189	S2-142573014,S3-966756044,S3-179817562,S3-522892501
S1-476418	
S1-250386	S3-719869233
S1-257231	S2-908123687,S2-552886720,S3-117974587
S1-58194	S2-461702725,S2-461281895,S3-434758772
S1-95662	S2-595507179,S3-567362532,S3-640732950,S3-274271122
S1-101551	S2-54036241,S2-945041492,S2-329933167,S2-721453172,S3-140334655,S3-533486664
S1-333806	
S1-817129	S2-956911381,S3-542059758,S3-361823108
S1-106304	
S1-829926	S2-503628808,S2-574622330,S3-183894560
S1-736217	S2-890749616,S2-395915025,S3-482281517,S3-486866025
S1-598153	S2-600933791,S2-112792967,S3-666677033,S3-938622267,S3-385396486,S3-499809471,S3-405030811
S1-656449	S2-469529496,S2-72664786,S3-776770765,S3-836891329
S1-140054	S2-36105491,S2-942056560,S3-726246654,S3-113302844
S1-340234	S2-158940805,S2-415593526,S3-846634693
S1-311565	S2-207219765,S2-100547400,S3-200790486,S3-834503750
S1-765767	S2-460406578,S2-887746709,S3-904496731,S3-750358825,S3-682055565
S1-793759	S3-427488260
S1-455452	S2-356546039,S3-173261683
S1-193426	S2-432858861,S3-103730121,S3-548855526,S3-839139191
S1-578578	S2-541002348,S3-138311840
S1-176210	S2-912691831,S3-756975802,S3-911287241
S1-574000	S2-123454096,S2-312684798,S3-710640398,S3-591219244
S1-12168	S2-869675537,S3-100362414
S1-385835	S2-598435002,S2-15654943,S3-401045562,S3-827875925,S3-52659541,S3-260478224
S1-829056	S2-948920334,S2-113188909,S2-438619992,S3-241154128,S3-609803183,S3-564219263,S3-186736541
S1-594291	S2-442880910,S3-249494290,S3-799905729
S1-669294	S2-630135909,S3-322178790,S3-176186297,S3-948836884
S1-784842	S2-550178960,S2-652377362,S2-473900331,S3-341435538,S3-523166023,S3-969202093,S3-929059581
S1-89134	S2-792577886
S1-639621	S3-419381539
S1-293858	S2-279178334,S2-864638971,S2-356541821,S2-255472553,S3-581588230,S3-985806524,S3-932685057
S1-397239	S2-23666286,S3-500438381,S3-688188331,S3-320121424
S1-24790	S2-205834539,S2-209410512,S2-785628038,S2-377716116,S3-104029623,S3-623855511,S3-968645439,S3-619004435
S1-134858	
S1-423676	S2-566540340,S2-796577990,S2-167012731,S2-870067012,S3-861742375
S1-123725	S2-538764125,S2-678166396,S3-767383637,S3-508364549
S1-63128	S2-42783374,S2-312429429,S3-18182031,S3-301169173
S1-227455	S2-406117002,S3-179065900,S3-509660030
S1-847684	S2-34718662,S2-46299141,S3-464488474,S3-740984725,S3-197447044
S1-527928	S2-20314543
S1-499485	S2-120205366,S3-793703548,S3-534056719
S1-391758	S3-303659594,S3-175333685
S1-360864	S2-550743574
S1-698631	S2-436076214
S1-465167	S2-390603429,S3-135856643,S3-271634490,S3-70047003
S1-434084	S2-306269840,S2-272961387,S3-926214632,S3-9993128,S3-289448195,S3-247315988
S1-247523	S2-875097183,S3-294075224
S1-309275	S2-691670898,S3-374044014,S3-499870580
S1-819955	S2-12359957,S3-728475235
S1-234536	S2-773770557,S2-169734704,S2-814374217,S3-664530546
S1-597290	S2-694620080,S3-355376754,S3-376592782,S3-32748633,S3-167933603
S1-606336	S2-314067388
S1-213237	S2-914346007,S3-817667143,S3-841617077,S3-570750246
S1-133903	S2-151068577,S2-14665990,S3-386127888
S1-786114	S2-611812483,S2-501949351,S3-331423548,S3-673097826
S1-258326	S2-672049577,S2-355192726,S2-379515090,S3-465404305,S3-118174396
S1-59475	
S1-713747	S2-74742814,S3-400337003,S3-312982939
S1-240833	S2-939828687,S2-270336937,S3-528486549,S3-330590241
S1-820458	S2-403927449,S2-455177648,S3-249493351
S1-738783	S2-974053483,S2-582883361,S3-128208175
S1-848600	S3-20928123,S3-554456770,S3-810237023
S1-119248	S2-36659515,S2-715158297,S2-193517202,S3-558189186
S1-693089	S3-648453605,S3-479942380,S3-929747700
S1-814217	S2-604720584,S2-50829619,S3-873746405,S3-947955920
S1-826139	S2-781454282,S3-74069865,S3-430996561
S1-757717	S2-299949273,S3-376826870
S1-14317	S2-493331346
S1-146470	S2-98557792,S3-62039402,S3-512867187,S3-965477478
S1-441252	S2-767231136,S2-840045532,S3-695264629,S3-984436642,S3-995099166
S1-635841	S2-366712250,S2-337351076,S3-693972658,S3-228503479,S3-235729452
S1-407104	S2-93848894,S2-644360856,S3-455070417,S3-670559120
S1-207301	S2-710354408,S2-47547237,S2-960938810,S3-394050450
S1-535526	S2-969412178,S2-868374192
S1-791551	S2-12233257,S3-364567964,S3-254374370,S3-229528346,S3-377675536
S1-378267	S2-87390301,S2-631776207,S3-843395531
S1-314275	S3-304507004,S3-421375900
S1-315161	S2-656823995,S2-226633435,S3-184678579
S1-848254	S2-138147310,S2-744515789,S3-17840458,S3-142377956
S1-420446	S3-535701078
S1-354832	S2-869337055,S2-203465139,S3-625969539,S3-79563855,S3-210125461
S1-155438	S2-973282341,S2-213919453,S2-474576592,S3-542209724,S3-979292555
S1-605095	S2-113849048,S2-853552387,S3-251535239,S3-274549175
S1-357753	S2-654309014,S3-465846546,S3-733687689
S1-622392	S2-2721513,S2-309152982,S3-519018967
S1-444666	S2-477827001,S3-593451215
S1-305482	S2-973477915,S2-668888112,S2-530854948,S3-465073313
S1-49554	S2-5870595,S3-660761211,S3-808824686,S3-269314362,S3-47129108,S3-2697520
S1-494377	S2-64852024,S2-957501200
S1-739282	S3-996541929,S3-930410033
S1-454448	S2-817595124,S2-200523657,S2-81717701,S2-447752317,S3-358532982,S3-582118979,S3-422028871,S3-690923014
S1-584573	S2-182729276,S2-286833456,S2-733676904
S1-323815	S2-476157059,S2-820526176,S3-353825972,S3-16177859,S3-998364460
S1-463715	S2-872388081,S2-399149640,S3-589711661,S3-559395682,S3-317691862
S1-584866	S2-159886065,S2-623976664,S3-632074196,S3-906774382
S1-826455	S2-950766705,S3-270356956
S1-664165	S2-924970286,S3-89345311
S1-558477	S2-68643440,S2-945408045,S2-222438963,S3-159916962,S3-210468671,S3-320889442
S1-193303	S2-763753041,S3-668776760
S1-154664	S2-160418047,S2-977510970,S3-432190506,S3-275148706
S1-818599	S2-514252560,S3-121298123,S3-631310340,S3-124822342,S3-519586596
S1-333801	S2-43971182,S2-947425772,S3-40685491,S3-949189711
S1-600240	S2-287521785,S3-540812356,S3-837531690
S1-175018	
S1-491265	S2-996169496,S2-481987164,S2-495217550,S3-655448625,S3-145733550,S3-795304960
S1-651605	S2-110272024,S2-616156967,S3-867517963,S3-449029905
S1-347277	S2-987905906,S2-548686868,S3-517500086,S3-648161879
S1-303558	S2-976123576
S1-487430	S3-937832757,S3-749945207,S3-923770990,S3-87327581
S1-575993	S2-89204143,S2-92770176,S2-579844777,S3-478603714,S3-782624172
S1-400166	S2-861080873,S2-882270945,S3-322487171,S3-126019289
S1-575521	S2-971055728,S2-199407747,S2-357301402,S2-595795308,S3-337363020
S1-711321	S2-950872119,S3-771639227,S3-484830259,S3-59199252,S3-168398877
S1-798220	S2-992234551,S2-416337622,S2-398106056,S2-914672696,S3-728699482
S1-709911	S2-618207614,S2-77983787,S3-317787534,S3-851071507
S1-709265	S2-819668674,S2-925631489,S3-901793857,S3-527430933,S3-439253594
S1-124852	S2-461220888,S3-951984538,S3-611792909
S1-482879	S2-941557482,S2-21443429,S2-412870493
S1-827243	S2-963448111,S2-192102219
S1-415273	S2-258721905,S3-313255335
S1-572157	S2-42145766,S2-402384005,S3-356095111
S1-521058	S2-886650688
S1-387964	S2-519651120,S3-832272966,S3-106572895,S3-865571282
S1-285409	S2-911341993,S2-786397481,S2-472786489,S3-214175814,S3-692644896,S3-472287903
S1-473722	S2-954736400,S2-65595791,S2-291984783,S2-475071552,S2-104778806,S3-766252781,S3-894947902,S3-192838616
S1-593504	
S1-308286	S2-43166251,S2-724872161,S3-891601907
S1-820925	
S1-508585	S2-74183640,S2-461221924,S2-666266948,S3-854413761,S3-869987226
S1-214134	S2-210550829,S3-425763837
S1-225511	S2-319222116,S2-557918073,S2-437490370,S3-490048591
S1-342075	S2-775926134,S2-428532426,S3-277782689,S3-765086008,S3-138819682
S1-652946	S2-659762254,S2-475584230,S2-762883468
S1-134363	S2-336127935,S2-486463868,S3-517993210,S3-767329856
S1-431279	S2-877358057,S3-12403236,S3-53627100
S1-639808	S2-973928460,S2-175211348,S3-5346674
S1-778104	S2-294848078,S2-953909599,S2-813970353,S3-928280084,S3-31659974,S3-234559078,S3-682477203
S1-803872	S2-264445148,S3-66436661,S3-496831267,S3-96496494
S1-660165	S2-496775355,S2-402563125,S3-507524790,S3-650896158,S3-226817438
S1-715799	S2-388269667,S3-924010559,S3-740105949,S3-564346198
S1-568112	S2-90080980,S3-588037280,S3-661684762,S3-618212048
S1-68357	S2-258091338,S3-318666604
S1-156121	S2-452875255,S2-130577255,S2-928882091,S2-581178112,S2-900162503,S3-484494707,S3-65093766
S1-213362	S2-5672127,S2-563356789,S3-821684523
S1-15163	S2-315551870,S3-53748465,S3-221144387
S1-747175	S2-322348130,S3-77157390,S3-567976801,S3-725351233
S1-570374	S2-584275807,S3-696454887,S3-266861847
S1-499197	S2-112911070,S2-106026431,S2-928434911,S2-269548103,S3-707201605,S3-36927534,S3-725453200
S1-243756	S3-178839686
S1-394004	S2-508153210,S2-278792310,S3-506897108,S3-378065699
S1-606511	S2-975581858,S2-610257565,S2-722434033,S2-698828677,S3-347533295,S3-835695580
S1-236128	S2-972155062,S2-981212039,S3-68229312,S3-970277628,S3-499055032
S1-362520	S2-641935299,S3-416024708,S3-75956123,S3-216455007
S1-814429	S2-430756312,S3-58843345
S1-303609	S2-543797868,S3-117889337,S3-602567544,S3-438778417
S1-779562	S2-932715199,S2-164207294,S3-566675192,S3-928341969,S3-953647191
S1-432542	S2-947755043,S2-934831533,S3-722177121
S1-615660	S2-756189206,S3-448632868,S3-440875234,S3-498838897
S1-389553	S2-232248800
S1-173059	S2-719707908,S3-327666917
S1-567512	S2-762945016,S3-666272170
S1-343571	S2-722585960,S3-615485916,S3-233504032
S1-449260	
S1-125359	S2-582959799,S2-163856884,S2-328573517,S3-295023139,S3-578043294,S3-532501967
S1-491632	S2-259876550,S2-308258835,S3-337280445
S1-497918	S2-878672219,S2-768547634,S2-221011226,S2-34454173,S3-26088327,S3-658887919
S1-821499	S2-138905299,S3-217421298,S3-950576998
S1-811483	S2-700602449,S2-227991597,S3-909617053,S3-924535724
S1-729127	S2-170385378,S2-958588210,S3-811752016,S3-457074925
S1-156950	S2-12212516,S2-321634432,S2-606664117
S1-267908	S2-401537100,S3-364575858,S3-879558040
S1-266912	S2-663151080,S2-63780372,S2-271697700,S3-36141244
S1-95337	S2-188677616,S3-484258790
S1-146601	S2-809798227,S3-254285860,S3-661847754,S3-722257810,S3-389710661
S1-456126	S2-456754520,S2-756416578,S2-883371382,S3-605273647,S3-6968562
S1-450418	S2-490328597,S2-688934073,S3-634663185
S1-858553	S2-364109948,S3-790088097
S1-350966	S2-507866255,S3-687612929
S1-188830	S2-427234688,S2-954655968,S2-333679601
S1-279164	S2-558092123,S2-162707410,S2-295468115,S3-509951588
S1-158525	S3-623695833
S1-339074	S2-231210876,S2-42324877,S2-232636187,S2-375027913,S3-212582041,S3-108474442
S1-846771	
S1-672725	S2-620507217,S3-738820183,S3-76266067
S1-174798	S2-132324744,S3-298896203
S1-604206	S2-515423882,S2-803174218,S3-698817285,S3-492502419
S1-449809	S2-17758848
S1-332633	
S1-488588	S2-691496527,S2-851799176,S2-624884316,S3-159560144
S1-636784	S2-777919786,S2-27662407,S2-528541281,S2-214012602,S3-196038887
S1-381901	S3-525124078,S3-842253580
S1-545108	S2-361154909,S2-96083480
S1-45145	S2-535298770,S2-161456714,S2-464808906
S1-17977	S2-544332342,S2-927326540,S2-919212460,S3-962517495
S1-275633	S3-540428157,S3-632277029
S1-494637	S2-566410040,S2-638492353,S2-819710214,S2-684346783,S3-794054914
S1-312110	S2-506585710,S2-109006420,S3-699456897
S1-361301	S2-21042557,S3-311870926,S3-412167717,S3-515862340
S1-148931	S2-367091742,S3-391673598
S1-726876	S2-288889460,S3-803919466
S1-816244	S3-69952977,S3-863138635
S1-794576	S2-477848937,S2-65585239,S3-187479852,S3-47410138
S1-738713	S2-368791778,S2-336278071,S3-908685958,S3-383798525
S1-278839	S2-634270660,S2-437498969,S3-3032714
S1-806344	S2-421642382,S2-724082256,S2-273984133,S3-555636645
S1-229982	S3-398375654
S1-746333	S2-509606003,S2-553514512,S2-537699604,S2-539988321,S3-565548474,S3-95135682
S1-853557	S2-864148371,S3-236808293,S3-59005620,S3-152214097
S1-363788	S2-534295194,S2-928723276,S3-580250520
S1-615096	S2-204089481,S3-955986280,S3-893872873,S3-731726508
S1-389928	S2-520101605,S2-407623127,S3-993352799,S3-423612315,S3-195059012
S1-14897	S2-294242675,S2-234355590,S3-743404813,S3-180521897,S3-395357617
S1-395438	S2-127887687,S3-227470944,S3-324569006
S1-26838	S2-227750048,S2-31410876,S3-855660980,S3-379182314,S3-492101868
S1-652012	S2-653067040,S2-920587222,S3-594314561,S3-839270837,S3-930745961
S1-62156	S2-715523519,S2-583468929,S2-165016734,S3-5785009,S3-372744245,S3-499704928
S1-4232	S2-665191460,S2-898197182,S3-629201408
S1-432070	S2-549494383,S3-286258596,S3-584587312
S1-640206	
S1-848425	S2-639776186,S3-163194922,S3-696274994
S1-680990	S2-227013046,S2-631059994,S2-962321919,S2-456191949,S3-444533913,S3-330458583,S3-474680105
S1-415917	S2-267501109,S2-338452023,S2-273625715,S2-510678943,S3-149400140,S3-465428075,S3-769360135
S1-410135	S2-882983402,S3-414955484
S1-696511	S2-336857321,S2-607625336,S3-41693684,S3-784819716
S1-126670	S2-157542970,S2-638326877
S1-560110	
S1-230246	S2-400111451,S2-882212274,S3-719934480
S1-217393	S3-887762681,S3-905343629
S1-68630	S2-172836505,S2-120567280,S3-804743234
S1-512133	S2-87199947,S2-154562622,S2-455126914,S3-275978956
S1-222156	S2-502510517,S2-13956465,S3-812977358,S3-544881401,S3-674277034
S1-39780	S2-752953510,S2-255975597,S3-959917538
S1-371709	S3-235890176,S3-362413602,S3-953150753,S3-291244007
S1-430561	S2-517829444,S3-48964599
S1-610336	S3-894386038,S3-659156931
S1-187002	S2-957596405,S3-212624662,S3-600873032
S1-108175	S2-178776746,S3-187875095,S3-671454931,S3-155754421
S1-475235	S2-750781511,S2-409670816,S3-743305540,S3-848496756,S3-130953181
S1-46789	S2-480951048,S3-539757634,S3-928617252
S1-595357	S2-82337028,S3-512769521,S3-840462715
S1-117290	
S1-800010	S2-609776875,S3-169993806,S3-814925504
S1-350341	S2-606306301,S2-147260724,S3-293400151,S3-768587410
S1-583170	S2-339146648,S2-387497434,S3-49178413,S3-709011764
S1-87197	S2-744328662,S2-917603610,S2-40741854,S3-970210648
S1-576429	S2-314834135,S3-583648405,S3-251983078
S1-231069	S2-192791449,S2-902130334,S3-590770889
S1-547989	S2-514111700,S2-784016181,S3-73427298
S1-701354	S2-675698386,S2-782473634,S3-482571671,S3-135094973,S3-617998690
S1-674920	S2-559457097,S2-839361610,S2-915436853,S2-622956673,S3-447094448
S1-637292	S2-536694744,S3-241595955
S1-652154	S2-779600213,S2-664942119,S2-402952845,S3-154667557,S3-322450874,S3-369565422,S3-383201733,S3-609012140
S1-687358	S3-91163017
S1-478702	S2-962599028,S2-877167318
S1-574027	S2-787811237,S3-797615421
S1-694575	S2-992637446,S2-296653259,S2-752294481,S3-965841923,S3-288105765
S1-203738	S2-455934933,S3-15368743,S3-343152409
S1-267935	S2-965688129,S2-631599603,S3-36703710,S3-689433644
S1-203543	S2-967920312,S3-745780042,S3-153961882,S3-837425803
S1-344083	S2-721172210,S3-14120746,S3-191603085
S1-804926	S2-42287660,S3-42201476
S1-277690	S2-314729218,S3-568393967,S3-386063828
S1-243124	S2-122735587,S2-719823229,S2-856791019,S3-443978112,S3-62272952
S1-672300	S2-714997653,S2-789971956,S3-633022269,S3-161082910,S3-483825166,S3-840098198
S1-188089	S3-633638972,S3-532876941
S1-773951	S2-228569607,S3-454922644
S1-16031	S2-869642187,S2-856936511,S2-852965978,S3-247900226,S3-959751706
S1-339944	S3-322602240,S3-591171910,S3-820054971
S1-88299	S2-374307492,S3-790315750,S3-622665707,S3-888349649
S1-817545	S2-22783508,S2-927710556,S3-626372538,S3-9855564,S3-242938207
S1-708978	S2-480073632,S2-419808650,S2-241793671,S3-734593752
S1-403519	S2-899041635,S3-142361731
S1-320122	S2-558972323
S1-2243	S2-712201079,S2-226659421,S3-980730002
S1-524263	S3-983123733
S1-357059	S2-338569008,S3-377152123,S3-246965541,S3-479604980,S3-427433257
S1-66102	S2-710093478,S3-332306631
S1-218406	S2-494589187,S3-151542030
S1-814034	S2-796086711,S3-696179859,S3-686748476,S3-492419450
S1-744027	S2-682751172,S2-191876133,S3-81722168
S1-269103	S2-848252693,S2-76993953,S3-33697143,S3-732458627
S1-654434	S2-643340840,S2-525128621,S3-473232288
S1-543517	S2-196726211,S2-444101580,S3-393669639
S1-461410	S3-771045325
S1-324352	S2-728813674,S2-463448247,S2-980021291,S2-681092252,S3-451556298,S3-341411205
S1-247853	S2-532982192,S2-660155587,S2-756118514,S3-194002749,S3-341128968
S1-226077	S2-440343828,S3-745336370,S3-943340402
S1-415689	
S1-125237	S2-327994497,S2-164771405,S2-421026299,S2-418565495,S2-863438082,S3-650225464
S1-666161	S2-359326409,S2-152444873,S2-692547890,S3-217051157
S1-465288	S2-111422646,S3-469468498,S3-470692235,S3-753225075
S1-1204	S2-874413163,S3-607219972,S3-691572216
S1-780716	S2-961953066,S2-223098057,S3-511588841,S3-586444308
S1-218409	S2-278041337,S2-221980063,S2-965673826,S3-132656403,S3-68671759
S1-694092	S3-515326627,S3-49889144
S1-396351	S2-400627883,S2-836765974,S3-241155684
S1-253560	S2-658593288,S2-269648357,S3-995273501,S3-838172827
S1-44190	S2-372441673,S2-24330039,S2-955485337,S3-530392277
S1-277274	S2-628731132,S2-86676139,S2-816014198,S3-240086705
S1-65795	
S1-230994	S2-631876250,S2-984876101,S3-758515973,S3-504672297
S1-65639	S2-347921534,S2-984596841,S2-699110251,S2-923564697,S3-395967899,S3-726789786,S3-941110965
S1-574073	S3-217555130,S3-144422776
S1-417974	S2-742100146,S2-470508521,S3-677593488,S3-961727918
S1-136965	S2-962829205,S2-874161254,S2-682143979,S2-392725018,S3-681369207
S1-467279	S3-167865820,S3-594997950
S1-136899	S2-246473688,S3-861734513
S1-795834	S2-819963212,S2-952355020,S3-572793994,S3-408003248
S1-407083	S2-522984188,S3-160582387
S1-410329	S2-37334239,S2-654662125,S3-700399850,S3-450666195,S3-975298139
S1-105130	S2-266917736,S2-874385197,S2-75235775,S2-596224086,S3-761698540
S1-692232	S2-206146592
S1-825584	S2-985891148,S2-737372562,S2-348929022,S2-505616667,S3-930450974,S3-459027223
S1-819693	S2-744519899,S3-526339352,S3-712727838
S1-387073	S2-236060936
S1-712701	S2-652928263,S3-366544071,S3-703381829
S1-101599	S2-766895011,S3-165108810,S3-981553206,S3-403564953,S3-902616565,S3-856044067
S1-504730	S2-425884673,S2-269206979,S3-127308852,S3-2568786,S3-101087581
S1-635204	S2-849733323,S3-534311004
S1-580510	S2-20068125,S2-725986372,S2-847629366,S3-237414620,S3-941521682
S1-115294	S2-233666284,S3-715893190,S3-410832211
S1-281535	S2-669272025,S2-455079291,S2-601252108,S2-919133632,S3-526798601
S1-687674	
S1-438015	S2-71779719,S2-86728852,S3-636316651,S3-763260313,S3-33531636
S1-669188	S2-275639557,S3-424144288,S3-486177261,S3-743993923
S1-397010	S2-944294254,S2-829168647,S3-500450497,S3-940722907,S3-219954340,S3-991218139
S1-455559	S2-940912713,S3-15459885
S1-151778	S2-763464219,S3-915680483
S1-203715	S2-669112192,S2-583923915,S3-763548901,S3-595701303
S1-420261	S2-808365336,S3-325373040
S1-762143	S2-763775155
S1-662519	S2-717581458,S2-268913674,S3-177203469,S3-264194146
S1-605324	S2-953501916,S3-580008144,S3-819597506
S1-820515	
S1-350704	S2-363002625,S2-279268114,S3-444683236
S1-687210	S2-167390190
S1-339504	S2-565145815,S3-237376627
S1-331477	S2-491878966,S2-686733959,S3-338889063
S1-108162	S2-686894487,S3-124986168,S3-877635105
S1-46093	
S1-167819	S2-286325408,S3-130962041,S3-191272434,S3-501526047
S1-494445	S2-443673561,S3-879335608,S3-330861187
S1-529663	S2-542343242,S2-934481225,S3-139272688,S3-176234260,S3-419015308
S1-835055	S2-356584013,S3-327222814
S1-133857	S2-212218032,S2-178635623,S2-130405700,S3-864123760,S3-132753613,S3-403141675
S1-726414	S2-903122347,S3-484559884,S3-646488694,S3-848028646
S1-675043	S2-990776411,S3-378506528
S1-298122	S2-69672408,S3-74465244
S1-745129	S2-687547762,S2-572365523,S3-838595873,S3-246042850,S3-752103657
S1-727746	S3-174991772
S1-588570	
S1-146612	S2-427123577,S3-863041602
S1-730044	S2-122182384,S2-553366162,S3-284840045,S3-952559192
S1-261023	S2-819739088,S2-529729123,S2-874687884,S2-954341731,S3-934077626,S3-310490989
S1-175393	S2-185859522,S3-71370465
S1-414940	S2-564284838,S2-759793058,S2-150237154,S3-409692951,S3-743667975
S1-536901	S2-785595977,S3-260050767,S3-69753985,S3-163041468
S1-418986	S2-706281289,S2-457274201,S3-693263730,S3-689780626
S1-348808	S2-127133302,S3-825520628
S1-687406	S2-874636277,S2-327667703,S3-205371687,S3-820914797,S3-807649865
S1-607168	S2-357012812,S2-594011134,S2-825705934,S3-507161265,S3-959354733
S1-501883	S2-468564468,S3-951663783
S1-797102	S2-27138834,S2-636315085,S2-99959262,S3-523757165,S3-422956307,S3-473452589,S3-201164540
S1-819415	S2-897996054,S3-149621194,S3-873456085
S1-519649	S2-817705960,S3-685443784,S3-478929222
S1-831676	S2-454770907,S2-31968149,S2-385539441,S3-407059029,S3-634043030
S1-102732	S2-490560687,S2-568168921,S2-754338387,S2-569850262,S3-971628893,S3-213755762,S3-715854215,S3-934103242
S1-464142	S2-322836083,S2-490822457,S3-716220542
S1-339411	S2-606341375,S3-826366501,S3-860364754
S1-634026	S2-850649425,S3-818445503,S3-23216669,S3-656514428
S1-742003	S2-64741844,S3-717072918,S3-345620157,S3-813420762
S1-740031	S2-102018833,S3-530220727
S1-668895	S2-817828272,S3-760936930,S3-761779388
S1-724328	S3-447702932,S3-290556295
S1-727857	S2-247439183,S3-83231253
S1-839486	
S1-506566	S2-722877699,S2-776573436,S2-339455406,S3-782287433,S3-991501001
S1-386778	
S1-426305	S2-977753731,S2-762884461,S3-437098409,S3-307896
S1-469597	S2-915507230,S3-222009596,S3-217446916,S3-308511258,S3-198792583
S1-204053	S2-732108786,S2-419672661,S3-371009261,S3-170810584
S1-63106	S2-910912918,S3-930448632
S1-187200	S2-693739241,S3-57544264
S1-678418	S2-840032406,S2-975587357,S2-875366219,S2-802040904,S2-240255495,S3-859023909,S3-780039198
S1-466278	S3-940661228,S3-832303282,S3-155298138,S3-81444937
S1-200587	S2-102632310,S3-960862539
S1-347930	S2-47936585,S3-597513100
S1-557246	S2-239664775,S3-390917170
S1-98875	S2-602170506,S3-374341994,S3-673759775,S3-847020402
S1-479652	S2-590748139,S2-788373854,S3-922720498,S3-68719582,S3-308162058,S3-845197901
S1-555415	S2-745868682,S3-512663228
S1-152119	S2-793772972,S2-451983526,S2-928352092,S3-830282326,S3-529523581
S1-535249	S2-452465499,S3-284183247,S3-780026191
S1-127871	S3-119698200,S3-729449563
S1-55484	S2-864791556,S3-268145026,S3-349661331,S3-321376802
S1-313957	S2-99933793,S3-585806888,S3-50642745
S1-41416	S2-892700754,S3-603860620,S3-999192432,S3-152195695
S1-40596	S2-35847679,S3-767183116,S3-393806518
S1-428632	S2-995827088,S3-746837021
S1-514512	S2-901834469,S2-459575057,S2-834059769,S3-680778001
S1-320318	S2-682678892,S2-670526406,S2-742595428,S3-284016353,S3-76136081
S1-438012	S2-220227764,S2-579681938,S3-523992688,S3-495940172,S3-498483814
S1-4064	S2-847066248,S3-696471320
S1-108776	S2-8591711,S2-516949953,S2-916924958,S2-261234540,S2-747323540,S3-62728373
S1-100112	
S1-562701	S2-606540186,S2-812701512,S3-238524071,S3-815359200,S3-577703858,S3-999423844,S3-205735557
S1-351065	S3-367497700,S3-53722003,S3-99499193
S1-242715	S2-488635521,S3-308407956,S3-354139518,S3-306269882
S1-722182	S2-63408220,S2-891039022,S2-171448303,S2-542582433,S3-133071737,S3-934007600
S1-299699	S3-98834534
S1-127273	S2-665238862,S3-59743772,S3-140442753,S3-61831977
S1-826096	S3-133324074
S1-243555	S2-205861007,S2-692597485,S3-170988799
S1-419146	S3-403886613,S3-320669866
S1-411748	S2-234236973,S3-334889738,S3-687373801,S3-344261773,S3-522258994
S1-144865	S2-716940120,S3-455945394
S1-54923	S2-29061944,S3-517281919
S1-561283	S2-799831652,S3-911706106
S1-537079	S2-620801343
S1-414522	S2-190962467,S3-664276321
S1-807540	S2-707232041,S3-657574681,S3-317003599
S1-618157	S2-763035227,S3-629930458,S3-706502734,S3-430699564
S1-43299	S2-566393687,S3-407832673,S3-41665546
S1-66849	S2-499979920,S3-701081698,S3-70544236,S3-302073301
S1-74472	S3-252098202
S1-519841	S2-528192668,S2-35451923,S3-271520677
S1-371887	S2-770258600,S2-332948951,S2-137837469,S3-132910313,S3-881670715
S1-675976	S2-586715058,S2-932344054,S2-59807173,S3-383335745,S3-910284281
S1-578334	S3-487816558,S3-815334654,S3-985748750,S3-665997200
S1-134308	S2-619587464,S3-831245584
S1-229575	S2-61101341,S3-518669706
S1-46508	S2-503030031,S3-965682372,S3-814044565,S3-251714288,S3-630384888
S1-116142	S2-600639765,S2-237263533,S3-150025407,S3-119935623,S3-451730468
S1-169329	S2-633757275,S2-495926833,S2-325934745,S3-971745522,S3-179595335
S1-283462	S2-474244018,S2-940482199,S3-143065115,S3-887999600
S1-567579	S2-724796681,S3-373688639,S3-510913086,S3-422240761
S1-716782	S2-615622116,S3-893171698
S1-178827	S2-61315401,S2-881494171,S3-978596891
S1-486589	S2-747103411,S3-346252230
S1-660679	S2-375739817,S3-809093114
S1-750293	
S1-166776	S3-884288538,S3-451636941,S3-338833857
S1-469389	S2-505420526,S3-447314220,S3-501877916,S3-79526013,S3-114125970,S3-799820355
S1-45260	S2-891011414,S2-398529326,S2-80261102,S3-786615962
S1-125732	S3-542020045,S3-496174726
S1-661250	S2-573880458,S2-988580512,S3-313092045
S1-535473	S2-850803250,S2-352514315,S3-414453798,S3-320088565,S3-358713235,S3-102863543
S1-511560	S2-325359390,S2-591378337,S3-231709281,S3-43699831,S3-576589877
S1-608253	S2-979339028,S2-401809813,S2-470577846,S3-264088950,S3-774572899
S1-514032	S2-454151349,S2-148977771,S2-879449239,S3-927115790,S3-299523517,S3-861362827
S1-353865	S2-21691970,S2-606685437,S2-836297525,S3-506032339
S1-824733	S2-244181163,S3-103322281,S3-966070609,S3-530544703,S3-497344395
S1-717413	S2-446224465,S2-793565541,S3-645855901,S3-254448884
S1-669345	S2-149484827,S3-786647404,S3-637733281
S1-480633	S2-497152944,S2-128264837,S3-835227210
S1-286218	S2-1976690,S3-431461897,S3-190886272
S1-206821	S2-307948400,S3-950037220,S3-654966122
S1-537322	S2-429651477,S3-362777998
S1-600688	S2-42336036,S3-683425692,S3-372799717
S1-406404	S2-566756316,S2-537465748
S1-34189	S2-887975525,S3-482945533
S1-842610	S2-503995742,S2-10404144,S3-107119420,S3-652774793
S1-290963	S2-84376770,S2-831254403,S3-323996234,S3-884260235,S3-47378182
S1-372351	S2-230491775,S2-473438107
S1-689976	S2-658219857,S2-662088586,S2-504510273,S2-278808846,S3-91344154
S1-75444	S2-447631824,S2-169849066
S1-584091	S2-825237716,S3-915584375,S3-373293817,S3-293667738
S1-456049	S2-358292568,S2-569009282,S3-730338245,S3-573001520,S3-337968378,S3-838050597
S1-826132	S2-656629733,S2-431724668,S2-628877213
S1-416197	S2-827276200,S2-279876368,S2-320088743,S3-929663876,S3-12902257
S1-126311	S2-193584462,S3-975650095,S3-662137675,S3-871042286
S1-576298	
S1-158052	S2-826090436,S2-589940776,S3-266522551,S3-539021765,S3-221001602
S1-140798	S2-458857096,S2-109419039,S3-259077874
S1-24685	S2-629800486,S2-515123240,S2-861665983,S2-337699417,S3-348984754,S3-729387459,S3-148855351
S1-496947	S2-263634117,S3-741546620,S3-420877179
S1-23933	S2-71540690,S2-998990003,S2-579919202,S2-444607821
S1-476879	S2-197104352,S3-782236677,S3-481616244,S3-845044508
S1-790502	S2-423587320,S2-833778908,S2-839637767,S3-55120367,S3-905129259,S3-776909038
S1-715571	S2-691070551,S2-360179776,S2-653314910,S3-546852283
S1-89349	S2-552658598,S3-998377321,S3-697203358,S3-503648909
S1-599898	S2-950710229,S3-318910513
S1-305998	S2-289157893,S3-288172375
S1-379841	S2-838205087,S3-486695883
S1-533884	S2-291194570,S2-262966424,S3-726230054,S3-935968721,S3-522445386
S1-538436	S2-149424054,S2-578417604,S2-637167073,S3-495346535,S3-461384191,S3-107552824
S1-63715	S2-923985817,S2-916875986
S1-247687	S2-986391423,S2-192123779,S3-228556770
S1-316945	S2-867392269,S3-835922180,S3-157775172
S1-556328	S2-183715416,S2-501986849,S3-841731380,S3-358404882,S3-693991865
S1-603395	S2-171487833,S2-860426325,S2-282359133,S2-502144856,S3-747726877
S1-557577	S2-383705497,S3-471768594,S3-547815269,S3-295042495,S3-910530378
S1-449029	S2-470156778,S2-722382426,S2-162058713,S3-392869269
S1-4905	S2-548565152,S2-398513685,S3-661333056
S1-397561	S2-808861975,S2-838286538,S3-444241867,S3-289278694
S1-84841	S2-990700069,S2-446179936,S2-561284105,S3-676294725,S3-807733350
S1-117377	
S1-203840	S2-640580327,S3-414004331
S1-361125	S2-618447505,S2-840538528,S3-938081779
S1-694584	S2-939637622,S2-598709347,S2-538085737,S2-291393256,S3-746907125
S1-90030	S2-750041538,S3-309939762,S3-558808248
S1-80067	S2-402171800,S3-256313948,S3-485082269
S1-414766	
S1-255997	S2-772650040,S2-526930851,S2-842639993,S3-913857245
S1-355919	S2-94310136,S3-198285984,S3-694533987
S1-602068	S2-559650091,S2-631669478,S3-597968133
S1-643837	S2-139703895,S2-664843642,S2-917284095,S3-952961696
S1-540910	S2-653841125
S1-491743	S2-143399,S2-516923988,S3-811767383,S3-246037987
S1-420417	S2-299944312,S3-634239853,S3-329106610
S1-565944	S2-516978121,S3-617253007,S3-894833951,S3-324167147,S3-690142204
S1-91367	S2-559137233,S2-432753585,S3-862614681
S1-178470	S2-324357998,S2-155109439,S2-347052728,S3-414034778,S3-194195330,S3-686144140
S1-46005	S2-922138999,S2-428926651,S2-498141617
S1-40322	S2-574055349,S3-185298916,S3-397739308,S3-744059371,S3-190412049
S1-577072	S2-625433050,S2-375530523,S3-669103387,S3-884275563
S1-75526	S2-2198306,S3-54767540,S3-786254587,S3-314330033
S1-194695	S2-490201870,S2-933328022,S3-342340574,S3-809436784
S1-600485	S2-450128032,S3-936653111,S3-184382088,S3-354421283,S3-174245026
S1-77464	S2-140286049,S2-303056801,S3-80163070,S3-192629264,S3-402116319
S1-594254	S3-140782314
S1-75188	S2-69043570,S2-257767268,S2-965399393,S3-864189371
S1-773131	S3-357730053,S3-425582187
S1-108891	S2-436858481,S3-504790743,S3-325898721,S3-862897811
S1-137455	S2-853731032,S2-482191341,S3-321917315,S3-599697257,S3-654870263
S1-459807	S2-243990075,S2-248842624,S3-4508316,S3-793939951
S1-605717	S2-2938671,S3-34828993
S1-253261	S2-857705988,S2-10008780,S3-149921175,S3-114241742
S1-244168	
S1-17397	S2-595192648,S2-147105182,S3-103504177
S1-785034	S2-183737442,S2-157720295
S1-636586	S2-877593961,S2-482393949,S2-402558029,S3-697267619
S1-707490	S2-273607491,S3-992507251,S3-84481487,S3-135997102
S1-412439	S3-867811424,S3-929741570,S3-960108362
S1-117308	S2-808246921,S3-765514053,S3-729586618
S1-355180	S2-224607895,S2-116085054,S3-731238196,S3-979394893
S1-306033	S2-730318850,S3-25642558
S1-541649	S2-374216527,S2-431749637,S3-653477644,S3-736136667
S1-46936	S2-642407958,S2-60330896,S3-938582223,S3-189173090,S3-972983497,S3-21891803
S1-95759	S2-126891531,S2-96915065,S3-528494619,S3-755644051
S1-800772	S2-689705616,S3-15149408
S1-130140	S2-348778994,S2-624112393,S3-648869845
S1-717586	S2-751863045,S2-923586410,S2-872604994,S3-862842064,S3-253497037
S1-259060	S2-487646072,S3-682262132
S1-54316	S2-348013845,S2-899448452,S2-684605664,S3-342915282
S1-193446	S2-239250837,S2-764796699,S3-589192282,S3-656301341
S1-829333	S3-776154750
S1-136094	S2-720437981,S2-722256503,S3-933325237
S1-790408	S2-205394491,S2-419318006,S3-315764468,S3-942834324,S3-551262575
S1-371543	S2-159748356,S2-476396286,S3-791546084
S1-237445	S3-345746727
S1-252028	S3-741400190,S3-413520493,S3-473163955
S1-846648	S3-150628945,S3-906522448,S3-207725177
S1-777881	S2-563482169,S2-561651281,S3-583264509,S3-612770021
S1-389046	S2-486773076,S2-552322476,S2-512892410,S2-660952957,S3-887568381,S3-408485779
S1-140735	S2-112097985,S3-946533466,S3-904800652,S3-886427739
S1-837759	S2-776376268,S2-9388729,S2-461896044,S2-108338063,S3-30831927
S1-272894	S2-239039526,S2-495104004,S3-269359641,S3-714692260,S3-903679529,S3-212689841
S1-456409	S2-87461591,S3-296608905
S1-670096	S2-955708197,S2-815479199,S2-771871933,S3-484734876,S3-924790404,S3-954628526
S1-648132	S2-83367294,S3-792099266,S3-576623274,S3-860832929,S3-716678677
S1-169119	S2-333814563,S3-432269119,S3-392880103
S1-756977	
S1-341742	S2-818699916,S3-840043813,S3-886501497
S1-344177	
S1-536	S2-815298065,S3-817824223
S1-545720	S2-203041382,S2-457445667,S2-927279592,S3-262122549,S3-940955226,S3-201956741
S1-589389	S2-575356432,S3-820529267,S3-305635417
S1-631846	S2-28990967,S3-143758728
S1-474401	S2-332191646,S2-500497918,S2-877806285,S3-986005124
S1-679220	S2-15390753,S2-382464712,S2-191368453,S3-676759443
S1-704278	S3-863995975
S1-446102	S2-223204243,S3-636586655,S3-376965521
S1-122358	S2-728400370,S2-945888564,S2-769435680,S3-964663335,S3-773752178
S1-405201	S2-368285408,S3-456317085,S3-793734305,S3-304939292
S1-258093	S2-790682020,S2-910494382,S3-539877454,S3-102001163
S1-682126	S2-43108446,S3-306464659,S3-571374039
S1-643904	S2-160607224,S3-397929768
S1-136441	S2-340890646,S2-219817595,S2-102444872,S2-626878352,S3-735782939
S1-828297	S2-792999297,S2-157061324,S3-319939762,S3-662181866
S1-648894	S2-588333613,S2-804642281,S2-186314514,S3-902532453,S3-298310615,S3-216024641
S1-159739	S2-247592386,S2-510609224,S2-51230460,S3-840466644,S3-963072385
S1-723212	S3-845130260,S3-614602902,S3-280686667,S3-993878288
S1-836707	S2-199262459,S3-489796774
S1-382618	S2-569118630,S2-746885621,S3-465434119
S1-338957	S2-986040673,S2-475042232,S3-867667059,S3-613165282,S3-37624735
S1-731027	S2-292639332
S1-675054	S2-84411761,S3-434878749,S3-697627468,S3-311095953,S3-669368232,S3-602503305
S1-755969	
S1-98998	S2-813105442,S2-624597447,S2-654161998,S3-574213982,S3-659691142
S1-614705	
S1-230111	S2-271012611,S2-687214454,S2-157515780,S3-951338518
S1-785941	S2-214084739,S3-423133425
S1-391128	S2-722876090,S3-877257632,S3-636026264
S1-599432	S2-966588251,S3-421882226
S1-114550	S2-627718038,S2-267724109,S2-21854991,S3-605065728,S3-424094236,S3-656414431
S1-533283	S2-610257605,S3-491835199,S3-505712909
S1-567848	S2-133105525,S2-61321615,S3-621940112
S1-705082	S2-7690402,S3-533841122,S3-199040828,S3-510420455
S1-454125	S2-346464856,S2-579090072,S3-370776325
S1-846093	S2-830631228,S2-772706746
S1-86666	S2-56376082,S2-727782876
S1-587706	S3-504634666
S1-98605	S2-987383838,S2-992483521,S3-634946966,S3-696782570
S1-246100	S3-859496279,S3-508963769,S3-542102706
S1-739066	
S1-454450	S2-281857991,S3-325415600,S3-485871848,S3-822655545
S1-400938	S2-413306135,S3-603818474,S3-755018297,S3-512839555
S1-440304	S2-66238233
S1-373219	S2-369360589,S2-186246787,S2-268945180,S3-382031069,S3-351462671,S3-7300598,S3-161450226
S1-331938	S2-500412866,S2-260282951,S2-124733604,S2-183351870,S3-745935967,S3-818096883,S3-974233583
S1-274291	S2-457202642,S2-859237388,S3-418419586
S1-218196	S2-232191855,S2-631893959,S3-664938922,S3-749881414,S3-495502794,S3-211024613
S1-391594	S3-107362778
S1-298393	S2-654812801,S2-401462519,S3-368767192,S3-835255693,S3-850526634
S1-535203	S2-955366546,S2-945464052,S2-473666748,S3-228009126
S1-716438	S2-526955251,S2-452056587,S3-76403285,S3-670248197
S1-472733	S2-880868138,S2-34391641,S3-966459035,S3-787243976
S1-733128	S2-765195479,S3-16891974,S3-740503163
S1-385509	S2-824844994,S2-319052831,S3-111467203
S1-272099	S2-563369039,S3-9478841,S3-782220578,S3-605277204
S1-691845	S2-333524906,S2-121730874,S3-595519545
S1-25464	S2-121625333,S2-213421456,S2-183669385,S3-343348087,S3-214260492,S3-585473339
S1-406003	S2-59885281,S2-121538650,S3-747181240,S3-544847021
S1-715875	S2-696058103,S2-793201217
S1-580460	S3-279716111,S3-836079358,S3-7148862
S1-540199	S2-253604437,S3-811520827
S1-38683	S2-55369566,S3-211389212,S3-622997898,S3-181405653
S1-505215	S3-217975621,S3-43237371
S1-771580	S2-929346956,S3-249320984
S1-715592	S2-360656631,S2-159925731,S3-676098795,S3-204116522
S1-617633	S3-350566344
S1-30279	S2-852564579,S3-547041084,S3-937197791,S3-425415185
S1-359826	S2-703165511,S2-28074466,S3-333310355
S1-122753	S2-328907842,S3-318452943
S1-218651	S2-20347090,S2-819505633,S3-375530242,S3-225994686
S1-407207	S2-468510106,S2-434374851,S3-780278828,S3-50913968
S1-290327	S2-806004643,S2-486767425,S2-827493589,S2-529425760,S2-952695757,S3-290907610,S3-520317603,S3-434500373
S1-61676	S2-187488679,S3-461479280
S1-241543	S3-666117139,S3-569255230,S3-20160357
S1-282380	S3-627181571
S1-741261	S2-30904931,S3-420614624
S1-197612	S3-92194484,S3-786672130,S3-838746142
S1-443138	S2-421816433,S2-799786589,S3-357268228
S1-183488	S2-714154444,S2-537748901,S2-816994481,S2-298110005,S3-953449129
S1-87573	S2-723777295,S2-139330343
S1-737415	S2-112217028,S2-723125794,S3-342231338,S3-636023820,S3-305165770,S3-991144425
S1-614493	S2-796089809,S2-491029038,S3-135111190,S3-831565608
S1-378805	S2-500141081,S2-304337420,S3-135839960
S1-668068	
S1-114650	S2-718531302,S2-763628617,S3-539610070,S3-373035302,S3-979101594,S3-960306664
S1-426604	S2-542261169,S2-107724907,S2-422873630,S3-646867170,S3-985371492,S3-33047855
S1-811016	S2-90850119,S3-825133556,S3-443320866,S3-432401157
S1-805631	S2-976601603,S3-842632835,S3-660787943
S1-334648	S2-544672835,S2-38345958,S2-191139442,S2-904617690,S3-275409757,S3-256521507
S1-706256	S2-378686602,S3-902254979
S1-217863	S2-581979283,S3-317196015,S3-147123304,S3-916826831
S1-760568	S2-826243184,S2-674498358,S3-85979923,S3-608443900,S3-962100549,S3-379918294
S1-174657	S3-218448202,S3-128008293
S1-79973	S2-418737185,S3-525957386,S3-743270515,S3-208147237,S3-393882785
S1-659596	S2-772431057,S2-232260431
S1-30517	S2-582358476,S3-610071333
S1-482102	S2-547234598,S2-847349882,S2-513629032,S3-673165245,S3-872252291
S1-110720	S2-591897381,S2-798723325,S3-46366823,S3-681312205,S3-397662943
S1-47866	
S1-524298	S2-651953585,S3-115270396,S3-594662902,S3-109304124,S3-630585453
S1-605665	
S1-236946	S2-903944232,S2-795769284,S3-839082099,S3-754110326
S1-497493	S2-890036510,S2-519717087,S2-29965915,S3-868809463
S1-285559	S2-342759844,S2-489685218,S3-857864687,S3-113494716
S1-743077	S2-918708323,S3-215426397
S1-496577	S2-429398641
S1-797903	S3-905614336,S3-659212413
S1-661711	S2-385412370,S2-109245389,S3-190387240
S1-440957	S2-378620290,S2-243924143,S2-795693907,S3-517765398
S1-634517	S2-225941102,S3-808811807,S3-302655643
S1-372464	S2-364215856,S2-624902196,S3-177290247
S1-123652	S2-292299893,S2-220374022,S3-474191213
S1-669488	S2-863732044,S2-733577576,S2-539058351,S3-557493241
S1-805877	S2-431399242,S2-917737685
S1-179501	S2-733460175,S3-224482622,S3-578411137
S1-570762	S2-831013653,S3-821108693,S3-547369637,S3-727654266,S3-417378742
S1-743924	S2-37380791,S2-946195404,S3-403435894,S3-991794905
S1-310325	S2-522916725
S1-709637	S2-148575245,S3-930270409,S3-726711167,S3-919259948
S1-214970	S2-176339230,S2-49849039,S2-485807158,S3-805208944
S1-566917	S2-894252116,S3-389550651
S1-301540	S2-738854963,S2-134242692,S2-559824540,S3-231257370
S1-147493	S2-606651212,S2-119642080,S2-575255818,S2-536161595,S3-520303817
S1-621036	S2-831582802,S3-956708455,S3-145288809
S1-460551	S2-54432970,S2-20081444,S2-558199043,S3-826135075,S3-981482159
S1-360096	S2-778328539,S3-205593910,S3-773561660
S1-220722	S2-843024838,S3-362269537,S3-341309949,S3-931680491
S1-641682	S2-657038147,S3-816693966,S3-794514132,S3-836774978,S3-936836863
S1-329115	S3-651225006,S3-38953526
S1-195411	S2-222287440,S3-926834093,S3-251323353,S3-659713103
S1-4100	S2-241470320,S2-17802285,S2-724355280,S2-547873465,S3-540578233,S3-739171121,S3-10301224
S1-125703	S2-565275229,S2-547684667,S3-791029002,S3-899701613
S1-652982	S2-778088058,S2-438530437,S2-44003973,S3-740899231,S3-938487996
S1-361182	S2-79484962,S3-413833058
S1-486485	S3-613202329,S3-555310466,S3-734166770
S1-426399	S2-538934322,S2-617790864,S3-592534206,S3-2784101
S1-751913	S2-854599391,S2-514483482,S3-54767447,S3-995735999
S1-456956	S2-956693274,S2-362487610,S2-775562638,S2-798853661,S2-516007623,S3-599401438,S3-846998260
S1-774780	S3-777184480,S3-714523792,S3-745932121
S1-677468	S2-577444458,S3-575994506
S1-549781	S2-938981567,S2-327119395,S3-463000103,S3-449188717,S3-205525193
S1-329231	S3-327295583,S3-203742517,S3-392941803,S3-276078618
S1-368628	S2-124413130,S2-175338244,S2-516732184,S3-296891994,S3-525507563
S1-262438	S2-76830877,S3-90406537
S1-326989	S2-535496422,S3-371218893,S3-257016445,S3-678341030
S1-473164	S2-934745834,S2-37570332,S2-434499413
S1-542322	S2-939709611,S2-233470050,S3-307368815,S3-429907978
S1-155340	S2-253699075,S2-35538849,S3-602382490,S3-832692083,S3-972886853,S3-404877262
S1-288633	S2-583613504,S3-642749046,S3-837480426
S1-397180	S2-905333983,S3-315786905
S1-472583	S2-272428745,S3-164338388,S3-714742509
S1-138873	S2-391218563,S2-631343924,S2-425566136,S3-585074125,S3-380070809
S1-528122	S2-315584457,S2-103261615,S2-401660112,S3-271471278
S1-220403	S2-904970168,S2-658485756,S2-234390051,S3-959219802,S3-926892201
S1-699893	S2-435385210,S2-114855954,S2-828836464
S1-662347	S2-546213090,S3-183613923
S1-602086	S2-207563440,S3-341310122,S3-111294583
S1-741918	S2-72607279,S2-147006358,S3-741232414
S1-388509	S2-320911617,S2-786957616,S3-92951784
S1-376022	S2-318180178,S3-212181269,S3-531320354,S3-782442339
S1-93351	S2-934118322,S2-498227477,S3-725494786,S3-587710650,S3-38873083
S1-398452	S2-92234417,S3-447561302
S1-164727	S2-565208390,S2-797102918,S3-394001445,S3-129837130
S1-351021	S2-559828728,S2-433347240,S2-482812942,S3-601515525,S3-384656108
S1-75242	S2-411031209,S3-340015996
S1-472250	S2-365546546,S2-641063853,S2-665596647,S3-379750407,S3-314536254,S3-344704175,S3-230957098
S1-420520	S2-617605070,S3-106466656,S3-628775185
S1-194676	S2-988602700,S3-441838140,S3-643584826,S3-717369208
S1-719061	S2-832366925,S2-558111482
S1-496061	S2-835916901,S3-14624467,S3-913700486
S1-830129	S2-234687705,S3-150906539,S3-184631710
S1-315486	S3-457222627,S3-609950807
S1-718173	S2-54127823
S1-770082	S2-495503941,S2-479436519,S3-608493415
S1-44838	S2-800168039,S2-943316501,S3-381627577
S1-647448	S2-58447702
S1-182933	S2-375548860,S3-859012521,S3-835959663,S3-706494495
S1-655977	S2-806867249,S3-393961061,S3-258280293,S3-883119766
S1-423239	S3-532823898,S3-400784094
S1-472887	S2-97162172,S3-380924975,S3-401870553
S1-566474	S2-447547392,S3-932782299,S3-607997140
S1-844728	S2-563812039,S2-70438637,S3-284527217,S3-311090637
S1-856970	S2-225578078,S2-181386327,S2-398512362,S3-556882823
S1-550439	S2-305933148,S3-339074029,S3-498351502
S1-297140	S2-60016694,S2-531711660,S2-264224340,S3-790146687,S3-31074323,S3-760277866
S1-62281	S2-216467252,S3-654578953,S3-904800559,S3-235752067
S1-300423	S2-938162007,S3-294622659,S3-65288082,S3-794377234,S3-400462264
S1-632246	S2-24405938,S2-44143466,S3-22177851,S3-568848769
S1-224798	S2-456943137,S2-80072679,S3-382693319,S3-186603769,S3-420084631,S3-890282276
S1-710844	S2-454058767,S2-60310416,S3-977133922,S3-469452295
S1-646124	S2-789941543,S2-544886766,S2-438776933,S2-683310087
S1-119979	
S1-308700	S2-806062330,S3-243604693,S3-664873395,S3-686337470
S1-258927	S2-640087351,S2-642134700,S3-503758083
S1-80742	S2-515691138,S2-413212484,S2-764945762,S2-903575606,S3-477077473
S1-231529	S2-319150154,S2-649940318,S3-954793843,S3-359879007,S3-894173608,S3-910945311
S1-321656	S2-575190396,S2-877901418,S3-431637942,S3-554540626,S3-578990265
S1-275317	S2-686988938,S2-117508622,S2-715535642,S2-545769871,S2-859342993,S3-407239790,S3-886309541
S1-754140	S2-841598154
S1-118891	
S1-723564	S2-939906820,S3-484881977
S1-665015	S2-608198925,S2-585062073,S2-557173904,S3-306536816
S1-423136	S2-972477690,S3-638099425
S1-635040	S2-319150416,S2-933901061,S3-738517462
S1-77923	S2-838138951,S3-436998626
S1-701227	S2-584250708,S3-197909997,S3-993716236,S3-656255097,S3-356605367,S3-869859257
S1-254722	S2-606955284,S2-726717421,S3-183439230,S3-77931163
S1-181012	
S1-378163	S2-303301496,S3-719543084,S3-925032156,S3-98242053,S3-573078666
S1-602510	S2-77965330,S3-418407414
S1-715494	S2-707728442,S2-111365100,S2-198626362,S3-699765638,S3-245630642,S3-838644184
S1-95106	S2-41886426,S2-610834166,S2-941535244,S2-966878,S3-297261847,S3-842968578
S1-94737	S2-106671081,S2-547089729,S3-993747880,S3-276196838,S3-132834969,S3-159957894,S3-474735135,S3-106786205
S1-397417	S2-243817857,S2-334018712,S2-427489503,S2-234472414,S3-823359662,S3-918763047,S3-939232338,S3-105448579
S1-858232	S2-338084126,S3-316230487,S3-902240336
S1-213119	S2-182434103,S2-413513633,S2-950929426,S3-37070175,S3-493589076,S3-724921896
S1-377754	S2-134753978,S3-710166970,S3-51826243
S1-382938	S2-326638504,S2-815110173,S3-602955680,S3-892483831
S1-680260	S2-568639359,S2-846540125,S2-610340980,S2-342633951,S3-93722022,S3-691655827,S3-943427633
S1-709316	S2-456943714,S3-562503336
S1-748515	S2-860575765,S2-43268219,S2-913012912,S3-4082405
S1-612601	S2-160685502,S2-601279463,S3-229954356
S1-285525	S2-906601719,S2-480411896,S2-89447481,S3-130842368,S3-844756709,S3-867161168
S1-617394	S2-289553859,S2-348743370,S2-155630487,S3-191309120
S1-229029	S2-615849000,S2-412422606,S3-460051079,S3-764534074
S1-427754	S2-833773455,S3-938074669
S1-152995	S2-340815545,S2-796400802,S3-333889565
S1-671356	S2-356000230,S3-451060542,S3-710927629,S3-294844697
S1-141980	S2-90596564,S3-520801136
S1-340498	S2-186047311,S3-348487214,S3-869129108
S1-768336	S2-72535055,S3-886607598,S3-545030459
S1-424039	S2-501796392,S2-489935681,S2-204428637,S3-474008609,S3-277271736,S3-495451181
S1-323965	S2-996999102,S3-130891247
S1-820114	S2-205708104,S2-602988282
S1-265914	S2-14774649,S3-153109224,S3-613011819,S3-798966340,S3-936541646
S1-697729	S3-967071257
S1-53600	S2-242020815,S2-690209130,S2-519148140,S3-555002394,S3-810648826,S3-738456214
S1-175459	S2-56225521,S2-7595013,S3-356718043
S1-137989	S2-47429205,S2-29019047,S3-2060199
S1-149055	S2-309023888,S2-793402010,S3-325899634,S3-342983326,S3-511639512,S3-963051625,S3-883884165
S1-208234	S2-499621460,S3-248758698
S1-650259	S2-959983229,S2-907839635,S3-605851863
S1-406376	S2-128514486,S2-74256252,S2-235166066,S3-21849467
S1-586872	S2-704520197,S3-935507273
S1-910	S2-388092234,S3-131478350
S1-127500	S2-304429560
S1-592173	
S1-162963	S2-523546962,S2-945410326,S2-87230463,S3-196409796
S1-366454	S2-709463116,S2-147867754,S3-658578662,S3-354499328,S3-343702688,S3-596449023,S3-628275168
S1-574631	S2-496019096,S2-393069844,S3-569825160
S1-735045	S3-49238582,S3-510581261
S1-766404	S2-818168736,S2-704373863,S2-352649972,S3-996256506
S1-615634	S2-767004171,S2-688422676,S2-90277807,S3-715532892,S3-733022662,S3-99809695
S1-755154	S2-797327398,S3-987256482,S3-8914489,S3-804318713,S3-724931031
S1-11161	S2-837429085,S2-656068561,S2-77052302,S2-922129964,S3-521328583,S3-826905077
S1-202027	S2-470014217,S3-687048454,S3-243938103,S3-313968140
S1-218085	S2-131007345,S3-416387963
S1-850588	S2-894798025,S2-166092803,S2-185365257,S2-605741613,S3-546464094,S3-868086488,S3-597521525,S3-997656666
S1-750193	
S1-585745	S2-495371971,S2-595179464,S3-558183943
S1-159724	S2-963016285,S3-111701482,S3-986341699
S1-539125	S2-523273192,S2-912685727,S2-155732663,S3-729231430,S3-336356056,S3-508493498,S3-151838544
S1-441805	S2-850734731,S3-980454389
S1-521948	S2-38148801,S3-54896231,S3-387970837,S3-200858356
S1-719840	S2-285202198,S3-615665261
S1-215593	
S1-636248	S2-397632832,S3-18073023
S1-671402	S2-67947605,S3-513410535
S1-475490	S2-665220190,S2-969166843,S3-676489240,S3-963672569
S1-85168	S3-454224982
S1-853008	S2-921511838,S3-103487500,S3-983761878
S1-170934	S2-135620775,S3-110211401,S3-790773091
S1-187871	S2-607369253,S2-571391017,S3-136098452,S3-936570215
S1-307873	S2-644429319,S3-697854254,S3-180187133
S1-370098	S2-426289606,S2-570986640,S3-894013777,S3-282419741,S3-677387861,S3-112135210
S1-687448	S2-238192356,S2-53403900,S3-238131592
S1-205252	S2-640255401,S2-899424517,S2-759186413,S2-972746315,S2-419946475,S3-441669601,S3-679126320,S3-806965397,S3-673529822
S1-759875	S2-255306907,S2-97108780,S3-230863783,S3-139596161
S1-377020	S2-746736102,S3-638256829,S3-235133153
S1-437788	S2-13737360,S2-717028852,S2-787825122,S2-464168615,S3-72104387,S3-835090966
S1-422965	S3-546752851,S3-184816847,S3-874660835
S1-32247	S2-681443487,S2-881823632,S3-725390155
S1-681128	
S1-803899	S2-102842197,S2-335654823
S1-473367	S2-449875322,S2-166864207,S2-766274096,S3-815468812,S3-272176939,S3-328472116
S1-489596	S2-61874605,S2-607508934,S3-99314580,S3-935142145
S1-623248	S2-592610534,S3-375971371,S3-35295470
S1-710555	S2-491999448,S2-407730924,S2-277435312,S2-983072904,S3-98300815,S3-14647326,S3-580339945
S1-618111	S2-393517502,S2-824820232,S2-944638582,S3-993254352,S3-393650037
S1-853798	S2-731377570,S3-396905920,S3-962840300,S3-642622660
S1-601049	S2-814727479,S3-482448002
S1-666946	S2-275966332,S2-969095924,S3-525893049
S1-653836	S2-787683190,S2-789117694,S3-334766385,S3-690040857
S1-665149	S2-598596964,S2-945470408,S3-802609084,S3-378277729,S3-362960124,S3-833904705
S1-178157	S2-241086579,S2-989699560,S2-152152392,S3-951443419,S3-219130811
S1-48420	S2-269533897,S3-447863965,S3-566313803
S1-204044	S2-421583536,S3-687520371
S1-394137	
S1-78084	S2-429222834,S3-999637114,S3-186811618,S3-837955092
S1-17985	S2-643412332,S2-518088916,S3-193260064,S3-878918976,S3-156112849
S1-404962	S2-682250075,S2-766858403,S2-417951078,S3-518100282,S3-191570187
S1-6053	S3-714128367,S3-422903053
S1-251811	S2-558962042,S2-206739299,S3-248739136,S3-647860616
S1-476483	S2-393197921,S3-65558125
S1-680912	S3-112695560,S3-265087493
S1-190972	S2-35784339,S2-477138872,S3-541928302,S3-209212805,S3-610170212
S1-24279	S2-351623108,S2-26270633,S3-820969588
S1-291798	S2-562377819,S2-882380137,S3-971914075,S3-162158917
S1-441322	S2-83871311,S2-837859271,S3-776036770,S3-584700852
S1-57584	S2-302412358,S2-807888547,S2-709772940,S3-817382132,S3-808834440,S3-444412728
S1-383593	S2-99257464,S3-202873886
S1-305701	S2-553911090,S3-885486170
S1-833124	S2-463642369,S3-730618087
S1-230687	S2-961903712,S2-365496524,S2-120184310,S3-251616399,S3-719237659
S1-186485	S2-200668946,S2-114119286,S2-368684949,S2-950521635,S2-805824132
S1-341962	S2-81497087,S3-651808607,S3-425462289,S3-12157601
S1-46170	S2-690573879,S3-224325606
S1-112702	S2-562536332,S2-774505492,S3-432882798
S1-7769	S2-88377929,S3-703481858,S3-425349118
S1-470926	S2-575865632,S3-117327444
