entity_id	business_name	business_address	country
S2-166376419	राम मार्केटिंग प्राइवेट लिमिटेड	KH NO. -570/13, NEW DELHI, WEST DELHI, Delhi	India
S2-764573417	-- Holloway Peak Inc Seafood	105 ELM ST, MORGANTON, NC	US
S2-639257739	आदित्य प्रॉपर्टीज एलएलपी	G-3/571, GULMOHAR COLONY, BHOPAL, Madhya Pradesh	India
S2-163963287	Summit Inc	GREENSBORO, NC, 19 1/2 STARDUST TRAIL	US
S2-49942811	Delta Tetlecommunication Inc	914 PIERPONT AVE, CLEVELAND, OH	US
S2-138046867	Lee and Lawson	1702 Pine Avenue, CITY OF MENOMONIE, WI	US
S2-584977605	SHIVSHAKTI VIDYALAYA VIDYALAYA OVERSEAS CORPORATION | www.shivshakti.com	H.NO 204 C ROAD HOSHIARPUR, PUNJAB, Punjab	India
S2-277444929	Shree Infracon Private Ltd	63/2275/7, ALHIND TOWER, FIRST FLOOR, JAFFERKHAN COLONY, KOZHIKODE, Kerala	India
S2-721031885	Chavira Platinum Chimera LLC	282 SAXONY DRIVE, FTT MITCHELL, KY	US
S2-508602797	FOUNDATION EXCEL AGENCY PRIVATE  LIMITED	HN 753 E-1, BHARAT NAGAR, 104/1/1 ERANDWANE, Maharashtra	India
S2-69394310	heassociates.com	599 PEASE HILL ROAD, HORICON, NY	US
S2-615967906	सन कंस्ट्रक्शंस प्राइवेट लिमिटेड	43 SUKH SAMRUDDHI, Maharashtra, PUNE REGION, PUNE, BUNGALOW NO. 5, S. NO. 5, VIDISHA SOCIETY, KARVE NAGAR	India
S2-684635925	Global Developers Medicals Private Limited	H.NO 008 GOVIND BUILDING OPP.HOTEL VRINDHAVAN AARAY ROAD GOREGAON (EAST), MUMBAI, Maharashtra	India
S2-868087865	ASSET BUILDING COALITION LLC	8219 17RD STREET, LAKE STEVENS, WA	US
S2-795141272	Olszewski Holding Company LLC LLC	218 SHOAL CREEK, WILLIAMSBURG, VA	US
S2-414418413	CANDY'S-SERVICES	313 FOXBOROUGH DRIVE, BRUNSWICK, OH	US
S2-566688803	रियल मॉडर्न फूड लिमिटेड	SHP NO. G-4, PLOT NO. 19, SECTOR 42, NERUL, THANE, NAVI MUMBAI, Maharashtra	India
S2-634015823	Crestline Crestline Clean LP	HIGHWAY 49, ASHLAND CITY, TN	US
S2-378707035	Nion	7100 BRIGHAM ROAD, HENRICO COUNTY, VA	US
S2-953098128	Keystone Odyssey Odyssey LLC	1418 MEADOWBROOK DR, JOHNSON CITY, TN	US
S2-526991413	Jones Royal  Bancshares	61573 FRIENDSHIP LN, CNROE, TX	US
S2-879667609	குளோபல் பிசினஸ் பிரைவேட் லிமிடெட்	#C-21 - S, AMBATTUR, CHENNAI, Tamil Nadu	India
S2-202057528	Altitude Retail	C7 419BONNY BUILDING KATTOOR P O, MALAPPURAM, Kerala	India
S2-763108962	Core Welfare Society LLP	PLOT NO Q-17 KH. NO. 48/19 GROUND FLOOR ONLY, FLOOR BLK-Q RAJEEV EXTN VILLAGE KARALA LANDMARK NEAR, DELHI, Delhi	India
S2-415733261	Sweet Barbershop (Co)	05131 COPPER MEADOW LN, WEST JORDAN CITY, UT	US
S2-294835210	COBALT  (LLC)	NC, CANLER, 110 MEADOWBROOK ACRES	US
S2-944853638	Piedmont Complete Chile  L.L.C.	259 1/2 CAVALIER WAY, BURLINGTON, NC	US
S2-235039028	Empire School of Medicine	0477 MELISSA COURT, GAHANNA, OH	US
S2-783158461	Animal Welfare Nétwork	260 CADILLAC DR, SACRAMENTO, CA	US
S2-669879950	Hail, Harris & Roberts Inc	8 WENTWORTH AVE, STOUGHTON, MA	US
S2-673704658	Behavioral Health Anchor Care	1715-1719 Orchard Blossom Drive, CITY OF APPLETON, WI	US
S2-133664209	Bay Bdc Co	DC, WASHINGTON, 2117 F STREET	US
S2-49714549	CLASSIC [TECHNOLOGIES]	Rajasthan, HN G-103 113, VRINDAVAN VIHAR, DCM, AJMER ROAD, JAIPUR	India
S2-401480583	Division of Sanitation	IN, 2178 WILLOW LANE, PERU	US
S2-54307441	LLC METRO COALTIMN	SAVORY LANE, FELTON, DE	US
S2-91305348	Swastik Impex Private Ltd	8-2-595/3/8A-8B, EDEN GARDENS, ROAD NO.10, KHAIRATABAD, Telangana	India
S2-73037424	Eye Valley Medicine Incorporated	39 MAIN STREET, SAVONA, NY	US
S2-332014708	Direct Acadia Inc	CURTIS STREET, TOLEDO, OH	US
S2-40574852	TATAA BEST AGRICULTURE	1225  GUMWOOD DRIVE, OH, PLEASANT TWP	US
S2-836840386	[INCORPORATED] PEAK TRADIN6 NETWORKS SOUTHSIDE	2062  SMITH HOLLOW RD, BLAINE, TN	US
S2-208005980	Solstice LLC	303 MCCORD ROAD, ROUNDUP, MT	US
S2-978126813	Private Ambernath Sólar Limited	PLOT NO B-78/1, ADDITIONAL MIDC ANAND NAGAR, AMBERNATH EAST, THANE, महाराष्ट्र	India
S2-257885603	Apex Preferred Strategy  Inc	2467 EDDINS ROAD, DOTHAN, AL	US
S2-428899461	Roopant Pvt Ltd Partners	HN 247 A/109, MINI MARKET CO-OP. HSG. SOCIETY LTD., FIRST FLOOR, B. P. ROAD, BHAYANDER (E), THANE, Maharashtra	India
S2-125007797	Doolittle, Hasvey and Hardy	2017 COBBLESTONE DRIVE, COLOGNE, MN	US
S2-647437327	G-P Starkey Motor	7336 MAITLAND LN, CHARLOTTE, NC	US
S2-838526909	Highland Arc Inc.	WA, FEDERAL WAY, ##2326 341ND PLACE	US
S2-912941112	JEN ELWOOD ART5 CENTER	145 CR 2729, MICO CCDP, TX	US
S2-511731036	Vantageavigild	067 PRODUCTION CT, NULL, INDEPENDENCE, KY	US
S2-653150968	prprivate.com	ROYAL ARCHID SECOND FLOR, GITGUJARI 4/8 CORNER, RAJKOT, Gujarat	India
S2-349287094	TAMANNA and  BROTHERS PRIVATE LIMITED	F NO. 22 GOLDEN PEAK CHSL, 6TH FLOOR, AMBEDKAR ROAD, MUMBAI, Maharashtra	India
S2-348280942	શક્તિ અર્બન પ્રોડક્ટ્સ પ્રાઇવેટ લિમિટેડ	SHOP NO.F107 AND F106, FIRST FLOOR SOHAM RESICOM, VADODARA, KALALI, Gujarat	India
S2-129228958	Autism Assistance Network Corp	TX, 1410 MAIN BLVD, BROWNWOOD	US
S2-187379771	Guerra And Krueger Table, LLC		US
S2-316755660	Beacon Realty Industries-Corp	2724 CANTON DR, FT WORTH, TX	US
S2-163588551	Radiant Marbles  Private	NO 23 GANESH PETH, OFF-NO 107, FLOOR -1, KAK, PUNE CITY, Maharashtra	India
S2-102309877	palani kripa private limited	NO. 04 , 10TH MAIN 4 E BLOCK, RAJAJINAGAR, BANGALORE, Karnataka	India
S2-423519674	agrosheronhotels.com	BENTA CHOWK, DARBHANGA, Bihar	India
S2-224839523	Great Estate Private Ltd	H.NO 13 C/O:MADAN MOHAN JHA, S/O:SH AKHILESH JHA 166-A, KALYAN NAGAR, HAJYAWALA SANGANEER, JAIPUR, राजस्थान	India
S2-223038034	SWAYAMBHU BROTHERS LLP	HOUSE NO 6-1-635/A, KHAIRTABAD, HYDERABAD, Telangana	India
S2-64510343	अल्फा अल टेक्नोलॉजीज प्राइवेट लिमिटेड	NO 990 C-2 GREATER KAILASH ENCLAVE PART-II, NEW DELHI, SOUTH DELHI, Delhi	India
S2-457500956	Pediatric Dentistry Crystal Care Incorporated	##6806 ROBIN DR, WY, GILLETTE CITY	US
S2-956811797	americancoalition.com	1805 WESTERN RESERVE ROAD, YOUNGSTOWN, OH	US
S2-631299191	ग्लोबल इन्वेस्टमेंट प्रा. लि.	PLOT NO. ##74, SECOND FLOOR ZONE-2, M.P. NAGAR, BHOPAL, मध्य प्रदेश	India
S2-867614780	FIRST COMMUNITY CHURCH CARE	3006 NORTHWEST HIGHWAY, DALLAS, TX	US
S2-982496654	THE SPICEWOOD-HOMES	22120 1/2 COYOTE CAVE TRL, null, SPICEWOOD, TX	US
S2-44100844	Sree  Ventures	#77-1-2 GANDHIPURAM-3 NEAR, PRIYANKA RESTAURANT, RAJAHMUNDRY (URBAN), Andhra Pradesh	India
S2-54720637	MT	25 PALMER SAINT, FALL RIVER, MA	US
S2-168770832	Dubey Media (Ltd)	701, VISHNU CHANDRA SKY, R A KIDWAI ROAD, WADALA WEST, MUMBAI, Maharashtra	India
S2-751730544	L E Pierce Cal [PC]		US
S2-298761341	Lewis, Fog1eman & Lambert LLP	57 THOMAS STREET, PORTLAND, ME	US
S2-829598251	Vishal & Sons Private	NO. 28 PSIXL-3RD FLOOR, NEWTOWN ROAD, UNIT NO. 305, PO RAJARHAT GOPALPUR, KOLKATA, KOLKATA, পশ্চিমবঙ্গ	India
S2-800014563	FO India Limited	6-4, CENTRAL ROAD, ANANDOLOKE SODEPUR, KOLKATA, পশ্চিমবঙ্গ	India
S2-67505679	Fortune Private Limited Center	West Bengal, NO 22 PRINCE ANWAR SHAH ROAD, MERLIN OXFORD, KOLKATA, KOLKATA	India
S2-586376607	FH Bleihroeder	1157-1161 HAMILTON RD, PARK HILLS, KY	US
S2-284019526	INCORPORATED 3-POINT	7920 EAST FREEWAY, HOUSTON, TX	US
S2-571714424	lochravengolden.com	15-A TREEWAY COURT, LOCH RAVEN, MD	US
S2-983938812	8-BROTHERS SERVICE	321 SHORE ROAD, GREAT NECK, NY	US
S2-705827573	Jeanette  Fisher Alliance LLC	4314  COBBLEWOOD CT, INDEPENDENCE, KY	US
S2-70709851	Luxmi Steel	D NO:52-1/9-8, FLAT NO 501, SRYA MANSION, NTR COLONY GUNADALA, VIJAYAWADA, Andhra Pradesh	India
S2-59544689	Muskan Netcomm  Private Limited	179 , SECTOR-7 IMT MANESAR, GURGAON, Haryana	India
S2-895116270	BELL BUILDERS CENTER LTD	LIG 3, B2 -004, SURYA NAGARA, CHANDAPURA ANEKAL TK, BANGALORE, Karnataka	India
S2-553620620	Star Chicago	05034 19TH AVENUE, WA, SEATTLE	US
S2-909528445	*** Country  Real	0169, MUMBAI, MUMBAI CITY, महाराष्ट्र	India
S2-28111444	Medf0rd Optimal Apple	MORRISTOWN, TN, 1907 LINKS BOULEVARD	US
S2-689674207	Mendoza and Brumbaugh Focus [Group]	4720 50TH AVENUE, PARKWAY, CA	US
S2-769808418	Villafana's Strategic	#654 MONROE ST, SHAKOPEE, MN	US
S2-635228641	Royal Pvt Ltd Center	PLOT 008, CHAITANYA IND AREA, GANGA FORGING GATE, KOTDA SANGHANI, ગુજરાત	India
S2-373515798	marquezt0ken.com	LUBBOCK, TX, 2433 23ND ST	US
S2-839616035	Nyssa Citizen Roman	1823 600, SPRINGVILLE, UT	US
S2-784868420	peakdynamicmetlife.com	8697 1980, W JORDN, UT	US
S2-906753214	फर्स्ट फूड प्राइवेट लिमिटेड	HN 210 F NO 5, NASHIK, महाराष्ट्र	India
S2-778736994	Sri SARK COMNSUTANRY INDUSTRIES	SY NO 26/1.16 HOSTEL RD, SHOP NO. 5, 2 VTB GARDEN, BANGALORE SOUTH, Karnataka	India
S2-162849450	Preferred Bay Montage Inc		US
S2-56744275	URGENT CARE STRATEGIC CENTRE (INC)	458 MILLS STREET, SANDUSKY, OH	US
S2-722166534	Jupiter-Advisors LLP	FLAT NO 702, 7TH F, B-PL3, TOWER ICONIC, SECTOR -45, Haryana	India
S2-265287731	Premier Focus Llc	#7811 CORNFLOWER COMMONS DR, MINT HILL, NC	US
S2-633236997	Surgical Cillgc Harbor	22 SADDLE RIDGE ROAD, BIG SKY, MT	US
S2-622773844	Colonial Centers Llc	8104 RITCHIE HIGHWAY, PASADENA, MD	US
S2-333785505	Cornerstone Cloud Labs  LLC	4233D LIBERTY HILL RD, CHILLICOTHE, OH	US
S2-469073813	Global Traders Enterprises Private	NO C-64 GAGAN KUMAR RAI, NIRALA, NAGAR, BEHIND ANAND RESIDE, DINAPUR-CUM-KHAGAUL, बिहार	India
S2-923049280	પ્રાઇમ બાલાજી ટ્રેડિંગ પ્રા. લિ.	B/A-5, MANINAGAR, AHMEDABAD MANINAGAR, ગુજરાત	India
S2-888440125	Peak Design Consultants, Group	80 WOODFIELD CROSSING, ROCKYY HILL, CT	US
S2-556543773	Great Egnivonmntal Services LLC	SOUTH STREET, DALTON, MA	US
S2-625831173	Paul Star Spale Group	18890 DEER RIDGE LANE, STILLWATER TOWSNHIP, OK	US
S2-91704178	Lique Valley Painting Center Co	RED HILL, PA, 101 MAIN ST	US
S2-164086509	AGUIRRE HILLS INC	KIMBALL PLAINS ROAD, PO BOX 3611, COTTONWOOD, CA	US
S2-152030787	Vargas Pharma Llc	21 A Ministerial Drive, CONCORD, MA	US
S2-254788212	Hyacinthe Cusack Services	DALLAS, 195 NOMAS ST, PO BOX 7491, TX	US
S2-623817123	creative mortgage global	##391 GRASSY HILL ROAD, WOODBURY, CT	US
S2-667620668	Gordon Superior Standard, LLC	MN, BAUDETTE, 1934 63RD ST	US
S2-938623294	Human Rights Society Holdings	214 MAIN ST, KERNERVSILLE, NC	US
S2-319516258	alonsobambiedc.com	6616 MORGANTOWN ST, RALEIGH, NC	US
S2-35158435	Custom  Platinum Launchpad	197- DORRENCE RD, GRANVILLE TWP, OH	US
S2-435778329	PRIVATE AHMEDABAD INFRATECH (LTD)	A-29 KARAMACHARINAGAR IGHATLODAIA, AHMEDABAD, GHATLODIYA, Gujarat	India
S2-322802571	होटल वेंचर्स लिमिटेड	LUCKNOW, C-121, MEENA BAKERY CHAURAHA NEAR DARIYAPUR, Uttar Pradesh	India
S2-952329168	GM (INDIA) FABRICS LTD	West Bengal, 38/1A, G.J. KHAN ROAD TILJALA, KOLKATA	India
S2-34975790	Fanny's Manufacturing	60TH STREET, NULL, ANDERSON TOWNHSIP, IN	US
S2-585890462	Donna Dvdis Tidewater Holdings	13413 21TH AVE, TACOMA, WA	US
S2-537858187	UROLOGY CLINIC GLOBAL	11432-11436 KRISTINA CIR, MONTGOMERY, TX	US
S2-190103142	Foods Gdo1aag Realcon  Private Limited	#44, KILATHOPE STREET, MADURAI MADURAI, MADURAI, தமிழ்நாடு	India
S2-474827065	almalindustries.com	F 4 1, NAREGAON ROAD, CHIKALTHANA MIDC, AURANGABAD, Maharashtra	India
S2-308442620	JP  MONTREAL	6535  PREMIER DR, NASHVLLE CDP, TN	US
S2-298914373	*** Sai Tech Private Limited	A-0342, GAUTAM BUDDHA NAGAR, NOIDA, Uttar Pradesh	India
S2-968244171	Conforti and Lopez Midtown L.L.C.	3989 FOREST EDGE DR, COLUMBUS, OH	US
S2-477675434	NATIONAL RETAIL TECHNOLOGEES CENTRAL	6010 HORSE TRAP DR, FORT WORTH, TX	US
S2-948280510	Shri Upasana Hospitalities [(Clinic)]	HN 996 A-201/202, DELPHI, HIRANANDANI BUSINESS PARK POWAI, MUMBAI, Maharashtra	India
S2-200464422	mirasolutions.com	H.NO 32 VA, 37/3567/A15, OFFICE NO. 6B, ASSET CORRIDOR, EDAPALLY NEAR LULU MALL, ERNAKULAM, Kerala	India
S2-857681318	Family Specialists	4733 LIBERTY RODA, SALEM, OR	US
S2-402816014	MADYNE ASSOCIATES	124 HILLSBORO PL, NASHVILLE, TN	US
S2-411562965	Kalie Cassidy, O.D.,	HOUSTON, TX, 3302D JACKSON SAINT	US
S2-628335210	ANNEX  MEMORlAL TRUST LIMITED	DOOR NO 683 21-22, NATIONAL CHAMBERS, NR. CITY GOLD CINEMA, ASHRAM ROAD, AHMEDABAD, Gujarat	India
S2-757169960	OX Innovation Private Límited	Delhi, B-2, NEHRU PLACE BETWEEN B BLOCK CHIRAG ENCLAVE, NEAR FLYOVER, NEW DELHI, DELHI	India
S2-465002151	chandraindiafund.com	262A, SODEPUR 1ST LANE, KOLKATA, KOLKATA, পশ্চিমবঙ্গ	India
S2-563158163	VJ Frontier Silver, Llc	9340- SNOWBIRD WAY, SACRAMENTO, CA	US
S2-940708406	Devam Rcm Public Límited	OLD POST OFFICE STREET GUNPUR, GUNPUR, Orissa	India
S2-102286733	Digital Foundation (Limited)	HN #242 E-20, SHOP NO.24/85, 11 NO. STPO, ARERA COLONY, HUZUR, Madhya Pradesh	India
S2-623164214	ANIMAL HIGHLAND CORP HOSPITAL	36280 SAWTELL RD, MOLALLA, OR	US
S2-142962200	Boone and Allen Corporation	508-510 LLOYD STREET, OCEAN VIEW, DE	US
S2-701477103	BHAWANI FURNISHINGS LLP	HIG-132, FLAT NO.402, PHASE-VI, KPHB COLONY, ABOVE HDFC BANK, TIRUMALAGIRI, Telangana	India
S2-109121051	concrete group of companies enterprises private limited	NO ##14 , SHREE SHIDRAM NILAYA, OPP KEC GANDHINAGAR, SANMARGA NAGAR, HUBLI, DHARWAD, ಕರ್ನಾಟಕ	India
S2-970843942	Square Welfare Society Industries	Andhra Pradesh, B3/6-3-456/26, PANJAGUTTA, HYDERABAD. ANDHRA PRADESH	India
S2-971491700	Xl SYSTEMS	DELHI, NORTH WEST, PLOT NO. D1, DR. MUKHERJEE NAGAR, COMMERCIAL COMPLEX, Delhi, OFFICE NO.: B##17	India
S2-6795460	Aura Enterprhses Pvt. Ltd.	R1/475/B/3., SAMARTH APARTMENT, GUNGUNE NAGAR, OLD AUSA ROAD, LATUR, Maharashtra	India
S2-468234939	Mcelhiney, Larosa and Gonzales Merger	308 MUSTANG DR, RUIDOSO, NM	US
S2-321432050	East Hovnanian, Holdings	55 CLEWLEY RD, MEDFORD, MA	US
S2-784592218	Bangalore Ltd Trading Pvt North	PLOT NO ##25 , FIRST FLOOR, NORTH WING I, JYOTHI NAGAR III CROSS, CB HALLI, MS PALYA, NEAR SAMBHARAM COLLEGE, BANGALORE NORTH, ಕರ್ನಾಟಕ	India
S2-871017791	Mayers's Inc Towing	00209 Gold Street, JUNEAU CDP, AK	US
S2-685689907	IVENARI TANKERS	AL, ASHFORD, OLE TAYLOR PL	US
S2-375938862	Konark Consulting	#278 , M K PUTTALINGIAH ROAD, PADMANABHANAGAR, BANGALORE, Karnataka	India
S2-944555126	Wilton Animal Welrfnre Grand Coalition	SECOND STREET, WILTON, IA	US
S2-585744040	Ke Security L.L.P.	Telangana, H.NO 39  II FLOOR NEAR JASMINE HIGH SCHOOL RAJEEV NAGAR, HYDERABAD	India
S2-541414076	UNIFIED TRADERS  PRVSTBAE LIMITED	PROP NO. 35/6, G/F, OLD RAJENDRA NAGAR, DELHI, Delhi	India
S2-891756213	Limited Ratnagiri Narang Partners	H NO 1/B/2 HALIYAL LAYOUT, DHARWAR, DHARWAD, Karnataka	India
S2-418551982	Cure Pilates!	5617 GROVE COVE DR, MCKINNEY, TX	US
S2-696635067	Limited Golconda Riddhi Private	MATHURA, Uttar Pradesh, #58YAMUNA NAGAR AZAMPURMATHURA, MATHURA	India
S2-467948188	BABA-PVT. LTD. CENTER	4-2-24, D B COLONY, REVENUE WARD NO. 4, HINDUPUR, Andhra Pradesh	India
S2-464291399	Cater Ínfrastructure of Henrico County Ínc	9387 HORSE CASTLE CT, GLEN ALLEN, VA	US
S2-472544795	Rich & Dávidson Inc	SENECA RD, WILMINGTON, DE	US
S2-275401270	MYA Software-Pvt Ltd.	#B3/933 C/O SEENU RAY, W/O SARDA NAND PD, PRASAD BIGHA, PAN PAR, NAWADA, बिहार	India
S2-511376005	Addison Coastl Solutions [Inc]	815 CHIPPEWA AVE, S. BENND, IN	US
S2-817411710	TCI	110 Center St, null, FLORENCE, KY	US
S2-773208378	Balaji Producer	PLOT 130 PLOT NO.PAP-J-111 TO 120 NEAR QUALITY ICE-CREAM SHOP, BHOSARI, PUNE, Maharashtra	India
S2-88437832	Asset  Building Network Ltd	008006 ROLLING OAKS DR, SPRING, TX	US
S2-735885703	जैन वेंचर्स प्राइवेट लिमिटेड	DOOR NO 149 SHOP F-1, FIRST FLOOR, PLOT NO. 4, SEC-12, PKT -5, MANISH METRO PLAZA-IV, D, WARKA, WEST DELHI, DELHI, दिल्ली	India
S2-669353485	लक्ष्मी डेवलपर्स प्राइवेट लिमिटेड	H.NO #1338, NESARI, TAL-GADHINGLAJ, KOLHAPUR, KOLHAPUR, Maharashtra	India
S2-971339247	Excelencia Private Limited Services	#402 PRAGATI TOWER26 RAJENDRA PLACE, NEW DELHI, Delhi	India
S2-439384858	Dupuis, Villalba and Reyes (Packaging)	2316 INDUSTRIAL DRIVE, COLUMBIA, MO	US
S2-985216261	18 Fifth Lane [Cómpany]	5445- HERMITAGE AVE, CHIAGO, IL	US
S2-827260882	QT Temp	S5/405 VATIKA LIFESTYLE HOMES SECTOR-83, GURGOAN, Haryana	India
S2-253120022	Cedar Holdings	7922 MAPLE AVE, VANCOUVER, WA	US
S2-996245861	Shiva International-Pigraate Limited | www.shivainte.com	#476 51, AZAD SOCIETY, OPP. SACHIVALAYA, AMBAWADI, ELLIS BRIDGE, AHMEDABAD, Gujarat	India
S2-967974285	WILLOW INC	2380A NELSON ROAD, BUTLER TWP, OH	US
S2-892923793	Shri Gold Infotech Motors Pdriet Limited	SHOP NO. #53 PLOT NO 5/6 SECTOR, 03 MANOSH COMPLEX CHS LTD GHANSOLI, RABALE, Maharashtra	India
S2-280702058	RICH OVERSEAS  PVT LTD CENTER	ROOM NO. 133, 2-A/3, S/F FONT SIDE, KUNDAN MANSION, ASAF ALI ROAD, NEW DELHI, Delhi	India
S2-284554147	DUNKELBERGER ÁND WEEDMAN FISHERIES (LLC)	4057 ELK RIDGE LANE, LENOIR, NC	US
S2-879392749	Direct Douglas Co	11129 NATIONAL PIKE, GRANTVILLE, MD	US
S2-5405243	Urgent Care Clinic Riverside	3229 ALANA CT, OPELIKA, AL	US
S2-308505251	Private Dronagiri College Overseas Limited	NO.501/C, NULL, BENGALURU, BANGALORE, ಕರ್ನಾಟಕ	India
S2-168987401	glyphifylaw.com	704 BARKAS DR, NEW CASTLE, IN	US
S2-946872072	HORIZON	00315 Mason Street, SPRINGFIELD, IL	US
S2-686350780	BROOKS APEX HCM [(PARTNERS)]	08226 Chesthunt Place Drive, CHARLOTTE, NC	US
S2-605633090	Tech Etate General LLP	90 N S RD, KOLKATA, West Bengal	India
S2-690151442	MOORE PRAIRIE HOLDING	COMMERCE DRIVE, GRAYSLAKE, IL	US
S2-663852317	Kadri Exports  Corporation	KADRI MATERNITY AND NURSINGHOME, KADRI MANGALORE-, HOME, KADRI, Karnataka	India
S2-983439720	Better Gladstone Ínc	4727 1/2 MATILDA AVENUE, BRONX, NY	US
S2-688657051	Shri Tranz  & Sons Private	DOOR NO 568 63, DOMLUR, II STAGE 1ST CROSS, 4TH MAIN, ಕರ್ನಾಟಕ	India
S2-488702552	LAVENA [CATTELL]	701 VINE SAINT, MT VERNON, OH	US
S2-610308265	Shelby Automotive	5 GLYNDON GATE WAY, REISTERSTOWN, PO BOX 4480, MD	US
S2-563357912	DIAM0ND BEACON DOUGLAS	708-712 DRIVER STREET, DURHAM, NC	US
S2-576250992	Total A ...	12472 BURNSIDE LN, HENRICO COUNTY, VA	US
S2-41847464	Donnelly's Buasl Manufacturing LLC	2092 Vista Bonita Drive, BEND, OR	US
S2-402816908	Crystal Worldwide Group Partners	5307 CONKLIN DRIVE, HILLIARD, OH	US
S2-630651352	Physical Therapy Care Inc.	OH, 12313 REXFORD AVE, CLEVELAND	US
S2-701787316	EPITOME VINCOM LIMITED PARTNERS	PLOT NO. 41 G-1, KTUSHI VIHAR, GANPATPURA A, MANSAROVAR, JAIPUR, राजस्थान	India
S2-616836723	DELONG STRATEGIC  READY		US
S2-901393558	Malappuram Malappuram Inftbech	4/367/C, GROUND FLOOR, THOTTIYIL ARCADE, TIRUR, MALAPPURAM, Kerala	India
S2-974399068	Borkowski Vance	9467 FM 1960 BYPASS, HUMBLE, TX	US
S2-475524221	Russ, Fowler & Corriveau Silver Central LLC	08968 BROOKVILLE RD, SILVER SPRING, MD	US
S2-374185954	Diamond Star Works L.L.C. - 7149969359	21100 CAMERON ROAD, COUPLAND, TX	US
S2-175566180	catarina's security services	2500 -3000 WREN STREET, BATON ROUGE CITY, LA	US
S2-191007167	मां इंफ्रा प्राइवेट लिमिटेड	DOOR NO 101, PAVANSUT-1, SALASAR PARK-A, TAKI ROAD, THANE, VASAI, Maharashtra	India
S2-736654053	Cardiology Clinic Metro Inc.	256  ROSELAND PLACE, ABERDEEN, NC	US
S2-652827281	E U Pioberce Furniture LLC	106  KENNEDY ROAD, LOUDOUN COUNTY, VA	US
S2-784715242	United Inc.  Defense	563 LAKELAND CIRCLE, ROSHARN CDP, TX	US
S2-709626608	Agile Brothers Industries Private Ltd	PLOT NO. E 3-56 SUDARSHAN PURA, JAIPUR, Rajasthan	India
S2-322211984	Perea Select Inc Center	190 MAHENRY AVE, CRYSTAL LAKE, IL	US
S2-748044572	Geo Management Co	9550 NORTHERN AVE, PEORIA, AZ	US
S2-728928259	Empire & Brothers  Group LLP	MANISH MARKET G-68  SENAPATIBAPAT MARG DADAR WEST, MUMBAI, महाराष्ट्र	India
S2-688907717	ಮಾಡರ್ನ್ ಕನ್ಸಲ್ಟೆಂಟ್ಸ್ ಪ್ರೈವೇಟ್ ಲಿಮಿಟೆಡ್	125, 7TH CROSS RD, OFF BANNERGHATTA ROAD, DOLLAR LAYOUT, BTM 2ND STAGE, BILEKAHALLI, BANGALORE, BANGALORE SOUTH, ಕರ್ನಾಟಕ	India
S2-394314645	TIQ Plaza Pvt Limited	Haryana, PLOT NO. 1245/21, PREM NAGAR, HAFED CHOWK, ROHTAK	India
S2-149356677	Brittan Ayuso Platinum Vulcan (LLC)	9675B INDEPENDENCE CIR, CHANHASSEN, MN	US
S2-822977276	ઓલ ઓલ હોસ્પિટાલિટી પ્રાઇવેટ લિમિટેડ	OFFICE NO U-G-9, DHANRAJNI COMPLEX, 20 JAGNATH PLOT CORNER, DR YAGNIK ROAD, RAJKOT, Gujarat	India
S2-539420714	Animal Welfare  Network-Nashville	300 BERKLEY DR, MADISNO, TN	US
S2-308510117	Jawala Aditya Private Ltd	DOOR NO 23/446B 1ST FLOOR WAZIR PURA, AGRA, Uttar Pradesh	India
S2-214924024	बेस्ट फाइनेंस टेक्नोलॉजीज प्राइवेट लिमिटेड	43 C/O SORAM BAI, INDORE, मध्य प्रदेश	India
S2-479331549	STRATEGIC STAFFING HOLDINGS DOWNTOWN - 5732296575	162  SOUTH AVENUE, WI, VILLAGE OF CLEAR LAKE	US
S2-783194949	Grand lnc Bynordic	2 HEDGES AVE, CORNWALL-ON-HUDSON, NY	US
S2-78644395	Auryn Studios-Inc.	2599 MAGNOLIA RD, HEMPSTEAD, NY	US
S2-269084113	Vanguard-Mortgage Group	2210 10 COOK STREET, IL, SPRINGFIELD	US
S2-9962270	Tes-Industries Group [Ltd]	F-13 KADAM CHAWL 1ST FLR 753RD BHOIWADA BHULESHWAR, MUMBAI, Maharashtra	India
S2-708389947	Sky Bank Private Ltd	R-185 GREATER KAILASH PART-1, NEW DELHI, दिल्ली	India
S2-430379962	Summit  Initiative II Inc	11641 BOX ELDER WAY, VANCE, AL	US
S2-943996696	Zamudio Wíntergreen LLC	118 LYNNBROOK DR, EUGENE, OR	US
S2-241291924	CHENG'S  CONSULTING ACE	601- ROCHELLE ROAD, IRVING, TX	US
S2-878003016	Federal Biomedical Láboratories, LLC	16559 BLACK PHOEBE ST, MARANA, AZ	US
S2-8982199	SUN PRIVATE  LIMITED CENTER	C-108/142 TALAB GANGNI, SHUKLA MODEL HOUSE, LUCKNOW, Uttar Pradesh	India
S2-479278257	Harrell, Romeo & Patrick (Inc)	2603 VAUGHN AVE, GILBERT, AZ	US
S2-100101893	Vasquez & Zepeda L.L.C.	20 SATUCKET AVENUE, MARSHFIELD, MA	US
S2-933278322	Bagalkot Agritec Private	63, G.T. ROAD (SOUTH), পশ্চিমবঙ্গ	India
S2-533197229	Continental Éndocrinology LLC	1215 OAKLAND AVENUE, INDIANAPOLIS, IN	US
S2-258702122	L.L.P. ADS & SONS	ROOM NO 1/4 GROUND FLOORAYYAPPANKAVU TEMPLE BUILDING VELLANIKKARA NADKKATHARA P O, THRISUR, MALAPPURAM, THRISSUR, Kerala	India
S2-988340451	Select Paltors Corp	WI, N53W21819 TAYLORS WOODS DRIVE, VILLAGE OF MENOMONEE FALLS	US
S2-73199232	Northumberland 8aptist	CASTLEWOOD DRIVE, SARATOGA SPRINGS, NY	US
S2-619844913	Apex Trading	704 CHADWICK DR, WATERTOWN, WI	US
S2-474934237	Glyphus Pacific	6434 ZIEGLER LANE, CHARLOTTE, NC	US
S2-39617527	Desert Vanguard ([Maintenance])		US
S2-131151726	GTG Hemp Private Limited	21/1, B.M.STREET, ARIADAHA P.S. BELGHORIA, KOLKATA, KOLKATA, West Bengal	India
S2-750426664	CHAKRA POWER PRIVATE LIMITED	FLAT NO C7-, SEA GATE APARTMENTS, BEHIND MANYAWAR, 4TH RAILWAY GATE, CALICUT, Kerala	India
S2-290146361	Biia Metropolitan Cánada Partners LP	DALLAS, 010214 BRIDGEGATE WAY, TX	US
S2-986801518	Wojciechowski Cleaning Ltd	5208 PALERMO DR, AUSTIN, TX	US
S2-789302288	CAWNPORE SONFGH LTD	5/108 2ND FLOOR, SUBHASH NAGAR, NEW DELHI, null, Delhi	India
S2-529867680	Pearl Consulting (India) Company	DOOR NO 0015 THIRD FLOOR, INTERNATIONAL MARKET, SILIGURI, DARJILING, পশ্চিমবঙ্গ	India
S2-960876413	গোল্ড প্রডিউসার স্টোর্স লিমিটেড	69, KOLKATA, HOWRAH, পশ্চিমবঙ্গ	India
S2-117672295	Aditya Párts Private Limited	DOOR NO 20. ISTM FLOOR, SBI OFFICERCOLONY, IST ST, ARUMBAKKAM, Tamil Nadu	India
S2-648129048	Atlas  Inc	ME, RAYMOND, 1269 Roosevelt Trail	US
S2-407011785	Devel0pment Seclarus Eastgate	16486 FM 149, MONTGOMERY, TX	US
S2-64137184	Meade, J0annes S., P.A. Care	8004 SPAFFORD RD, CLEVLAND CITY, OH	US
S2-402804051	Leonard's Brokerage LLC	8214 ABBEY LANE, CLEVES, OH	US
S2-612169234	DERMATOLOGY CAPITAL MEDICINE, HOLDINGS	8-12 BITTERSWEET LANE, WESTPORT, CT	US
S2-263623499	jgsreal.com	G-89MIDC AJANTA ROAD, JALGAON, Maharashtra	India
S2-450266205	Ciprian0, Thompson and Rea Center	OR, 5033 38TH PL, PORTLAND	US
S2-549881386	Dr Arihant Fínance Private Limited	2 JAWAHAR MARG SIYAGANJ PP RATHOR CHAMBER 2ED FLOOR SHOP NUMBER, 205, Madhya Pradesh	India
S2-491848437	Evitts Rbcoky Spade	15945 288TH STREET, PAOLA, KS	US
S2-785852339	CITY OF GREEN BAY CHIROPRACTIC EMPIRE PHYSICIANS	3397-B HAVEN PLACE, CITY OF GREEN BAY, WI	US
S2-20799819	Sk Services-Ltd	BUNGLOW 20, SHUBHLABH CO OP HOUSING SOCIETY LTD., NR SUN N STEP CLUB, SATTADHAR CROSS ROAD, THALTEJ, AHMADABAD CITY, Gujarat	India
S2-797821871	NEW DELHI HEALTHCARE PRIVATE LTD	HN 41 KRIPA/RITAMBHRA BUILDING (TRIBHUVAN COMPLEX) ISHWAR NAGAR (W) MATHURA ROAD, NEW DELHI, N/A, Delhi	India
S2-299258785	CONKLIN, BOWMAN AND MCLAUGHLIN ENGINEERING LLC	3724 180, HURICANE CITY, UT	US
S2-626445420	@DENTCOFFEE	6317 LOCOMOTIVE LN, CICERO, NY	US
S2-215182600	VISHWA GROUP PRIVATE-LIMITED CENTER	A-4 RANDHEER VIHARBRICK FACTORY COMPOUND BHANDUP WEST, MUMBAI, Maharashtra	India
S2-218208532	Holcomb Cornerstone Advisors Inc	1822 13TH STREET, MUNCIE, IN	US
S2-438182503	Dofloia Partners	1522 PARHAM ROAD, HENRICO, VA	US
S2-103317508	City Of Care  Co	##315 SUNSET DRIVE, BESSEMER CITY, NC	US
S2-489049291	Zeque LLC	226 FLAGSTONE DRIVE, EVANSVILLE CITY, IN	US
S2-255193301	ಅರಿಹಂತ್ ಕ್ರಿಯೇಟಿವ್ ಟೆಕ್ನಾಲಜಿ ಎಲೆಕ್ಟ್ರಾನಿಕ್ಸ್ ಪ್ರೈವೇಟ್ ಲಿಮಿಟೆಡ್	NO 00925 APARTMENT D-26, BANGALORE, Karnataka	India
S2-518011514	westcardiology.com	3301 7TH ST, TACOMA, WA	US
S2-735517191	EDGAR, ADDI SILVER FORTUNEX [INC.]	316 REID ST, THOMASVILLE, NC	US
S2-625682061	Fresh Bakery! Partners	4117  CORNELIUS AVE, PMB 5858, INDIANAPOLIS, IN	US
S2-236577190	Congregation Cathedral Inc	00934 SKYLINE DRIVE, VAN BUREN, AR	US
S2-528205184	Visage Nursing Limited Home	##464 , LANE NO. 11, GANDHI COLONY, MUZAFFARNAGAR, Uttar Pradesh	India
S2-897475107	Future Software Pvt	DOOR NO 16/139 F/F, ST NO. 5 JOSHI ROAD, KAROL BAGH, NEW DELHI, Delhi	India
S2-801373301	Syntech Northside Offshore Group	1513 TENNESSEE ST, CROSSTET, AR	US
S2-516126165	ROL KEEPING PRIVATE	A-8/2B/8/3, NAROL VILLAGE, B/H. GPOI TEXTILE, NAROL ISANPUR RD, NA, ROL, Gujarat	India
S2-440137459	Janel Flores Custom Property Solutions L.L.C.	24609-C 102RD PL, KENT, WA	US
S2-756454257	Feldman-& Ching Berkley LLC	104 JUMPING LAUREL STREET, SAN MARCOS, TX	US
S2-640284162	capital resources co	#3911 ITASCA STREET, CITY OF SUPERIOR, WI	US
S2-347017935	Regional Altisource Llc	4801 ORTEGA ST, SACRAMENTO, CA	US
S2-516249560	Pediatric Medicine Partners	#821 CARRIAGE HOUSE CIRCLE, EVNSVILLE, IN	US
S2-348398743	Valencia Regency Incorporated	386  DARDOUK DR, PMB 2802, WALHALLA, SC	US
S2-243813488	IGJ  Consulting LLP	G 203, 2ND FLOOR, RAILWAY STATION COMPLEX NERUL, MUMBAI, Maharashtra	India
S2-716687956	Pediatric Dental Group Inc. Center	3327 BEDFORD LANE, MONTGOMERY, AL	US
S2-607870664	A E 6 Myers	BOURNE, MA, 90 SANDWICH RD, N/A	US
S2-956608424	BETH CENTER	0156 BENTLEY PARC, GRAY, TN	US
S2-64301738	Enterprises Skanda Services	34, GIRNAR COLONY VAISHALI NAGAR, Rajasthan	India
S2-561420173	DREAM HTOPOTL PRIVATE LIMITED	NO 19/14 14TH MAIN CHIKADUGUDI NEW EXTENSION TAVERAKARE, BANGLORE, Karnataka	India
S2-859321758	Smt Classic Services Limited	4348/71, FIRST FLOOR PADAM SINGH ROAD, RRGAR PURA, KAROL BAGH, Delhi	India
S2-125134325	KASEYHEREDIATAILWIND.COM	680D MARTIN LUTHER KING DRIVE, GARY, IN	US
S2-989100620	Sapphire Noble Llc	10158 PEONY WAY, UT, SANDY	US
S2-681275696	NASHIK PÓWER	DOOR NO 21 , FLAT NO. 7 VASANTH SHOBHA ANASHIK, NASHIK, महाराष्ट्र	India
S2-663446783	Athey and Bronner Management Corp	PRINCE WILLIAM COUNTY, VA, 11261 LADY JANE LOIP	US
S2-938612654	Trusted Payment Systems Group	84053 OAKLEA DR, JUNCTION CITY, OR	US
S2-990119436	Smt Ace (India)  Horticulture Pvt. Ltd.	301, SHRI KRISHNA HEIGHTS, GAT NO. 34, PLOT NO. 2, JALGAON, Maharashtra	India
S2-836566896	KORNEX EXCHANGE EXCHANGE	14669-14671 DIXON LAKE TRL, PLYOUTH CITY, IN	US
S2-529238319	Troy Empire Ses Ltd.	134. COTTONSTONE LN, TROY, NC	US
S2-161047745	Green Telecom	1060 26- WENAS RD, SELAH, WA	US
S2-556803824	Garcia Modern Boa Llc	7694 PACIFIC SUMMIT, NOBLESVILLE, IN	US
S2-461563520	Physical Therapy Ltd Service	3533 EDWARD DR, CRETE, IL	US
S2-755671955	CAMPBELL HEARTLAND INC SERVICES	TX, FORT WORTH, 008138 MARYDEAN AVE	US
S2-754237423	P  V + N Acquisition	408 23rd Street, VANCOUVER, WA	US
S2-707472784	एपेक्स फाइनेंस एलएलपी	#593A, SOUTH, SOUTH DELHI, Delhi	India
S2-713920891	Empire Center	IL, 1228 BROPHY AVENUE, PARK RIDGE	US
S2-173632166	PALMIERI WEBSTER COASTAL INC	3041 ROME-ROCK CREEK RD, ROCK CREEK CITY, OH	US
S2-123409799	... White Safe Futurecorp LP	4901-4905 LATHROP ROAD, EVANSVILLE, WY	US
S2-37081703	Sri Micro Distributors (Ihndni)t Private Limited	NO 7-1-58 SUREKHA CHAMBER AMEERPET, HYDERABAD, Andhra Pradesh	India
S2-532353401	Kushnir Supreme Premier Harbor, L.L.C.	TACOMA, WA, 1105 148TH STREET COURT	US
S2-629499045	M G Richardson Gaef Group	431 1/2 RED BUD LANE, HOLLISTER, MO	US
S2-297926319	Om Products Private Ltd	SHOP NO.#1 , CTS NO.3358, 1A/1B/1C/1D, COLLEGE ROA,D BELGAUM, ಕರ್ನಾಟಕ	India
S2-850499815	raj & co	ROOM NO 9/105, FIRST FLOOR MEPARATH TOWER, AVINISSARY, Kerala	India
S2-326195146	Rdoesr Corporation	405 CHURCH STREET, NAPLOEON, OH	US
S2-321398182	Innovative Consultancy Psrivae Limited	602, DEEG GATE THANA MATHURA, Uttar Pradesh	India
S2-384219063	ADVANCED RAPID DEUTSCHE INC	2612 SOUTHVIEW COURT, <NULL>, BRAINERD, MN	US
S2-430367614	Clarke Interstate Printing	AL, 20 ALSTON ST, FOLEY	US
S2-591536531	Harris and Luis  Sachs	46 6400, GRANTSVILLE, UT	US
S2-554610011	M/s Pearl Bróthers Private	SR. NO. 197P1-, NR. AMARDHAM TEMPLE TAL. WANKANER, DIST. MORBI, MATEL, Gujarat	India
S2-777625208	Cornerstone Analftics Products	2632 TYRELL DR, SAINT LOUIS, MO	US
S2-528320338	Shree Trading Private	ఆంధ్రప్రదేశ్, DOOR NO.11/1/471, KRUPANANDA NAGAR, ANANTAPUR	India
S2-492879191	Ortis & Scheerg Ashford Partners	BENTONVILLE, 8008 NORTH FORK STREET, AR	US
S2-72944171	Onyx Best Best Corp	AR, HETH, 00148 ST FRANCIS 519 ROAD	US
S2-172058052	GSVISIONCOM	324 1/2 HARMONY MILLS LOFTS, COHOES, NY	US
S2-937703023	Symphony  Distributors Private Limited	H NO 1179, PANCHAKULA, HARYANA, हरियाणा	India
S2-679190243	CLZ Marketing Pvt Limited	H NO -70 PVT, A-39, 2ND FLOOR, RABA ROAD NAJAFGARH ROAD INDUSTRIAL AREA, NEWDELHI, दिल्ली	India
S2-549794568	Sullivan Wcrldre	4314 JASON DRIVE, PHOENIX, AZ	US
S2-552487507	Red & Brothers-Howrah Corp	34/1/1, RAJ BALLAV SAHA LANE GROUND FLOOR, HOWRAH, West Bengal	India
S2-114121811	Martinez Beacon Telephone, Inc.	UT, 1628 GARFIELD AVE, SALT LAKE CITY	US
S2-138478502	SHAFFER, LOVE + HALL LIGAND P.C. #98587	821 LAKE ST, OAK PARK CDP, IL	US
S2-1722538	LLC SECURE GREEN BITCOIN	2578 12TH AVE, SEATTLE, WA	US
S2-159004257	Kessler Cateigng	127 HOBART STREET, SOUTHINGTON, CT	US
S2-568026492	Hernandez Dogecoin L.L.C.	AK, ##3305 SHARATIN ROAD, KODIAK ISLAND BOROUGH	US
S2-159064454	Valley Holdings Seneca	OK, 18987 4185 Rd, CLAREMORE	US
S2-761989439	Ganpat (India) Consultants	B II/0029, MOHAN CO-OPERATIVE INDUSTRIAL AREA MATHURA ROAD, SOUTH, NEW DELHI, Delhi	India
S2-107888981	Monarrhc	1062 MAPLE STREET, OH, CLYDE	US
S2-924946907	Johnston P.C.  Couriers	VA, ROCKBRIDGE COUNTY, 4898 LEE HIGHWAY	US
S2-575166296	Ames, Taylor & Mckinney LLC	NY, 01080 87, CATSKILL	US
S2-826030024	Solutions Bangalore Processing (Ltd)	HN D/898 VI/42Q UMMER BUILDING, KONATHUKUNNU PO, Kerala	India
S2-715243543	Bia Horse-Ltd Star	001419 SKYWATER ROAD, GRAVOIS MILLS, MO	US
S2-895797947	apex international school company	A-204, KAILASH ESPLANDE, OPP. SHREYAS CINEMA, L.B.S. MARG, GHATKOPAR (WEST), Maharashtra	India
S2-175642159	Ashby Services	10 SHEPHERD ST, CORDOVA, AL	US
S2-921287883	Cancer Society Co	375 AMHERST BEND, BEAVERCREEK TWP, OH	US
S2-920169761	परफेक्ट कंस्ट्रक्शंस प्राइवेट लिमिटेड	PL. NO 69/170, 2ND FLOOR, MOKHA TOWERS RING ROAD, TRIMURTI NAGAR, NAGPUR, Maharashtra	India
S2-539779970	Daffodils Traodders Enterprises Pvt Ltd	SCO NO 31, FIRST FLOOR EKTA COMPLEX NEAR NEW BUS STAND, KURUKSHETRA, हरियाणा	India
S2-484700872	North 24 Parganas [Devi]	43 NATAGARH GHOSH PARA, PANIHATI(M), PANSILA, NORTH 24 PARGANAS, পশ্চিমবঙ্গ	India
S2-156874802	kathlingaddyhartford.com	1628 -311 OLD DONATION PKWY, VIRGINIA BEACH CITY, VA	US
S2-782971697	btprivate.com	301 305 3RD FLOOR SURBHI COMPLEX NEAR MUNICIPAL MARKET C G ROAD NAVRANGPU, RA, AHMEDABAD, Gujarat	India
S2-642855647	Vijay LLP-Center	216-, MODEL COLONY, NEAR RANA PARTAP PARK, JAGADHRI, Haryana	India
S2-260885692	Utsav Pali  Corp	EDEN RADIANCE, 1ST/5 FR, FL-1A, 1450 MADURDAHA, KOL, KOLKATA, KOLKATA, West Bengal	India
S2-698001157	Gangendra Co Financial	DOOR NO. 173/13, ATHANI, ERNAKULAM, Keralam	India
S2-582984116	Wildlife Sóciety		US
S2-331339262	Dr Kanakia Private Limited [Services]	2ND FLOOR, ABOVE ANAND BHANDAR, WHC ROAD, DHARAMPETH, NAGPUR, Maharashtra	India
S2-543930400	ಆಲ್ ಟೆಕ್	ASSET NO. 52204040, INDIRANAGARA AMRUTHUR HOBLI, KUNIGAL, TUMAKURU, Karnataka	India
S2-564916390	Nexiq Science,	FAIRFIELD, #1960 GRANDE CIRCLE, CA	US
S2-636839041	Annika Gift	NO 59 , UNIT VI, GANGA NAGAR, BHUBANESWAR, Orissa	India
S2-597159535	Little Grill Ltd	75 LAURELWOOD LANE, null, HIGHLANDS, NC	US
S2-762023797	Orellana Kensington		US
S2-63044075	Gennie Kendrick Biracilik	6858- CLARET DR, PRESCOTT, AZ	US
S2-389587679	गुरु फाइनेंस प्राइवेट लिमिटेड	PUNE, DOOR NO A-738 HARI GANA BLDNO-C2 FLNO- 403 SNO-129 HNO-1 YERWADA PUNE, Maharashtra	India
S2-160694137	RIYA &	SR. NO. 48/, MORE SHRAMIK VASAHAT PAUD ROAD, KOTHRUD, PUNE, महाराष्ट्र	India
S2-187514897	INDIA CASTINGS COLOUR PRIVATE LTD	NO 14TH FLOOR, FLAT NO. 1403, A WING DEVCHAYA, RAWAL PADA, SHIV VALLABH X ROAD, DAHISAR (EAST), MUMBAI, DAHISAR EAST, महाराष्ट्र	India
S2-946002985	... Foods Shaper Private Ltd	GOBICHETTIPALAYAM, A-360/1, ERODE, தமிழ்நாடு	India
S2-61330089	LLC Liberty Cgpoley	3427 Pachmann Rd, RIO RANCHO, NM	US
S2-281309190	Sai Energy Constructions Private Limited	2207, KISHAN COLONY FATEHPUR, PUNDRI, Haryana	India
S2-53273621	PINNACLE GREAT OXFORD PLLC	3015 RANCH GATE LN, ROSENBERG, TX	US
S2-86506536	Owners Sunset Avenue 3773 Corp.	16 WALDEN SQUARE ROAD, CAMBRIDGE, MA	US
S2-232594161	Carlye Mcadams Motor	3 ALEPH CT, BEAR, DE	US
S2-577969603	Bivyan Chit Private Limited	M-15, FIRST FLOOR, BLOCK M, GREEN PARK MAIN, NEW DELHI, Delhi	India
S2-26081285	CORNERSTONEPAMPA.COM	12380 4ND ST, YUCAIPA, CA	US
S2-637500424	Dr Sanjay Sangh Sangh Exports	55, 1 FL, NANGAMMA LAYOUT, 2ND CROSS MANORAYANAPALYA, BANGALORE NORTH, Karnataka	India
S2-589492301	family care of fairfax county	4535 WHITTEMORE PLABE, FAIRFAX COUNTY, VA	US
S2-790721694	Upper Macedisofn LLC	WILMINGTON, 601 BRENDA DR, NC	US
S2-449617627	Build Cae Private (Limited)	ROOM NO. 5 & 6, PLOT NO.15/B, ANAND VIHAAR SOCIETY NEAR ST. ELIAS SCHOOL, 20TH ROAD, KHAR -, WETS, MUMBAI, Maharashtra	India
S2-555846632	Michael Pétroleum	10601 VICKERS DRIVE, VIENNNA CITY, VA	US
S2-904673479	Clark, Darby & Grimes Partners	NULL, 18611 EACH ELM WAY, TX, HOSTON	US
S2-34449822	Mrigaya International School LLP	B60, SANGAMESHWAR KRUPA, DARGA JAIL ROAD SHAKTI NAGAR, BIJAPUR, ಕರ್ನಾಟಕ	India
S2-508784928	Gertrudis Miranda Reliable Reliable Open Partners	5123  Harpers Farm Rd, COLUMBIA, MD	US
S2-54240174	GATECH  HOLDING	#4875 WHIPSAW CIRCLE, PMB 2367, PRESCOTT VALLEY, AZ	US
S2-993723166	Sullivan Group Holdings	01 MCKINLEY ROAD, OTTAWA, IL	US
S2-873057303	BJ.COM	C-67, GOVINDPURI, THATIPUR, GIRD, GWALIOR, Madhya Pradesh	India
S2-682660453	rathi holdings		India
S2-745068457	castanospecialists.com	38 SHORE RD(OLD GWCH), GREENWICH, CT	US
S2-379148212	ALLEN (INDIA) HOTELS PRIVATE (LTD)	20/819, KOLUTHARA BUILDINGS, NEW BAZAAR ROAD, OPP FEDERAL BANK, MEENACHIL, Kerala	India
S2-884398242	નોર્થ એક્સપોર્ટ્સ પ્રાઇવેટ લિમિટેડ	506, ZION Z-ONE, NR. AVALON HOTEL, OFF. SINDHUBHAVAN ROAD, AHMADABAD CITY, AHMEDABAD, Gujarat	India
S2-792661362	VISION MIDWEST CARE CARE FOUNDATION	506 1/2 25ND AVE, HUTCHINSON, KS	US
S2-869995817	fellowshipst.com	##88 CUTTERMILL RD, GREAT NECK CITY, NY	US
S2-938256871	ডায়নামিক ইন্ডাস্ট্রিজ প্রাইভেট লিমিটেড	78/A, RAJA RAM MOHAN ROY SARANI, HOWRAH, KOLKATA, পশ্চিমবঙ্গ	India
S2-293759502	పర్‌ఫెక్ట్ యునైటెడ్ మీడియా ప్రైవేట్ లిమిటెడ్	BLOCK A-793 B-55/56, A P I E, BALANAGAR, HYDERABAD, ANDHRA PRADESH, ANDHRA PRADESH, HYDERABAD, Telangana	India
S2-153334775	Delta-Charter School Ltd	AR, LITTLE ROCK AIR FORCE BASE, 1993 ARNOLD DR	US
S2-769858942	Bharat Estate Stores Private	H.N. 04162, SECTOR D, PKT, VASANT KUNJ, SOUTH DELHI, Delhi	India
S2-556830291	Berger Gaming	1452 ELLSWORTH ROAD, MESA FOUR PEAKS, AZ	US
S2-625988543	సన్ బెస్ట్ సొల్యూషన్స్ ప్రైవేట్ లిమిటెడ్	PLOT NO 126 FLAT NO 102 RAJIV NAGAR, HYDERABAD, Telangana	India
S2-193995593	Dermatology Midwest Center LLC	130 7TH AVE, WAVERLY, IA	US
S2-532543036	Mlg Mills Private	H.NO 872 S.F NO.192/2, SIDCO VICHOOR, CHENNAI, Tamil Nadu	India
S2-752363850	Berry Saul		US
S2-679333576	Global-Pbc	189 UNION ST, PARAGON, IN	US
S2-726045392	LEO ON  (INDIA) PRIVATE	Madhya Pradesh, BLOCK C-299  C/O JIVAN SINGH S/O RANCHHOD, JAMONIYA TONKKHURD, DEWAS	India
S2-811863966	EYE ASSOCIATES LLC LLC	948 CARSWELL AEVNUE, ELK GROVE VILLAGE, IL	US
S2-918763928	Nguyen Studios L.L.C.	1119 KLICKITAT TER, OAK HARBOR, WA	US
S2-903418291	ívenexnevada.com	5351 OSAGE AVE, PORTAGE, IN	US
S2-785139940	Smt Rc Solutions LLP	FL NO 601 BLDG B CTS, 1231 TULSIBAUGWALECOLONY, PUNE CITY, Maharashtra	India
S2-248782105	Vanguard Fúnure P.C.	CHICAGO, #1521 62ND STREET, IL	US
S2-438678740	Borer LLC  Services	58 WINDSONG DRIVE, PLEASANT GROVE, UT	US
S2-824414038	and Phillips Mott, (Gates)	IL, 329- ELGIN AVE, DUNDEE	US
S2-211658593	হাইটেক ইনফ্রা প্রাইভেট লিমিটেড	WEBEL IT PARK, BARDHAMAN, West Bengal	India
S2-928122498	Automated Property Ssythms	1640 16TH AVENUE, AMARILLO, TX	US
S2-228779604	Physical Therapy	0010938 PETER ANDERSON RD, BURLINGTON, WA	US
S2-51363526	Dodson Vertical	34 RIVER EDGE DRIVE, POUGHKEEPSIE, NY	US
S2-150348786	... Ace Smart [Solutions]	FLAT NO.D/601, NASHIK, Maharashtra	India
S2-232105388	Service Liberty Inc	1199 SCHOOL STREET, ROCKFORD, IL	US
S2-930194769	M/s Mehta (India) Pvt. Ltd. Service	3050 VIBHAV KHAND GOMATI NAGAR, LUCKNOW, उत्तर प्रदेश	India
S2-253035404	VASU  FOUNDERS	B-1214/12F GAUR ATULYAM, GH-01A SECTOR-OMICRON-1, GAUTAM BUDH NAGAR, Uttar Pradesh	India
S2-49040855	COLOMBIERSUGAR.COM	4806-4808 PLANTATION COLONY DRIVE, SUGAR LAND, TX	US
S2-614260033	Ace National Treasury	13200 CHENAL PKWY, LITTLE ROK, AR	US
S2-646516046	2741 Union Boulevard Company LLC	05718 PLANK RD, CHARLOTTE, NC	US
S2-661443009	Rebekah Phillbisbs Supreme Choice Group Partners	318 CEDAR ST, NORTH LITTLE ROCK, AR	US
S2-840538759	Mbc Hospital Public Limited	West Bengal, #9 UNITY BUILDING, 2ND FLOOR, SEVOKE ROAD, SILIGURI	India
S2-828726837	BURDEN CONVERTIBLE LLC	4825 RIVERVALE DRIVE, SOQUEL, CA	US
S2-747145329	Blossom Advisors LLP	955 5, SAKSARIA BHAWAN, SIRAJUL HAQUE LANE, ASANSOL, West Bengal	India
S2-103972023	DALE GOLDAMN INC	2375 COUNTRY AIRE DRIVE, TOWN OF JACKSON, WI	US
S2-699134996	DANKO BRIDGE LAKESIDE INCORPORATED	11195 APALACHEE STREET, TUALATIN, OR	US
S2-878134898	Tarun & Company	DOOR NO 125 GH, VACHALA FALIA, AT/PO NANDARKHA TA. GANDEVI, NAVSARI, ગુજરાત	India
S2-105086356	General Network	74 Market Street, TACOOMA, WA	US
S2-898880623	Meenyi Oncology  Private Limited	S-2, PLOT NO. D-253 METRO PRIME TIRUPATI VIHAR-C, MANYAWAS, MANSAROVAR, JAIPUR, Rajasthan	India
S2-492826161	Bangalore Digital Limited Private	205, 1ST FLOOR, 3RD MAIN M S RAMAIAH CITY, J P NAGAR 8TH PHASE, BANGALORE, ಕರ್ನಾಟಕ	India
S2-891051005	TW Clear Galaxyedge  Corp	0104 TURNPIKE ROAD, null, CHELMSFORD, MA	US
S2-736787326	Axis Finishers Private Private Limited	ARAZI NO-423, BHANGR PANDA, PANDEYPUR, VARANASI, Uttar Pradesh	India
S2-719478517	आनंद वेंचर्स	NEW DELHI, Delhi, 00311	India
S2-14102665	Thrasher, Wanner 5tenson LLC Center		US
S2-660059542	Vanguard Infrastructure	SANGAMON ST, CHICAGO, IL	US
S2-382657775	DEVELOPERS MILIND ART PRIVATE	#20ARAJASUBEDH MULLICK SQUARE, KOLKATA, West Bengal	India
S2-561226892	Jo-Ann Millette Token [LLC]	BIG LAKE, 25412 167 1/2 ST, MN	US
S2-531458823	M/s SARVOTTAM GLOBAL	NO. 212, M BLOCK, KUVEMPUNAGAR, MYSORE, Karnataka	India
S2-681609924	Fanni Jradn Select Redwood LLC	NOBLESVILLE, 15769 EXPLORATION BLVD, IN	US
S2-962270896	Daher Empire Financial Downtown	3507 Rusk Ct, RICHMOND CITY, VA	US
S2-565630297	बेस्ट नॉर्थ पावर हार्डवेयर प्राइवेट लिमिटेड	Madhya Pradesh, HAMDIA ROAD BHOPAL, H.NO 36/17B SAKET NAGAR, BHOPAL	India
S2-539414515	Farah Realty Pvt Ltd.	NO 68 ANNEX BUILDING, FIRST FLOOR, NO 6, MAYOR V R RAMANATHAN ROAD, EGMORE NUNGAMBAKKAM, Tamil Nadu	India
S2-590774517	Private RVA Addibivse Limited	HINDI SAHIYA PARISHADBUILDING BULANDSAHAR, UTTAR PRADESH, ADAOLI, Uttar Pradesh	India
S2-934037681	Wittman Bridge of Hurricane City West L.L.C.	123 240, HURRICANE, UT	US
S2-108630610	hamann all electronic corp #69673	9545 WOOD CREST DRIVE, QUINCY, IL	US
S2-697958072	NOVEON MARKET	1720 JUNKER STREET, TX, ROSENBERG	US
S2-259858270	jacksonfirstshanghai.com	3 HOLLOW RD, SCHROON, NY	US
S2-287941364	ശക്തി ഇംപെക്സ് പ്രൈവറ്റ് ലിമിറ്റഡ്	9-557-4, VETTICKAL HOUSE, PALAKKAD, കേരളം	India
S2-323747399	Topete Brocker, and [Hicks]	10 PARKER HILL AVE, LYNN, MA	US
S2-945842043	Memorial Society  Clinic	500 OAK CREEK MEADOWS COURT, CHESTERFELD, MO	US
S2-331142396	Gmt Brcitrs Pvt. Ltd.	DOOR NO 883 , 14TH CROSS MAHALAKSHMI LAYOUT, BANGALORE, Karnataka	India
S2-169597264	रियल First ट्रेडिंग Limited	R-#45, ADVOCATE COLONY, PRATAP VIHAR SECTOR 12, GHAZIABAD, Uttar Pradesh	India
S2-772997011	Cecelia Watson Metro  Vision Center Inc.	1300 WILSON AVENUE, SAINT PAUL, MN	US
S2-251801751	WEST LTD (COURIERS) | www.westltd.com	17 BARTLETT DR, GEORGETOWN, MA	US
S2-560043342	L0TUS IT LTD	NO 91 E-57 CHITRANJAN MARG C-SCHEME, SAWAI MADHOPUR, JAIPUR, Rajasthan	India
S2-445568278	jai hands	A 406 GURUDEV VATIKA, SAMA SAVLI ROAD, VEMALI, VADODARA, ગુજરાત	India
S2-991457427	L.L.P. JALGAON COMMODITIES	POT NO. 16., GUT NO. 26, NIVRUTTI NAGAR, PIMRALA, JALGAON, महाराष्ट्र	India
S2-374779945	PO LLC Launchpad	1031 FLEET STREET, OAK HARBOR, WA	US
S2-27324542	Corporation Infrdssumciutre Royal	5006 SILVER LN, TN, COLLEGEDALE	US
S2-876721131	Urban Massage  Inc	1119 100, WASHINGTON, IN	US
S2-165930564	Infinity Techno Private		India
S2-781397767	Houghton, Nichols and Trosclair, LLC Service		US
S2-210903973	Sri Shah Height  (India)	OFFICE NO 38, G-17, ANSAL MAGASTIC TOWER VIKAS PURI, NEW DELHI, Delhi	India
S2-3256414	P.L.L.C. Bloomington Cultural Society	892 SHERWOOD HILLS DR, BLOOMINGTON, IN	US
S2-280726094	నార్త్ ఎస్టేట్ ప్రైవేట్ లిమిటెడ్	DOOR NO 12, HYDERABAD, VASANTH NAGAR KUKATPALLY, తెలంగాణ	India
S2-957143385	Alford Inc Rowe &	1222 LAVENDER DR, WI, KANSASVILLE	US
S2-651639632	विजय इंटरनेशनल प्राइवेट लिमिटेड	00979 D-1607/08 DSIDC NARELA INDUSTRIAL AREA, NEW DELHI, DELHI	India
S2-811707035	Private Sonali Mbamkftisng [Limited]	127, GROUND FLOOR SAHARA SHOPPING CENTRE, INDIRA NAGAR, LUCKNOW, Uttar Pradesh	India
S2-91404065	सन बिल्डर्स प्राइवेट लिमिटेड	B-108 & 113, EVEREST GRANDE, MAHAKALI CAVES ROAD, OPP. AHURA CENTRE, ANDHERI (EAST), MUMBAI, Maharashtra	India
S2-60818919	Shri Om Constructions  Corp	H.NO . B-0019, G/F JOHRI FARD, OKHLA, NEWDELHI, Delhi	India
S2-181154568	vareify vareify materials	420-A VINCENT ROAD, WILLOW GROVE CITY, PA	US
S2-327203402	ONDREA'S-TOWING ALLIED	GRENVILLE, TX, 1615 JOHNSON SAINT	US
S2-308734653	Horizon Australian Group	260 PASSIAC ST, PEACHLAND, NC	US
S2-915284751	JARLAY CONSOLIDATED CÓ	3170  EXACTA LANE, RALEIGH TOWNSHIP, NC	US
S2-867034949	MURIAL FULTON STÁR LIVING L.L.C.		US
S2-222745864	Jannel Tracy Allurion P.L.L.C.	DUKE CT, FREDERIICK, MD	US
S2-746717750	Kunde & Curry Co	001165 LAKE RD, WEBSTER, NY	US
S2-857071377	EASTERN SPA  MODERN LLC - 3276849040	52575 289ND AVE E, CWOETA, OK	US
S2-980846147	Nath College Private	061/1Z/35, TOPSIA ROAD, BEDIADANGA, West Bengal	India
S2-482353871	SELECT EXPRESS LLC GRAPHICS - 2808212719	TX, SAWMILL TRAIL, HOUSTN	US
S2-443406741	GRAND INTEGRATED WÍLLIAMS [METRO]	AZ, CHANDLER, N/A, 1608 SANTA ANNA CT	US
S2-764430935	Beacon Investment Group Metro	523 BENGSON COURT, ROUND LAKE CITY, IL	US
S2-867219610	ఆల్ స్టార్ ప్రాజెక్ట్స్ లిమిటెడ్	NO 8-3-898/20/2 NAGARJUNA NAGAR Y. R. GUDA, HYDERABAD, Telangana	India
S2-699301561	Chiropractic Medicine West LLC	1734 MARGARET LN, SALEM CITY, VA	US
S2-268932954	Nandesari Shoes Pvt	UNIT NO 108-111 #14 H M, GENEVA HOUSE, BANGALORE NORTH, Karnataka	India
S2-294114423	BERGERON  STUDIOS	WILDWOOD DRIVE, PRINCE GEORGE COUNTY, VA	US
S2-33267509	Caldova Advanced [LLC]	KY, BARBOURILLE CITY, #5004 HAMMONS FORK ROAD	US
S2-548542163	Vpg Skilldevelopment Ltd	Gujarat, #1253. MEHTA BHUWAN, LAVARNI POLE M.G. HAVELI ROAD, AHMEDABAD	India
S2-8299927	Thompson (Nlglá)	4050 Parkside Dr, KODIAK ISLAND BOROUGH, AK	US
S2-573471649	Sharyl Bufinton Krakacquisition	802 126RD AVE, AVONDALE GOODYEAR, AZ	US
S2-252321761	Red Properties Private	DOOR NO 104 HSR PRIDE APARTMENTS 4TH ROAD KTR COLONY NHZAMPET VILLAGE, HYDERBAD, Andhra Pradesh	India
S2-873164808	Housing Network Ii	5388 HIGHLAND DRIVE, SALT LAKE CITY, UT	US
S2-631451351	Vrm It Limited	15TH FLOOR 605, SHILP SATVED, BESIDE SINDHU BHAVAN, SINDHU BHAVAN ROAD, AHMADABAD CITY, ગુજરાત	India
S2-241726445	CHRISTOPHERSON, FRANCOIS  & CUMMINGS AUTOMOTIVE LLC	15822 WGLLOW DRIVE, FONTANA  TOWNSHIP, CA	US
S2-492786272	Plazma Brothers Ltd	FLAT N.D-4-901, MARVEL FRIA, WAGHOLI, TAL-HAVELI, HAVELI, Maharashtra	India
S2-613358495	Reyes Crypto Ínc	5624-5626 BROOKLYN AVENUE, SEATTLE, WA	US
S2-26324258	white investments private limited	PLOT NO 26, NEAR VISHVASH PLETINUM, SP RING ROAD, OGNAJ, CHANDLODIYA, AHMEDABAD, ગુજરાત	India
S2-131264573	Campbell, Kaufman and Lyman LLC Center	1712 MAIN STREET, PORTLAND, OR	US
S2-338288495	@hennessythomas	1764-C RACE DRIVE, DECATUR, IL	US
S2-162336156	Peak  Nexpoint Incorporated (ID: 30420)	TX, COLLINSVILLE OWNSHIP, DAWKINS RD	US
S2-519903945	Happy Deli Inc Center	228 1/2 NEW YORK AVE, NORTH HEMPSTEAD, NY	US
S2-200429808	ಫ್ಯೂಚರ್ ಟೆಕ್ನಾಲಜೀಸ್ ಜನರಲ್	#52/113BEERAPPA TEMPLE, STREET, KOLMI CHOWKI, NORTH KARNATAKA REGION, BELLARY, Karnataka	India
S2-325615566	Royal Retail Industries  Group	5591 EAGLE AVE SOUTHWEST, WASHINGTON TWP, IA	US
S2-61819749	Leloex Pents  Ltd	16 HANNAH ROAD, CLEVELAND, TN	US
S2-488984489	ग्लोबल कंसल्टिंग प्राइवेट लिमिटेड	DOOR NO 763 AMRAI GOUN, LUCKNOW, Uttar Pradesh	India
S2-79905632	STRAIGHT ÉDGE BISTRO LLC	25 SHATTARACK RD, STRATTON, VT	US
S2-444297111	*** Enlino Services	6381 ELECTRIC RAILWAY, CICERO, NY	US
S2-100598528	CASHEW BROTHERS PRIVATE PRIVATE LTD	H.NO 13 NO VI/858-M, SECOND FLOOR, VALAMKOTTIL TOWERS, JUDGEMUKKU, THRIKKAKARA P O, ERNAKULAM, Kerala	India
S2-716961117	Pediatric Dental Coastal Health Incorporated	#7528 BOONVILLE HWY, EVANSVILLE, IN	US
S2-319012131	Rider Elite Premier Partners	714 OAK HIIL AVE, KNOXVILLE, TN	US
S2-474346550	Internal Medicine  Cdcnic of Brooklyn Inc	2652 22 ST, PO BOX 6831, BROOKLYN, NY	US
S2-948826263	KANE, AMIE F., D.D.S., INC	259 48ND PLACE, MOUNT VERNON, WA	US
S2-103466554	Sorcha-Poe [Compass]	4361 NORTHGATE DRIVE, IRVING, TX	US
S2-927303907	LLC Hennessey Qdro	464085 960 RD, BUNCH, OK	US
S2-317560138	Veonoviveo	ALLEGHANY RD, DARIEN, NY	US
S2-614713174	STElNER & GRIMES LLC	2520 GLENMARY AVE, N/A, LOUISVILLE, KY	US
S2-200440168	Dynamics Data Strategic	NY, 3800 MONROE AVENUE, PITSTFORD	US
S2-727514766	AURORA EASTGATE MONTE	VALPARAISO, 2240-2244 YORKTOWNE DR, IN	US
S2-162977382	Chitturi &  Sons L.L.P.	VAIBHAV 4 LEE ROAD5TH FLOOR P S BHOWANIPORE, KOLKATA, KOLKATA, West Bengal	India
S2-734993182	Pediatric Dental Partners of Taylorville Inc.	929 1250 RD N, TAYLORVILLE, IL	US
S2-422648938	EADSVANHORNBHAVCOM	430 Waddell Road, MC DERMOTT, OH	US
S2-607666338	Systems Inoday-Communications Pvt Ltd.	SF NO.4-6, 7/1A, NANDHAVANA,M SEERANAMPALAYAM, IDUVAI POST, TIRUPUR, Tamil Nadu	India
S2-799199580	Gaynor Walton, DMD Inc.	45 CRESTVIEW RD, COLUMBUS, OH	US
S2-306085496	Mateja Holdings Service	7505 HUSKY WAY, OLYMPIA, WA	US
S2-662221399	Primary Care Associates Associates Center		US
S2-644264374	Heritage Fortune	219 1/2 BROADWAY AVENUE, MUSKOGEE, OK	US
S2-609334836	1046 Ocean Court Corp Service	#68 HIGHLAND GLEN DRIVE, RANDOLPH, MA	US
S2-365560637	SOSNOWSKI AND-MITYRE RESEARCH INC	Alisdale Drive, TOLEDO, OH	US
S2-902813527	Sindkhed Raja Fintech Private (Limited)	BLOCK A-257 C/O, AMRUTA VITHOBA SAVAD, ATKAR, AT MOHAKHED, MOHAKHD, SINDKHED RAJA, Maharashtra	India
S2-785378860	Nexeas Printing Llc	#1526 EIGHTH AVENUE, BIRMINGHAM, AL	US
S2-274109622	Shree Trust Industries Services	38 RAMACHACHANDRAROAD RS PURAM, COIMBATORE, Tamil Nadu	India
S2-437494471	Hosakote Power		India
S2-548863919	Crisfield Lafayette	MD, CRISFIELD, 26498 OLD STATE ROAD	US
S2-91953344	Dental Interstate Care Valley	905 Amy St, GADEN CITY, KS	US
S2-601262506	Smt Vasu Polytechnic Pvt Ltd	6-3-896 & 892, GROUND FLOOR, THE BELVEDERE RAJ BHAVAN ROAD, SOMAJIGUDA, తెలంగాణ	India
S2-178867720	PPX Infrastructure Holdings	2714 312, CORBIN, KY	US
S2-41514279	Regional Wellness  Associates	TWELFTH AVENUE, AMARILLO, TX	US
S2-600115417	Iriarc	H.NO 56, BANGALORE SOUTH, BANGALORE, Karnataka	India
S2-960361858	Complete Capital Income Ltd	4166 CAPRI AVE, MESA, AZ	US
S2-265951472	Apex Exports	T-3, 7TH FLOOR, SUNBEAM CHAMBERS, VITTHALDAS THACKARSEY MARG, NEW MARINES, LINES, MUMBAI, <NULL>, Maharashtra	India
S2-498477128	3448 Sixth Ave		US
S2-292552164	Dermatology Care Allied LLC	COUNTY ROAD 404 LOOP, DAVILLA, TX	US
S2-710971383	LLC Cifuentes Bay Ais	201-22 35 AVE, BAYSIDE, NY	US
S2-645024489	DUDEK INTEGRATED ROCKY  LLC	BATON ROUGE, 5940 CYRUS AVE, LA	US
S2-405135059	zzmaharashtra.com	TC 28/550, SAMSTHANA MANDIRAM, EZHUTHACHAN NAGAR, NEAR VADAKKE BUS STAN, D, THRISSUR, കേരളം	India
S2-387965728	ଭିଜନ୍ ଟେକ୍ନୋଲୋଜିସ୍ ପ୍ରାଇଭେଟ୍ ଲିମିଟେଡ୍	PLOT NO - 350/436, KHORDHA, Odisha	India
S2-222674377	M/s Forgings Devi Ltd	SURYANARAYAN VILLA, HATTALA ROAD, NEAR SBI ATM, KANKSA, West Bengal	India
S2-760590368	प्रीमियर एक्सपोर्ट्स एलएलपी	###109, MEERUT, Uttar Pradesh	India
S2-829251462	Sahil Brothers Enterprises Private	OFFICE NO. 15, KOMAL COMPLEX PLOT NO. 305, WARD - 12B, GANDHIDHAM, Gujarat	India
S2-47852966	HAN Clear Williams Llc	603 15TH ST, SUNNYSIDE TOWNSHIP, WA	US
S2-564915463	PREMIER MORTGAGE	2019 Elk Road, COFFEYVILLE, KS	US
S2-981256053	Mclaurin Royal Company Service	5843 DARROW RAOD, HUDSON, OH	US
S2-854959253	CHIROPRACTIC GULF CARE L.L.C.	12305 VILLA HERMOSA CT, SUN CITY WEST, AZ	US
S2-888017647	Ember Metro Inc	CLIFTON PARK TOWNSHPI, ##9 HAWTHORN COURT, NY	US
S2-649938200	Industrial Welfare Society [Ltd]	H.NO 8B RAJENDRA PARK, NEW DELHI, Delhi	India
S2-424537185	DESIGN CONSTRUCTIONS PVT LTD.		India
S2-611600991	சிவ் டிரேடிங் பிரைவேட் லிமிடெட்	16, CHENNAI, Tamil Nadu	India
S2-146516261	Interfaith Ministries	Juniper St, BATH, NY	US
S2-378820746	Consultancy Aesthetics Pviae Limited	TC/70/1060, ATTUKAL, MANACAUD, THIRUVANANTHAPURAM, THIRUVANANHAPURAM, Kerala	India
S2-663049678	Delhi-Limited Controls	FF-04 PEARLS OMAXE POWER, NETAJI SUBHASH PLACE, DELHI, Delhi	India
S2-277126355	GADRE  LLP CENTER	B-#36, BADA MOHALLA, KHANPUR, NEW DELHI, दिल्ली	India
S2-655804813	Omkara Ventures Ventures Prvibte Limited	D-142, BLOCK-D, SOUTH CITY-1, DLF QE, Haryana	India
S2-650540638	Wendie's Wendie's Security LLC	9510 45TH AVENUE, SOKANE, WA	US
S2-666899523	SUAREZ ÉNDOCRINOLOGY LLC	31 EUTAW ST, PMB 8669, LAWRENCE CITY, MA	US
S2-979119575	departmentbuildingscom	812 ENTERPRISE ROAD, FAIRFIELD, IL	US
S2-747478411	SHAKTI ENTERPRISES PVT LTD	B-108, BUILDING NO. 8, ASTAVINAYAK CHS LTD., ROAD NO. 7, MIDC, NR. AKRUTI TRADE CENTE, R, ANDHERI, Maharashtra	India
S2-643744129	ब्लू विजय इन्वेस्टमेंट्स जनरल प्राइवेट लिमिटेड	THANE, Maharashtra, 103, THANE	India
S2-527059989	Nova Corp Corp	4605 WHITEWELD TERRACE, WILMINGTON CITY, NC	US
S2-428308433	Annabel Heider Muzero Corp	1621 1/2 11TH STREET, ANACORTES, WA	US
S2-161476122	Shri Yashvardhan Educational Society		India
S2-574321972	Etf Inc | www.etfinc.com	2016 MEADOW SPRINGS DR, N/A, HASSLET CITY, TX	US
S2-466877271	Livingston Direct 5ummit Inc	201 208, ROBY, TX	US
S2-149284548	Mr metrocomponents.com	OFFICE NO. 1, AMI DRASTI, OPP MANAV KALYAN KENDRA, DAHISAR EAST, Maharashtra	India
S2-409220710	Smt Aum Tráders LLP	D.NO.40-6-29, HOTEL KHANDHARI LANE VENKATESWARA PURAM, VIJAYAWADA, ఆంధ్రప్రదేశ్	India
S2-813569572	F Y & Ú Taxable	NY, 164-32 88 ST, HOWARD BEACH, PMB 9494	US
S2-998885968	ONCOLOGY CARE ASSOCIATES LP	320 BLAIR RD, DRY RIDGE, KY	US
S2-605936287	lnc Best Gulf Real,	8349 E LAW ROAD, LIVERPOOL TOWNSHIP, OH	US
S2-162888799	Coriss's Massage	#6712 DOROTHY GILES COURT, ALEXANDRIA, VA	US
S2-485419143	Indraprastha (India) Builders Ventures Private	H.NO ##81 IMALIYAGANJ PAYAGPUR BAHRAICH, UP, BAHRAICH, Uttar Pradesh	India
S2-741490013	DOVAPYRA	360 VAN BRUNT ST, BROOOKLYN, NY	US
S2-569638765	Passalacqua & Evans Epr Midtown LLC	709 Church St, CAMBRIDGE, MD	US
S2-575271306	lakshmialltechnology.com	MIG1/222 YOJNA NO 3, ALLAHABAD, उत्तर प्रदेश	India
S2-475678806	nea total tge	4218-4222 PARDEE ST, PORTLAND, OR	US
S2-746406395	HOLISTIC & ASHICIDAES  INDUSTRIES	H.NO 428/9 PARADISE TOWERNAUPAD GOKHALE ROAD, THANE, Maharashtra	India
S2-781210535	(india) Nanjil Small Pvt	10, SIKKA COMPLEX, COMMUNITY CENTER, PREET VIHAR, EAST DELHI, Delhi	India
S2-613251572	GAUTHIER IMMERSION DOWNTOWN	OH, AKRON, 745 CLYDE ST	US
S2-48866343	Miner Sterling Steers Ltd	256 21ST ST, OH, NEWARK	US
S2-518424724	SIISHOLDINGS.COM	3738 1ST AVE, EDGEWATER, MD	US
S2-814881099	Megan Foundation Private Ltd	222 , 8-2-293/82/A/222 ROAD NO.17, JUBILEE HILLS, Telangana	India
S2-194307610	H0USMAN ARIA LLC	2454 BROAD STREET, FRANKFORT, NY	US
S2-525213039	panchamprivatesoftwares.com	West Bengal, DOOR NO 238B A J C BOSE ROAD4TH FLOOR, KOLKATA	India
S2-637536373	Cook Mountain  Charles Westgate LLC	WEST VALLEY CITY, NULL, UT, 873 MANDAN AVE	US
S2-520104827	Gravett Vanguard Gesher Westgate LLC	033 WILLETT WAY, PO BOX 4847, GREENSBORO, NC	US
S2-287126012	ইন্টারন্যাশনাল কনস্ট্রাকশনস এলএলপি	CALCUTTA, KOLKATA, পশ্চিমবঙ্গ, PODDAR COURT11TH FLOOR	India
S2-383822500	Advanced Avrit's LLC Wireless	3641 REAVIS BARRACKS ROAD, LEMAY, MO	US
S2-991699777	DIPASQUALE + DUARTE	LITTLE ROCK, SHAMROCK DR, AR	US
S2-672080705	Carroll and Mauch Co Services	3860- LYNWARD ROAD, COLUMBUS, OH	US
S2-82665539	Corrigan Medical Center Ltd	357 MAKR ROAD, REIDSVILLE CITY, NC	US
S2-222042072	THE DENT HAIR STUDIO	260, PAYYSON, AZ	US
S2-215156674	Sydel Palacios Elite Iron Works	90 AVALON CIR, NESCONSET, NY	US
S2-421035180	Lenna Palacios, ZDS	2731 POMME MEADOWS DIRVE, ARNOLD, MO	US
S2-98707133	Cary Clear Produce	LAUREL TWIST RD, CARY, NC	US
S2-714861139	रॉयल टेक प्रा. लि.	FLAT NO. G1 SHUBHAM HERITAGE, VASAI, THANE, महाराष्ट्र	India
S2-778927796	ఫార్చూన్ ఇన్ఫోటెక్ ప్రైవేట్ లిమిటెడ్	HN 470/2 1-66, MUDINEPALLI, DEVAPUDI, VIJAYAWADA REGION, KRISHNA, Andhra Pradesh	India
S2-676382349	LITTLE MASSAGE CENTER	CYPERSS CDP, #16002 SYCAMORE MAPLE LANE, TX	US
S2-546407954	AMERICAN ÁURORA LLC	INDIANAPOLIS, IN, 3712 HILLSIDE AVE	US
S2-583271471	Sasoft  Partners Ltd	1549 TEAL WING LN, MEMPHIS, TN, PO BOX 2049	US
S2-67760526	ಸ್ಕೈ ಟೆಕ್ನಾಲಜಿ	D/1200 B, 28TH MAIN, 35TH C, CROSS RD, 4TH T BLOCK, BANGALORE SOUTH, BANGALORE, ಕರ್ನಾಟಕ	India
S2-866481396	Pacific Better Hospitality P.L.L.C.	121 WALFORD WAY, BOSTON, MA	US
S2-426481260	Berti Phillips	100 LINDSEY AVE, METROPOLIS, IL	US
S2-824783934	thomasa roney, ph.d., pc care	21 INDIAN RIDGE RD, STTOW, MA	US
S2-868574975	SOLUTIONS GK LIMITED SERVICES	#81 GROUND FLOOR 1ST MAIN 4TH CROSS MUTTURAYANAGAR R V COLLEGE POST, BANGALORE, Karnataka	India
S2-446231905	ఏస్ డ్రీమ్ టెక్నాలజీస్ జనరల్ లిమిటెడ్	C/OSREELATHA KESHI NEW 4, KAMAREDDY TOWN II, NIZAMABAD, Telangana	India
S2-747396458	Kanishka Clarity Pcrgre Limited	G.A. 5-00 SAILASHREE VIHAR, BHUBANESWAR, Odisha	India
S2-299591716	SNOWDEN LEGATO, LLC		US
S2-628294685	Kosher Nursing Home  Co	NO.49, FIRST MAIN, THIRD PHASE, J.P. NAGAR, Karnataka	India
S2-656960149	KORORBI	3066-3070 NEBRASKA AVENUE, TOLEDO, OH	US
S2-48939070	TRAN'S TOTAL MOTORS	8909  SQUIRE CT, INDIANAPOLIS, IN	US
S2-987659709	CINDELYN FOSTER-ENBRIDGE LLC	882 DEFIANCE SAINT, OTTAWA, OH	US
S2-635511596	OY-ENGINEERING INC	795 LIVINGSTON AVE, NULL, ALANY, NY	US
S2-202081914	Troy Federation Youth		US
S2-448710587	Up Chemicals Public	75C, PARK STREET 4TH FLOOR, UNIT 4/4, KOLKATA, KOLKATA, West Bengal	India
S2-636666981	સુપર કેર પ્રાઇવેટ લિમિટેડ	031/A, SHRI SADGURU NITYANAND CO.OP.H.SO LAXMIKANT ASHRAM ROAD, KATARGAM, SYNO 280, /2, 282, 285, SURAT, ગુજરાત	India
S2-176116039	Bharathi Realty Pvt	C/O PREETI DHANUKA, TARUN ALO APARTMENT, BARRACKPORE, West Bengal	India
S2-655596796	NOEMI'S MORTGAGE  INC	884 HIGH MOUNTAIN DRIVE, CASHIERS, NC	US
S2-58406671	ಜಯ್ ಕನ್ಸಲ್ಟೆನ್ಸಿ ಪ್ರೈವೇಟ್ ಲಿಮಿಟೆಡ್	NO 375, BANGALORE NORTH, BANGALORE, Karnataka	India
S2-382973609	ऑल इन्वेस्टमेंट्स प्राइवेट लिमिटेड	HAVELI, Maharashtra, FLAT NO.D-401, NEO CITY, PH-1, GAT NO. 735, PUNE	India
S2-336509725	ओम केयर प्राइवेट लिमिटेड	2018 BLDG NO.3, ADINATH TOWER CTS NO. 374, BORIVALI WEST, MUMBAI, Maharashtra	India
S2-622300061	... Ray Preferred Partners Center	22053 SHORE DR, SEAFORD, DE	US
S2-132895527	Usa Inc	38 BENJAMIN ST, MERIDEN, CT	US
S2-852877291	ইন্ডিয়ান সার্ভিসেস প্রাইভেট লিমিটেড	JL NO 196, SUBPLOT 30, VILL BRAJNATHCHAK PO - HALDIA TOWNSHIP, HALDIA, <NULL>, West Bengal	India
S2-652381513	AMG MUKUND PRIVATE LTD	G-12-59 CHITRANJAN PARK, NEW DELHI, Delhi	India
S2-942493091	Hartzell Integrated Dóllár	5200 U STREET, FORT SMITH, AR	US
S2-893669875	Anchor Supply Dynamics Co	317 ELMHURST CIRCLE, SACRAMENTO, CA	US
S2-806324381	Finance Foreign (india) Holdings Company	S507, SCHOOL BLK, SHAKARPUR, MANOKAMNASIDHDURGA MANDIR, NEW DELHI, दिल्ली	India
S2-231688856	Tech Trading Private	F-0244 & 245, SECOND FLOOR, NEW RAJINDER NAGAR, दिल्ली	India
S2-885365561	Eye (Clinic)	AZ, YUMA, 009797 32RD STREET	US
S2-463617918	Beacon Crystal Block P.L.L.C.	40 HAZEN STREET, CHELMSFORD, MA	US
S2-369458829	Private New Investments Ltd	Kerala, KOZHIKODE, 17/581 V	India
S2-454272837	Urgent Care Specialists [Co]	CALABASH RD, CALABASH, NC	US
S2-426153797	Nevarez, Staley and Cunningham Máintenance LLC	27 LAKE FOREST CT, ST CHARLES, MO	US
S2-845463620	#hanumaneducational	Maharashtra, B/3-02, S. NO.221 TO 223, THE SPIRES, PUNE CITY	India
S2-739603930	Mr Bharat Technology Pvt Ltd	NO 12 B, LALA LAJPAT RAI SARANI, KOLKATA, KOLKATA, West Bengal	India
S2-326946504	Southern Global	3142 H194 DOUGLAS AVENUE, SPRINGFIELD, IL	US
S2-379795941	লাইফ ফাইন্যান্স এলএলপি	20 PARKSIDE ROAD, KOLKATA, HOWRAH, পশ্চিমবঙ্গ	India
S2-764329448	Brush, Jillene, M.D. Northside Corp	0016497 MARVINDALE ST, MINERVA, OH	US
S2-385546967	Select Preferred Home	154 ROXBURY RD, GARDEN CITY, NY	US
S2-216377044	pranrajsciences.com	H/O HASIBUR RAHMAN, VILL-BARIJAN POTHIMARI JAGIR WARD NO. 02, P.O. SONTHA, P.S. KOCHADHAM, IN, KISHANGANJ, Bihar	India
S2-405574649	BAUER GREAT	6138 CHERRY RIPE LANE, KATY TTOWNSHIP, TX	US
S2-743560610	EFYE Institutions Care	9800 GRAY LAKE RD, GILLETT, WI	US
S2-838493982	Private Seven Global Ltd	7-10, West Bengal, NADIA, CINEMA HOUSE LANE, KRISHNAGAR, WARD NO. 18, KOTWALI NADIA	India
S2-12796093	Private Bombay Klrihnna Systems Limited	POOVALAMBEDU DIST TIRUVALLUR, 15 OLD NO 8 MADHA CHURCH STREET ROYAPURAM, Tamil Nadu, CHENNAI	India
S2-955730734	Private Shaikpet Capital Ltd	G-2ND FLOOR, PLOT NO755, ROAD NO36, HYDERABAD, SHAIKPET, Telangana	India
S2-241868453	Smart Food Private-Ltd	DOOR NO 19 C/O ANIL KUMAR SINHA, KACHHI GHAT CITY MAROOFGANJ, PATNA, बिहार	India
S2-436621421	brad (india) nidhi pvt. ltd.	LNJ NAGAR MORDI, BANSWARA, Rajasthan	India
S2-824443353	PROEM MISDDEST MOTA	IN, WEST TERRE HAUTE, 113 8TH ST	US
S2-305427278	HILL  ARC	OH, TWINSBURG, 11238 FREDERICK LN	US
S2-625317694	U 9 A Braves	519 RAMUNNO DRIVE, MIDDLETOWN, DE	US
S2-570191750	privateparksquare.com	3RD FLOOR, RATNANJALI SQUARE, NEAR GLORIYA RESTAURANT, PRENATIRTH DERASAR ROAD, SATELLITE, AHMEDABAD, GANDHINAGAR, ગુજરાત, 316	India
S2-99445931	Norfolk City Keystone Co	7213. RALPH STREET, NORFOLK CITY, VA	US
S2-343318003	गोल्ड कृष्ण प्रॉपर्टीज प्रा. लि.	#93 212, 4206/45 SUJATA SAHKARI GRUH, NIRAMAN SANSTHA, NAGPUR, महाराष्ट्र	India
S2-596751909	CHIROPRACTIC GREAT	FRANKLIN, 58 CENTRAL STREET, MA	US
S2-239425365	Innovative Supply Enterprises Holdings	7339 1/2 BRIDE WATER BLVD, COLUMBUS, OH	US
S2-42670115	... Pa0ne  Core Inc	6024-A RUSSELL AVE, MINNEAPOLIS, MN	US
S2-520831059	பாலாஜி பிசினஸ் பிரைவேட் லிமிடெட்	NO 23A, DISTILLARY ROAD VADASERY, NAGERCOIL, KANYAKUMARI, Tamil Nadu	India
S2-982439832	सेवन हॉस्पिटैलिटी प्राइवेट लिमिटेड	5A/5 KAMAYANI HOUSING SOCIETY TRIVEDI NAGAR, THANE, BOISAR, Maharashtra	India
S2-944030245	Krishna Logistics Private Ltd	GR-FR; FL- SHOP, 50/90/1/6, PRINCE ANWAR SHAH ROAD, KOLKATA, KOLKATA, West Bengal	India
S2-491074769	Legacy Company Cénter	6721 JOHN DR, FT WORTH, TX	US
S2-777835859	Temple Chapel LLC	333 MIN SAINT, HUDSON FALLS, NY	US
S2-330756776	Shri Satyaraj Media Limited Center		India
S2-978253391	Ross One Group	2015 -1005 ATLANTIC AVE, VIRGINIA BEACH CITY, VA	US
S2-180999100	Global More Auto Private (Ltd)	95 , MOSQUE, P-1 GOLD SIGNATURE, FRAZER TOWN, BANGALORE, ಕರ್ನಾಟಕ	India
S2-921776853	... Castanon's Barmt Eye Care Partners	005355 HUDSON RD, GLWAY, NY	US
S2-466601080	Neal and Asae Figx	21758 TOVAR RD, HARLINGEN, TX	US
S2-960372483	LLC GOLDEN SACHS	4954 RODEO WALK DRIVE, CITY OF HOLLADAY, UT	US
S2-452973108	Keystone  Corp	2700 TRIMMIER ROAD, KILLEEN, TX	US
S2-613431408	Scholarship Coalition LLC	3260 HIGHWAY 70, JACKSON, TN	US
S2-244693640	Costilla Best Dogecoin-LLC	ANGEL STREET, KAYSVILLE, UT	US
S2-189892225	Private Landmark Interiors Límited	#433 GODOWN-4, GURGAON, Haryana	India
S2-193586650	aguilar supreme fusion inc	7205-C HIGHWAY 66, null, TIMBO, AR	US
S2-499421234	Technosys Ventures Corp	UNIT NO 7, 2ND FLOOR, 10F LOKENATH BOSE GARDEN, A. C LANE, KOLKATA, West Bengal	India
S2-737521149	Rice Equity Inc Partners	7509 MORGAN AVE, RICHFIELD, MN	US
S2-22257325	Valley Desert Top (LLC)	19139 114ND STREET, BIG LAKE, MN	US
S2-590829133	Dental Care Asoiatse Inc	332 LANAFIELD CIRCLE, BOONSBORO, MD	US
S2-132946102	4208 Main Street	13507 54TH AVENUE, SILVER FIRS, WA	US
S2-822123183	Purvis, Donna D., DMD	20620C 5TH AVE, SIERRA ADOBE, AZ	US
S2-637697607	Oncology Specialists Of Meriden Center	125 WILLOW STREET, MERIDEN, CT	US
S2-273475397	प्राइम भारत सर्विसेज	GREATER BOMBAY, EKTA MEDOWS, BLDG NO.1, KHATAU MILL, BORIVLAI EAST, Maharashtra, H.NO C-1902/03 DWING	India
S2-311402763	Apple-(lndia) Infraprojects Private Limited	106, LAJPAT RAI COLONY GOVINDPURA, BHOPAL, मध्य प्रदेश	India
S2-983169327	NEEDHAM  & PDWELL SKY LLC		US
S2-237726767	Lopes and Duff Partners	009113 TAVISTOCK DR, TX, HOUSTON	US
S2-242055718	Bríght-Tavern!	6722 SAYLES RD, JACKSONVILLE, AR	US
S2-614982030	PLANTERS BÁBA	NO 248 SOMANAHALLI VILLAGE UTTARAHALLI HOBLI KANAKAPURA MAIN ROAD, BANGALORE, Karnataka	India
S2-30000261	M/s LOTUS  INFOTECH PRIVATE LIMITED	H.NO. 18/- 106/31 VIP HOSTEL AMBAD, AMBAD, महाराष्ट्र	India
S2-495721928	FINANCESUITINGSSHATAKSHI.COM	BLOCK B-749 HOUSE NO-626-P, SECTOR-21, INDUSTRIAL COMPLEX DUNDAHERA, Haryana	India
S2-920706546	अर्बन डेवलपर्स प्राइवेट लिमिटेड	FLAT PO .- D/402 TOWER-2, AURIC SOCIETY, SECTOR 82, GREATER FARIDABAD, BALLABGARH, FARIDABAD, Haryana	India
S2-953005146	QN Global Dbdr Partners	3345 ROSEDALE AVE, UNIVERSITY PARK, TX	US
S2-889497510	Krishi &  Sons Private	30 / 581, MCD FLATS, AMBEDKAR YOJANA OLD NAME A4 T-HUT, SEC-20 EXTENSION, ROH, INI, DELHI, दिल्ली	India
S2-662032378	GO  ECO (INDIA) CORPORATION	1904, A WING, SANKALP 17, CHS LTD, NEW NAGPADA, MUMBAI, Maharashtra	India
S2-225197562	శ్రీ ఆగ్రో ప్రైవేట్ లిమిటెడ్	2-3-5-696, V WADI, TELUGU ACADEMY LANE, HIMAYATH NAGAR, HYDERABAD, HIMAYATHNAGAR, Andhra Pradesh	India
S2-421767648	Klock American Baings	9110. DEVLIN ROAD, VA, PRINCE WILLIAM COUNTY	US
S2-62301464	Steadfast-Institute - 4573793774	21/11B. 1ST MAIN, BYATARAYANAPURA, MYSORE ROAD BANGALORE, ಕರ್ನಾಟಕ	India
S2-373143276	Vetecex Group Group	NORTH TONAWANDA, 253 BRYANT STREET, NY	US
S2-620482053	Jarleus Chiron	14118 1/2 MILTON COURT, TIGARD, OR	US
S2-471521279	LLC MILLMAN AND SMITH RIVER	008209 BONNER DR, HOUSTON, TX	US
S2-94935137	Janis Entmrprise (Co)	COLONIAL BEACH TOWN, VA, 1414 LOSSING AVENUE	US
S2-21682473	ಆಲ್ ಮಾರ್ಕೆಟಿಂಗ್ ಲಿಮಿಟೆಡ್	ಕರ್ನಾಟಕ, 10TH CROSS, I STG, 6PHS MAHAGANAPATHI NAGAR, BENGALURU, BANGALORE NORTH, 449	India
S2-209019917	MARIAM'S OPTIMAL [CLEANING]	3 8TH AVENUE, PARKERSBUGR, WV	US
S2-790103191	INC TYLER ATLANTICUS	204 FORT AVE, BLACKSTONE TOWN, VA	US
S2-12434856	legacy learning consultants llc		US
S2-409549083	इंडो मैनेजमेंट प्रा. लि.	IN C/O RANJEET YADAV, AZAMGARH, Uttar Pradesh	India
S2-159175610	Cancer Trust	0450 BROWN ST, BETTENDORF, IA	US
S2-97857545	LLC RAMIREZ REALTY	MAPLETON, 1455 950, UT	US
S2-717577572	XKB (SPACE)	310 EZEKIEL AVE, ZION, IL	US
S2-133067225	Irving California  LLC	1711 OSPREY LANDING DR, HOCKLEY, TX	US
S2-212955583	APACE WBED PRIVATE LIMITED	S NO 48 /3 TF 304, ECM P S COLONYCHM, VPS, PENDURTHI, VISAKHAPATNAM, Andhra Pradesh	India
S2-193026221	EXCEL LINK PRIVATE LIMITED		India
S2-705276084	Lehmann, Joyan Select Brewing	SHORE DUCK LAKE RD, BABB, MT	US
S2-383539909	Grand Ínstitutions Inc	414 SHERWOOD DRIVE, null, RUSSELLVILLE, AR	US
S2-848946610	Upma Private India Limited	BANGLA NO 48 TAGORE MARG, NEEMUCH, मध्य प्रदेश	India
S2-323858830	Nashville-Community  Optimal Center Northside LLC	633 BELL RD, ANTIOCH, TN	US
S2-545724283	NEALE LSBS	536 LOS BARANCOS LN, KANAB, UT	US
S2-619193843	Berget Davenport,  0.D. Co	5255 FLORENCE AVE, DOWNERS GROVE, IL	US
S2-54521194	Nakajima'S Manufacturing LP	<NULL>, NE, OMAHA, 10333- BROADMOOR CT	US
S2-373988067	சதர்ன் இண்டஸ்ட்ரீஸ் பிரைவேட் லிமிடெட்	DOOR NO 4-10A, MADURAI MEENAKSHI MAIN STREET, RAJAJI AVENUE VALASARAVAKKAM, CHENNAI, Tamil Nadu	India
S2-75989170	శ్యామ్ టెక్నాలజీ హార్డ్‌వేర్ ప్రైవేట్ లిమిటెడ్	B7, 2ND FLOOR, KAPILCOMPLEX, KPHB 6TH PHASE, KUKATPALLY, HYDERABAD, HYDERABAD, Telangana, TIRUMALAGIRI, PLOT NO2-5/A	India
S2-26479505	பிரீமியர் கன்ஸ்ட்ரக்ஷன்ஸ்	141/14, VANNIAR STREET, CHOOLAIMEDU, CHENNAI, தமிழ்நாடு	India
S2-189775165	Novari Venmdo LLC	1835-B COLUMBINE DRIVE, BILLINGS, MT	US
S2-809775998	Dudek Integrated Rocky	6125 CYRUS AVE, BATON ROUGE CITY, LA	US
S2-470659069	Unique-It Private Limited	M-15, 7TH CROSS, PEENYA INDUSTRIAL ESTATE, BANGALORE, ಕರ್ನಾಟಕ	India
S2-698019235	SHOURYA SHOURYA RESIDENCY PRIVATE	SURVEY NO. 89/6/2/1. , RAU INDUSTRIAL AREA, NAI DUNIYA PRESS ROAD, MHOW, Madhya Pradesh	India
S2-968735721	Bay Group	SEDRO WOOLLEY, WA, ALDER DR	US
S2-707037561	Cinder Cable Partners	NULL, NC, MILLS RIVER, 126 BELLE VERNMN LN	US
S2-983287475	ಸಾಯಿ ಇನ್‌ಫ್ರಾಸ್ಟ್ರಕ್ಚರ್ ಪ್ರೈವೇಟ್ ಲಿಮಿಟೆಡ್	NO B3/46/B DATTA GALLI, 3RD CROSS VADAGAON, BELGAUM, Karnataka	India
S2-281482759	Co Lara'S Hair Studio	3716 SAINT ANDREWS PL, ELKHART, IN	US
S2-993107908	Incorporated Cascade Automobile	10652 1/2 DUMBARTON CIRCLE, DAKOTA RIDGE, CO	US
S2-567317756	जैन बिजनेस प्राइवेट लिमिटेड	C/O FL N 1/5 BAZARPETH BACK, SIDE OF KRUSHNA SANKUL, SANGAMNER, AHMED NAGAR, Maharashtra	India
S2-820931640	Mercer Harner LLC Partners	MD, COLLEGE PARK, 06009 SEMINOLE ST	US
S2-416300306	CHOICE REALTY-SOLUTIONS LLC	1887 12 3/4 AVE, CAMERON TOWNSHIP, WI	US
S2-199669656	pediatricdentalspecialists.com	8636 DEN BALK DRIVE, CHESTERFIELD COUNTY, VA	US
S2-733155673	>> Astro Handlooms	PLOT 350 C/O AVINASH KUMAR MAURYA KHURHATI RAEBARELI, U P, RAEBARELI, RAIBAREILLY, RAE BARELI, उत्तर प्रदेश	India
S2-911470484	Trading Intec [Center]	105 RUNWAL & OMKAR -ESQUARE, OPP SION CHUNABHATTI SIGNAL, OFF E E HIGHWAY, SION EAST, MUMBAI, महाराष्ट्र	India
S2-206775978	Clyiell Generating (LLC)	2546  CAMPBELL AVE, NORTHWEST ANNEX, AZ	US
S2-172829241	ಹೈ ಟೆಕ್ನಾಲಜಿ ಲಿಮಿಟೆಡ್	NATIONAL ARCADE, Karnataka, THIRTHAHALLI, SHIMOGA	India
S2-645242491	ലൈഫ് എൻജിനീയറിംഗ് പ്രൈവറ്റ് ലിമിറ്റഡ്	BLOCK F-302. 9/412- 4, KAKKANAD, ERNAKULAM, Kerala	India
S2-582629579	PRAIRIE CHOICE EATON	1411 HERMITAGE AVE, AL, HUNTSVILLE	US
S2-192696208	NIRVNA ART LTD	117, GROUND FLOOR, HABIBULAH ROAD, OPP TO IFF, CHENNAI, Tamil Nadu	India
S2-90324650	M/s SANJEEVANI PVT.-PACKERS LTD.	Bihar, C/O. SUDHIR SINGH, S/O. TARNI SINGH VILLAGE- HARIN SINGHA, PANCH-NAUADIH, BL, OCK-CHAKAI, JAMUI	India
S2-57616839	Services Ncaneet Nilayam Private Limited	MAY FOLWER FL, 210 HIRANANDANI MEDOWS, V/V THANE, THANE, null, महाराष्ट्र	India
S2-17298657	Laxmi  Foundation (ID: 10654)	PLOT NO. 16A. , SUBHASH NAGR NEAR HEERADAS BUS STAND, BHARATPUR, Rajasthan	India
S2-232788938	Everage-and Rice LLC	12700 CONSTITUTION AVENUE, ALBUQUERQUE, NM	US
S2-390971137	SOUTHERN  DIAMOND INC SERVICE	58 APPLE HILL DRIVE, VILLAGE OF BLUE MOUNDS, WI	US
S2-646192031	Superior Great Income Pastisrrs	IN, BLOOMINGDALE, VEACH RD	US
S2-448967653	CANCER PROJECT INC	611 CHARLESTON MILLS DRIVE, DOTHAN, AL	US
S2-219128254	इंडो सिस्टम्स प्राइवेट लिमिटेड	ORION BIOMOLECULES PRIVATE LIMITED, NAGPUR, Maharashtra	India
S2-815424973	Ganesh Brothers Industries Ltd	FNO G-134 S-1 13ND FLR RANI, ENCLAVE GOVARDHAN COLONY, JAIPUR, Rajasthan	India
S2-767109874	Aarika Delgado Green Galaxy (Corp)	#5112 DANDY COURT, VIRGINIA BEACH CITY, VA	US
S2-859393404	ALL INTERNATIONAL GLOBAL PVT LTD	B1/706, DWARKA SAI, S.NO.42/2/7 8, PUNE CITY, Maharashtra	India
S2-307599169	bhealthc0m	1646 ROCK CREEK CORNER, LAYTON, UT	US
S2-628378031	United Briaell, LLC	05303 LAFAYETTE RD, ELK RUN HEIGHTS, IA	US
S2-645024049	holdings blackshear, meta r., m.d.	1403  KERSHAW DR, RALEIGH, NC	US
S2-699404448	private js trading limited	H-NO. 5-22/4, PALAMANER, ఆంధ్రప్రదేశ్	India
S2-197514971	MINNIE GARDNER BRIGHT ASSOCIATES LLC	518 A DOBBS STREET, HERTFORD, NC	US
S2-484557188	Límited Om Natural Private	HN ##83 JOYCHANDITALA, KOLKATA, HOWRAH, West Bengal	India
S2-913216366	क्लासिक Management Private Limited	SPECTRUM EDUCATION D/7, PLEASANT PARK, ABOVE DR ELECTRICWALA HOSPITAL, OPP BIG BAZAR, WA, PUNE, CHAKATI  MH, महाराष्ट्र	India
S2-796310966	SHREYA TECHNOLOGY (INDIA) CO	A-35, AKSHATA SOCIETY, NEAR WATER TANK, VADODARA, ગુજરાત	India
S2-718979866	physical therapy specialists	3359  CAMPBELL DRIVE, BRONX, NY	US
S2-52172500	BRENNAN, HOBGOOD AND LAYFIELD INC	303 94 STREET, BROOKLYN, NY	US
S2-700966121	Boutwell, James Elliott Pineapple, LLC Services	4949 DESERT KNOLL AVENUE, TWENTYNINE PALMS, CA	US
S2-908777030	DRAYlQ CÓMMERCIAL INC	17825 114ND PL, RENTON, WA	US
S2-575536430	Orr Interfaith Ministries Services	MN, ORR, ECHO TRAIL	US
S2-649687413	Venu Senior Private Límited - 3421433094	FLAT NO : 205, YAGANTI EMERALD APARTMENT, 6TH LINE SYAMALA NAGAR, GUNTUR, Andhra Pradesh	India
S2-176968531	Pediatric Dental Group Inc	SEEKONK, #23 JUNIPER RD, MA	US
S2-510494370	ऑल सनराइज फाइनेंस प्राइवेट लिमिटेड	#2-6, RABALE, Maharashtra	India
S2-674589163	SYLVIASTAFFORD.COM	NY, ALBANY, 2- LINCOLN SQ	US
S2-827093547	Forge Corp	459 CENTRAL PARK, NEW YORK, NY	US
S2-132022202	SIMPLEX LIMITED  CENTER	PLOT NO WZ252/B FRONT RIGHT PORTION 1ST FLOOR OLD NO. 2/2, BLKWZ, NEW DELHI, Delhi	India
S2-145204119	Primary Care Cornerstone Physicians Ltd	308 WASHINGTON AVE, LANCASTER, OH	US
S2-450445631	Lucky Ice Crema PLLC	43 BISSELL PLACE, SEYMOUR, CT	US
S2-187498810	ORTHOPEDIC EXPRESS CARE Enterprises		US
S2-607423444	... Premier Technologies Electronics  Private	DOOR NO 381 318, SAMEDH, NR. AGRAWAL PLAZA, C.G. ROAD, ELLISBRIDGE, AHMEDABAD, Gujarat	India
S2-84982417	824firstavenue.com	1338 HOMESTEAD STREET, BALTIMORE, MD	US
S2-576312763	GHAZIABAD LÍMITED PRIVATE IMPEX	H.NO 517 A, KAREHARA, GHAZIABAD, Uttar Pradesh	India
S2-260686291	NAV HOSPITAL LIMITED		India
S2-21859479	Pvt. JSN Mangment Ltd.	E-42/4, OKHLA INDUSTRIAL AREA PHASE-II, NEW DELHI, SOUTH DELHI, दिल्ली	India
S2-321565255	South Fíve Inc	16410 Arrow Boulevard, FONTANA, CA	US
S2-873660516	South Trusted Gravity  LLC	1714-A WICKHAM WAY, CROFTON, MD	US
S2-848687795	BUREAU OF FINANCE LTD.	PERINTON, 19 BLACK WATCH TRL, NY	US
S2-620419239	ఇంటర్నేషనల్ సిస్టమ్స్ ప్రైవేట్ లిమిటెడ్	304, 4TH FLOOR, BHAGYA NAGAR, BALANAGAR, GANGADHARAPURAM, Telangana	India
S2-426660752	Ibhanan Partners Sangh Group	20/1713, MEDILIQ INDIA VERACHERIL BLDG, PALA, Kerala	India
S2-981022954	Continental Charter (School)	IN, WAYNE, 2908 WITCHWOOD DR	US
S2-427374357	Dee Solutions Corp	HN 313 823, 8TH FLOOR, THE IMPERIA, OPP. SASTRI MEDAN, SUBHASH ROAD, RAJKOT, ગુજરાત	India
S2-155086154	Blue Blue Highland Tanport Holdings	11007  COUNTRY CLUB RD, NEW MARKT, MD	US
S2-17360295	Industries Blue Private Limited Services	DOOR NO.W/#139 4TH STREET PARK ROAD, ANNA NAGAR, WEST EXTENSIO, Tamil Nadu	India
S2-147418558	Limited Good Supreme Private Service	HN 629 O NO.807/N NO 7, VELLORE, Tamil Nadu	India
S2-623626120	Trusted Peak Lincoln LLC	732- VINCEK WAY, CHESSAPEAKE, VA	US
S2-414011287	METROPROGRAM.COM	117 IRWIN ST, INDIANAPOLIS, IN	US
S2-315092910	जय टेक बेकरी प्रा. लि.	A-310/9 DERAWALA NAGAR, NEW DELHI, Delhi	India
S2-680125018	Pacific Program	1010 FRANKLIN ST, IL, POCAHONTAS	US
S2-79818405	Womens Health Group Center	GRUMMON STREET, PAW PAW, IL	US
S2-156054800	Modern Environmental-Ventures of City Center	110 MOUNTAIN AVE, ROANOKE CITY, VA	US
S2-923271726	1815 FOURTH LANE METRO CORP OWNERS	251 UPPER RIVER RD, PO BOX 7414, HERON, MT	US
S2-194980849	NIRMITI (INDIA) CONSTRUCTIONS  PRIVATE	CHANDRAMMAL COMPLEX, 1ST FLOOR ARASUR, T.V.NALLUR MAIN ROAD, VILLUPURAM, Tamil Nadu	India
S2-146095676	Teal  Modern	13048 SHADOW RIDGE RD, LINDALE, TX	US
S2-69869857	L.L.C. Pediatric Dentistry Strategic Health,	WEST FARGO, ND, 150. Beaton Drive	US
S2-459633919	Agro Vijay Bharat Pvt Limited	H.NO. 5/454, VIKAS NAGAR, LUCKNOW, उत्तर प्रदेश	India
S2-970824237	सन सिस्टम्स फूड्स प्राइवेट लिमिटेड	720, D-6, FRIENDS SOCIETY, SECTOR 7, BEHIND CHARKOP BUS DEPOT, KANDIVALI WEST, MUMBAI, KANDIVAL WEST, Maharashtra	India
S2-543811262	Standard Creative A1liance Eastgate	1719 RIVERDLE ST, W SPRINGFIEDL, MA	US
S2-973724667	Nylavio	302 SCHEER AVE, NC, DURHAM	US
S2-278217555	thconcord.com	93-22 245nd Street, FLORAL PARK, NY	US
S2-331922251	बॉम्बे एस्टेट प्राइवेट लिमिटेड	AKOLA, 2302, IEDGAO ROAD, SHIVNI, Maharashtra, C/O SHAIKH ASHIQ SHAIKH RASHID, AKOLA	India
S2-86720793	SATYAM TRAVELS LLP		India
S2-314146870	भारत इंजीनियरिंग प्राइवेट लिमिटेड	H - 11, ABUL FAZAL ENCLAVE, OKHLA, NEW DELHI, DELHI	India
S2-556747559	Aay Trading  Private	H. NO.-G-57 G/F, J J COLONY, BAKKARWALA, Delhi	India
S2-636634036	Luebke Pinnacle	784 E, TOWN OF ST JOSEPH, WI	US
S2-513250663	Madhav 5ervices LLP	B-144 GANGA JAMUNA COLONY, BEHIND BAKE BIHARI PARK, DADI KA PHATAK, JAIPUR, Rajasthan	India
S2-311868409	Advanced Berkley Llc	191 SAINT FRANCIS AVE, WICHITA, KS	US
S2-457978289	Zaragoza Empire Corporation		US
S2-830888138	COZY BARBEESHOP	##40 ARGO LN, SEVEN SPRINGS, NM	US
S2-685731157	ब्राइट फाइनेंस प्राइवेट लिमिटेड	C-5/28 VASANT KUNJ, NEW DELHI, NORTH DELHI, Delhi	India
S2-381127815	CORP IRONWORKERS UNION LOCAL NO 854	#196 ATKINSON RD, WALNUT DCP, IL	US
S2-228141367	अल कंसल्टिंग प्रा. लि.	9A PATEL SHOPPING CENTRALCHANDAVARKAR BORIVALI (W), MUMBAI, MUMBAI CITY, Maharashtra	India
S2-893692125	Quvue Partners	202 LEAKSVILLE CT, LURAY, VA	US
S2-997643677	सदर्न एसएस आईटी प्राइवेट लिमिटेड	बिहार, NEW ETWARPUR ADITYAPURI, KURTHAUL, PATNA	India
S2-220626529	रेड पावर फार्मेसी	C-A-51, FIRST FLOOR, SANJAY ENCLAVE, NEW DELHI, VASUNDHARA, दिल्ली	India
S2-119087459	Re Trading Corporation	Maharashtra, SHOP NO 129 MARKET YARD TQ LATUR DIST LATUR, LATUR	India
S2-261701530	Skas Plast Private Límited	3 , KRISHNA COLONY, KAVARAPALAYAM THIRUNINDRAVUR, Tamil Nadu	India
S2-321590098	RIDGE ROCKY DEEP	4827 GREENRIDGE CT, FAIRFIELD, CA	US
S2-373730786	Bertina's Excavation Horizon	100 SUNNYSIDE ROAD, QUEENSBURY, NY	US
S2-931322156	Bava Star Asa Holdings	MORGANTOWN, 8420 135, IN	US
S2-116895353	Cosmos Gifting (India) of-Hyderabad-Private Limited	##6-3-1090/A, FLAT NO 201, SUBANI SIRISAMPADA RAJBHAVAN ROAD, SOMAJIGUDA, HYDERABAD, Telangana	India
S2-366350374	Cygnus Associates Private		India
S2-620446219	Fresh  Nails!-Partners LLC	511  GRAYTON RD, LA PORTE, IN	US
S2-558752020	jeniece johnson, dds, pc	3215 MAYFAIR ROAD, GWYNN OAK, MD	US
S2-789983455	colson micro	2580 EL CAMINO AVE, SACRAMENTO, CA	US
S2-699499247	WFI Midcap (LLC)	1140 1/2 VILLAGE LN, COROLLAC ITY, NC	US
S2-675296997	Associates Therapy Fresh Care Physical	2222 QUINOY AVE, OGDE CITY, UT	US
S2-952324784	EASTERN AUSTRALIA AUSTRALIA	702B RAMSEY AVE, PMB 9214, OR, GRANTS PASS	US
S2-469698370	Castal Oyj	436 36RD STREET, CA, SAN BERNARDINO	US
S2-296830281	Shree ਫਿਊਚਰ Estate ਪ੍ਰਾ. ਲਿ.	#38, GOPAL NAGAR, GALI NO.2 MAJITHA ROAD, AMRITSAR, Punjab	India
S2-147317655	BM Industrial Ínc.	24 COY ST, CANANDAIGUA, NY	US
S2-483453128	ryder development	27642C MESABE DRIVE, MAGNOIA TOWNSHIP, TX	US
S2-164651728	Private Shiv Food Limited	NEW DELHI, NEW FRIENDS COLONY, A - 211, Delhi	India
S2-321590109	cappuccio rocky brookfield	2335 LONDON DR, OH, LIMA	US
S2-862378225	The-Marts and Mcgowan Inc	464-466 ROSEGOLD PLACE, FOLSOM, CA	US
S2-522792557	Fort Worth Telecommunication L.L.C. (ID: 49166)	FT WORTH, 2859 PARK MEADOW COURT, TX, null	US
S2-526876910	ST. COMMUNITY CHURCH	20203 RAY FALLS DR, TOMBALL, TX	US
S2-452180384	CUSTOMHORIZONPARTNERS.COM	VT, BRADFORD, 10 RAILROAD WAY	US
S2-780336323	Mr Vee Essentials  Pvt.	NO.C-2 , THIRUVENGADAPURAM CHOOLAIMEDU, CHENNAI, Tamil Nadu	India
S2-550763752	EAR  NOSE & THROAT	NE, OMAHA, 777 1/2 74rd Avenue	US
S2-843741773	Black Shyam Investment Public Limited	महाराष्ट्र, D/108, RUNWAL&OMKAR ESQUARE, EASTERN EXPRESS HIGHWAY, OPP. SION CHUNNABHATTI SIGNAL, SION(EAST), MUMBAI	India
S2-334354664	Vijay Unique Media Private [Limited]	7-5-22, 4TH FLOOR, ROOM NO 2, GOPUVARI LANE, VIJAYAWADA (URBAN), Andhra Pradesh	India
S2-580420578	Liberty Guild (Inc.)	CALLIE AVENUE, MORTON GROVE, IL	US
S2-874350854	गुड गैलेक्सी कंस्ट्रक्शन इलेक्ट्रॉनिक्स प्राइवेट लिमिटेड	MUMBAI, Maharashtra, OFF G-313 BWING GALLERIA SH, MUMBAI, NG MAL HIRANANDANI POWAI	India
S2-155636061	Sri Great Systems Private	DOOR NO 019 SEAT U, C-1, S/F, L- TYPE, BLOCK- C, SUBHASH PARK, UTTAM NAGAR, NEW DELHI, Delhi	India
S2-432337497	BODHGAYA PROCESSING PRIVATE LTD	NEW TARIDIH, THANA-BODHGAYA, BODHGAYA, Bihar	India
S2-348173686	Main Street Hair Studio	GRAYTON ROAD, BEREA, OH	US
S2-819911306	Rocky  America	2904 ARABIS CT, ANTELOPE, CA	US
S2-301634447	WEST-FORK JPMORGAN	20994 BUG SCUFFLE, WEST FORK, AR	US
S2-109081523	Dino Préferred Associates PC	SPIRO, OK, 23631 STEWART LOOP	US
S2-751652919	स्काई मैनेजमेंट लिमिटेड	ITARSI, Madhya Pradesh, PLOT #44 GURU NANAK COMPLEX BHARAT TALKIES ROAD, HOSHANGABAD	India
S2-915202445	Kolkata Services LLP	1-8, CAMAC STREET, KOLKATA, West Bengal	India
S2-539726746	PALMA INTEGRATED  MOBILITY HIGHLAND INC	39621 24RD AVENUE COURT, ROY, WA	US
S2-591821621	GRAPH & CO PSIVTAE (LIMITED)	010C, TUGALPUR, PHASE-III BESIDE GURAUDWARA, KP-III, GREATER NOIDA, GBNAGAR, उत्तर प्रदेश	India
S2-45732499	इंटरनेशनल फूड्स प्राइवेट लिमिटेड	NO 19 C/O AMAN KUMAR SAI UPVAN, VILLAGE YUSUFPUR, CHAK SHAHWARI, DADRI, LUCKNOW  HQ REGION, GAUTAM BUDDHA NAGAR, Uttar Pradesh	India
S2-997592409	Ff Clear Perfect Charlotte	04621 DELLFIELD WAY, CHARLOTTE, NC	US
S2-370665662	Seaking International School Ventures Private Ltd	NO 49, 30TH CROSS TILAK, NAGARA MAIN JAYANAGARA, BANGALORE SOUTH, Karnataka	India
S2-34956606	St. Synagogue	72 FOXWOOD RD, GUILFOORD CITY, CT	US
S2-23854429	Classic &-Associates	Karnataka, #30, 1ST FLOOR, NANDI SUNSHINE, 4TH CROSS, YAMALUR, BANGALORE NORTH	India
S2-958296449	VALUE ALLIED FITNESS,	THORNBURG PL, WADESVILLE, IN	US
S2-454450916	ROYAL WELLNESS COLLECTIVE  LLC	8801  SETTLERS ROAD, PMB 6297, CITY OF MADISON, WI	US
S2-176139646	LTD BXY BUILDERS	NO 446, KANNUR, Keralam	India
S2-802680238	RQ HBARR NGL	518 FREEMAN AVENUE, TALLASSEE, AL	US
S2-558659500	REEDSUPER.COM	482 ENCLAVE BLVD, COLUMBUS, OH	US
S2-882118036	ਸਕਾਈ ਈਸਟ ਇਸਟੇਟ ਲਿਮਟਿਡ	SCO-A67, FIRST FLOOR, HALF PORTION, CABIN A, NEW SUNNY ENCLAVE, SECTOR-125, KHARAR, MOHALI, Punjab	India
S2-305071473	TATIA SANGH  CLINIC		India
S2-984241859	Silver-Private Tech Limited	58-14-92/3, VUDA LAYOUT, MARRIPALEM, VISAKHAPATNAM, VISAKHAPATNAM, Andhra Pradesh	India
S2-148135037	Flaherty Cambridge,	75 RIVER RIDGE, WELLESLEY, MA	US
S2-255178941	noyes industrial	2405 CREEK VILLAS DR, BEDFORD, TX	US
S2-743482966	(india) Hps Hr Co.	HOUSE NO. 307/1/48, 2ND FLOOR, SHAHZADA BAGH, DELHI, Delhi	India
S2-559859533	Ratan (India) Labs Partners Limited	PLOT NO. C-481/4, M.I.D.C. LAND, TTC, PAWANA VILLAGE, THANE- BALAPUR ROAD, NAVI MUMBAI, Maharashtra	India
S2-637184698	Allied Anahrlu Partners	FAUQUIER COUNTY, 6343 BARN OWL CT, VA	US
S2-225037888	Colonial Southern Holdings	1074 KOONS RUN RD, FAIRMONT, WV	US
S2-861414287	tirupati energy private limited	504, PRIYA TOWER CHSL, 5TH FLOOR, PLOT NO 144, SECTOR 19, KHARGHAR, PANVEL, Maharashtra	India
S2-60794651	Meena Consultants Corporation	DOOR NO 109 MALVIYA NAGAR BHOPAL, BHOPAL, Madhya Pradesh	India
S2-481306942	BEHAVIORAL HEALTH SMART CENTER INC	2112 120RD STREET, BLUE ISLAND, IL	US
S2-399112375	Inc Prairie Advisors	2701 HAMFTON AVENUE, AR, BENTONVILLE	US
S2-448793585	canale management llc	1 FRYLING AVE, CONCORD CITY, NC	US
S2-51981016	ಗುಜರಾತ್ ಹಾಸ್ಪಿಟಾಲಿಟಿ ಆಟೋಮೊಬೈಲ್ಸ್ ಪ್ರೈವೇಟ್ ಲಿಮಿಟೆಡ್	SOPHIAS CHOICE UNIT NO.201 NO.7/20 ST.MARKS ROAD DIVISION NO.66 (OPP. BISHOP COTTONS GIRL, S SCHOOL), BANGALORE, null, Karnataka	India
S2-184993338	Andaman Foundation	H.NO ##15 , 4TH FLOOR, JAIHIND ENCLAVE, SHAIKPET, Telangana	India
S2-313026470	PQV INFRA OVERSEAS PRIVATE [LIMITED]	தமிழ்நாடு, 192N.S.K SALAI VADAPALANI, CHENNAI	India
S2-393592371	Dermato1ogy Physicians of Abington Township	1578-C RESERVOIR AVE, null, ABINGTON TOWNSHIP, PA	US
S2-549354680	Balakrishnan Adancnd Australia (P.C.)	MCKINLEY STREET, NULL, LORAIN, OH	US
S2-178384635	Kaveri (India) Ultimate Private	PLOT NO.-3-, KH. NO.-25/1, GROUND FLOOR, KHAIRA EXTN, NEW DELHI, Delhi	India
S2-623031574	-- VISION CLINIC HEARTLAND INC	922 BUCKHORN RD, PMB 5567, SYKESVILLE, MD	US
S2-299108910	Pease Cónstruction LLC	850 SANTA GERTRUDIS TRAIL, QUEEN CREEK, AZ	US
S2-927530305	ईस्ट फूड प्राइवेट लिमिटेड	AASHIWALO KI DHANI BHATTON KI GALI, JAHOTA AMER, JAIPUR, राजस्थान	India
S2-17933853	Dr Smart Constructions Solutions Pvt	#00108 BUILDING NO.A GANGA MELROSE S.NO. 60A/1/2/1B GHORPADI GAON SOPANBAUG, PUNE, Maharashtra	India
S2-290108980	Cedynix-Services	141 LYNHAVEN DRIVE, ALEXANDRIACITY, VA	US
S2-95507352	albert better aura	2614- EDGEWOOD DRIVE, EVANSVILLE, IN	US
S2-832217093	Islas's National Auto Body L.L.C.	Belfast Road, UPPER GWYNEDD TOWNSHIP, PA	US
S2-307626378	సిల్వర్ కన్సల్టెన్సీ ప్రైవేట్ లిమిటెడ్	GUNTUR, Andhra Pradesh, NARASARAOPET, H NO 8-121	India
S2-776409894	Black, Burke and Cyr L.L.C.	1009 POST AVENUE, ALAMOGORDO, NM	US
S2-570006860	Best Consulting Pharmacy	65 , THE PALSM APARTMENT, PLOT NO.13B, SECTOR-6, DWARKA, NEW DELHI, Delhi	India
S2-132543275	Bansgaon Agro Limited	उत्तर प्रदेश, HOUSE NO. 6, DHARAM PURA, BANSGAON	India
S2-35756508	Forsman West Center	49 WESTRIEW DR, WEST SENECA, NY	US
S2-170803924	Brewer Brewer Liberty Miluna LLC	5022 PORTLAND CV, STOOW, OH	US
S2-609292694	Smt India Industries Industries Private	H.NO 8-2-693/2/17MITHILA NAGAR, COLONY ROAD NO 12, KHAIRATABAD, Telangana	India
S2-994612767	ROXIE'S PINNACLE CREAM SERVICES	WV, PRINCETON, 7120 PISGAH RD	US
S2-696744966	Historical (Fellcwsihp)	32677 285TH AVE, ERHARD, MN	US
S2-872566864	Murill0 Pinnacle Pro [Co]	2017 Indian Ridge Rd, JOHNSON CITY, TN	US
S2-853275037	Heritage Chemical Cóncepts Ltd	229 14, GRANBY, NY	US
S2-296598302	Vision Cornerstone  Health Inc	#3200 Smeltzer Rd, MARION, OH	US
S2-256698067	Dennis (Quantumsphere)	4010 FUREY ST, DALLAS TOWNSHIP, TX	US
S2-963646032	Global Animal North Center	#4719 CLINTON AVE, CLEVELAND, OH	US
S2-503829652	Mumbai Swami Pirivte Limited	1ST FLOOR, CAMA BUILDING, 24/26, DALAL STREET, BOMBAY STOCK EXCHANGE, FORT, MUMBAI, Maharashtra	India
S2-861758392	Hn Properties Exports Private Limited	B105, SURBACON MAPLE, CHIKKANAYAKANAHALLI CHIKKANAYAKANAHALLI, CARMELARAM POST, Karnataka	India
S2-96508179	CHANTALLE MÉRCADO SPECIALISTS INC	328 TAYLOR ROAD, LOMBARD, IL	US
S2-474056246	Marti B. Madden, MD Ltd	WISE COUNTY, 221 ALTO STREET, VA	US
S2-604963200	5outhworth World PC	4411 MCCONNELL ROAD, MCLEANSVILLE, NC	US
S2-944065437	LOWREY SOLID  CO CENTER	1258 1/2 ST MADAR ST, AL, MOBILE	US
S2-916859477	Dermatology Ace Associates Co	24504 49, PMB 3807, MUSCADINE CITY, AL	US
S2-984164477	Sri SIDDHESWARI VIDYALAYA [PRIVATE]	H.NO 156 WARD 1, DOOR NO 29, POYYAMALA, CHUNGAKUNNU P O, KELAKAM, THALASSERY, Keralam	India
S2-503048625	Mehar Laboratories Pvt Ltd.	75 , SRI LAKSHMI NAGAR 4TH STREET, VALASARAVAKKAM, CHENNAI, N/A, தமிழ்நாடு	India
S2-707178891	Moses, Wise, Wise, Labrada and	IL, BELVIDERE, 1022- LINCOLN	US
S2-376460483	Inc Chu, Metcalf And Abbott Bitwise	5046 Filbert Avenue, FAIR OAKS, CA	US
S2-179053212	trivenivideo.com	474, 2ND MAIN ROAD, M M LAYOUT, KAVALBYRASANDRA, R. T. NAGAR, BANGALORE, ಕರ್ನಾಟಕ	India
S2-685027145	SECURE DESERT  LIFESCIENCES,	33 CRUCES LOOP, LOS LUNAS, NM	US
S2-954585201	4528mountainview.com	NULL, 17 THATCHER STREET, NY, BETHLEHEM	US
S2-376791375	White Aaebgor	H.NO. 1-98/5/2A/2 , SY NO 85, SERILINGAMPALLY, SERILINGAMPALLY, Telangana	India
S2-672381387	CO HEALTHCARE PRIVATE LTD	C-B3/1507, ONE NORTH, BEHIND SEASONS MALL, PUNE CITY, Maharashtra	India
S2-2670847	pc historical anchor coalition	205 4TH, BALLINGER, TX	US
S2-555440248	Dovakor	EVANSVILLE, IN, 6905-C DARMSTADT RD	US
S2-860399725	Mirna Baker Golden Tidewater	7211 SPRINGDALE STREET, HOUSTON, TX	US
S2-805435059	Zola Grteonn Gesher Inc	530 MMSON TUCKER DR, TN, SMYRNA	US
S2-169701381	Cho Cosmetics-Queensbury Corp	76A 149, LAKE GEORGE, NY	US
S2-31271558	MITECNET LLC	1593 1150 ROAD N, SHELBYVILLE CITY, IL	US
S2-546426576	Young & Snyder LP	15030 SCOTER STREET, CHARLOTTE, NC	US
S2-121759397	seed & co	67/1, KESHAV SMRITI VIVEKANANAD LAXMIPUR MR-4 ROAD BEHIEN, JABALPUR, मध्य प्रदेश	India
S2-314926539	Chenab Solutions Private	Maharashtra, 814  BLDG NO 3 86 CENTRAL, ANDHERI GHATKOPAR LINK RD, MUMBAI	India
S2-566194399	JASPER OCFAEB LTD	305- 5ND STREET, DAYTON, OR	US
S2-51424319	Eye Group Partners	7018 EARL AVENUE, WA, SEATTLE	US
S2-556334410	Neille-Reyes Idea Inc	10664  COTTON FLOWER DRIVE, MARANA, AZ	US
S2-943861343	Shields  Precision Associates	122 MAPLEWOOD ST ST, ROGERSVILLE, MO	US
S2-699501230	INC REGI0NAL SFHPEIOR ELECTRONICS	6220 NEWPORT AVE, CHICAGO, IL	US
S2-480851867	আলফা হসপিটালিটি প্রাইভেট লিমিটেড	West Bengal, #10, HOWRAH, DR. ABANI DUTTA ROAD, 1ST FLOOR, HOWRAH	India
S2-114971268	SHREE HÉALTH PRIVATE LIMITED	NO 1197/1 , (NEW NO.61/2), 8TH A MAIN, 5TH BLOCK, RAJAJINAGAR, ಕರ್ನಾಟಕ	India
S2-812894315	BANGALORE NORMH FARMS PRIVATE LIMITED	NO.4C-701, 4TH CROSS ROAD, 1ST BLOCK, HRBR LAYOUT, BANGALORE NORTH, Karnataka	India
S2-247565679	Christine Dailey,	3251 LUKE CROSSING DR, CHARLOTTE, NC	US
S2-519912199	HEARTLAND PRIME SPARTACUS INC	##103 CARRIC BEND COURT, CARY, NC	US
S2-744794854	PRIVATE GAGANDEEP MARBLES LIMITED	#108  H-BLOCK F NEW ALIPORE, CALCUTTA, KOLKATA, West Bengal	India
S2-586389069	Best Stáffing Advisors Inc.	IN, 669 800, ROCKPORT	US
S2-598588474	Vashu Institute Partners Corporation		India
S2-766251634	Naga Designs Private Limited	219, IIND FLOOR VIPUL TRADE CENTRE SOHNA ROAD SECTOR-48, हरियाणा	India
S2-383110508	4033jeffersoncourt.com	1779 RILLITO ST, TUCSON, AZ	US
S2-576774941	urgent care cascade partners llc	3800 CHARLOTTE AVE, NASHVILLE, TN	US
S2-139857118	Luu Colonial Realty Inc.	05940 PECK AVENUE, LA GRANGE, IL	US
S2-968737415	MOHANUR SERVICED PARTNERS	NO. 335, EB COLONY, SUBRAMANIYAPURAM, MOHANUR, Tamil Nadu	India
S2-700851619	भारत इंटरनेशनल प्राइवेट लिमिटेड	262 N 1 CIDCO, AURANGABAD, AURANGABAD (MAHARASHTRA), Maharashtra	India
S2-310613953	Pediatric Northside Better Physicians [Dental]	3037 IMPRESSIONS DR, LAKE IN THE HILLS, IL	US
S2-867358397	Global Sgn Online Associates Public Limited	ROOM NO: 11/523 C PEEVEES BUILDING, KOTTAPURAM, ANDIYURKUNNU PO, MALAPPURAM, കേരളം	India
S2-165396141	3104 MARKET WAY APARTMENTS CORP	4204 13th Pl, WASHINGTON, DC	US
S2-612859563	Cancer Truet LLC	FIREWOOD WAY, ANNA, TX	US
S2-688230388	DOUGHTY ROYAL ROYAL ENCORE	001446 ROCKINGHAM PL, INDIANAPOLIS, IN	US
S2-283874839	Sri *** Jadeja Services (India) Prívate Limited	ROOM NO. 21/A, NAHUR ROAD, SHUKLA BHAVAN SUBHASH NAGAR, MUMBAI, MUMBAI CITY, Maharashtra	India
S2-561880203	Seltgstfiec [Inc.]	1081  MACEDONIA LN, COLONIAL BEACH, VA	US
S2-68483150	Heritage Llague Center (Co)	1131 WARBURTON AVE, YONKERS, NY	US
S2-535260713	Laxmi Management Automobiles Private Limited	B2-63, FLAT NO.301, TULASI, RESI, MIG, HUDA COLONY, TIRUMALAGIRI, Telangana	India
S2-305376778	LINVILLE, PATEL & CUPP SUMMIT LLC	277-A CANE CREEK DRIVE, PELL CITY, AL	US
S2-661003790	FILINUM COPMANIES LTD	13430 99, EVERETT, WA	US
S2-476714949	F 5 LLC  GRADING BETTER	5901-5903 CARTER RD, KNOXVILLE, TN	US
S2-76349004	Kolk Secure Starlink L.L.C.		US
S2-110084330	Ryder Premier	1166 FIR GROVE LOOP, HILLSBORO, OR	US
S2-546413297	अरिहंत मैनेजमेंट एलएलपी	H.NO 88, SECTOR-18, EXTENSION, SARHAUL, GURGAON, Haryana	India
S2-526884631	Rubio & Huckins	4580 CR 6, NEW RIEGEL, OH	US
S2-537847103	YFQ Trinity Lakeside	418 OAKMONT LANE, SCHAUMBURG, IL	US
S2-403869292	The  Baptist Center PLLC	1439 NORMONT DRIVE, HOUSTON, TX	US
S2-354233452	southindiasoftech.com	20, MARUTI, SHIV VANDANA, WAGHAWADI ROAD, BHAVNAGAR, Gujarat	India
S2-235976983	Galaxy Ss Limited Private Properties		India
S2-281557469	WHITE PLATINUM NUFLEN INC	##225 MILAM DR, <NULL>, FREDERICK COUNTY, VA	US
S2-500304361	VILLANEDA MOUNTAIN QUARTZSEA QUARTZSEA	901 COUNTRY CLUB DR, MEAS, AZ	US
S2-560818510	Dublin Hsiills Partners Partners	5669-A ROTHESAY DR, DUBLIN, OH	US
S2-592650888	Nice Laxmi Public Limited	AL-129, 12TH MAIN ROAD, 2ND STREET SHANTHI COLONY, CHENNAI, தமிழ்நாடு	India
S2-765237014	SCHOLARSHIP SOCEIYT INC	555 PAULARINO AVENUE, COSTA MESA, CA	US
S2-590906273	Dotti Stewart Trusted Acres, Llc	N5748 SILVER BIRCH ROAD, ARKANSAW CDP, WI	US
S2-932096839	Commission on Transportation LLC	OFALLON, MO, 229 LANDING CIRCLE	US
S2-807474854	Vyapaar (India) Buildcon Private  Limited		India
S2-275404449	Indrtell Career  Pvt Ltd	B N 134, 1ST FLOOR, HUDA COMPLEX BHIWANI ROAD, SAFIDON, Haryana	India
S2-739448663	Shri @maalogistics	Karnataka, NO.2307, (OLD NO.44/6), GROUND FLOOR, SWANLINES, 12TH MAIN ROAD, 3RD BLOCK EAST, JAYANAGA, R, BANGALORE	India
S2-227749267	तिरुपति Urban आईटी प्राइवेट लिमिटेड	543/77, K-BLOCK KIDWAI NAGAR, KANPUR, Uttar Pradesh	India
S2-782006562	PEDERSEN SPÓRTS	GA, ATLANTA, 195 FAIRBURN RD	US
S2-698567775	Pinnacle Superior Alibaba, (Partners)	2558 IMBS STATION RD, MILLSTADT, IL	US
S2-143614907	Johnson Wright Inc Services	IN, HANOVER, 505 1/2 Hickory Dr	US
S2-43073112	PINNACLE INDUSTRIAL LABS [LLC]	2400 MCCAIN BLVD, NORTH LITTLE ROCK, AR	US
S2-857920251	Corly Lacasse Pioneer	8599 NEW ISLAND WAY, FLORIN, CA	US
S2-799238901	RELIABLE HOSPITALS OVERSEAS LTD.	ગુજરાત, BL 0098, PL 1, 2, NEAR MARUTI CENEMA NAVAPARA, MOTA BORSARA, SURAT	India
S2-764236252	Mumbai Enterprises Holdings	Maharashtra, DOOR NO 77 SUSHAMA TRADING P. LTD., 200, GUJRAT SOCIETY, MULJI DEVSHI HOUSE, 1ST FLOOR, SION (WES, T), MUMBAI	India
S2-473425954	First Clean [Imersgno]	MT, BIGFORK, 23 PONEDROSA LN	US
S2-405784926	Grill &-Dalton Inpoint	63085 317TH ST, WADENA, MN	US
S2-134950497	হরি ইম্পেক্স কনস্ট্রাকশনস	NO 18 BLOCK BB, PLOT-102, 51, SHANTI PALLY RAJDANGA SARAT PARK, P.O.E.K.T.P, P.S.KA, SBA, CALCUTTA, KOLKATA, পশ্চিমবঙ্গ	India
S2-355616973	Leigh Estate L1c	1904- RENDALL STREET, BURLINGTON, NC	US
S2-291892949	Cultural Coalition-III LLC	107 ARTHUR ASHE BLVD, RICHMOND, VA	US
S2-519056546	Constancy Oldaker, DD5, P.C. Corp	120 MAYS ST, ROUND ROCK, TX	US
S2-496850215	The Better Oneim North LLC	100 BIG BEND RIDGE, GALENA, MO	US
S2-986716530	C0rnerstone	CITATION WAY, MILTON, NY	US
S2-763379556	Coastal Program	1222 JOHN AVENUE, CITY OF SUPERIOR, WI	US
S2-581436607	Deis Co	4651 PARK AVENUE, MINNEAPOLIS, MN	US
S2-826516454	Unique  Industries Private Limited	19/1080, NEAR ANR COLLEGE, INDIRA NAGAR, GUDIVADA, Andhra Pradesh	India
S2-478830670	roopva technologies limited		India
S2-235398491	Srm Mleiacl Centre	T-22/1001, 10TH FLOOR, TOWER 22, CHD AVENUE, SECTOR 71, GURUGRAM, BADSHAHPUR, Haryana	India
S2-150814682	Colonial lnterstate Myers	BLESSING LN, MARTINSBURG, WV	US
S2-771555843	patriot galaxyedge coastal llc	1816 WICKHAM WAY, LYNDON, KY	US
S2-934922347	CAPITAL RÉXFORD [LLC]	3605 LONGFELLOW AVE, MINNEAPOLIS, MN	US
S2-738509117	Johnson National Tax	1488- 42ND AVE, ALEXANDRIA, MN	US
S2-803596169	Colonial Inc. Center	3540 OAK SPRING DR, HAMITLON CITY, OH	US
S2-374773640	XYL0TAVOQUO	#1243 Bristole Court, COLLINSVILL TOWNSHIP, IL	US
S2-329256726	INTERNATIONAL IMPEX  PHARMACY	C-204, CHANDRASEKHAR ENCLAVE UNIT-4, MADHUSUDAN NAGAR, BHUBANESWAR, Odisha	India
S2-387269711	NTX Ventures Private Limited Partners	FLAT NO.303, COMFORT OPAL APARTMENTS, RAMNAGAR, ANANATAPUR, Andhra Pradesh	India
S2-540216733	Willow	120 BROAD ST, MOBILE, AL	US
S2-815524559	MUMBAI MUMBAI FÍNVEST LTD	1ST FLOOR SUDHAM PLOT NO 235A 27TH ROAD OFF LINKING ROAD BANDRA WEST, MUMBAI, महाराष्ट्र	India
S2-158641226	Holdings Phillips, Goertz and Adams,	NAPERVILLE, 2253-2255 LISSON RD, IL	US
S2-734632823	IVIE JUAREZ PROPERTY SOLUTIONS LLC	ANGIER, NC, 95 MOLLY MAC LN	US
S2-937720083	BR GROWTH LTD	16-1-28/47/A/14 SARASWATHINAGAR, SAIDABAD, HYTERABAD, Telangana	India
S2-749642407	Family Ridge Chiropractic	CEDARBROOK ROAD, N/A, NAPERVILLE CITY, IL	US
S2-923748120	Lesli Gonzalez Ventures Inc	3523 31TH ST, FARGO, ND	US
S2-561625161	Smith Tri-State Crumrine	TX, 208  COUNTY ROAD 329, ROSEBUD	US
S2-908719488	Inc Heritage Comimttee	4126  101ST STREET COURT, GIG HARBOR, WA	US
S2-252220586	ଶ୍ୟାମ ଫୁଡ୍ସ୍ ଲିମିଟେଡ୍	PLOT NO-555/1454, PARADISE VILLAGE GOTHAPATNA, PO-MALIPADA, PS-CHANDAKA, KHORDHA, BHUBANESWAR, Odisha	India
S2-72591393	Gerson Ace Sports Harbor	8517 DEWBERRY WAY, PMB 7952, ELK GROVE, CA	US
S2-25663276	ક્રિએટિવ ટેક્નોલોજી પ્રા. લિ.	DOOR NO 144 P1 144 P2 PLOT NO.27 SHRADHA INDUSTRIAL EATATE, OPP. HOTEL LORDS JETPAR-PIPLI ROAD VILLAGE-PIPLI, MORVI, LALPAR, Gujarat	India
S2-76624148	Dovaxylo	2209 PURE STREET, ST PETERS, MO	US
S2-144757916	Laurella's Services	1582 MONROE FLOYD RD, DECHERD, TN	US
S2-294753168	Limited AIDL Ir Services	ROOM NO 208, B WING, AHILYA DUTT BUILDING, PANVEL, RAIGARH(MH), Maharashtra	India
S2-177471665	Smart Health Digital Co	1791 1/2 TANNER WAY, FLAGSTAFF, AZ	US
S2-446844245	liberty animal hospital	19543 ST RTE 664, LOGAN, OH	US
S2-232805709	Dental Cascade	20 FOSTER ST, MELROSE, MA	US
S2-972130692	Blanco Select	UT, 1068 GRIST MILL PL, MIDVALE CDP	US
S2-680975580	Group Etcfaootn Rosamund's	UT, CEDA CITY, 01570 N CEDAR BLVD	US
S2-477373580	Holliman  Capital	OTTAWA DRIVE, ELKHART, IN	US
S2-829419054	Marjie's Laboratories Llc	205 SCALLOP CORT, EMERLAD ISLE, NC	US
S2-576029625	NP Sofftwleaes Limited	HOUSE NO 4463- H NO 3345 VISHRAM NAGAR TRI NAGAR, DELHI, दिल्ली	India
S2-404232285	Riley Holdings Partners	3014 21ND ST, RACINE, WI	US
S2-414624479	Beniwal (india) Private  Ltd	CTS NO-11312/1, RAHAT, COLONY, RAVINDRA NAGAR, AURANGABAD, Maharashtra	India
S2-678609308	Kelly, Maribel Atlantic Defi Co	1823 GARRISON WAY, NULL, GARLAND, TX	US
S2-33780492	coffey, rexrode and connors llc	703 WILLOWBANK ST, SPRING TWP, PA	US
S2-799978429	Happy  Coffee Southside	24-28 CORDOVA LOOP, JARALES BOSQUE, NM	US
S2-411395943	Noni  Mreryr Enterprises LLC	623 BROADWAY AVE, MOORE, OK	US
S2-729058852	Gulf Council LLC	025 ROCK AVENUE, ROUSES POINT, NY	US
S2-875242013	-- Womens Health Clinic Inc.	12 HIDDEN CT, NORTH ANDOVER, MA	US
S2-77285093	INC. FEDERAL REGIONAL GRID EAST	236 EFNER STREET, BUFFALO, NY	US
S2-314356998	Perez's  Best	5959 WOODSIDE RD, PMB 8073, ALBANY, IN	US
S2-72802433	Ltd Credit Genomic Glnl	8A HIGH ROAD, INVER GROVE HEIGHTS, MN	US
S2-428241550	BOBBY [LEHR,]	433- 308 St, WILLOWICK, OH	US
S2-321785710	Rays Co Services	DOOR NO 3/1031 THERMADAM BUILDING PATTIKKAD P O, THRISSUR, Keralam	India
S2-140180889	PAN VIDYALAYA	A-101 JAI BHAWANI APPARTMENT, CABIN CROSS ROAD BHAYANDER EAST, Maharashtra	India
S2-908987230	Zabel, Romero and Porter Coastal Corp | www.zabelrom.com	747 CABIN CITY LOOP, SAINT REGIS, MT	US
S2-841917974	Ember Clinic Ltd	215 WINKLR DRIVE, HOUSTON, TX	US
S2-804516028	LINDSEY & TURNER LLC	3181 FLANDERS DR, WINSON-SALEM CITY, NC	US
S2-178043282	autism assistance association iii lakeside	6-8 LEDGEVIEW DR, WESTBROOK TOWNSHIP, ME	US
S2-423551185	SIIX FÁNNIE LLC	600 RAAB ST, UPPER MORELAND TOWNSHIP, PA	US
S2-311326755	ಎಸ್ಎಸ್ ಫೌಂಡೇಶನ್ ಪ್ರೈವೇಟ್ ಲಿಮಿಟೆಡ್	BENGALURU, NO.30 5TH CROSS SYNDICATE BANK COLONY BANASHANKARI 3RD STAGE, BANGALORE, Karnataka	India
S2-853755608	Yamuiyaer It Limited	DS-76, D2 BLOCK ITTIANA NEELA APPARTMENTS, NEAR GOLD COIN CLUB ANDAPURA VILLAGE E-C, ITY POST, ಕರ್ನಾಟಕ	India
S2-512060211	First Merger, PLLC	3741  WOODLAWN WAY, WEIRTON, WV	US
S2-300905402	Velvois Group	919 BAIER AVENUE, LOUISVILLE, OH	US
S2-123459391	Ltd Atlantic Ministries	8154 PADDNIGTON ROAD, WOODRIDGE, IL	US
S2-580529895	Coastal Legacy Restaurant Llc	448 TURNEY RD, CLEVELAND, OH	US
S2-988824861	BEACON-L.L.C.	5407 HIGHWAY 56, N/A, CHAUVIN, LA	US
S2-293011085	Phung National LP	##10308 MC NERNEY DR, FRANKLIN PARK, IL	US
S2-837615087	BACK ALLEY BIKE SHOP! UPTOWN LP	909 ROLLING HILLS DR, NULL, FAYETTEVILLE, AR	US
S2-645274799	बिग एग्रो लिमिटेड	Maharashtra, POONA, BLOCK C-814 S.NO 35/1 PLOT NO 56/C ABHANGNAGAR SOC GATHA MANDIR, PUNE	India
S2-682289441	Varun Advertising Pvt.	210 MAHAVIR INDUSTRIAL ESTATEKACHPADA RAMCHANDRA LANE EXTE MALAD (W), MUMBAI, Maharashtra	India
S2-196192413	பிளாக் இன்ஃப்ரா லிமிடெட்	NO 62 DOUBLE DRAGON INDUSTRIAL PARK KANNUR VILLAGE, THIRUVALLUR, Tamil Nadu	India
S2-158902765	Private Streamline Products Límited	H.NO 991 C/O SAKHARAM DEORAO TEKALE AT SAUTADA TAL PATODA DIST BEED SAUTADA, Maharashtra, BID, PATODA	India
S2-263273654	Physical Therapy	DE, WILMINGTON, 200 MARKET STREET	US
S2-93682954	Oncology Custom Medicine		US
S2-215365689	Hart, Fizer and Burns Uptown	#319 ORANGE AVENUE, LINCOLN, KS	US
S2-405681592	Deltakor Signature  Fund	14A LITTLE ST, FREDERICKSBUGR CDP, VA	US
S2-399052000	Gujarat Marketing LLP	Maharashtra, SHOP NO 14, BUILDING NO. H & I CHSL, MAHESHWARI NAGAR, ROAD NO 16, MIDC ANDHERI EAST MUMBAI, MUMBAI	India
S2-381426717	#TRISTATEFREIGHT	#351 RANCHO VISTA DR, GRANTS PASS, OR	US
S2-816989315	ANAND CONSULTANTS PRIVATE  LIMITED	6-54/A., 1 1 1 SANGAREDDY, ZAHFERABAD, Telangana	India
S2-667295957	UGK Efiineering Private Limited	BLOCK D-276 MANNAT HEIGHTS, # 5, 4TH MAIN ROAD, BALAJI LAYOUT, OPPOSITE DEE SPORTZ, BANGALORE SOTTH, Karnataka	India
S2-892880098	Shivam Private It Guru Limited	H.NO 1 OLD COURT HOUSE CORNER4T FL, KOLKATA, West Bengal	India
S2-371168439	Frontier LLC Service	701  ALTA STREET, OLYMPIA, WA	US
S2-970711089	Dr Argos-Producercompany Private	HOUSE NUMBER-SM0150103, SECOND FLOOR CHHOTA BARIYARPUR, PS-CHHATAUNI, MOTIHARI, Bihar	India
S2-524247699	HELENA CAREY PIEDMONT POWER INC	30815 BECKY LN, MGNOLIA, TX	US
S2-274640549	LLC INTERNAL MELEDICINE CARE ASSOCIATES	1001 6TH ST, LAFAYETTE, IN	US
S2-220948169	Johnson & Helton Inc	9933-9937 36th St, INDEPENDENCE CITY, MO	US
S2-972217648	Big 35-Grill	2516 Elson Green Ct, VIRGINIA BEACH CITY, VA	US
S2-848582954	Williams and Beauford Era		US
S2-92216230	Basai Road Overseas Limited Center	956, ASHOK VIHAR PHASE 1, GALI NO.4, BASAI ROAD, Haryana	India
S2-940106616	Shri HITECH IMPEX	FL N 1102, D, SWARNA CHSL, UNIQUE GARDEN BEVERLY PARK, KANAKIA, MIRA ROAD (EAST), THANE, Maharashtra	India
S2-75150479	Anchor Medical Systems Partners Corporation	858 BRUNSWICK ROAD, ESSEX, MD	US
S2-975266530	AURANCEYN CALISA,	2201  86ND COURT, MERRILLVILLE, IN	US
S2-5646683	Birch  Care	1108 FAIRWAY BOULEVARD, CA, BIG BEAR CITY	US
S2-699535842	Gomez, Ingunna, L.C.S.W. Inc	191 GRAFTON STREET, ROCHESTER, NY	US
S2-933093889	Co Aarone (India) Care	127 GROUND FLOOR, 3RD, ANNAPURNESHWARI LAYOUT, BANGALORE NORTH, BANGALORE, Karnataka	India
S2-339391894	JAIN  AND LECUYER	4500 ELVERTA RD, ANTELOPE, CA	US
S2-474535244	Dermatology Specialists Inc.	861 PENN OAK ROAD, AMBLER, PA	US
S2-290727820	Venus Exim Private [Limited]	SHANKAR SMRUTI, VILLAGE: VADODARA, VADODARA, Gujarat	India
S2-54659459	XD Prairie Thayer Group	967 4501, JACKSONVILLE, TX	US
S2-658037794	VT BEST-ALLURION DOWNTOWN	ALEXANDER, AR, 219 CRESTSIDE DRIVE	US
S2-156460390	LEO Foundation Pvt Ltd	A-616, EXPRESS ZON,E OFF. WESTERN EXPRESS HIGHWAY, MALAD EAST, MUMBAI, महाराष्ट्र	India
S2-598858367	Panchtatva Software Ltd	Tamil Nadu, 709 & 710, 7TH FLOOR, RAHEJA TOWERS, 177 ANNA SALAI, CHENNAI	India
S2-468242606	Trimurti Society Educational Enterprises	#1-119 / 8, PLOT NO. 14, ARUNODHAYA COLONY, SHAIKPET, తెలంగాణ	India
S2-656892137	SHRIRAM TECH (INDIA)  PVT	H.NO 507 KAMALALAYA CENTRE156A LENIN SARANI, KOLKATA, West Bengal	India
S2-726621584	NAMPALLY ENERGY LIMITED SERVICES	D.NO 6-3-672, FLAT NO 301, KURISHAD MANSION, BESIDE, NAMPALLY, Telangana	India
S2-757402261	CLASSIC PRAIRIE DOWNTOWN LLC [SERVICES]	1220 CIVIC COURT, LENOIR, NC	US
S2-85446560	Mumbai  Marketing Private	UNIT NO 10, A WING, VIRWANI INDUSTRIAL ESTATE, OFF WESTERN EXPRESS HIGH WAY, GOREGAON (E, AST), MUMBAI, महाराष्ट्र	India
S2-573307988	Allen  Dynamic Anadolu Ennis LLC	307 MONTANA WAY, ENNIS, MT	US
S2-806523322	Keystone Sachem	CRANDALL, 702 COLLEGE ST, TX	US
S2-857627805	EYE ASSOCIATES, GROUP	240-A 2300, UT, OGDEN	US
S2-803802032	अल्फा पावर लिमिटेड	H.NO B3/495/498 G NYAY KHAND-I, INDIRAPURAM, GHAZIABAD, INDIRAPURAM, GHAZIABAD, उत्तर प्रदेश	India
S2-780123305	LLC Capital Mobility	NY, FAR ROCKAWAY, 157-161 5 SAINT	US
S2-837096453	Saral & Co  Company	NO 98 BIDHAN COLONYGARIA, KOLKATA, পশ্চিমবঙ্গ	India
S2-470535992	Orellana Boral	37 Wamsutta Ave, WORCESTER, MA	US
S2-141789543	legacykeystonegas.com	00275 RANGELINE ROAD, IN, CARMEL	US
S2-578590880	historical program inc	16608 LONELY PINES DRIVE, CONROE, TX	US
S2-200472231	Haynie, Christiansen and Smith South LLC Services	OH, POWELL, 228-D STONEBEND DRIVE	US
S2-789377888	फ्यूचर इम्पेक्स प्राइवेट लिमिटेड	HN 4-71 28/12, LUCKNOW, Uttar Pradesh	India
S2-741566402	Christensen Safe Drilling LLC	636 OCEAN AVE, NEW LONDON, CT	US
S2-593260765	Bel's Deli	NORTH WILKESBORO, 260. GORDON RD, NC	US
S2-711763507	MURPHY CDASTAL OYSTER  INC	408 1/2 NOESHO STREET, BURLINGTON, KS	US
S2-802129140	Data Alliance Inc Center	4885 186TH AVE, PORTLAND, OR	US
S2-561796765	First Aalrde Financial Inc.	2973 329TH PL, RAVENSDALE, WA	US
S2-555593257	Bangalore North  Mahal Care	SB-57., 2ND CROSS, PEENYA INDUSTRIAL AREA, BANGALORE NORTH, Karnataka	India
S2-865862485	IH Kissan	FLAT ON 4RD FLOOR PROP NO B-344B BLOCK KH NO 1039/1 VASANT KUNJ ENCLAVE, NEWDELHI, Delhi	India
S2-22328438	शिव पावर गारमेंट्स प्राइवेट लिमिटेड	NO D/92 RANGSUTRA, VARANASI REGION, BHADOHI, Uttar Pradesh	India
S2-803740918	SERVICES AMELITA'S PIEDMONT LLC	008445 BRANDON DRIVE, AL, CITRONELLE	US
S2-876480978	Sri ADITYA INDUSTRIES LIMITED CENTER	297, FIRST FLOOR, NEAR SAPNA CINEMA, EAST OF KAILASH, NEW DELHI, Delhi	India
S2-798263394	सुप्रीम फूड्स फर्नीचर	GAUTAM BUDDHA NAGAR, H.NO 209SIDDHARTH CHAMBERS HAUZ KHAS, NEW DELHI, Delhi	India
S2-337172708	HINDUSTAN INSTITUTE OF TECHNOLOGY INFRATECH PRIVATE LIMITED	508-, TOWER 1, LODHA KOLSHET CROWN, THANE, Maharashtra	India
S2-413851460	LORRIE FREED GRAND INTERIORS [LLC]	CA, BENICIA, 50- CHELSEA HILLS DRIVE	US
S2-866264154	KFH  Mdeai	GIMPEX HOUSE 82 LINGHI CHETTY STREET, CHENNAI, Tamil Nadu	India
S2-565295384	Gebrior Patriot Line	6565 EXCHEQUER DRIVE, ST. GEORGE CITY, LA	US
S2-946589159	YS Marketing Prívate Ltd	Telangana, FLAT NO 608, SY NO 246/1, MANIKONDA JAGIR, GANDIPET, RANGAREDDY	India
S2-644543255	OLYMPE W. HANNON,	725 FATHOM PL, STURGEONN BAY, WI	US
S2-229217508	Blue Investments  of	DAYTON STREET, SPRINGFIELD, MA	US
S2-382707082	Foley Foley Armada	8633 CASCARA CT, PMB 1495, YELM, WA	US
S2-679717420	गैलेक्सी वेंचर्स प्राइवेट लिमिटेड	HN 216 404, FLOOR-4TH, PLOT-140/144, 140, ARIHANT TOWER, SWATANTRYA VEER SAVARKAR MARG, KAPAD BAZ, AR, MAHIM, MUMBAI, MUMBAI CITY, Maharashtra	India
S2-294901033	Mukherjee Pampa Pampa	2809-A 87TH ST, PMB 2378, LUBBOCK, TX	US
S2-414010221	વિજય કન્સ્ટ્રક્શન્સ	ADITYA PLAZA. NR. KARNAVATI APPARTMENTS., JODHPUR, SATELLITE, AHEMEDABAD, 310, ગુજરાત	India
S2-91908767	Consulting Om Private Limited	Delhi, H.NO 173/A PREM NAGAR Z BLOCK, SOUTH WEST, SOUTH WEST DELHI, PHASE 4 KASHMIRI COLONY	India
S2-316224656	Joice's Birhttg Auto Auto Body	VA, 15607 MOSS LIGHT PLACE, CHESTERFIELD COUNTY	US
S2-258676677	Colonial Fnesnius P.C.	2645 CROSSING ROAD, MARSHALL, AR	US
S2-947421213	Maggard Regional Cadenza  Corp		US
S2-101919056	Rainbow Hotels Private Ltd	505/ PANCHSHEEL-4/B, RAHEJA TOWNSHIP MALAD (EAST), MUMBAI, Maharashtra	India
S2-118711492	South Estate Private Ltd	Punjab, DOOR NO C-107 , TEG COLONY	India
S2-777642350	Sri EVENING TMRADERS PVT. LTD.	7/12, 6TH EAST STREET, KAMARAJ NAGAR, THIRUVANMEUR, CHENNAI, Tamil Nadu	India
S2-516030727	rnvbrothers.com	02 CRESCENT CHAMBERS 3RD FLR56 TAMARIND LANE FORT, MUMBAI, Maharashtra	India
S2-721241427	Ace Associates &	G-1, GULMOHAR COMPLEX, PHASE 3, NEAR DIVEKAR HOSPITAL VIVA COLLEGE ROAD, BOLINJ, VIRAR WEST TALUKA VASAI, महाराष्ट्र	India
S2-142142252	COASTAL MARSHALL LTD	40 PRADO VISTA, LA MADERA, NM	US
S2-779723055	Merrill, Pauline N., DO, M.D., P.C. Group	2543 CLOVER DEW DAIRY ROAD, PRIINCETON, WV	US
S2-312119982	Delinda Dvccs Air Air LP #72853	100 MONTEZUMA ST, LYONS, NY	US
S2-564812597	*** Shiv Impex Pvt	SHASTIR NGR, THANE, DELUXE PHASE RTO RD OFF J P R D ANDHERI (W), Maharashtra	India
S2-303327441	Bureau of Parks  and Recreation Partners	WI, OCONOMOWOC, 38031 VALLEY RD	US
S2-558443244	Blue Utility L.L.C.	30160 YUCCA DR, FLORENCE, AZ	US
S2-442689738	Rojo & Spencer	#6475 FOXBORO COURT, PADUCAH, KY	US
S2-72993599	ZW Díamond Partners Elm	19418 REMINGTON CROSS DRIVE, HOUSTON, TX	US
S2-37191173	Optimal Atlantic Real Partners	3013-A CUMBERLAND AVE, WICHITA FALLS, TX	US
S2-822978972	Little Patriot Municipals East	1628 RUE ROYALE, KOKOMO, IN	US
S2-446585847	Unified Strategic	1627 LONNA DR, ROANOKE CITY, VA	US
S2-138118490	Aglow Haaemt Limited	B -##106, ARJUN CENTRE, GOVANDI STATION ROAD, BSD MARG DEONAR, GOVANDI -EAST, MUMBAI, MUMBAI, महाराष्ट्र	India
S2-542224090	Limited Ventures Kv Servicesprivate	#528, MARAMS RP HOMES, INFORMATION COLONY, RANGAREDDY, HYDERABAD, తెలంగాణ	India
S2-791444540	Shivansh Hygiene Corporation	DOOR NO 4 , LOGANTHAN NAGAR 2ND STREET, CHOOLAIMEDU, தமிழ்நாடு	India
S2-829041129	DREXNYLA	04 KENMORE ROAD, NY, LITTLE NECK	US
S2-364595902	Barrera Atlantic Pbiappel LLC	5917 ADAIR DRIVE, PMB 4124, AUSTIN, TX	US
S2-126506454	NKU PRIVATE LIMITED CENTER	OFFICE NO. 111, 1ST FLOOR, MUKESH APPART NAVGHAR ROAD, BHAYANDAR EAST, Maharashtra	India
S2-937072190	Mumbai Techsystems  Private Limited	1-C/205 DHEERAJ DREAMS-1 CHS LTD LBS ROAD NR DREAM BHANDUP, MUMBAI, Maharashtra	India
S2-918074562	Shiv Investlmet Pvt Ltd	NO 96 , 3RD FLOOR, VELLALA STREET, MOGAPPAIR WEST, CHENNAI, Tamil Nadu	India
S2-455209026	INFOTECH SHIVAMVANI (INDIA) PRIVATE LIMITED	RAMAGUNDAM, Telangana, KARIM NAGAR, HOUSE NO. 1-1-234/1/A, BARATH NAGAR NEAR MEO	India
S2-550680273	Cooper All Wisekey (Co)	5191 273RD ST, PORUM, OK	US
S2-32597485	Mirabelozeph	65/2, BSR CARTHIK ENCLAVE, 4TH CROSS, SSI AREA, BANGALORE NORTH, BANGALORE, Karnataka	India
S2-371915761	SHRINATHJI SOLUTIONS (PRIVATE)	NO 0374 179, 1ST FLOOR, KHAN RESIDENCY 12TH A MAIN, BTM 1ST STAGE, BANGALORE, Karnataka	India
S2-779614645	Nagita Consultants Pvt. Limited	701, 7TH FLOOR, UNIVERSAL TRADE TOWER SECTOR 49, GURGAON, हरियाणा	India
S2-345172295	Swati Hotels  Private Limited	दिल्ली, B ##36 PUSA ROAD, NEW DELHI	India
S2-849819552	FIRST CHURCH BAPTIST BAPTIST	1160 1/2 CONSIDINE AVE, CINCINNATI TOWNSHIP, OH	US
S2-83042259	Matthews Inc Services	2042 49RD AVENUE, null, OMAHA, NE	US
S2-930033885	Sri Jagdamba Institute of Technology Limited	106, WALKESHWAR, 4/5, KAPADIA BUILDING, WALKESHWAR - ROAD, OPP. RAJBHAVAN GOVERNOR`S GATE B, US STOP, Maharashtra	India
S2-554364982	Ace Taiwan Associates Inc.	YONKERS, 1155 WARBURTON AVENUE, NY	US
S2-783345185	Hitech Foundation Prvimte (Limited)	#301-302 ATMA HOUSEOPP OLD RESERVE BANK OF INDIA ASHRAM ROAD, AHMEDABAD, ગુજરાત	India
S2-687655650	Gilddovabelo	0114 TEN OAKS DR, HENDERSONVILLE, TN	US
S2-699391872	INTERNAL MEDICINE PHYSICIANS LLC	400  L COLEMAN DRIVE, MILLSBORO, DE	US
S2-156580490	Addeo, Gaither and Paasch Riverside	1787 ESTATE DRIVE, FARMINGTON, NY	US
S2-391112651	kiahyamamotoprime.com	202 10TH ST, CITY OF LA CROSSE, WI	US
S2-121378391	SHAIKPET SERVICES PVT.		India
S2-221622332	Deltanex [Foundation]	7312 MLLER STREET, LITTLETON CIYT, CO	US
S2-99858135	Womens Health Atrcblnaic Associates	PLANO, 322  COVINGTON CT, TX	US
S2-822798491	Public Sunrise Aditya Foundation Limited	H. NO. IX/1339, ROOM NO. 101, GANDHI NAGAR, BAGICHI NANAD KISHORE, DELHI, EAST DELHI, Delhi	India
S2-386684455	o2ocom	156 TOWERING OAK COURT, BURLESON, TX	US
S2-903960790	स्टार स्टार फूड्स लिमिटेड	D-87, F/F BLOCK-D, EAST OF KAILASH, MCD PARK, SOUTH DELHI, DELHI, दिल्ली	India
S2-318023531	Beacon Grupo Cáre Inc	1929-1931 TWIST RD, FRANKLIN GROVE, IL	US
S2-709994826	ROCKY TRUSTED SKY GREATER LLC	7737 HARKINS ROAD, LANHAM, MD	US
S2-367358354	Sri ZENEX CHEM-CORP	613, M.S.ROAD, KRISHNANCOIL, KRISHNANCOIL, Tamil Nadu	India
S2-839523258	Cypress Uptown LLC	0543 WOODED FALLS RD, MIDDLETOWN, KY	US
S2-663041128	harrisarendslafayette.com	2814 30 STREET, BROOKLYN, NY	US
S2-343655850	Clean Freight	1050-1054 STAPLEY DR, MESA, AZ	US
S2-740009891	stewart, smith & sosa information llc	1822 Y AVENUE, HOMESTEAD, IA	US
S2-831064278	BRIGHT ICE CREAM LTD (SERVICES)	1387 98 ST, BROOKLYN, NY	US
S2-202436202	Best C0lombier	851 WENDOVER AVENUE, IN, WESTFIELD	US
S2-75100863	Hill, 6eorgena Pipeline	CARO COURT, HOUMA, LA	US
S2-219432880	Bona Pvt Ltd Partners	C/O MIHIR MUKHERJEE NISHCHINTAPUR, MOUZA RAMPURHAT, BIRBHUM, West Bengal	India
S2-348636731	ONGOLE ENTERPRISES LIMITED (CENTER)	DO. NO-5-82-1, AMBEDKAR COLONY EXTENSION, NEAR SOUTH BYPASS JUNCTION, PRAKASAM DISTRICT, ONGOLE, Andhra Pradesh	India
S2-171673064	Nicki Trentham, O.D.	OH, WILMINGTON, 496  VALLEY ST	US
S2-226658215	Foot & Ánkle Strategic Specialists LP	1101 BLAIR ROAD, TAYLORSVILLE, NC	US
S2-10587098	Unique Trável Infratech Limited	C-405, MARATHON INNOVA, OPP. PENINSULA CORPORATE P G.K. MARG, LOWER PAREL WEST, MUMBAI, Maharashtra	India
S2-604277262	గోల్డెన్ ప్రొడ్యూసర్ ప్రైవేట్ లిమిటెడ్	E BLOCK, HYDERABAD, తెలంగాణ	India
S2-437915677	Laitinen & Monroe Vision Center [L.L.C.]	2217  DEER SPRINGS TRL, BELLEVILLE, IL	US
S2-718331277	Value Fortress Corp Partners	1814 ELLINWOOD ROAD, ROSEDALE CITY, MD	US
S2-549110351	गुड हॉस्पिटैलिटी प्राइवेट लिमिटेड	UNIT / NO. 505, MUMBAI, MUMBAI CITY, Maharashtra	India
S2-62004357	Nola Harlan, Esq.,	2526 VAN DYKE AVE, ROTTERDAM, NY	US
S2-548328657	Mr Swathi Vídyalaya	A-40, N.SR.OAD, KOLKATA, West Bengal	India
S2-921467017	విజన్ సదర్న్ టెక్నాలజీస్ ప్రైవేట్ లిమిటెడ్	SHOP 9, SECUNDERABAD, HYDERABAD, Telangana	India
S2-377895888	Marline B. B. Mátos, D.C.	811 GORDON AVE, NORWALK, IA	US
S2-995857514	अल्फा इम्पेक्स लिमिटेड	###51 TANAY OFF SAIBABA NAGA, KANDIVLI WEST MUMBAI, KANDIVLAI WEST, MUMBAI, Maharashtra	India
S2-791849792	... AARTI CARITHBLE LLP	PALANPUR, ગુજરાત, BANASKANTHA, 58-61 GAYATRI NAGAR SOCIETY HANUMAN TEKRI ABU HIGHWAY	India
S2-297926954	PRECISION-DEFOESE COMPANY	2400 800, KEWANNA, IN	US
S2-454519384	Jenson and Obrien	82 FREEPORT AVE, HEMPSTEAD, NY	US
S2-160208970	Presto Frefs Holdings Ltd	102 96, KAILASH MARKET OPP. HIPA SECTOR 18, SARHAUL ROAD, GURGAON, Haryana	India
S2-829607842	LG Paper Enterprises  Public Ltd	CH-27, STELLAR JEEWAN GH-03, SEC-01, GREATER NOIDA, Uttar Pradesh	India
S2-105898926	Kolkata Technosoft Pvt. Ltd	32, JAWAHARLAL NEHRU ROAD, 7TH FLOOR ROOM, 705 & 706, KOLKATA, KOLKATA, West Bengal	India
S2-740446216	HAPPY-BKAELYR PARTNERS	##22730 SAGINAW POINT LN, NULL, KATY, TX	US
S2-960276783	St.  Church Inc	CHATHAM AVENUE, AUSTIN, TX	US
S2-153452187	Glyphay  Offshore	1869 TECUMSEH STREET, KEIZER, OR	US
S2-363634967	Izabel P. Escobar,	824 WEST STREET, KS, GARDEN PLAIN	US
S2-727314761	EAST SEA LLC	1126 PORT STREET, HOUSTON, TX	US
S2-262229158	Enormous-Multispeciality Private Limited		India
S2-908490642	CRUMPTON HORIZON AEGON	VALLEY STREAM, NY, 20 CENTRAL AVE	US
S2-234006471	जैन फाउंडेशन प्राइवेट लिमिटेड	VILLAGE- HATA MAIZAPUR (HALDHARMAU), GONDA, COLONEL GANJ, उत्तर प्रदेश	India
S2-287275758	Nexova Bright Co	3301 ACTON SCHOOL RD, GRANBURY, TX	US
S2-787757653	Creative Atlanticus, Partners	5576 BONNIE BROOK ROAD, CAMBRIDGE, MD	US
S2-567950393	Clear Wltmh Services Group	4636 TIMNAH LN, MONROE, NC	US
S2-803111569	Swayam C0nsultancy Holdings LLP	13ND FLOOR SONIGRACHAMBERS MARKET YARD, PUNE, महाराष्ट्र	India
S2-508901477	M/s Emotion Dynamics  (India) L.L.P.	FLAT NO.501, 5TH FLOOR, KARANAM KREST BUILDING, SERILINGAMPALLY, Telangana	India
S2-370328143	Líreque		US
S2-294062437	Primary Care Golden Clinic Llc	HALL AVENUE, MN, RICHMOND	US
S2-231158333	माय ग्लोबल प्राइवेट लिमिटेड	SOUTH DELHI, दिल्ली, B-17 KISHAN GANJ ENCLAVE, NEW DELHI	India
S2-364169649	RBC Toticl	##83 BROWN STREET, LEXINGTON, NY	US
S2-400230753	felisha's systems	704 GRAND CT, SILOAM SPRINGS, AR	US
S2-313502741	Simons Produce of Abflayn	ALBANY, 99 A SHAKER ROAD, NY	US
S2-695569717	ಅಪೆಕ್ಸ್ ವೆಂಚರ್ಸ್ ಪ್ರೈವೇಟ್ ಲಿಮಿಟೆಡ್	#D/17, PHASE-03, ROYAL SHELTER, NEAR GOLDEN GATES APARTMENTS, DEVARACHIKKANAHALLI, BANGALORE, Karnataka	India
S2-259053443	Cornerstone LLC Consulting	SIOUX  CITY, 1705 1/2 25TH STREET, IA	US
S2-950381919	JAIPUR RASAYAN PRIVATE	P.NO 154 , 301-302, GANGA HEIGHT, 3RD FLOOR, TONK ROAD, JAIPUR, Rajasthan	India
S2-734973716	Pvt Chamundeshwari Rrefmacioies Ltd	C/O AJAY KUMAR SINGH, HOUSE NO 01, VILL ASHANA, POST ASHAN, BALLIA, Uttar Pradesh	India
S2-785890760	Howell Crystal Cion Llc	07019 Forest Hill Avenue, RICHMOND, VA	US
S2-847335213	Phulwari Exports	NO 992 C/O RATNESH KUMAR, F.NO-415B LOTUS APARTMENT, PHULWARI, Bihar	India
S2-25973612	*** NOVOS  IMMUNOPHARMA	N335 BEAR TRAIL RD, <NULL>, POYNETTE, WI	US
S2-624804463	Guevara Guggenheim		US
S2-282390486	Regional Digital Networks Partners	671 LEGACY HERITAGE LN, WAKE FOREST, NC	US
S2-498472092	ONCOLOGY OF ZEBULON, LLC PARTNERS	613 HFPWOOD DR, ZEBULON, NC	US
S2-411547279	CREATIVE ENERGY	C/O VIJAY KUMAR GUPTABADDU MIYAN KIGALI LAL IMLI PO BEGUMPUR, PATNA CITY, Bihar	India
S2-377809075	Shilpi Management Private Private	FLAT NO.12, 8TH FLOOR, OM RATAN CHSL 70, SIR POCHKHANWALA ROAD, MUMBAI, Maharashtra	India
S2-272918438	Kestisa Triumph	3730 CENTENARY DRIVE, UNIVERSITY PARK, TX	US
S2-569860965	Shiva Consultants Private Limited	PLOT 11 KIDC DHEKU VILLAGETALUKA-KALAPUR DIST PANVEL, RAIGAD, Maharashtra	India
S2-49312012	DIAMOND SUN,	862 POMPEII ROAD, CLAY CITY, KY	US
S2-132808942	Jarlari Sound,	1408 LINHERE DRIVE, CARPINTERIA, CA	US
S2-382377359	Interstate Ridge Tsak0s L.L.C.	09 FIR LN, INCORPORATED, IL	US
S2-882915480	United Constructions Public Limited	DOOR NO 588 C/O MAHABIR HOUSE NO 2 VILLAGE KARIRA BLOCK 13, TEHSIL MAHENDERGARH, Haryana	India
S2-752508714	Granite LLC	297 SWAN STREET, POTSDAM, NY	US
S2-905684636	Vasundhara Colony Tonk Road Services Limited Service	HN 66/5 202, VASUNDHARA COLONY TONK ROAD, Rajasthan	India
S2-956957661	Moline  Precious	001292 MASON LAKE RD, MADISON COUNTY, KY	US
S2-774061303	Rhoden Partners Có	LAUREL, 24149-24153 STIPPS HILL ROAD, IN	US
S2-592359559	Heddie Chavez Integrated Physical Therapy	827 RAILROAD ST, CALDWELL, OH	US
S2-488789411	Management Rar Farmer Ltd	RS NO G-1030/1/1A 1031/2, PLOT NO A-76 MALAXMI NGR, KARIR, महाराष्ट्र	India
S2-257098293	BEACON  SGIENEC		US
S2-610038935	314 Place Park Apartments Group	#29 SOSEGADO LN, HOT SPRINGS VILLAGE, AR	US
S2-871774031	জৈন সফটওয়্যার টেক্সটাইলস প্রাইভেট লিমিটেড	NO #78 SATYAN BOSE ROAD, SILIGURI, West Bengal	India
S2-91150407	SAFE GENOMLC SERVICES	MD, PINE HEIGHTS AVENUE, BALTIMORE	US
S2-400132919	CARDIOLOGY CLAOE GROUP	4950 FULTON DR, FAIRFIELD, CA	US
S2-507704636	Rodriguez's Rodriguez's Jewelers Inc	52 CEDAR ST, KINGSTON, NY	US
S2-566309986	SHAIKPET SOLUTIONS PRIVATE  LIMITED	H.NO:1-98/628/ &50, SY-76/P, XENO SPACE, MADHAPUR, SHAIKPET, Telangana	India
S2-604893296	Vioiridelta	7839 OAK NARROWS RD, COOK, MN	US
S2-32144601	সিলভার বিজনেস প্রাইভেট লিমিটেড	COOPERS CAMP, WARD NO. 8 COOPERS CAMP, KOLKATA REGION, NADIA, পশ্চিমবঙ্গ	India
S2-773705845	Astor Impex Co	PLOT ##398 C/O PRADEEP KUMAR C, NALLALAM BAZAR, NEAR NEWS, KOZHIKODE, Kerala	India
S2-218771556	L.L.C. Pediatric Care Associates	1309 HUDSON AVE, DURHAM, NC	US
S2-844267085	Mumbai Buildcon Private	OFFICE NO. 100, BLDG NO.3, BHAGYODAYA SRA CHS, VEER JIJAMATA BHOSALE MARG, MANKHURD EAST, MUMBAI, Maharashtra	India
S2-646080124	CORNERSTONE CORPORATION	001150 LOUISIANA AVE, PERRYSBURG, OH	US
S2-578620577	-- Vision-Health	1769 TANGLEWOOD COURT, BURLINGTON, KY	US
S2-755159846	Jupiter Consulting (India) Private - 9635314554	#200 341/1, PHOOL BAGH COLONY, MEERUT, उत्तर प्रदेश	India
S2-174603489	कृष्णा कंसल्टिंग प्रोविजन लिमिटेड	A-C-19, BASANT COURT, SWAMI VALLABHDAS MARG, SADHANA VIDHYALAYA, SION, MUMBAI, N/A, Maharashtra	India
S2-557882604	... Clear Digital Worldwide-Inc	RIVER PLANTATION DRIVE, null, AUSTIN, TX	US
S2-173181959	Fredrickson Robotics Co	8223 BERRY AVENUE, SACRAMENTO, CA	US
S2-713235203	ईस्टर्न मीडिया प्राइवेट लिमिटेड	G-922, NEW DELHI, SOUTH DELHI, Delhi	India
S2-616876975	LNG OPTIMAL CONNECTION CORPORATION	9430 192nd Avenue, BONNEY LAKE, WA	US
S2-94339175	Susi Public School of Service	NO.4/221-2, MARAVAR COLONY, KUNUYOOR(PO), TIRUNELVELI, தமிழ்நாடு	India
S2-567089005	Crites Tax Group	OLNEY, 18132 TOWN CENTER DR, MD	US
S2-96362128	5hrinath Restaurant Private  Limited	SURAJ DHAM OPPOSITE VETERINARY HOSPIATL, JAIPUR, BAGRU, Rajasthan	India
S2-757677016	Fontes Continental Futurecorp,	109 ALMA STREET, PORT CLINTON, OH	US
S2-429779755	ईस्टर्न इन्वेस्टमेंट प्राइवेट लिमिटेड	GURGAON, ESPACE, NIRWANA COUNTRY SECTOR - 50, NR GOLF COURSE ROAD, GURGAON, हरियाणा, HN 32 H. NO. - 136	India
S2-131872909	Dermatology Medicine	317B LINCOLN HIGHWAY, DEKALB, IL	US
S2-328244888	sbrothers.com	PLTO NO - 55, NEAR ECO LAUNDRY, RAMTEKDI INDUSTRIAL ESTATE, PUNE CITY, PUNE, Maharashtra	India
S2-656749559	Devbhumi Investments	11/187 INDRA NAGAR, LUCKNOW, Uttar Pradesh	India
S2-15919698	Group Precision Wholesale Consultants	465 CHERRY AVENUE, <NULL>, WAYNESBORO, VA	US
S2-992673515	Metropolitan Council Inc	6810 16 AVENUE, BROOKLYN, NY	US
S2-130488242	BAUMGARTNER SUPERIOR HARBOR INC.	28625 127TH STREET, ZIMMERAN, MN	US
S2-352990076	C/E Bioach Group		US
S2-6599540	Aldrich Asoctaed	310 ROSECREEK ROAD, MURPHY, NC	US
S2-310050325	Dorris, Wright and Johnson of Covington Ltd	1 ROEBLING WAY, COVINGTON, KY	US
S2-642122157	Pinkst0n Medical Center Westgate LP #59784	42 MIAN ST, DELEVAN, NY	US
S2-641217477	Universal Limited Private (Trade)	L1/34, SHRI KRISHNA PURI BORING ROAD, PATNA, Bihar	India
S2-391886434	Southern International Private  Limited	C/O ASHOK MAHADEV PAWAR H.NO.12-26/1 A/P SHETPHALE TAL-ATPADI, DIST-SANGLI, SANGLI, महाराष्ट्र	India
S2-730243009	Citizen-Limited Center	323-A, A-BLOCK, 3RD FLOOR PACIFIC BUSINESS PARK, SAHIBABAD, Uttar Pradesh	India
S2-425859054	నార్త్ కన్సల్టెన్సీ ప్రైవేట్ లిమిటెడ్	DOOR NO 2-178B KALLUR, CUDDAPAH, ఆంధ్రప్రదేశ్, CUDDAPAH	India
S2-762096507	SOLUTIONS TOHSRET (INDIA) PRIVATE LIMITED	FLB3/102 GREENWOODS 1651 23STMAINROAD ANNANAGAR(W), CHENNAI, Tamil Nadu	India
S2-849565658	Chiropractic Inc		US
S2-234929684	Branch and Hayhurst	157 BAY 47 ST, BROOKLYN, NY	US
S2-548633980	Sterling L.L.C. First	200-202 UNIVERSAL RD, SOUTHERN PINES, NC	US
S2-282188517	CECIL SALISBURY VIKING LLC	10 SIGNAL STREET, PO BOX 650, SANFORD, ME	US
S2-479081815	Mereex Trust Co	1094 EWING AVENUE, <NULL>, CHICAGO, IL	US
S2-279679940	EYE OF ASSOCIATES ROWLETT SERVICES	7304 LINDSEY DRIVE, ROWLETT, TX	US
S2-598991538	Family Medicine (L.L.C.)	04775 WILLIAMS DR, GEORGETOWN, TX	US
S2-290655819	లోటస్ కేర్	B-##8, <NULL>, HYDERABAD, Telangana	India
S2-85853760	एपेक्स प्रोजेक्ट्स प्राइवेट लिमिटेड	PLOT 626 136, BARRISTER NATH PAL MARG NEAR RAY ROAD RAILWAY STATION, MAZGAON, MUMBAI, Maharashtra	India
S2-624751621	Ad & Brlcotmhefrs Exports Corp	060 WEST AVANI, MOOLA STREET, MADURAI SOUTH, தமிழ்நாடு	India
S2-949646028	Mardia lnfratech Phsvte Limited	TC ##55/2314/5, THEKKECHARUVIL, THIRUVANANTHAPURAM, THIRUVANANTHAPURAM, Keralam	India
S2-518185574	-- Coastal Committee	24 BEATTIE COURT, HUNTINGTON, NY	US
S2-575329360	Ram It [LLP]	Delhi, HOUSE NO. 1118 , COLONY KALKAKJI, DELHI	India
S2-819921403	Commission  on	121 BAUER AVE, LOUISVILLE, KY	US
S2-109447170	Om Translines	1-1204 , APARNA SAROVAR, NEAR CITIZEN HOSPITAL, NALLAGANDLA, GACHIBOWLI, HYDERABAD, తెలంగాణ	India
S2-362515452	LLC Foster Annuities	418 1/2 WATERWOOD LOOP, JEFFERSON, TX	US
S2-898211285	ஷ்யாம் மேனேஜ்மெண்ட்	NO.3/35 SUBHIKSHAM APARTMENTS KALYANAGANAPATHY KOIL STREET, NEW COLONY, PORUR, SRIPERUMBUDUR, TIRUVALLUR, தமிழ்நாடு	India
S2-424220142	GOBLE CRYSTAL KARBON CORPORATION	10744 BRAESHEATHER COUT, HIGHLANDS RANCH, CO	US
S2-500350498	Downtown Auto Body Corp	307  CLEVELAND ST, AGRA, OK	US
S2-784152114	OSU Cleaning	H. NO-2-111/4 RNDDY, COMPLEX HANUMAN TEMPLE, R.C.PURAM, Telangana	India
S2-626832027	Family Ministries III	81 MADERA CT, LOS BAONS, CA	US
S2-146369582	Eva My Private Límited	JC-9 , GROUND FLOOR KHIRKI EXTN., MALVIYA NAGAR, NEW DELHI, Delhi	India
S2-834353592	Raj Industries		India
S2-845577049	Interfaith Charities	5537 Denton Dr, RUSSELLVILLE, TN	US
S2-656157274	DF Ebtectronics Group	##793 REAFORD RD, WINSTON-SALEM, NC	US
S2-613069085	Godfrey Focus Westgate LLC	23-C YORKTOWN CT, CHICOPEE, MA	US
S2-832217974	Law  Capital		US
S2-814528835	Shri Panache F0undation	301, MAYURESH COSMOS, 3RD FLOOR, PLOT NO. 37 SECTOR-11, CBD BELAPUR, NAVI MUMBAI, Maharashtra	India
S2-423099834	Thomas Future LLC	00109 CLARK RD, GRIMESLAND, NC	US
S2-382440808	#mybig	KURNOOL, Andhra Pradesh, 4	India
S2-458053941	Mr SANSKRUT SERVICES	UNIT NO. #806, BLOCK CS6 CAPETOWN, SUPERTOWN LIMITED, GH -01/A, SE, CTOR 74, NOIDA, Uttar Pradesh	India
S2-585332164	Dinique Ventures Íncorporated	206 Kingwood Park, POUGHKEEPSIECDP, NY	US
S2-235886198	Belling Mtoiero Kongsberg Group	STAGECOACH STREET, TX, FORT WORTH	US
S2-352654049	ઈસ્ટર્ન કન્સલ્ટન્ટ્સ પ્રા. લિ.	DOOR NO 11, SURAT, Gujarat	India
S2-732609411	Southern Pioneer	DURHAM, 1012 LAKEWOOD AVE, NC	US
S2-176512196	Express Flaherty Center	1501 SUNRISE CSEST LN, POWELL, TN	US
S2-795809304	Heritage Agricultural  Alliance LLC	6024 TR 253, PO BOX 8978, OXFORD TWP, OH	US
S2-85642806	Crandall  Enterprises Inc		US
S2-623705967	Cascade Partners	#126 HUMMINGBIRD LANE, SOUTH BURLINGTON CITY, VT	US
S2-813862982	BELTON RAPID ONLINE CENTER LLC	51  CRESCENT PLACE, TUCKAHOE, NY	US
S2-233123309	DYNAMIC DIAMOND THAYER	289 240TH AVE, MINNESOTA LAKE, MN	US
S2-848878443	Ram  Technologies Private	902 , SHUSHANT, GOLF CITY, ANSAL API, LUCKNOW, Uttar Pradesh	India
S2-264940990	Better Logistics Dynamics	10600-B MOONLIGHT CT, ALBUQUERQUE, NM	US
S2-872823424	christensen peak intelligence llc	189-193 STRATTON RD, WILLIAMSTOWN, MA	US
S2-630655854	#SHANKSNEWHOLD	4710 STURGEON POINT ROAD, CHARLES CITY COUNTY, VA	US
S2-175456325	fresh digital innovations group	464 ALDEN AVE, COLUMBBUS, OH	US
S2-915284307	Dr ANUGRAH MEMORIAL TRUST CORPORATION | www.anugrahme.com	D.NO.802 MALAYADIPATTI, RAJAPALAYAM, Tamil Nadu	India
S2-92868774	Pediatric Dentistry Associates	NC, 881 SHORE DR, SOUTHPORT	US
S2-311071517	Hunter Holdings Group Inc.	1230 Mayfield Dr, AMES, IA	US
S2-741298163	Silver Bike Snnhp		US
S2-101535200	@serviceskvs	#33, 1ST MAIN, 6TH CROSS, JAYAMUNI NAGAR, BAGALUR, BANGALORE NORTH, ಕರ್ನಾಟಕ	India
S2-977033809	Happy Yoga Co	926 REYNOLDS AVENUE, PRINCETON, WV	US
S2-874310964	श्री सिस्टम्स प्रा. लि.	NO 52/68 L.G.F. POCKET - 52 CHITTARANJAN PARK, NEW DELHI, SOUTH DELHI, दिल्ली	India
S2-14241037	brightgreatsummit.com	460. WOODBRIDGE ST, MANCHESTER, CT	US
S2-926927744	Cabrera Charter  5chool Inc.	9212 BETHEL RAOD, FREDERICK, MD	US
S2-607073224	East Meuryr Co	416  TIGHFIELD DR, MEBANE, NC	US
S2-30769224	Behavioral Health Clinic Incorporated	MILTON, 556 ACTON LN, DE	US
S2-62630370	Eastern Líve	1014-C HILLCREST AVE, PMB 140, COLUMBIA, TN	US
S2-693296247	Private Indo Maa Solutions [Limited]	C/O PENNAPUREDDY VENKAT H NO 4-95/1/7 BAVANI NAGAR, BESIDE GRAMINA BANK ROAD, KODAD, SURYAPET, SURYAPET, HYDERABAD, Telangana	India
S2-863755882	Towle Mountain	BOWEN LAKE DR, NC, KERNERSVILLE	US
S2-988228866	Cardiology Bright Care Co	341  ALLUVIUM DR, LAUREL, MD	US
S2-707195845	Nai-Services Private Limited	H NO D-40A. F/F BLOCK-D OM, VIHAR PH-V UTTAM NAGAR, NEW DELHI, Delhi	India
S2-182260134	Rrk 5ervices  Private Limited	##707 1409, SAPTASHRINGI, SR.NO -19, GONDHALE NAGAR, HADAPSAR, PUNE, Maharashtra	India
S2-383775997	OTHA GAONA BEST CENTER PARTNERS	002954 44ND ST, KANSAS CITY, KS	US
S2-155681006	ANUSAYA BROTHERS PRIVATE LIMITED	CTS3342/45/47, FLAT701AWG, SAIARECADHA, SHIVAJICHOWK, KALYAN, Maharashtra	India
S2-489461707	ORTHOPEDIC CENTER INC	58 STATE STREET, BIDDEFORD, ME	US
S2-224495015	Aura Quarry Group	West Bengal, NO 60 C/O-RITA NASKAR, TARGET PLAZA, 2ND FLOOR ROOM NO-202, DELHI ROAD CHOWMATHA, DANKUNI	India
S2-968661299	ZIMMERMAN, STURGESS AND FREDRICKSON	##19828 FIFTH AVENUE, SHORELINE, WA	US
S2-916399099	Mallet, P. Vita Services	210 MAIN ST, SOUTH AMHERST, OH	US
S2-596035808	பாபா ஹாஸ்பிடாலிட்டி ஸ்டோர்ஸ் பிரைவேட் லிமிடெட்	597/1B12, VADAKKUTHOTTAM, L&T BYEPASS ROAD FACE, COIMBATORE, தமிழ்நாடு	India
S2-687374926	Ear Ncose &  Throat Specialists Inc.	1712 CROUCH ST, BENTONVILLE, AR	US
S2-740081940	([LLC]) 3841 Main Road Owners Corp	725 MICHIGAN AVENUE, MAUMEE, OH	US
S2-6693673	Ring Railway Empire	VA, 206 CENNING TER, PURCELLVILLE	US
S2-677969907	Ulrike Ibarra Innovative	1215 FSTER AVE, NASHVILLE, TN	US
S2-66915093	BENTLEY LLC PÁRTNERS	#31 WOODCUT DRIVE, MASTIC BEACH, NY	US
S2-595414933	CARDIOLOGY CARE ASSOCIATES OF SOMERSET	4028  Hopewell Twp Rd 40, OH, SOMERSET	US
S2-644844275	Continental Project Group Society	378 HILLCREST ROAD, MOBILE, AL	US
S2-806902783	Maple Énergy	C-#14 SF LEFT SIDE MAHENDRA PARK UTTAM NAGAR NEAR MANDIR, NEW DELHI, दिल्ली	India
S2-997781999	Dulcia Pfau Family Practice LLC	CANOE DR, PMB 4199, HARKER HEIHTS, TX	US
S2-251270580	Midwest LLC Endocrinology	717 63-721 WHITE MOUNTAIN DRIVE, RUIDOSO, NM	US
S2-399391347	Amar  Traders Private Ltd	Karnataka, NEW NO.164 (OLD NO.54/19), 4TH CROSS, LALBAH ROAD K.S.GARDEN	India
S2-985375674	PEAK BUSINESS GLOBAL-LLC	4859 SPOONBILL DRIVE, TUCSON, AZ	US
S2-871160922	LOUIS VETERINARY  CLINIC CORPORATION	10  FOXHOUND COURT, RANDALLSTOWN, MD	US
S2-182591175	Mcdougal & Medina P.L.L.C.	TX, HOUSTON TONSHIP, 2704 KOWIS STREET	US
S2-719685387	legacyantimony.com	69 KENT DRIVE, SEEKONK, MA	US
S2-52425118	Plymouth Envinentol Committee	110 ETNA ROAD, PLYMOUTH, ME	US
S2-481889816	Upper Sea [Partners]	1010 TERRCE RD, SAN BERNARDINO, CA	US
S2-449997657	Radico & Brothers Industries Pvt. ([Ltd.])	NO 10 C/O BIKASH HAZRA PO KASHIPUR, KENDUJHAR, Odisha	India
S2-836444455	ಬಾಲಾಜಿ ಬಿಸಿನೆಸ್ ಪ್ರೈವೇಟ್ ಲಿಮಿಟೆಡ್	7, PRABHU MANSION, APT G2 3RD CROSS, IST MAIN, BASAVESHWAR NAGAR, BENGALURU, BANGALORE, Karnataka	India
S2-831239310	ENTERPRISES STAR AERO	91/A, WEST BORING CANAL ROAD, PATNA., बिहार	India
S2-272930939	Virani Nano Ínc	TULSA, OK, ##7 8TH ST	US
S2-723550919	SCHWARTZ CARDIOLOGY  LLC	1249-1253 PERKIOMENVILLE ROAD, PERKIOMENVILLE, PA	US
S2-582932642	Midwest Índustries L.L.C.	36TH STREET, LINCOLN, NE	US
S2-680477816	-- VACLARIS SOUTH HOLDINGS	1805 DEFFER DRIVE, NIXA, MO	US
S2-866650875	Pediatric Dentistry Group Group Partners	12017 OBEE RD, HAVEN, KS	US
S2-284585076	FAMILY BLUE CLINIC	FESTUS, 35 SPRING VALLEY, MO	US
S2-859458159	મોડર્ન ટેક પ્રાઇવેટ લિમિટેડ	8, AHMEDABAD, BHAGAT ESTATE, NR. GALAXY CINEMA HIGWAY NARODA ROAD, Gujarat	India
S2-10371526	న్యూ కన్సల్టింగ్ ప్రైవేట్ లిమిటెడ్	NO 16-2-705/9/EMALAKEPT HYDERABAD., RANGAREDDI, ANDHRA PRADESH, Telangana	India
S2-872809565	Shilpa Consultancy LLP	BLDG NO. D-3, GALA NO.206, SECOND FLOOR, PRERANA COMPLEX, DAPODE ROAD, VAL VILLAGE, BHIWANDI, महाराष्ट्र	India
S2-101451801	Mr VISION  INFOTECH	3-54/1, HUNUAM NAGAR, CHAITDANAYAPUR, DILSSUKHNAGAR, HYDERARABAD- 500 060, Telangana	India
S2-471713609	High Investments Prsictsae Limited	Haryana, H. NO. 1153. , SECTOR 15 PART 2, GURGAON	India
S2-801254519	Miify Bank Southside	84 FACTORY STREET, SHINNSTON, WV	US
S2-38041426	Ectoevo	315 REID STREET, HOUSTON, TX	US
S2-822658217	Quantum Quantum & Brothers Corp	05 FLOOR 5-PLOT AMIT INDUSTRIAL ESTATE, DR. S S ROAD MAHATMA GANDHI HOSPITAL PAREL, MUMBAI, Maharashtra	India
S2-487524833	... Ear N0se & Throat Associates Co	43 FLORIDA SAINT, BUCKHANNON, WV	US
S2-153417256	gross, lissi, l.c.s.w.	2448 TANNERY TRAIL, WINSTON-SALEM, NC	US
S2-284919985	GULF HARBOR HOUSE	3  MARGATE LN, SOUTH DENNIS, MA	US
S2-985114164	Platinum Wholesale Inc Union	004410 ALTAY DRIVE, BILLINGS, MT	US
S2-212582677	Martines Networks	1202-D BRAEMAR HIGHLAND DR, ZEBULON, NC	US
S2-356986111	Rahul Ínstitute	#17 GURUNANAK PURA, NAGPUR, Maharashtra	India
S2-670524857	LLC QUOKOR PARTNERS	8 ACCESS RD, ALBANY, NY	US
S2-613033114	Womens Health LLC Physicians	122 DREXEL CIR, LEXINGTON, NC	US
S2-773750717	LUCI BRHNRAT [NEXT]	CHRISTIANSBURG, 80 ELLETT RD, VA	US
S2-518721601	Enterprises Brick Dhan Private	50, JITENDRA PARK, VIP ROAD, BEHIND, AYODHYA NAGAR, ગુજરાત	India
S2-908088236	Moonlink Textile Co	D-0065, (1094) MAIN ROAD, BUDH VIHAR TAJPUR HILLS, BADARPUR, Delhi	India
S2-62535217	श्री इम्पेक्स प्राइवेट लिमिटेड	Haryana, FARIDABAD, PALWAL, H NO D-169 WARD NO-26	India
S2-288287673	NELIA SMITH	1 PERRY ROAD, SARATOGA SPRINSG CITY, NY	US
S2-715851950	*** CASCADE PROGRAM LLC	11080 GLENBROOK ST, TX, BEAUMONT	US
S2-729251399	మోడర్న్ ఇండస్ట్రీస్ ప్రైవేట్ లిమిటెడ్	LIG BATHAKAMMAKUNTA, HYDERABAD, తెలంగాణ, MUSHEERABAD, PLOT NO A3	India
S2-569625167	H0rine  Platinum Broadband LLC	1080- 3300, SALT LAKE CITY, UT	US
S2-70247599	New Delhi Investments Ltd. - 8333712750	A-27VIVE VIHAR PHASE 7 IST FLOOR, NEW DELHI, <NULL>, Delhi	India
S2-665500858	Hickman Preferred Lending LLC	CA, 17428 RANDALL AVENUE, FONTANA	US
S2-473353207	Sarasavu Partnership Prilrete Limited	38 BESANT ROAD ROYAPETTAH, CHENNAI, Tamil Nadu	India
S2-823869687	White P0wer Limited Partners	T C 21VANHIYOOR/3, TRIVANDRUM, Kerala	India
S2-566676508	Aryavarta Aryavarta International (India) (Ltd)	SARIJAN BEWA, W/O SAMSER MIYA, NEAR RELIANCE TOWER, KALJANI, COOCH BEHAR, KOCH BIHAR, West Bengal	India
S2-8914613	Orthopedic  Specialists,	GATEWAY OAKS DR, SACRAMENTO, CA	US
S2-910112818	Eberhard and Matthews [Crumrine]	1184 ST PETERS CHURCH ROAD, GOLD HILL, NC	US
S2-149854075	Solutions Winstar Pvt. Ltd. Center	C/O-MRS NALIMA PRAKASH PATEL HOUSE NO 1636/A MAYA NAGAR LINE NO-1 IND, NAGPUR, Maharashtra	India
S2-441144872	Jones Múltimedia, Múltimedia, LLC	##1933 PROTEUS DRIVE, HASLET, TX	US
S2-965274658	Latham & Heifner		US
S2-889852631	Services Nhnss Enterprises Private Limited	4/366-2, GROUND FLOOR SREERAMULAPETA, TADIPATHRI, Andhra Pradesh	India
S2-105671746	LAMB CLASSIC MARKETING  INC	272-B PLANTATION DR, PLEASANT VIEW, TN	US
S2-528143818	Heritage Equity	1225D MITCHELL LN, BOLIVAR, TN	US
S2-66569650	indraprasth brothers	DOOR NO 4-15. DULLA VEEDI, KOTHAPALLE, KAMARAJU PETA, Andhra Pradesh	India
S2-232342145	I & A Midland Midland	2307-2311 COUNTRY CLUB ROAD, NY, UNION	US
S2-498279964	CORNER  GRILL	CA, 231 GREEN OAK CT, THOUSAND OAKS	US
S2-846681979	बालाजी इन्वेस्टमेंट्स रेस्टोरेंट	AURANGABAD, PLOT 937 C-102, MIDC AREA WALUJ, Maharashtra	India
S2-53012167	Draughn Gulf Networks Llc	376 ROEHRER AVE, BUFFALO, NY	US
S2-409555983	Hoshiarpur Trading-Kolkata Enterprises	West Bengal, H.NO 240 A.J C BOSE ROADCRESCENT TOWER 2ND FLOOR BHOWANIPUR UNIT 2G, KOLKATA	India
S2-777919211	Susy's Fisheries	6276 TAYLOR PIKE, BLANCHESTER, OH	US
S2-711267664	Blue (India) Healthcare  Borivali West	307 ORCHID PLAZA, NATAKWALA LANE, BORIVALI WECT, Maharashtra	India
S2-523031614	Education Fund  PC	6370 RICHMOND AVENUE, PMB 3352, HOUSTON, TX	US
S2-630890287	Roloo Desert	PRAIRIE DUNES CT, NOMRAN CITY, OK	US
S2-105423216	Kelley, Jnith C., L.C.S.W. Partners	115-C NEVADA AVE, DE, WILMINGTON	US
S2-216233158	बालाजी प्रोजेक्ट्स लिमिटेड	A-040, NEW DELHI, Delhi	India
S2-324372014	Mr INNOVATIVE  FOODS PRIVATE LIMITED	PLOT C-763 S. NO. 284, PLOT 8D, RAISONI INDUSTRIAL PARK, VILLAGE MAAN, TAL MULSHI HINJEWADI, PUNE, Maharashtra	India
S2-716241482	C+  GABELLI PC	9807 GARDEN RANGES, LAUREL, MD	US
S2-960129567	>> PRIME CONSTRUCTION CONSULTANTS P.C.	11776 WILLOW VIW CT, VIOLET TWP, OH	US
S2-761733049	#7 Vendome [Corp.]	OLDE TOWNE DR, IRVING, TX	US
S2-579566857	Vanguard Inc.	37- BRENDAN AVE, MASSAPEQUA PARK, NY	US
S2-866594419	इंडियन इन्वेस्टमेंट प्रा. लि.	C/O-SHRI CHANGDEV TRINBAK SALAVE, 12637/ 12 PUSHKRAJ RESIDENCY B WING BASEMENT, SANGLI, Maharashtra	India
S2-602353889	Arihant Developers Private	13TH FLOOR, ATMA RAM HOUSE, 1, TOLSTOY MARG, Delhi	India
S2-459018782	Midwest Global Inc.  Center	1519 LAKEVIEW BLVD, LORAIN, OH	US
S2-813396578	ANNELISE WU	26 LONG BOW, NY, WADING RIVER	US
S2-487282937	பிரைம் இன்ஃப்ராஸ்ட்ரக்சர் பிரைவேட் லிமிடெட்	BLOCK B-767 F.NO FO 22, NO 29 & 31 ARCOT STREET, T.NAGAR, CHENNAI, Tamil Nadu	India
S2-39079223	Pediatric-Care	66 MURRAY ST, PO BOX 5644, BINGHAMTON, NY	US
S2-421672451	Slater Clolege  Inc	IL, NAPERVILLE, NEW HOPE ROAD	US
S2-820761727	BROWN MONTESSORI SCHOOL	6125 64ND AVE, PMB 2815, RIVERDALE, MD	US
S2-683730928	Partners Frontier Atalntric Dbdr,	936 Trading Post Trl, ALBUQUERQUE, NM	US
S2-694466866	Direct Mobility Consultants Holdings	216 MAIN ST, FLEISCHMANNS, NY	US
S2-362555190	Urgent  Care Physicians Inc	5635 CHESSMOUNT DRIVE, OAKVILLE, MO	US
S2-958380385	NA5HVILLE TARGET  CORP	NASHVILLE, 601 SYLVAN ST, TN	US
S2-292068607	gwk.com	1201, MUMBAI, महाराष्ट्र	India
S2-793779186	FORGE  TRAVEL	22855 COUNTRY VISTA DR, LIBERTY LAKE, WA	US
S2-880076532	Tao Industries Holdings	20 1/2 WEST ST, NEWTOWN, CT	US
S2-77261485	SHAILESH FOCIDOD LIMITED	SADGURU CHAWL, SHIVAJI NAGAR6-1 MAROL PIPELINE, ANDHERI EAST, MUMBAI, महाराष्ट्र	India
S2-562696174	Ishaan  Hotels	E 9., F. NO. 002, ANSAL API, SECTOR 67, GURUGRAM, Haryana	India
S2-929868474	स्काई बिजनेस इंजीनियरिंग प्राइवेट लिमिटेड	H.NO 13 SHIVLOK TRIVENI NAGAR, LUCKNOW, Uttar Pradesh	India
S2-967923960	SUPREME PRODUCTS MEDIA	2960-C HEATH CREEK ROAD, PMB 4675, BARBOURSVILLE, WV	US
S2-77599239	Rabale  Infocom Industries	FLAT A 402 PLOT NO 18/24, PALM BEACH RD NAVI MUMBAI, RABALE, Maharashtra	India
S2-259904588	Venus Finsabnce Group Limited	00324 EVEREST APARTMENTJ P ROAD VERSOVA ANDHERI WEST, MUMBAI, Maharashtra	India
S2-92469603	Heritage Materials Associates  Westgate	SACRAMENTO TOWNSHIP, CA, 67 CEDRO CIRCLE	US
S2-416568090	indigomarketing.com	Delhi, 2 , 1ST FLOOR, DLF INDUSTRIAL, AREA, NAJAFGARH ROAD, MOTI NAGAR, NEW DELHI	India
S2-758502039	CASTELLANOS, VÁSSALLO & NEGRON GROUP	#9172 SKYWOOD LANE, CITY AND BOROUGH OF JUNEAU, AK	US
S2-661030345	C/H CÓHEN L.L.C.	4121 MCDOWELL RD, PHOENIX, AZ	US
S2-15514991	EL Resilience		US
S2-81664343	advent clinic ventures	H. NO-01604 SHOP NO-3, SEC-26A, NAVI MUMBAI, महाराष्ट्र	India
S2-557520173	American Assets Corp	GERMANTOWN, 2109  DONNINGTON COVE, TN	US
S2-976576895	SUMMIT VALLEY SCHOOL MONTESSORI	16114 GREEN BAY SAINT, PRINCE WILLIAM COUNTY, VA	US
S2-886247443	Valley Direct  Biotech	9225 CASCADE AVENUE, WEST DES MOINES, IA	US
S2-134341052	HOPKINS IMMERSION LTD	816 JACK PINE CT, <NULL>, SOMERSET, WI	US
S2-456180704	Davis and Rosas	SHADYBROOK DRIVE, AKRON, OH	US
S2-614810613	BETTER COMPANY (SERVICE)	295-297 COTTON BLOSSOM ROAD, MILLBROOK, AL	US
S2-394290175	ZAIX (CORPORATION)	289 B LN, LAKE ARROWHEAD, CA	US
S2-537095996	Hyline Salons Private	H.NO 8-A , FIRST FLOOR, MADHA CHURCH ROARD, MANDAVALLIPAKKAM, CHENNAI CITY CORPORATION, Tamil Nadu	India
S2-195768351	Brown, Reyes and and Kieffer Services	2990 GREYSTEEL CROSSING BLVD, COLUMBUS, OH	US
S2-453455590	Smith Ares Valley Inc	905B MARINE ST, MOBILE, AL	US
S2-498046006	Private Exports Eric Series Ltd	Maharashtra, PALM SPRING LK RD, NEAR D MART, MALAD (W, ), MUMBAI, PALM SPRING CENTER. 61 BLDG NO 3, MUMBAI CITY	India
S2-772533853	हाई कंस्ट्रक्शंस प्रा. लि.	SHOP NO 4 LOWER FLOWR DISH A SHILP TOWN CENTER CIDCO AT AURANGABAD, AURANGABAD, Maharashtra	India
S2-706360388	North Producer  Pvt Ltd	SHOP NO. 62, B.D.A COMPLEX MATA MANDIR, T.T. NAGAR, Madhya Pradesh	India
S2-540931339	Regional Ministries Partners	25 ISLADN LANE, CANANDAIGUA, NY	US
S2-301404229	Beacon Biomencal Dynamics  LLC	413-417 BROOK STREET, SILVERTON, OR	US
S2-910448815	KR STUDIOS PRIVATE LIMITED	##9/1206, PILKHAN TALA, SAHARANPUR, Uttar Pradesh	India
S2-630688873	Global Coalition	TX, 1707 WEBER ST, HOUSTON	US
S2-318348932	Maps Limited Private Private 8randing	D#2-155, SEC-11, ROHINI, दिल्ली	India
S2-51862156	Belmont  Priority Inc	19 WEATHERBEE ST, LUNENBURG, MA	US
S2-512947690	LLC Vandegrift Allstate,	2210 MICHIGAN AVENUE, PHOENIX, AZ	US
S2-921274499	Agro Graphic Products Private Limited	HN 386 KHASRA NO.-1189, FIRST FLOOR VILLAGE BHALASWA, DELHI, दिल्ली	India
S2-640420911	PRIVATE LAKSHMI INVESTMENTS LIMITED	V-##17, NEHRU ENCLAVE, LUCKNOW, Uttar Pradesh	India
S2-680155243	3235 Center Avenue Apartments Corp	1528 91ST ST, SCOTTSDALE, AZ	US
S2-791856232	United-Housing Private Limited	H.NO 41 PARK ENDVIKAS MARG, NEW DELHI, Delhi	India
S2-502689864	DEVIN PRIVATE LIMITED SERVICES	G-297/22, CIVIL LINES, BAREILLY, उत्तर प्रदेश	India
S2-463704151	Corp. Clyio Tailwind	CT, EAST LYME, 20- SOCIETY RD	US
S2-99260087	Happy Ice Cream	88 WADING BIRD RD, CAMDENTON, MO	US
S2-725343258	3-Corners	3626  SEVERN RD, CLEVELAND HEIGHTS, OH	US
S2-971355410	વિજય એન્જિનિયરિંગ પ્રાઇવેટ લિમિટેડ	Gujarat, AHMEDABAD, TIMES SQUARE ARCADE, OPP. RAMBAUG, NR. RAVIJA PLAZA, THALTEJ, DOOR NO 10TH FLOOR 1004, AHMEDABAD	India
S2-723818545	Sicher  Benefit Private Limited		India
S2-903979096	Tillman Schrock	5320 1/2 171RD ST, BIXBY, OK	US
S2-420409886	TARAIYA SHAPPNIRE LTD	569/286B , BARGAWAN, LDA COLONY, KANPUR ROAD, LUCKNOW, Uttar Pradesh	India
S2-466380342	Bright Care	NO. 452 OFFICE NO-418 4TH FLORR, ANSAL MAJESTIC TOWER, NEW DELHI, Delhi	India
S2-865878281	MITTALMERCANTILES.COM	PALI DARSHAN FLAT NO 1102 11 FLOOR 33 ROAD, OPPOSITE MINI PUNJAB RESTRAUNT, MUMBAI, महाराष्ट्र	India
S2-637304807	tele hire limited	OFFICE A10, FLOOR 1, MITTAL COMMERCIA PREMISES CO OP SOC, OFF MV ROAD NEAR MITTAL ESTATE AN, DHERI EAST, MUMBAI, Maharashtra	India
S2-983379660	UROLOGY GROUP	001360 JACOBSEN BLVD, BREMERTON, WA	US
S2-781274226	SHAWN GARCIA  DEFI	5500 Flat Rock Trl, TUCSON, AZ	US
S2-677112745	Ophelia Dagihmghn Franklin	111 MAIN STREET, VILLAGE OF LUCK, WI	US
S2-960771041	Diehl Blue Inc.	39-41 ROAD 3435, FLORA VISTA, NM	US
S2-601185190	MORROW'S PIONEER PHARMACEUTICALS	253 MADISON AVENUE, BRIDGEPORT, CT	US
S2-941264213	Maid Cleaning Service LP	9429 448, PALESTINE, TX	US
S2-506255087	Apfel  Assets	DOC BROWN RD, RAEFORD, NC	US
S2-543978816	KIOSK  ENNETRSISES PVT. LTD.	C 045 SECTOR 52, NOIDA, उत्तर प्रदेश	India
S2-877647740	ড্রিম বিজনেস টেকনোলজিস	MRINALINI APARTMENT FLAT NO. 11 1/9 B.N. GHOSAL ROAD, BELGHORIA, KOLKATA, PARGANAS NORTH, West Bengal	India
S2-924929045	MONTGOMERY'S-VIISON CENTER	9224 KNOLL CREST LOOP, AUSTIN, TX	US
S2-826607227	L.L.P. Best Agro	00261/2A, SRINIVASAPURAM, Tamil Nadu	India
S2-20143885	Sri Hem Services Private Limited	NO.33 LAWYER CHINNATHAMBI STREET KONDITHOPE, CHENNAI, தமிழ்நாடு	India
S2-203282369	Hoyt Partners Ltd Services	626-A Schooner Trl, TX, LEANDER	US
S2-223117200	Private White Infra Motors Limited	NO 39 NEW EXTENSION COLONY, FARIDABAD, PALWAL, Haryana	India
S2-492444908	Nano Trading Public Limited	NO. 24A, SRI SRI MANSION, FLAT NO. 208, H. S. R. LAYOUT, SECOND SECTOR, Karnataka	India
S2-646579063	XF  Payments LLC	171 CLINTONVILLE RD, NORTH HAVEN, CT	US
S2-902193564	ब्लू डेवलपर्स	BLOCK E-402 SHIVANJALI HEIGHT, 2ND FLOOR, FLAT NO. 201, S. NO. 13/1/2/3, HAVELI, NARHE, PUNE, PUNE, PUNE CITY, Maharashtra	India
S2-890896148	URGENT CARE SPECIALISTS CORP	SMYTH COUNTY, 215 FALCON LN, VA	US
S2-153359899	CLEAN XCEL LLC	303 TARRAGON DR, CASHIERS, NC	US
S2-806329868	Roeder, Howell  and Smith LLC	AL, 110 OKALAND SPRINGS, MADISON TOWNSHIP	US
S2-793548079	V/T Pingl,c LLC	1823 GRAY HAWK DR, MISSOURI CITY CDP, TX	US
S2-590158229	Nellie Anderson Asa West LLC	879 BELTON DRIVE, NASHVILLE, TN	US
S2-282800901	Hubert Tráilblazer	CEDAR TRL, HUBERT, NC	US
S2-69903054	SIOUX CITY HERITAGE PRIME-ALLIANCE (LLC)	2310 5TH STREET, SIOUX CITY, IA	US
S2-300552236	Custom Education Labs	##21203 58RD AVE, MOUNTLAKE TERRACE, WA	US
S2-642367103	Ace Life Hospitality Public Limited	NO. 793 FLAT NO B-503, HIMACHAL APARTMENTS SECTOR 5, PLOT NO 21 DWARKA, Delhi	India
S2-996679134	Wright Corporate Co	91 ASHLAND LANE, ARUORA, OH	US
S2-34732391	Sag LLC	211 DISCOVERY RD, MARTINSBURG, WV	US
S2-285659000	Anand Red Pówer Pvt Ltd	C/O LEEJA K, THIRUVAMCOTTU PUTHENVEEDU THRIPPILAZHIKOM PO, KOLLAM, Kerala	India
S2-496777850	AMBER COMPANIES	342 TRASKWOOD CIR, CINCINNATI, OH	US
S2-648755299	Shri Stone Oil Private Ltd	PL 16, H NO. 7236, NEAR R. K. MEMORIAL, OZAR OZAR, NASHIK, Maharashtra	India
S2-59076666	Sri Concorde Property  Corporation	VILL - JOTH BHIM, PO - HATHGACHA K.L.C., KOLKATA, KOLKATA, West Bengal	India
S2-668014567	Saversoft	W6530 PATHFINDER DRIVE, NULL, APPELTON, WI	US
S2-804872908	Main Street Pub Co	DIXON, 505 F STREET, CA	US
S2-84094385	Sushil Holdings Pvt Ltd	26, KRISHNA COLONY PURANA RAMGARH MODE, JAIPUR, Rajasthan	India
S2-888560146	Fisher Bítwise Inc	10048 GOWANDA STATE RD, N COLLINS, NY	US
S2-431904537	Dailey Impact	5991- CR 5455, RALSTON, OK	US
S2-816686119	manleycustomrare.com	#109 Vance St, CLINTON, NC	US
S2-340786070	Arihant Products Private  Limited	C/O SUBHASH THAKRE, JALGAON JAMOD KURANGAD, JALGAON (JAMOD), Maharashtra	India
S2-976795148	humble brítish associates	1405D FLAGSTONE DRIVE, DYER, IN	US
S2-874254040	Best-Cascade Acp LLC	OR, PORTLAND, 01735 WARWICK AVENUE	US
S2-285859028	Beacon Colonial Biotech L.L.C.		US
S2-429661233	Melaify  LLC Services	4225 GLEN SPRINGS DRIVE, ARLINGTON, TX	US
S2-425397364	BELLAMY STONEBRIDGE, LLC	120 ROGERS DRIVE, AUBURN, KY	US
S2-454082161	Smith Soren	1975 SOUTH CAMP RD, <NULL>, CONRAD, MT	US
S2-225403671	Mahbubnagar Ventures Industries Pvt Ltd.	H.NO 1-131 , GINGURTHY VILLAGE, TANDUR MANDAL, MAHBUBNAGAR, Andhra Pradesh	India
S2-2048071	Southern Southern Advisors Inc	6297 WALTERS RD, HAGERSTOWN, IN	US
S2-831625227	INTERNATIONAL ECOMMERCE  PRIVATE LIMITED	25/1368, NANDADEEP CHS, KHERNAGAR, BANDRA (EAST), MUMBAI, Maharashtra	India
S2-936893839	HARBOR INDUSTRIES EAST INC.	1402 VIRGINIA AVE, MONROE, NC	US
S2-213138164	Woods & Bíanchi Lightwave Inc	1212 SPENE AVE, TEMPE, AZ	US
S2-555724821	DRAYARY CONNECTICUT INC.	255 HAYS RD, BEAN STATION, TN	US
S2-835613264	AGRO ALPS PRECISION	B-118 JALVAYU VIHAR PHASE-II SECTOR -P MANSAROVAR YOJNA KANPUR ROAD, LUCKNOW, उत्तर प्रदेश	India
S2-469774927	Mcwhirter Intelligence Corporation	PIMLICO ROAD, BALTIMORE, MD	US
S2-806659005	स्काई कंसल्टेंसी प्राइवेट लिमिटेड	H/O- JAY MANGAL SAH WARD NO- 08, NEAR OVER BRIDGE MARIPUR, MUZAFFARPUR, GANGIA, Bihar	India
S2-43889792	Zepheon Nano	VA, 108 MIMOSA COURT, SMITHFIELD TOWN	US
S2-791429680	COLONIAL [LEAGUE]	1909 55RD PL, FT. SMITH, AR	US
S2-331797662	BANGALORE CARE INFRATECH LIMITED	NO. 873 H NO: 324/141, BYADARAHALLI, MAGADI, NEAR BUS STOP, BANGALORE, Karnataka	India
S2-179095524	Campbell Sterling Doubleline (Corp)	SAINT PAUL, 173 1/2 LARPENTEUR AVENUE, N/A, MN	US
S2-45507615	BED BED PARTNERS	SEATTLE, WA, 5427 TWENTIETH AVENUE	US
S2-317485843	Traex Cahre Corp	2038 Elderberry Court, NASHVILLE, NC	US
S2-907307129	Kolkata Ecommerce Private Limited	H.NO #96 MUZAFFAR, AHMED STREET, KOLKATA, KOLKATA, West Bengal	India
S2-125254201	Gulf Pearl Co	WA, 3418 FOX COURT, GIG HARBOR	US
S2-872690777	Kestus Inc Restaurant,	1663 56TH ST, SCOTTSDALE AIRPARK, AZ	US
S2-870854431	MARTINEK ENTERPRISES-CLINIC EAST	NULL, 2333 SEVEN PINES DR, SAINT LOUIS, MO	US
S2-200288263	GULF INITIATIVE HOLDINGS	2263 GRACE AVENUE, SPRINGFIELD, MO	US
S2-890218607	Trading Robot Swadeshi	H NO -1288, SECTOR -45, Haryana	India
S2-44843332	Nityadhara (India) Traders Private Ltd		India
S2-768946792	Ridge Premium Group	TN, NASHVILLE, 009 ETHAN LANE	US
S2-569534268	Central Hospitality	666 VI-LILLY CIR, GROVE CITY, OH	US
S2-276826990	Addie Rádabaugh Brighthouse Downtown LLC	917. CLOVERLEAF CT, MARTINSVILLE, IN	US
S2-250788994	Tatum Classic Rseacrant LLC	79 CENTER ST, AHSTABULA, OH	US
S2-647664606	S0uthern Advanced  Suma LLC	24 HAYNES STREET, SOUTHWOOD ACRES, CT	US
S2-327008381	Miller, Nike Galaxy Corp Service	34 COOPER STREET, BROOKLYN, NY	US
S2-173612995	ઇનોવેટિવ રોયલ ઇન્ફોટેક પ્રાઇવેટ લિમિટેડ	61, MIRAMBIKA SOCIETY, NEA, PUNAGAM, CHORYASI, SURAT, Gujarat	India
S2-817896368	TIVA CENTRAL LLC	107 BELAIR STREET, BROCKTON, MA	US
S2-303833141	क्लासिक कंस्ट्रक्शन प्राइवेट लिमिटेड	SR. NO. 173/74, PUNE, महाराष्ट्र	India
S2-956132872	Great Limited (Private-Global)	DOOR NO 623 WARD NO., TEOSA AMRAVATI SHENDURJAN, TIOSA, Maharashtra	India
S2-751058119	Behavioral Health Center of Saint Louis Louis Park Corporation	3900- JOPPA AVENUE, SAINT LOUIS PARK, MN	US
S2-6875363	UTSAV VIDYALAYA	B-37/77, BIRDOPUR, Uttar Pradesh	India
S2-874162453	BT India Private Límited	15, DIWANPARA OPP CHAMPAKNIWAS PNO 1-3, RAJKOT, Gujarat	India
S2-292607667	QUANTENT FORTUNEX,	1262 NICHOLS PL, ASHLAND, KY	US
S2-475793028	Nagpur Minerals Private #37143	PLOT NO. W-12/12, MIDC AREA, NAGPUR, Maharashtra	India
S2-70367717	Eye Unified	WELLSVILLE, NY, 53 KING STREET	US
S2-890276366	ARBORCLEARGARDNER.COM	1 THORNWOOD MALL, UNIVERSITY PARK, IL	US
S2-137062485	Legal Traders (Ltd)	കേരളം, KP I 431, KATTAPANA	India
S2-40530909	Sd Sales  Overseas Pvt Ltd	PLOT 923 P.N. 74-75/F-4, TEEJA NAAGR VISTAR, JAIPUR, Rajasthan	India
S2-593940594	Cancer (Center)	849 1/2 ROUTE 59, BARTLETT, IL	US
S2-821982484	Mr Real Engineering Limited	C/O. LUCAS IGENTIOUS TUSCANO MATRU CHAYA, TORBHAT, NANADKHAL, PO. AGA, SHI, VIRAR W, Maharashtra	India
S2-771685137	PALM  (INDIA) TEXTILES PRIVATE LIMITED	C-##505, C- WING, MITTAL PARK, 44 J. R. MHATRE MARG, JUHU, MUMBAI, Maharashtra	India
S2-115895061	Gks Services  Limited	##36. THIRUMALA STREETAYANAVARAM CHENNAI-23, CHENNAI-23, Tamil Nadu	India
S2-232709023	CORTES HOME IMPROVEMENTS LLC	454D LAKE STREET, ELMHURST, IL	US
S2-609859392	Pankey Best Horizon Southside	41914 SPRING AIR DRIVE, LOUDOUN COUNTY, VA	US
S2-121185264	ZM Aomeslts Pvt Ltd	DOOR NO 44/7/1 K B SARANI, KOLKATA, West Bengal	India
S2-147321898	M/s Sanjeevini (India) Stone Public Ltd	M-D/156 GREATER KAILASH-2, DELHI, दिल्ली	India
S2-957204310	The Tique Permian		US
S2-881342723	Henke Integrated Line	018050 SH 288B, ANGLETON, TX	US
S2-560300733	Kanupriya Hospitality Overseas Private Limited Center	007/27, RAJASTHAN HOUSING BOARD, BHIWADI, राजस्थान	India
S2-790425886	Star Labs	S.NO. 2-1/4/6 NR. RAVIRAJ, TERRACE PUNE, PUNE CITY, Maharashtra	India
S2-537831921	Quintana Cadenza Llc	OH, 6804 SENECA PARK WAY, MAINEVILLE	US
S2-33383115	Twisted Coffee PLLC Center	2016 MOONLIGHT TRL, FORNEY, TX	US
S2-902261581	COMPLETE CONSUMER INNOVATIONS	148 JOYCE TER, WHITMAN, MA	US
S2-328900052	Pioneer-Financial, LLC	4249 HCIKORY RD, CHESTERFIELD COUNTY, VA	US
S2-31855479	ROBINSON'S MODERN MARKETING INC	1349 BAKER ROAD, HUNTINGDON, TN	US
S2-906609960	Barnes Parker & Hargis Blackrock Inc		US
S2-469595862	Ríliex	2518 Plymouth Rd, JOHNSON CITY, TN	US
S2-841418687	Inc. Vavue	324 Worth St, CLEVELAND, TN	US
S2-982495206	సిల్వర్ భారత్ టెక్ ప్రైవేట్ లిమిటెడ్	F. NO. 302, HYDERABAD, QUTUBULLAPUR, Telangana	India
S2-148435905	Bangalore South Shalgin | www.bangalore.com	DOOR NO 1ST FLOOR, NO. 7, 15TH CROSS, 100FT ROAD, J P NAGAR 4TH PHASE, BANGALORE, BANGALORE SOUTH, ಕರ್ನಾಟಕ	India
S2-194885385	JASPER BOND SUMMIT	WI, MENOMONEE FALLS, ##W220N8683 TOWN LINE RD	US
S2-849580158	OFFICE OF ENVIRONMENTAL PRDOTECTIN	02001 HAVEN SPRINGS LN, RICHMOND, TX	US
S2-830783927	Bay School Service	04124 STARBOARD COURT, RALEIGH, NC	US
S2-658347451	Rodriguez Acadia Valley LLC	MO, SPRINGFIELD, 2838 WASHITA STREET	US
S2-912812990	UK  Sciences	10770 HIGHLAND AVE, MARYVALE, AZ	US
S2-667917730	Perfect Infra (Private)	NO 37 DARPAN, 1411, LALEPLOT, MADHAVNAGARROAD, SANGLI, महाराष्ट्र	India
S2-613102013	Tejraj Consultants Ltd	AJNALA ROAD, VILLAGE KAMBOJ MEERANKOT, AMRITSAR, Punjab	India
S2-526345166	T/G Music (Inc)	25317 YELLOWBELLS PLACE, MONTGOMERY, TX	US
S2-622481215	UNITED COALITION	2208 WEXFORD WAY, NULL, STATESVILLE, NC	US
S2-596517091	Thrissur Servicesprivate	30/592  A, AIDEN COMPLEX, TRAMWAY ROAD, CHALAKUDY, THRISSUR, Kerala	India
S2-980907518	Ladd Áuto - 5744183203	10702 SKILLINGS RIDGE DR, PMB 5908, HOUSTON, TX	US
S2-514200750	Projects Rgm Education Pvt (Ltd)	NO.B3/208 , 1ST C CROSS, 2ND MAIN KASTURINAGAR, EAST OF NGEF, BANGALORE, Karnataka	India
S2-37960046	Moreen's Family Practice  Inc.	0611 SUFFIELD SAINT, AGAWAM, MA	US
S2-910920599	Nexiq Argentina	##13104 38, NOBLESVILLE, IN	US
S2-569401409	Catie Major G1obal Audio Installation Group	#334 EAST STREET, SUFFIELD, CT	US
S2-246534162	International Nexa Sécure	C/O SHAJAN GEORGE 247/1- VADAKKAN HOUSE KAVEED P.O. KOTTAPPADY VIA, THRISSUR, കേരളം	India
S2-660445841	GLAZE DATA  PVT LTD	PLT ##40A/95/SN/175 SHANTI, NAGAR GOVANDI BAIGANWADI, MUMBAI, Maharashtra	India
S2-111192912	Mumbai Vintrade Límited		India
S2-158571758	ಭಾರತ್ ಕನ್ಸಲ್ಟೆಂಟ್ಸ್ ಪ್ರೈವೇಟ್ ಲಿಮಿಟೆಡ್	BLOCK C, PLOT NO. 1, 2ND PHASE INDUSTRIAL AREA SECTOR 1, SHANAMANGALA VILLAGE, BIDADI H, OBLI, BENGALURU, BANGALORE RURAL, ಕರ್ನಾಟಕ	India
S2-640747746	साईं अल केयर प्राइवेट लिमिटेड	PLOT 781- FLAT NO A 15, MUMBAI CITY, THANE, Maharashtra	India
S2-339680178	SUPERIOR MÉDICAL CENTRE CORPORATION	Karnataka, H.NO 291/A , KIADB HEBBAL IND, USTRIALAREA, BEHIND LANDT, MYSORE	India
S2-500943015	Andreoli & Jones Inc	1236 29TH STREET, FORT DODGE CITY, IA	US
S2-510526842	Vaayuendra Global Care [LLP]	Gujarat, LS NO 178 2 GODOWN NO 3 AND 4, CHUDVA, GANDHIDHAM	India
S2-525338352	Holdings Davis and Stoddard,	59 GREYLAND DR, GRAY, TN	US
S2-968691770	departmentmotorvehicles.com	1806 GOLF ROAD, SCHAUMBURG, IL	US
S2-92854944	Ear Nose & Throat Grand Care Llc	3304 750, SHELBYVILLE, IN	US
S2-168008728	Jena's-Harbor Occupational Therapy LLC	8  COVES END, NEW FAIRFIELD, CT	US
S2-52629227	ONYXAVI	241 THEODORE FREMD AVE, RYE, NY	US
S2-254422036	TAYLORSVILLEDENTALLIBERTY.COM	148 NC 16 HWY, TAYLORSVILLE, NC	US
S2-894313135	Empire Midcap	6565- PRAIRIE, GARDEN PRAIRIE, IL	US
S2-935426120	Marbles Cóurt Enterprises Pvt Ltd	22A, DEFENCE COLONY, GANESH STREET MADIPAKKAM, CHENNAI, Tamil Nadu	India
S2-303889402	Ichalkaranji Solutions Ventures Private Ltd	C.S.NO.16595 NEAR MAN HOTEL, ICHALKARANJI, null, Maharashtra	India
S2-326621295	ATUL  TRADING PVT	SHRI BRAJESH PADAMLAL DAHARWAL, SUBHAMANGALAM PLAZA, SHOP NO. G 5 4, BUTIBORI / SUBHAM, ANGALAM, NAGPUR, Maharashtra	India
S2-857250441	ఇండో ఇన్‌ఫ్రా ప్రైవేట్ లిమిటెడ్	59-8-2/1, TF-404, BLOCK NO 8 TRENDSET HARMANY, VIJAYAWADA, KRISHNA, Andhra Pradesh	India
S2-202910951	M/s Greenfield Group of Industries Service	NO C-16 C/O -LATE NIZAMUDDIN, MANIKCHAK, BRAHIMOTTAR, MURSHIDABAD, West Bengal	India
S2-102699008	League Dvee1poebmnt Economic	114- LODGE DRIVE, ROCHESTER, NY	US
S2-706238826	TECHNOLOGIES CHAKRA ROBIN PRIVATE LIMITED	A-40, KRISHNA NAGAR - II, LAL KOTHI TONK ROAD, Rajasthan	India
S2-276431458	HEFFERNAN, BURKHART AND WILLIAMS LLC SERVICES	10802 TIMBERUN ROAD, VA, CHESTERFIELD	US
S2-595446667	ভারত পারফেক্ট ফাউন্ডেশন এলএলপি	DOOR NO 2ND FLOOR, DC TOWER, LIC MORE, G.T. ROAD, ASANSOL, BARABANI, BARDHAMAN, West Bengal	India
S2-163212711	BACK ALLEY  PUB	00925 19TH ST, PO BOX 7243, BILLINGS, MT	US
S2-191045664	TECH CARE PVT	CB-202, IIND FLOOR(PVT. NO.FLAT NO.-202) RING ROAD, NARAINA, NEAR PETROL PUMP, NEW DELHI, Delhi	India
S2-484559177	Trendy Memorial Trust Co	MAYURHOUSE, B-218, GIDC, SECTOR-25, GANDHINAGAR, GANDHINAGAR, Gujarat	India
S2-677006217	Dedava Co	2804 MARTHA ST, SIOUX CITY, IA	US
S2-494710355	Reggie Firr Advanced Internet	718 MAIN STREET, HAYS, KS	US
S2-165395178	Ziravi Services Private [Limited]	BLOCK G-G-980 NO.CC-31/133 A, CONVENT ROAD, PONNURUNNI P.O., Keralam	India
S2-289100479	CHILAKALURIPET  CHIT	HNO 3-9/12 5TH LANE PANDARIPURAM, CHILAKALURIPET, ఆంధ్రప్రదేశ్	India
S2-9826042	Group Holidays Pártners Enterprises	Rajasthan, 28 C/O SHYAM KUMAR VAISHNAV, HOUSE NO.01, TEL FACTORY, GADIYA COLONY, WARD NO. 6, BARAN	India
S2-258613807	ಫಾರ್ಚೂನ್ ಫ್ಯೂಚರ್ ಇಂಟರ್‌ನ್ಯಾಷನಲ್ ಪ್ರೈವೇಟ್ ಲಿಮಿಟೆಡ್	# 72, Karnataka, BANGALORE, LEVEL 2, NITESH LEXINGTON AVENUE BRIGADE ROAD, BANGALORE	India
S2-469964803	County Of	2315 188, GLOBE, AZ	US
S2-296812548	குளோபல் சன் இன்ஃப்ரா பிரைவேட் லிமிடெட்	I STREET, I FLOOR, SOUTH CANALBANK ROAD MANDAVELIPAKKAM, MADRAS-28, CHENNAI, Tamil Nadu	India
S2-895531443	Metropolitan Estate [LP]	17171 RED SHALE HILL RD, PEKIN, IL	US
S2-233965830	Serampur Uttarpara Pvt Travel Ltd	West Bengal, FLAT NO. 376, NANDLAL APARTMENT, NEAR STATION ROAD, HIND MOTOR, SERAMPUR UTTARPARA	India
S2-886131666	INTEGRATED LLC-BLUEROCK, DIRECT	2403 VAN DYKE AVE, RALEIGH, NC	US
S2-715327535	ENTERPRISES EXPERTO TRADERS PRIVATE LIMITED		India
S2-872319713	Green Engineering Private [(Limited)]	NO 411. S/O NARENDER SINGH PLOT NO-22, WZ-5-A LIFT NA VISHNU GARDEN, NEW DELHI, Delhi	India
S2-530400446	James Cornerstone Prime-LLC	1187 LIVORNO DRIEE, ROCKWALL, TX	US
S2-574943143	PADILLA & INC SCHREIBER	#N1864 Z, TOWN OF EAU GALLE, WI	US
S2-903626837	CEMCON FLOODS GROUP  PRIVATE LIMITED	H.NO ##76 C/O NANAKRAM KAKWANI, BEH.ARYA SAMAJ SCHOOL, HUZUR, Madhya Pradesh	India
S2-729049632	प्राइम फूड प्राइवेट लिमिटेड	HN 160/9 708, 709, 710, B WING, 7TH FLOOR, BSEL TECH PARK, 30A, VASHI, THANE, Maharashtra	India
S2-65623277	Big Solutions Pivahte Límited	D.NO.14/1, 2ND MAIN ROAD, JAYA NAGAR, SANATORIUM, TAMBARAM, தமிழ்நாடு	India
S2-270211292	Tucker Asrrst LLC	17. CLARK STREET, MALONE CITY, NY	US
S2-331117949	గెలాక్సీ టెక్నాలజీస్ ప్రైవేట్ లిమిటెడ్	BLOCK NO 1, PLOT NO 2/WARD NO 4, SY NO122/A, CHINCHOLI ROAD, TANDUR, VIKARABAD, RANGAREDDY, Telangana	India
S2-683692604	Commission on Health LLC	9615 DILLARD ROAD, WILON CITY, CA	US
S2-263966863	Soto Coastal Maywood Harbor Inc.	89 LORDS HILL ROAD, EAST NASSAU, NY	US
S2-154616044	M+ Húb	2702 WATTS AVE, PORTSMOUTH, VA, <NULL>	US
S2-456020855	Superior Robotics Véntures	IL, ELIZABETH, #11465 GOOD HOPE ROAD	US
S2-342864438	233 UNION (ID: 67194)	610D ROBIN DRIVE, CUSHING, OK	US
S2-92959536	Prism  Institute		India
S2-76243565	Behavioral Health Center  Corp	TX, CRESSON TOWNSHIP, 3015 RIO GRANDE CIR	US
S2-172207378	Singleton Safe  Perimeter LLC	GERRARDS CROSS DR, PMB 1007, HOUSTON, TX	US
S2-222540081	Industries Pi Technologies Private	UGCS-21 ANSAL PLAZA MALL SECTOR 1 VAISHALI, GHAZIABAD, Uttar Pradesh	India
S2-97937368	Pacific Genomic [Services]	20 SOUTH ST, MAYFIELD, KY	US
S2-431286952	Alibag LLP Life	SHOP NO. 5, RUDRAKSH RESIDENCY, ALIBAG, Maharashtra	India
S2-784070798	KCY-PRECISION LIMITED	6 RAWDON STREET, KOLKATA, পশ্চিমবঙ্গ	India
S2-957597561	United Unified Stock	510 NORTH SAINT, WAPAKONETA, OH	US
S2-873808082	Vijeta 5torage (India) Private	H.NO 34/C-8 SECTOR-8, ROHINI, NEW DELHI, NULL, दिल्ली	India
S2-869901829	Back Alley Pizza! (Corp)	32 SHORE ROAD, LONG BEACH, NY	US
S2-351253529	Myrtie Inc Metro Mercator Midtown King	714 ARIZONA AVENUE, LOS BANOS, CA	US
S2-279664505	Aspen, lncorporated		US
S2-931263231	FELTON & MCCARTHY PC	1211 CHOCTAW ROAD, REPUBLIC, MO	US
S2-9416718	Vanguard  Ferrrnoot	TX, 101 SAN SABA AVE, WORTHAM	US
S2-338373453	INC 8L BLUE,	106 MALLARD DRIVE, PONTOON BEACH, IL	US
S2-484427273	metroholdingsgroup.com	Cason Ln, MURFREESBORO, TN	US
S2-501229096	STEWART AND BOOTH SKY CO	110- SYCAMORE ST, LA CYGNE, KS	US
S2-479770402	VERTEX	4004 CALLE GRANDE, HOBBS, NM	US
S2-981916482	HAPPY [YAO]	905 REYNOLDS AVE, PRINCETON, WV	US
S2-682814350	Producer Equipments Processors Pvt Ltd	NO 62 , WHEELERS ROAD FRAZER TOWN, BANGALORE, ಕರ್ನಾಟಕ	India
S2-665940290	Bhiwandi Limited Consulting	NO 37 /1, HOTEL DILLI DARBAR, NR KASHMIRA DHABA, GORSAI SAWANDE, BHIWANDI, महाराष्ट्र	India
S2-935126066	யுனிக் சாஃப்ட்வேர் பிரைவேட் லிமிடெட்	THOOTHUKUDI, Tamil Nadu, 92/S-3; DEVAR PURAM ROAD SRI SUBRAMANISAMY MAHAMAI BUILDING (1ST, THOOTHUKUDI	India
S2-815783446	Regional Steers Corp.	3291 GREEN ALLEN SPRINGS RD, HUNTNGDON CDP, TN	US
S2-221108126	Overseas 5angh Amar	SASARAM, NO B3/25 C/O SRI SAGAR SONKAR, Bihar, ROHTAS, GHASI TOLA ALAMGANJ	India
S2-371437571	Sms + Sons Private  Ltd	NO 4TH. FLOOR, THE HUB@RAJ SERENITY, NO.10, YELANAHALLI, BEGUR KOPPA ROAD, BANGALORE SOUTH, Karnataka	India
S2-466147229	Dermatology Keystone L.L.C. Service	1009 252, BERTRAM, TX	US
S2-227857777	Skinner  & Dean Dpc Inc	2537 AUDREY NIXON BOULEVRD, NORTH CHICAGO, IL	US
S2-179213874	Empire [Flbsnrg]	972 NILES DRIVE, PAINESVILLE, OH	US
S2-762632812	literacy fellowship	1306-1310 CYPRESS TRAIL LN, PO BOX 7412, FETON, MO	US
S2-290977286	Wright Sílver Angel Inc	829 35TH STREET, S END, IN	US
S2-402023314	Evangelista ánd Garner Co	148. 250, MOROCCO, IN	US
S2-413822422	cornerstoneridgestone.com	4505 GARFIELD STREET, HYATTSVILLE, MD	US
S2-607679396	Amritsar-Ventures-Private (Limited)	DOOR NO 4TH FLOOR, BUILDING NO.86, DISTRICT SHOPPING CENTRE, RANJIT AVENUE, AMRITSAR, N/A, Punjab	India
S2-328308841	Hernandez Clear LP Service	BUCKEYE, AZ, 22547 DESERT BLOOM ST	US
S2-950705478	Connelly Beverage Cemnter	51 FOX RIDGE DR, COLCHESTER, CT	US
S2-10289494	Donahoe  Acquisitions	150-54B 58 AVENUE, FLUSHING, NY	US
S2-569931245	BAY KÍMCO	2201. WISCONSIN AVENUE, WASIHNGTON, DC	US
S2-904896788	Ryals Realty	13844 BRADDOCK SPRINGS RD, CENTEVILLE CITY, VA	US
S2-717160791	... Pacific School of-Medicine	##7117 WINCHESTER DRIVE, SAINT LOUIS, MO	US
S2-186614082	Surgical Partners	1414D FM 2854, CONROE, TX	US
S2-495638973	ब्राइट इंफ्रास्ट्रक्चर लिमिटेड	#502 SHOP NO. C-11, KISAN BAZAR, APNA BAZAR, LUCKNOW, Uttar Pradesh	India
S2-116895038	Auris Red Inc	5453  SEASON LN, VIRGINIA BEACH CITY, VA	US
S2-71161222	exportsmeliorateinfrastructure.com	58 MAHARSTRA BHAVAN 4 TH FLBORA MASJID STREET FORT, MUMABI, महाराष्ट्र	India
S2-386366146	RELIABLE WHOLESALE SYSTEMS (HOLDINGS)	1008B BANDON DUNES DR, BURLESON, TX	US
S2-353392698	IO Specialties Private [Limited]	61, MUKUT NAGAR, SOKHDA MANJUSAR ROAD AT. & PO. MANJUSAR, Gujarat	India
S2-648770543	Ramirez Institute of Technology Uptown	8290 3500, MAGNA CITY, UT	US
S2-212009392	M/s directindiaagro.com	94DEFENCE COLONY FLY OVER MARKET, NEW DELHI, Delhi	India
S2-265959271	DDT Álpex Inc	4110-B MAGOUN AVENUE, EAST CHICAGO, IN	US
S2-653287190	Joelie Stewart-Advertising LLC	5661 FARMINGTON RD, GAS CITY, IN	US
S2-800098684	Holdings W 5 Integrated Virtus	63 LEWIS ST, LATTY, OH	US
S2-624679320	Kamalalaya Siagh Infratech	NO. #2314 SAPTAGHIRI PADMI, 15TH CROSS 2ND CROSS HAL, BANGALORE NORTH, ಕರ್ನಾಟಕ	India
S2-112367897	Smythe and Ting Internet (Inc.)	403 CENTER ST, INMAN, KS	US
S2-972799572	Kirthi Infratech Ltd.	77/4, SOUTH CIVIL LINES, JABALPUR, Madhya Pradesh	India
S2-647040826	Ear Nose & Throat Rocky Associates Llc	310 BITFORD WAY, MONTGOMERY, AL	US
S2-969055454	NAMS (INDIA) CONSUMER PRIVATE	PLOT NO. B3/6 , FLAT NO. S-1, SECOND FLOOR GEORGE RATHINAM ST, GOLDEN GEORGE NAGAR, NERKUNDRAM, Tamil Nadu	India
S2-521121876	Detmal Group	799 100, PO BOX 1175, HURRICANE, UT	US
S2-244340971	Parker  Special	344 GEORGE ORR RD, CITY OF EL PASO, TX	US
S2-787992018	SVR Post LLC	HUNTSVILLE, AL, 3254 DUG HILL ROAD, N/A	US
S2-117325459	Mullen-Pacific Strategy LLC	4285 A EAGLE CIRCLE, PINETOP, AZ	US
S2-27148087	Christ Presbyerini Church Partners	1641 ALTA AVE, WICHITA, KS	US
S2-81154512	Oncology Cehnstre Corp	01720 MERRIMAC CIRCLE, SENECA, SC	US
S2-213113754	Chennai Idia LLP	NEW NO 5 II FLOOR PALAT SANKARAN ROAD MAHALINGAPURAM, CHENNAI, தமிழ்நாடு	India
S2-903479853	equinox strategic llc	NULL, CITY OF MARKESAN, 50 JAMES ST, WI	US
S2-173774743	zionnewlife.com	WOODBURN, OR, 311-315 EVERGREEN RD	US
S2-125243201	शिव प्रोड्यूसर प्राइवेट लिमिटेड	FLAT NO.803, LODHA AQUA, Maharashtra, THANE, PACIFIS A	India
S2-877559598	Lee Medina Silver Córporation	219 FRYER STREET, IA, RUSSELL	US
S2-38917398	Pediatric Clinic Star	13203 MESA VERDE DR, SUN CITY WEST, AZ	US
S2-295254551	Domeniga's Pharmaceuticals Group	OK, TULSA, 2252 DELAWARE AVE	US
S2-965217175	Flower Overseas	B-2/176 FIRST FLOORSAFDARJANG ENCLAVE, NEW DELHI, Delhi	India
S2-676624824	BETTER CREATMLE PARTNERS LTD	93- SANWOOD DRIVE, HARRISVILLE, RI	US
S2-602297798	T & Z Energy	710 THICKET LANE, BILLINGS, MT	US
S2-199635728	Shakti Exports Foods Private Limited	FL-#4, SKYLINE DEVELOPER, PLOT 62B&62C, SECTTION 4, PANVEL, महाराष्ट्र	India
S2-460821959	LLC LH DYNAMIC COMPANIA	5466 EXPRESSWAY DEIVE, HOLTSVILLE OTWNSHIP, NY	US
S2-183491219	Smt PATLIPUTRAHOLDINGS.COM	H.NO 898  DOOR NO NEW 18, (OLD) 50, MUSA STREET, T. NAGAR, CHENNAI, தமிழ்நாடு	India
S2-910842372	Rodriguez, Jefferson and Dominguez LLC Center	2324 VIRGINIA AVENUE, HYATTSVILLE, MD	US
S2-615464322	Mr Aanvi  (isdia)private Limited	SNO-1-48/2/1, PIMPLE GURAV, PUNE, Maharashtra	India
S2-640759708	OASIS FASHION OVERSEAS PRIVATE LÍMITED	NO 30 DARABSHAW HOUSE, N.M.MARG, BALLARD ESTATE, महाराष्ट्र	India
S2-278254185	>> William, Jackson & Weikle LLC	117 DYLAN COURT, MERCED, CA	US
S2-983084003	సెవెన్ ప్రాజెక్ట్స్ ప్రైవేట్ లిమిటెడ్	D.NO. 12-1754, <NULL>, TADEPALLI, GUNTUR, Andhra Pradesh	India
S2-514714174	Regiona1 League	150  BROWN ST, <NULL>, APPOMATTOX TOWN, VA	US
S2-792519590	I 4	7704-B BARNSTABLE PL, DERWOOD, MD	US
S2-847120229	Hitech Investment Traders Pvt-Ltd	NO 685 PLOT NO F5 SUSHANT LOK II, SECTOR 57, DLF QE, Haryana	India
S2-122744511	B/H-NEW CIVIL HOSPITAL INDIA PRIVATE LTD	18, HANSPRATAP SOCIETY, AHMEDABAD, B/H NEW CIVIL HOSPITAL, Gujarat	India
S2-157735411	Perfect Products Limited	282, SECOND FLOOR, SECTOR- ZETA 1 NEAR AVJ HEIGHT, GREATER NOIDA, उत्तर प्रदेश	India
S2-584306503	EF Poultries Limited Private	PLOT 50 G-71-A, F/F, SHAHEEN BAGH, A.F. ENCLAVE PART 2 OKHLA, NEW DELHI, दिल्ली	India
S2-529125623	PV Hair Studio	##222 CHEROKEE CIRCLE, MOUNT WASHINGTON, KY	US
S2-928003558	VISION PARTNERS INC (CENTER)	2414 TEA COURT, FAIRFIELD, CA	US
S2-579939713	VISION CONTINENTAL MMDBICBINN, LLC	TOOLEDO, 609 SANDRALEE DRIVE, OH	US
S2-455298695	asthabased.com	#B3/265 , 266 & 277 GHATAL INDUSTRIAL AREA, PHOOL BAGH, BHIWADI, Rajasthan	India
S2-260584116	Huckabee Capital Starlink North	N12547 N DUPONT RD, TOWN OF OMA, WI	US
S2-592124942	PLATINUM ENEVRONMENTAL CORPORATION GROUP	38 EAGLE ST, ALBANY ITY, NY	US
S2-768439560	Doughty, Báutista & Melnick Búlkers Ltd	14542 CORRIDON AVE, MAPLE HEIGHTS, OH	US
S2-392990451	Carena's Center	#14602 OLD HUMBLE RD, HUMBLE, TX	US
S2-268504009	AIRVOICE TRADERS  PRIVATE LTD	133, KANCHAN BAGH COLONY, INDORE, Madhya Pradesh	India
S2-201039176	Spencer Mitsui		US
S2-230946285	beacon education works	HILLSIDE AVE, SCHENECTADY, NY	US
S2-700323495	40 ROUTE PUB	METHUEEN CITY, MA, 31 HAMPSTEAD SAINT	US
S2-476751021	@INFRASTRUCTUREEXPORTS	04-41, S/O. MOHANA RAO, HANUMAN TEMPLE BESIDE, AKUNURU, Andhra Pradesh	India
S2-419789553	Slate Downtown Inc.	541 DANVILLE RD, WALDRON, AR	US
S2-110091506	ಡೈನಾಮಿಕ್ ವಿಜಯ್ ಗ್ಲೋಬಲ್ ಪ್ರೈವೇಟ್ ಲಿಮಿಟೆಡ್	NO. 044, 2ND CROSS, VINAYAKA LAYOUT RMV 2ND STAGE, BHOOPASANDRA, BANGALORE, ಕರ್ನಾಟಕ	India
S2-609911019	Mr Sahara Overseas Sons & LLP	PLOT 978 SITE NO.2567, 20TH MAIN ROAD, AECS LAYOUT, A BLOCK, BANGALORE SOUTH, Karnataka	India
S2-237942217	NORRI'S PACIFIC INDUSTRIES	SEVIERVILLE, 1023 CENTER VIEW RD, TN	US
S2-623862587	క్లాసిక్ బిల్డర్స్ ప్రైవేట్ లిమిటెడ్	EAST GODAVARI, Andhra Pradesh, 15-7A-12, KAKINADA	India
S2-143084362	islip youth safe association holdings	1343 PENATAQUIT AVE, PMB 3409, ISLIP, NY	US
S2-200183326	સિટી એક્સપોર્ટ્સ કન્સ્ટ્રક્શન્સ પ્રાઇવેટ લિમિટેડ	D-3-1 FLOOR, 00 BHAGYODAY SOCIETY NR.MOBIN COLONY, STATION ROAD, ANKLESHWAR, NARMADA, BHARUCH, ગુજરાત	India
S2-191186951	MULLER AND VALDIVIA PLLC	402 SILVER FOX DR, ALBUQUERQUE, NM	US
S2-379973959	MACIEJEWSKI LP COMPANY RIVERSIDE HOLDING	003624 IRON SIGHT COURT, RALEIGH, NC	US
S2-126896976	Dr Rakhi Industries (India) Ventures Pvt. Ltd	P NO 36, KALPATARU NGAR WADALA, NASHIK, Maharashtra	India
S2-48120065	IBV Regiona1 Boa	605 GINKGO CIR, IRVING, TX	US
S2-937454805	HX  Regional Guaranty Inc		US
S2-91468451	mcadams cartesian	4700 OAK HILL BLVD, LORAIN, OH	US
S2-181962832	Vision Clinic of Greene Corp	038 HIGH SCHOOL BLVD, GREENE, IA	US
S2-38259941	Czarnecki Legacy Fe Inc	Corbett Ave, PORTLND, OR	US
S2-845849286	Urology Pcmléer Associates P.C.	LANHAM, MD, 6816 WOODSTREAM CIRCLE	US
S2-674667779	The Jan's Supreme Boutique LLC	14551 Misty Meadow Ln, HOUSTON, TX	US
S2-224586426	Chelsy Araen Platinum Mission	5312 JAMIE CIR, WAMEGO, KS	US
S2-981104251	Broadcast International Industries	10002 LOCUST ST, BERNAD, IA	US
S2-564306170	ALAM HARBOR PRIVATE CO.	JACKSONS GAP, 143 TWIN PINE DRIVE, AL	US
S2-164646602	SERVICESLATESTINTERNATIONAL.COM	ROOM NO.8, 73, ABBAS BUILDING, SHRIKANT PALEKAR MARG, OPP. BMC C-WARD OFFICE, MARINELINE, S (E), Maharashtra	India
S2-259305279	ZO Strategic Ship Corp	765 WHITESAIL DR, SCHAUMBURG, IL	US
S2-229886583	Pacific Inetative	DEER HILLS COURT, NORTH OAKS, MN	US
S2-165228168	The Camel Miller, DO, M.D., P.C.	CA, THOUSAND OAKS, PMB 5352, 295 TOYON CT	US
S2-198938800	Private Laxmi Foundation [Limited]	H.NO C-114, THIRUNEERMALAI MAIN ROAD NAGALKENI, CHROMPET, CHENNAI, Tamil Nadu	India
S2-901660546	Puja Motels Private Límited	NO 3. C/O MUKESH MAHABIR SINGH, H. NO. 1068/6, X-12 GR FL, BHIWANDI, महाराष्ट्र	India
S2-540745651	KUS Anchor Technologies Partners	4431 BODWEN AVENUE, VIRGINIA BECH CITY, VA	US
S2-528329037	ஸ்வஸ்திக் ஃபைனான்ஸ் பிரைவேட் லிமிடெட்	MADURAI NORTH, MADURAI, தமிழ்நாடு, PLT NO 5-3-34	India
S2-564502430	Bison Charlton LLC	OH, NEW LEXINGTON, 209 ORCHARD STREET	US
S2-779405377	Crystal Liberty Lithium Corp	2626 SOUTHERN AVE, TEMPE, AZ	US
S2-663756489	SARP AGR0 PRIVATE (LTD)	NO ##990 2, SHYAM VIHAR BUNGLOWS, SHILAJ ROAD, DASKROI, ગુજરાત	India
S2-317079908	Jeanty Japan Asosiates	12353 PHILADELPHIA RD, KINGSVILLE, MD	US
S2-941130626	Abhay Industries Group Ventures Company	TH FL CASA MARIACYRIL RD BANDRA WEST, MUMBAI, महाराष्ट्र	India
S2-544760485	UPPER ALCCPIINE ALCCPIINE LLC	2029 LIBERTY LOOP, FREDERICKSBURG, VA	US
S2-889904221	Vertex Inc Center	BRONX RIVER RD, YONKERS, NY	US
S2-926524693	BEACON ENERGY CONSULTANTS	TX, HOUSTON, 4926 D WEEPING WILLOW ROAD	US
S2-158606915	Thane  Pressure	#9 , SATARA PLAZA PREMISES, PLOT NO 19, SECTOR 19D, PALM BEACH ROAD, NAVI MUMBAI, THANE, Maharashtra	India
S2-715698913	Jagannath Petroleum  (India)	WZ-40A, S/F, OM VIHAR, PH-II UTTAM NAGAR, DELHI, Delhi	India
S2-846842010	Aguilar Héritage Range PLLC	MOORHEA TOWNSHIP, MN, 38 32ND ST	US
S2-118970010	Zephyr  Valley Inc	#238 JOHNS BRANCH ROAD, WV, WAR	US
S2-891690438	सूर्य इंफोटेक लिमिटेड	A-4 M I D C AREA HINGANA ROAD NAGPUR, NAGPUR, Maharashtra	India
S2-49107732	Select Heritage Intermediate Center Coastal	5084-5086 TEBBE DRIVE, HAMILTON, OH	US
S2-192178144	2413 COMMERCE COURT CO	273 UNION ST, FRANKLIN, MA	US
S2-877617898	lawsonrockwoolcom	12409 MOUNTAINSIDE WAY, ALBUQQUERQUE, PMB 1639, NM	US
S2-93711546	Star Canary Ltd	714 PRESTON AVENUE, CITY OF REEDSBURG, WI	US
S2-478416988	Beex Psy		US
S2-787330891	Vriddhi Kant Private	#14/10A/3 DR. PANNALAL ROAD, ALLAHABAD, उत्तर प्रदेश	India
S2-747334800	>> dentistryhealth.com	ROANOKE, 1716  MICHAEL STREET, VA, null	US
S2-293065883	Dilip Consulting-Private Limited	C/O-PANAJ KUMAR, POST OFFICE GALI, SHASTRI, PHULWARI, बिहार	India
S2-501546135	Jacqueline Rush, MD Inc	222 WHITE RD, WILMINTON, NC	US
S2-651292790	Patna Hospitality Private Limited	SUDHARMA, OPP A.N. COLLEGE BORING ROAD, PATNA, Bihar	India
S2-117064852	Philbrick's Eelidte Digital	14483 NIXON LANE, CANAAN, IN	US
S2-344621502	ON TRADING  LTD	OTA NO. G-15, NEAR SHANKAR MANDIR, PURGRAHASTA HASAHAT JANWADI, PUNE CITY, Maharashtra	India
S2-793479348	Legacy Fresh Joint South LLC	7863  BERGAMOT CIR, MAGNOLIA, TX	US
S2-680816356	Noller Cote  Corp Service	13080 HARNOSE DRIVE, EL PASO COUNTY, TX	US
S2-745714890	Schmidt (Endocrinology) (ID: 96843)	ISLAND VIEW LANE, ROCKWOOD, TN	US
S2-384137942	ANUGRAHA FACTORY	A-47, HERAMB BUNGLOW, KASTURBA WADI, CHS, PUNE CITY, Maharashtra	India
S2-444302931	పర్‌ఫెక్ట్ ఫౌండేషన్	D NO 5-54-3-120, HARIJANA COLONY, QUTHBULLAPUR, HYDERABAD, RANGAREDDY, Telangana	India
S2-494634369	Riddle Array Coastal	11836 Peppervine Dr, CLARKSBURG, MD	US
S2-874488020	(Services) Solutions Best Corp	ROOM NO: 3/339 E, BATTEN COMPLEX WEST NADAKKAVU, KOZHIKODE, Kerala	India
S2-55287070	Dendy-& Sexton	754 CENTER HILL, PHILIPPI, WV	US
S2-697586803	The  NG Ace Truist, LLC	VALLEY VIEW PKWY, INDEPENDENCE, MO	US
S2-418380949	Physical Therapy Inc	##176 MOHAWK AVENUE, CANTON, OH	US
S2-858691756	Shaffer  Quality Fuel	001622 HUMBLE ST, BAYTOWN, TX	US
S2-335647296	CARLSON, PETTY AND SHÉARER FARGO	11657 BEECHWOOD STREET, PRINCESS ANNE, MD	US
S2-873425470	Dovaarc	DOOR NO 456 VILLA NO.48, PLOT NO.48, SY 310, JIVIKA AT RAJESHWARA, HYD, HYDERABAD, Telangana	India
S2-325919567	Guinyard's Interstate Consultants Partners	64 DTAR RD, PA, DOUGLASS TOWNSHIP	US
S2-466667272	M/s Vensar Trading Center Corporation	DWARAKA, KUTTIKKATTIL PARAMBA, FAROOK COLLEGE, P O RAMANATTUKARA, KOZHIKODE, KOZHIKODE, കേരളം	India
S2-481240106	Beacon Usa-LLC	1546 COOMBR COURT, FAIRFAX COUNTY, VA	US
S2-633401848	Mata Clínic		India
S2-177752621	>> QUO INC.	05430 DOSCHDALE CT, PORTLAND, OR	US
S2-558588522	#montgomeryoneim	10711  VARNON SCHOOL RD, HALLSVILLE, MO	US
S2-563644814	Complete Cleaning  Service PC	800 WESTCHESTER AVE, PORT CHESTER, NY	US
S2-784849034	Metro Frontier Machine	SUGARLOAF DR, NASHVILLE, TN	US
S2-44102931	PUDUKKOTTAI  PRIVATE LIMITED PARTNERS	Tamil Nadu, T.S.NO. 1366/2 NORTH MAIN STREET, PUDUKKOTTAI, PUDUKKOTTAI	India
S2-8864337	Fiva LLC	WA, HANSVILLE, <NULL>, 37080A HANSVILLE ROAD	US
S2-187572852	Illa's Strategic [Networks]	13720 88TH AVE, PEORIA, AZ	US
S2-863719075	Denet Co	145, MIDVALE, UT	US
S2-892882538	Ear Nose  &	7715 CARLTON PL, MC  LEAN, VA	US
S2-70053123	FANTASYDHAM.COM	NOCCI BUSINESS PARK, BAMPADA, BALASORE, BALASORE, ଓଡ଼ିଶା	India
S2-190462665	Abby T. Morgan, D.O.,	4602 BRIXEY DR, DALAS, TX	US
S2-214835079	Maple India Exports Private Ltd	NO 7 , THIRD FLOOR, VIPIN GARDEN, UTTAM NAGAR, NEW DELHI, दिल्ली	India
S2-255978536	PNTGCN TEA LIMITED	B-1479, NARAYAN ARCADE, SAWANTWADI, SINDHUDURG, SINDHUDURG, SAWANTWADI, Maharashtra	India
S2-293441687	Abh Welfare Society Limited	#0111 HETMAPUR MARG RICHLI MANDRE ANDAURA, SURATGANJ, BARABANKI, UTTAR PRADESH- 225, 304, BARABANKI, Uttar Pradesh	India
S2-876313973	Mr Life Hóspital	NO 0010 , KINGSTON TOWER, OPP VIVA COLLEGE VIRAR(W), VASAI, Maharashtra	India
S2-505987024	Institute Ludhiana Ltd	B B CHATTERJEE ROAD KOLKATA, KOLKATA, HOWRAH, পশ্চিমবঙ্গ	India
S2-608750139	Gilligan Matos,	1298- GROVEWOOD DR, COLUMBUS, OH	US
S2-177192517	Jay Inftmittionl Private Limited #98453	DOOR NO 167 , BHARATHIYAR 2ND STREET PERIYAKULATHUPALAYAM, VENGAMEDU (P.O), KARUR, Tamil Nadu	India
S2-543208464	Aligarh Lics	GADHI, NAGLA SHYAMRAM KEEPLUR, KHAIR ALIGARH, ALIGARH, Uttar Pradesh	India
S2-717374654	Red Hypnosis Services	137 DAVIDSON PARK ROAD, COLT, AR	US
S2-1240778	LLC All Agricultural Wórldwide	8218  9, NY, LEWIS	US
S2-980246492	Family Specialists of Town Of Matteson	TOWN OF MATTESON, N10958D PEARL FLATS LN, WI	US
S2-990866183	lharmony.com	861-863 DELLA ROAD, OREGON, WI	US
S2-914961766	Justice  Royal Music	727 150TH ST, SEATTLLE CDP, WA	US
S2-585151080	egmorenungambakkacredit.com	NO. 711, 7TH FLOOR, A BLOCK, 8/115 (201), EGMORE NUNGAMBAKKA, Tamil Nadu	India
S2-7495917	Kozhikode Próperties Pvt. Ltd.	DOOR NO 942 MARIYAS, IRINGATH P.O PAYYOLI, KOZHIKODE, Keralam	India
S2-965341745	YKB Infra  Private Limited	SR. NO. 2, HOUSE NO. 5/239, SHANTI ASHRAM DATTAMANDIR RD, WADGAON SHERI, PUNE, महाराष्ट्र	India
S2-227520813	VEIFY PARTNERS [LP]	2859 CLEVELAND BLVD, LORAIN, OH	US
S2-926062346	सेवन ट्रेडिंग प्रा. लि.	B-703 PARADIGM TWINSTAR LTD, THANE, Maharashtra	India
S2-484063105	Stoltzfus Grading Coastal LLC	BETHANY BEACH, 39686-A ROUND ROBIN WAY, DE	US
S2-634180182	Hop Group of Companies Holdings	18A, SHAHDANA COLONY, Uttar Pradesh	India
S2-436973961	lecrawfordhicks.com	32 MEADOWVIEW DR, TORRINGTON, CT	US
S2-179461226	Canet LLC	##132 RAPTOR BEAK WAY, CEDAR CREEK, TX	US
S2-359341681	Franklin Advantage of Dilworth Corp	222 CENTER AVE, DIWLORTH, MN	US
S2-964142099	palakkad house holdings limited	Kerala, H.NO 11 SAYOOJAYAM, MYTHRI NAGAR, KALAMANI KAVASSERI-I, KAZHANI, KERALA, PALAKKAD	India
S2-645292488	Legacy Défense	1672 YOUNG POINTE BLVD, MONTGOMERY, AL	US
S2-185405451	Chiropractic Center	HIGH POINT, 106 ROCKSPRING RD, NC	US
S2-344354613	Sri Meghna Foods Public Limited	Odisha, PLOT NO. EA-3-64 BADAGADA BRIT COLONY, INFRONT OF JAGANNA, TH TEMPLE, BHUBANESWAR	India
S2-209410163	ONLINE TRAININGINSTITUTE CO	H.NO 18 B WING, ROOM NO. 2, 12TH FLOOR, MATRU ASHISH CO-OP HSG SOC LTD, NEPEANSE, A ROAD, महाराष्ट्र	India
S2-534898658	US  Thebgn LLC	JAMES COURT, MN, NULL, PRIOR LAKE	US
S2-651190084	Krishna Builders Límited	21/23 , VEER NIRMAN ROAD, null, Maharashtra	India
S2-429393647	CN-Radha Limited	AGGARWAL COLONY, NEAR BAL BHARTI SCHOOL, PLOT 129 226, FATEHABAD, हरियाणा, FATEHABAD	India
S2-427111019	Tri-State  Group	10 SPECTACLE LANE, RIDGEFIELD, CT	US
S2-139574427	এইস সলিউশনস প্রাইভেট লিমিটেড	RGC ROAD, MILAN PALLY BARASAT, PARGANAS NORTH, West Bengal	India
S2-35086639	Mountain Society Holdings	1044 COX ROAD, NC, WESTFIELD	US
S2-446402466	EK Teh  Limited	DOOR NO 262 B 1 / 125, MAJHOLI KOTHI ASSI VARANA, VARANASI, उत्तर प्रदेश	India
S2-356775340	Electronic Consumer	2944 FISHTRAP RD, OLYMPIA, WA	US
S2-997447520	Deltafluxdova	F NO.506, 5TH FLOOR, MARIGOLD BLOCK, ARK HOMES BOLARUM, HYDERABAD, SECUNDERABAD, Telangana	India
S2-885496247	Bowser Trust Ltd	76- SPRING ROAD, RIO RANCHO, NM	US
S2-76561277	P.C., Emmaline Imaging Bancroft	1708 SHADY CREEK DR, CLOVER, SC	US
S2-120369605	स्मार्ट एक्सपोर्ट्स प्राइवेट लिमिटेड	10-59, GF GALI NO. 15, NAIWALA KAROL BAGH, NEW DELHI, CENTRAL DELHI, दिल्ली	India
S2-959693129	Parry,  Ayala + Hamilton Altenergy LLC	63 MARRS ST, AMARILLO, TX	US
S2-449392076	*** Fong Petroleum Ínc	16890 500, SEYMOUR, IN	US
S2-883044184	The Gulf Royalties Group	5618 CAMDUS DR, VIRGINIA BEACH CITY, VA	US
S2-608023861	INC ATLANTE P., DO, NUNEZ,	AZ, 1876 RENAISSANCE AVE, APACHE JUNCTION	US
S2-69214320	Dayaram Naturo Limited	UNIT NO-37, FIRST FLOOR, SECTOR-22, HAF POCKET-B, NEW DELHI, दिल्ली	India
S2-620110385	KESAR  (INDIA) INDIA	Gujarat, RAMDEV NAGAR, BANGLOWS NO-14-J-0, MUNDRA	India
S2-325489877	லோட்டஸ் பில்டர்ஸ் பிரைவேட் லிமிடெட்	NO.9, SRIPERUMBUDUR, KANCHIPURAM, Tamil Nadu	India
S2-900048364	Smt Abc Nursing Home Industries Limited	NO 179 1ST FLOORMANGALWARI COMMERCIAL COMPLEX SADAR, NAGPUR, महाराष्ट्र	India
S2-420385975	INC MEERS AND ALLEN	15885-15887 60RD CIR, FAIRMOUNT, CO	US
S2-680198089	Opulence International School Private Ltd	U-95, PLOT 6 SF VIKAS, MARG, SHAKARPUR, BOB, EAST DELHI, Delhi	India
S2-597331429	Helios Partners	25, STOCKPORT, NY	US
S2-608615424	Trivedi  Association	508, FIFTH FLOOR, A.J CHAMBER, GALI NO.- 4 PYARELAL ROAD, NAIWALA, KAROL BAGH, Delhi	India
S2-674565629	alvarez, m. chandra o.d.	#400 ARBOR DRIVE, LEXINGTON, NC	US
S2-447892968	EXPRESSMITSUBISHI.COM	FIR LN, VILLAGE OF MARSHALL, WI	US
S2-745144089	Summit Recruiting	101 PARSONAGE LANE, SAGAPONACK, NY	US
S2-383956381	Lego Superior Manufacturing	020 SEVENTH ST N, SALINA, NY	US
S2-113550967	Buia LLC	1284 19st St, PHILOMATH, OR	US
S2-726732611	GUJARAT PRÓPERTIES PVT LTD	J 602, F/F, LANE W 23A, WESTERN AVENUE, SAINIK FARM, NEW DELHI, Delhi	India
S2-426839110	Pranora Academy Corporation	Karnataka, PRESTIGE PINEWOOD APARTMENT # 1091, 6TH CROSS ROAD, 1ST BLOCK, KORAMANGALA, S. T, BED EXTN., BANGALORE	India
S2-389998118	Jmn Advertising Public Limited	RZ -102, B BLOCK, 2ND FOOR, NARSINGH GARDEN, KHYALA, NEW DELHI, Delhi	India
S2-434742723	Sibel Becraft Réturn Inc	1263 BUREY ROAD, GREENEVILLE, TN	US
S2-967508286	Hari  Consulting	DOR NO 10 FIRST FLOOR MATADAHALLI FUTURE EXTENSION, (NEW NO.34) 80 FEET, R.T.NAGAR MAIN ROAD, ಕರ್ನಾಟಕ	India
S2-334192680	Royal-Best Music Incorporated	214 MARKET ST, HERTFORD, NC	US
S2-309819640	narayanitrading.com	OFFICE NO. B3/21, 2ND FL, S. NO. 82/7A/7B, BLDG B-1 GURUGANESH NAGAR, KOTHRUD, PUNE, Maharashtra	India
S2-935425652	Laser Broking Exports Private Ltd Ltd	UNIT 431, PRABHADEVI UNIQUE INDUSTRIAL PREMISES CSL OFF V.S.MARG, BOMBAY DYEING COMPOUND, PR, ABHADEVI, MUMBAI, Maharashtra	India
S2-731943701	Regional Initiative of Evansville VI, Incorporated	700 RESERVE BLVD, EVANSVILLE, IN	US
S2-678788003	GREEN ENERGY PRIVATE LTD	#323 & 324, 3RD FLOOR, BROADWAY EMPIRE, NEAR AKSHAR PAVILLION, PRIYA CINEMA ROAD, GOTRI, VADODARA, Gujarat	India
S2-232488330	Anna-Maria Lugo,	0397 PEPPERWOOD LANE, GLENDALE HEIGHTS, IL	US
S2-491131260	ଗୁଜରାଟ ପ୍ରୋଡ୍ୟୁସର୍ ଫାର୍ମାସି	PLTO NO A/423, BHUBANESWAR, KHORDHA, ଓଡ଼ିଶା	India
S2-685992084	24HR Partners	WI, CITY OF BELOIT, 1226-B WISCONSIN AVENUE	US
S2-820843834	BEATRIX'S CAPITAL ENTERTAINMENT PC	1401 AGENCY ROAD, WEST BURLINGTON, IA	US
S2-93943992	T E Kelly Maritime Llc	11740 BEGONIA RD, ADELANTO, CA	US
S2-584188304	MUMBAI FILD LTD	महाराष्ट्र, 601, THE BUREAU, 6TH FLOOR, NEAR CHEMBUR HIGH SCHOOL R. C. MARG, CHEMBUR NAKA, CHEMBUR EAST, MUMBAI	India
S2-229605009	GYPSY AJEFI-MOLECULAR LLC	1122 ADAMS ST, LYNDON, KS	US
S2-645865683	Cascade Ventures Holdings	3330 1/2 KRISTAL WAY, PHOENIX, AZ	US
S2-28956606	VIBRANT  CENTER	FLAT NO-1002, 10TH FLOOR, PLOT NO-16, RAJKAMAL PARK CO-OP HOUSING SOCIETY LTD, SANEWADI, HAVELI, Maharashtra	India
S2-956102275	श्याम कंस्ट्रक्शंस प्राइवेट लिमिटेड	SOUTH WEST DELHI, SECTOR 13 DWARKA, Delhi, NEW DELHI, BASEMENT FLOOR PLOT NO #54	India
S2-455325987	Perryman Canrda	VA, LOUDOUN COUNTY, 42599- GRAPHITE LANE	US
S2-28134581	Federal Sceiyt	411 TERRACE AVENUE, VA, PETERSBURG	US
S2-459107455	Diem Inc.	KING, 00125 KREEGER CT, NC	US
S2-57019358	યુનિક ઇન્ડસ્ટ્રીઝ લિમિટેડ	TOWER A/ FF-02  & FF-03, AATMIYA HEIGHTS. NR. MANEJA CROSSING, MAKARPURA, VADODARA, ગુજરાત	India
S2-637675946	Y X Adams Islands Llc	44 COUNTY ROAD 271, GONZALES, TX	US
S2-196587307	RS SOLUTIONS PRIVATE LTD	87, CENTRAL AVENUE SAINIK FARMS, KHANPUR, Delhi	India
S2-272004093	Colonial Tbk	TX, POTER, LOOP 494, PO BOX 4222	US
S2-130736404	-- PHELPS AND GARCIA STAFFING LLC	119 GODEN DR, GRANTS, NM	US
S2-54045892	South Meshflow	HOUSTON, 2602 ALTOONA ST, TX	US
S2-937987341	Orbanke Finance	28722 210TH AVENUE, KENT, WA	US
S2-969392100	Llc Signature Equity	66 CARPENTERS CHAPEL ROAD, MOSHEIM, TN	US
S2-992974200	LIBERTY HERITAGE SYNCHRONY	179 EDGERTON STREET, PO BOX 7753, ROCHESTER, NY	US
S2-132147493	Novelia Rodriguez Tungsten	1920 FULTON AVE, EVANSVILLE, IN	US
S2-917557484	Royal हॉस्पिटैलिटी Private Limited	H.NO 761 FIRST FLOOR, SHOPLET NO. 12, N-8, K-SECTOR CIDCO, AURANGABAD, Maharashtra	India
S2-285274066	Cade and  Fountain	1 MAIN ST, HOMER, NY	US
S2-253315499	Foot and Group Services	7027 OAK WALK DRIVE, HUMBLE, TX	US
S2-294305745	Dr JINDAL  LIMITED SERVICES	NO.130 1ST FLOOR 9TH MAIN ROAD 7TH CROSS, KRISHNAIAH LAYOUT POORNA PRAJNA LYT, BANGALORE SOUTH, Karnataka	India
S2-105463326	Oncology Pacific Medicine	4149 PLATTE AVENUE, SEDALIA, CO	US
S2-513954426	Wig Bakers Privlgrcte Limited	NO.117/C, 9TH A CROSS GANAPATHINAGAR PEENYA 3RD STAGE, BANGALORE, Karnataka	India
S2-384330461	Womens Health Premier	2 POTOMAC AVE, PETERSBURG, WV	US
S2-231195947	Unique Blue Consultants Private Ltd	BLOCK D-534 1049, THIPPASANDRA, HAL 3RD STAGE, BANGALORE, Karnataka	India
S2-772269040	internal medicine clinic group	765 OLD LICK CREEK ROAD, LOUISA, KY	US
S2-529023041	Anet R. Gagnon, MD Partners [Corporation]	5527-5529 WAR ADMIRAL ROAD, VIRGINIA BEACH CITY, VA	US
S2-536369487	PAIR PVT LTD (SERVICES)	CTS. NO. 342 B/1A, SHIVANAND NAGAR, DHARWAD, DHARWAD, Karnataka	India
S2-660017999	Bastion Proem [LLC]	RUTH DR, NULL, NEW CANEY, TX	US
S2-519513908	M/K LLC  ISHARES	672 JET SKI DRIVE, SUNRISE BEACH, MO	US
S2-230457131	LZG Technologies Enterprises - 8675296358	71-31-695, GANDHIGRAM, KRANTHI NAGAR, PEDAGANTYADA, VISAKHAPATNAM, N/A, Andhra Pradesh	India
S2-487988118	Millenium  Foundation	H.NO 17 , JAIDURGA HO SOC. GARKHEDA, AURANGABAD, Maharashtra	India
S2-374809649	Soderstrom and Aguilar	21799 Mccleskey Road, NEW CANEY, TX	US
S2-670323606	जय फूड्स प्राइवेट लिमिटेड	601, NEAR MERCEDES SHOWROOM, MUMBAI CITY, Maharashtra	India
S2-51768850	Fertile Resorts Private	Maharashtra, #43 VASCON PARADISEBANER ROAD, PUNE	India
S2-720782740	Youth Inc Service	3715 17TH AVE, PORTAND, OR	US
S2-321975134	Viegas Óctáve	10023 1/2 DAWSON HILL LANE, HOUSTON, TX	US
S2-692022593	Mpm Traders Limited Center		India
S2-630829551	TATHASTUBUILDCON.COM	RAMGUMPHA APARTMENTS, LOHAR ALI, NEAR RAILWAY STATION, Maharashtra	India
S2-426259815	Blue Companies Partners Inc.	##409 FRY BOULEVARD, SIERRA VISTA, AZ	US
S2-602695064	Platinum Metro First Inc	014372 AVALON DRIVE, GOODYEAR, AZ	US
S2-957978733	Village College Ltd	THE ONE WORLD OFFICE, A-915, NR AYODHYA CIRCLE, RAJKOT, Gujarat	India
S2-566293411	M/s North Private Limited Services	5 RAHUL VIHAR, GATE NO. 2, SHAMSHABAD ROAD, AGRA, उत्तर प्रदेश	India
S2-95443971	VASUNDHARA TRADING	C-27-6-84, SRI KRISHNA ESTATES, 3RD FLOOR PRAKASAM ROAD, GOVERNORPET, VIJAYAWADA, ఆంధ్రప్రదేశ్	India
S2-895798537	Roar (India)	E 0055INDUSTRIAL AREA JALANDHAR CITY, PUNJAB, Punjab	India
S2-558654912	HERNANDEZ, SALYER AND NUTT LLC	2589 BUTTERMILK PIKE, VILLA HILLS, KY	US
S2-25787219	Blue Partners	POLK ST, RALEIGH, NC	US
S2-977215798	CODEE'S LIBERTY ROOFING CORP	11248 852, GILMER, TX	US
S2-826868298	LLC Helios Pakcaging	1439 GROVE MEADOW CT, GERMANTOWN, TN	US
S2-258904656	Ziraraj Limited Private Advisors	NORTH S.K.PURI RAM KRISHNA PATH, BORING ROAD, PATNA, Bihar	India
S2-364022164	ALMERIA CORNETT ÍNVESTMENTS LLC		US
S2-903769892	The Cage, Peacock & Drew For (LLC)	7981 MICHIGAN RD, INDIANAPOLIS, IN	US
S2-723642257	ZH  Pbc LLC	WI, 1304 71ST DRIVE, VILLAGE OF UNION GROVE	US
S2-120350789	Reed-Montessori	00645 BRIGHT AVENUE, VANDALIA, OH	US
S2-643308876	KD Global Flexible	3280 SYKESVILLE RD, WESTMINSTER, MD	US
S2-554378599	Shri City Estate Llp	NO 202 , 2ND FLOOR, SLV COMPLEX, ABOVE GRAND, BANGALORE SOUTH, ಕರ್ನಾಟಕ	India
S2-438753836	Physical Therapy Care	5280 Crookshank Road, CINCINNATI, OH	US
S2-65665271	FU SAFETY L.L.P.	B 4103, LODHA ALLURA, PANDURANG BUDKAR MARG, WORLD TOWER, WORLI, MUMBAI, Maharashtra	India
S2-792034672	Bernelle N. Holbrook, D.D.S.,	#120 Wonderland Drive, KINGSPORT ITY, TN	US
S2-725412413	UROLOGY CENTER	509 SOUTH ST, LYNN  CENTER, IL	US
S2-681384833	cardiologypartners.com	628 SUN VALLEY DR, ANDERSON, IN	US
S2-389080778	Amedee-Highview (Corp) #70304	421-425 CLOUDY STREET, KENT, WA	US
S2-278562250	MARKHAM & SHEAFFER GROUP	22860 LANTERN HILLS DR, KINGWOOD, TX	US
S2-473305544	Big Bistro Group	53723 NS 256 RD, FAIRVIEW, OK	US
S2-836755446	Greene Royal-Entertainment PLLC	2761 SORREL AVENUE, BATON ROUGE CITY, LA	US
S2-452717352	MALOY &-SMOBRERVILLE INC	01231 VENICE AVENUE, TUCSON, AZ	US
S2-905208523	kushwahfinvest.com	H.NO 296 43, FLOOR-1ST, PLOT-211, KESHAV BHAVAN LADY JAMSHEDJI ROAD, MAHIM, MUMBAI, <NULL>, महाराष्ट्र	India
S2-849078694	STERLING (OIL)	27202 COTTON VIEW LANE, KATY, TX	US
S2-946825174	DTX  Cotton Pvt Ltd	17/9, NEW STAR INDUSTRIAL ESTATE, MAHAKALI MANDIR RD NEAR GOVERNMENT 'A' COLONY, DUDHESHWAR, Gujarat	India
S2-567837097	Tri-State Gréen Aberdeen P.C. | www.tristate.com	2301 UNIVERSITY DR, BIMARCK, ND	US
S2-29238569	Total (Jewelers)	6503 WORSHAM CT, FREDERIICK, MD	US
S2-745995930	Total Supply Works	306B CHERRY ST, YADKINVILLE, NC	US
S2-582679076	KELLEN, KEMPF & RICHARD  ENVIRONMENTAL RIVERSIDE LLC	1739 300TH STREET, SHERRARD, IL	US
S2-354091917	Snyder and  Williams Center Corp	924 FOREST LAKE COURT, NEWPORT NEWS CITY, VA	US
S2-416107889	Ng Strategic Dogecoin Llc	8440 JACKLIN AVE, HAZELWOOD, MO	US
S2-586684751	West Cnetnnrn		US
S2-731097037	Taffy's Midwest Cosmetics	197 FIFTH AVE, BEREA, OH	US
S2-572531501	Secure (Duration)	#4312 CROMER RD, ROCKINGHAM COUNTY, VA	US
S2-215162995	SELECTHOUSEBABCOCK.COM	41588 CAPE HORN DR, CONCRETE, WA	US
S2-937327246	ANDREWS SÚPERIOR STARWOOD	324 MARIE CT, HARRISON, OH	US
S2-911982345	Daniel Delta Earth Ltd	4 HICKORY LANE, AUBURN, MA	US
S2-93531460	Subtle Discount Limited Private	PLOT NO.14, 2ND FLOOR, 1ST CROSS STREET, KALAIMAGAL NAGAR, EKKATTUTHANGAL, CHENNAI, Tamil Nadu	India
S2-277557813	@consolidatedenvironmental	TAN-TAR-A RD, STILLWATER, OK	US
S2-384951393	M/s Jyotsana Law Chambers Group	TF-352, SIDDHARTH MAGNUM PLUS, TARSALI DANTESHWAR RING ROAD, VADODARA, ગુજરાત	India
S2-777367118	Shri *** Thinking Brothers (India)	NO 7 WARD NO SEVEN PR, ROBERTSGANJ, SONBHADRA, Uttar Pradesh	India
S2-780872035	Gulf Continental Charlton	12873. PYXIS PL, TUCSON, AZ	US
S2-174609481	Behavioral Health	2440-2444 LONG RIDGE RD, STAMFORD, CT	US
S2-150305750	Doo	725 ASHBORO ST, FAYETTEVILLE, NC	US
S2-693342443	बेस्ट इंफ्रास्ट्रक्चर प्रा. लि.	23 POORVI MARG 3RD FLOOR, VASANT VIHAR NEW DELHI, SOUTH WEST, दिल्ली	India
S2-814876053	Llc Bristow & Comer Invesco	333- WASHINGTON ST, BOSTON, MA	US
S2-90995360	COZY MASSAGE  LP	CONESTOGA STREET, MOSOCW CITY, ID	US
S2-423030845	General  Electronics Industries Inc	5890 Central Ave, FRIDLEY, MN	US
S2-869788374	Benet	922-D NORTH BLVD, OAK PARK, IL	US
S2-571874807	क्लासिक इंफ्रा फूड्स प्राइवेट लिमिटेड	#1910, G/F, RIGHT POSEON UDAY CHAND MARG, KOTLA MUBARAKPUR, AO SOUTH AND EAST DELHI, NEW DELHI, दिल्ली	India
S2-382118226	Temple and Mndocza LLC	TX, 4019 TOPAZ DR, MESQUITE, PMB 1980	US
S2-399449669	Pediatric Déntistry Associates of Salisbury, LLC | www.pediatric.com	4175 MT HOPE CHURCH RD, <NULL>, SALISBURY, NC	US
S2-574914445	Pediatric Dentistry Rocky Specialists Inc	4102 NAVARRO, GALVESTON, TX	US
S2-395489902	TRI-STATE GREENFIRE-INC PARTNERS	51 95ST DRIVE, LAKE STEVENS, WA	US
S2-727570982	Prime Pvt Ltd Center	H. NO. 172 VILL SAIDULAJAB, DELHI, Delhi	India
S2-368478519	Pranaksh Private Glóbalprivate Limited	A-92, INDUSTRIAL ESTATE M.I.D.C., Maharashtra	India
S2-921362349	Bay Ltd Project	520 PARKVIEW DRIVE, OFALLON, IL	US
S2-892909897	At Traders	#768 C/O SADRUL ISLAM, MIDNAPORE(E), KALYANPUR TENTULMURI, West Bengal	India
S2-218115706	Devlin Beacon Corp Emerging	013623 24ND LN, SHAW BUTTE, AZ	US
S2-370596269	Ashly Wolff, M.D. Partners	1216 1219 MARY STREET, EVANSVILLE, IN	US
S2-155159431	Maharudra  Traders		India
S2-889017900	SHIV SERVICES	5-26, 4TH FLOOR, PATEL AVENUE NEAR GURUDWARA, THALTEJ, AHMEDABAD, ગુજરાત	India
S2-112726369	Isaacs, Graham & Clegelngd Holding Inc	2930 69RD LANE, BROOKLYN CENTER, MN	US
S2-414895830	Veterinary Mark Clinic	1100 SOUTH GABRIEL DRIVE, LEANDER, TX	US
S2-222024725	Capital Cardiology	2545 NEWBURG ST, HALEYVILLE CITY, AL	US
S2-426439815	Internal LLC Associates Medicine	1123 LEWIS JONES BOULEVARD, TN, GALLATIN	US
S2-274227325	Sar Polytechnic Private	#25-13 , ROAD NO.4, KAKATIYA NAGAR RAMACHANDRAPURAM, BHEL, తెలంగాణ	India
S2-939074826	Pvt Lakshmi Style Ltd	DOOR NO 5/6 NEAR BREATHE HYGIENIC PRODUCTS, AT LAKHAPAR, RAJKOT, ગુજરાત	India
S2-612684324	Kaycee J. D.O.-Rogers, Group	1853-1855 ZACHARY LN, N/A, INDIANAPOLIS, IN	US
S2-833201275	SCS Solutions Corp	46 SHELLEY CT, MIDDLETOOWN CDP, NY	US
S2-910212980	ANCHOR WEALTH SYSTEMS	TX, 821 2581, WINDTHORST	US
S2-508328321	ગુડ એસ્ટેટ Private Limited	#53, 1ST FLOOR, AKSHAY BUILDING, SHRIMALI SOCIETY, NAVRANGPURA, AHMADABAD CITY, AHMEDABAD, Gujarat	India
S2-431240566	एस प्रोड्यूसर जनरल प्राइवेट लिमिटेड	NO 51 W/O MD SAUD ALAM, POST SIMRIBAKHTIYARPUR, SAHARSA, SIMRI BAKHTIARPUR, बिहार	India
S2-89371166	dineshindiaagency.com	HOUSE OF ANITYA KUMAR MOHANTY, MOUZA ANGARGADIA, KHATA NO-1757/391/53, BALESHWAR SADAR, Orissa	India
S2-749044417	Sri Aroma Csonualtncy Private Limited	Tamil Nadu, PLOT NO N6, S.NO 818/3BTHE SIVAKASI CO.OP INDUL ESTATE LTD, SIVAKASI (WEST)	India
S2-850418435	Lissa's Diagnostics [Services]	11901. CREEK VALLEY RD, POUND, VA	US
S2-539943184	BHARAT SOLUTION LIMITED	2/108, 2ND FLOOR, SUNDER VIHAR NEW DELHI, NEW DELHI, Delhi	India
S2-456896539	Miller + Joseph Harbor Incorporated	389 COUBTY ROAD 4581, OZONE, AR	US
S2-240905908	Beify Ventures Southside	1813  Presbury St, BALTIMORE, MD	US
S2-471977441	Enlight Traders Privte Limited	SPACE NO. VII, 19TH FLR, TOWER 1, PS SRIJAN CORPORATE PARK BLOCK GP PLOT G2 SECTOR V, KOLKATA, West Bengal	India
S2-967569498	Hrishi Institute Private	PLOT 469 37/284, NEAR GOVT AYURVEDA HOSPITAL, TALIPARAMBA, കേരളം	India
S2-873624335	LLC Lee Madison	1856 CLIFFORD AVENUE, ROCHESTER, NY	US
S2-915345864	Irving Irving Hall LLC		US
S2-916238268	Smith Transport Corporation	2417 CECIL ROAD, MUNCIE, IN	US
S2-614957356	Mohnish Finvest Limited Partners	BLOCK B-9-296 GROUND FLOOR, #55/2, OCR COMPLEX OPP SAKRA WORLD HOSPITAL, DEVARABESANAHALLI, BELLANDUR POST, OUTER RING, BANGALORE SOUTH, Karnataka	India
S2-13574353	Transtech Extraction  Ltd	50, SHARP BHAWAN AZADPUR COMMERCIAL COMPLEX, DELHI, Delhi	India
S2-417849143	Tavue Parnfrs, Inc	#1410 31ST AVENUE, ROCK ISLAND, IL	US
S2-627360379	east total manufacturing inc	01897 JASMINE COURT, ELDERSBURG, MD	US
S2-193389855	Safal Foods Public	G-604/C, M.T.H. ROAD, MANNURPET, CHENNAI, தமிழ்நாடு	India
S2-137335733	Future International Public Limited	C 314 ALTIUS III, SUB PLOT 119+121, SUR.503, DASKROI, Gujarat	India
S2-915617973	Lfsc  Group	499 BOSTON ROAD, BILLERICA, MA	US
S2-35410781	Mueller & Barcia Productions, Ínc	7418 1/2 CANYON COURT, BLOMOINGTON, IN	US
S2-539393537	Colonial Clear	##15421 Fawn Meadow Drive, NOBLESVILLE, IN	US
S2-599195929	KOLKATA  FOODS		India
S2-648420391	Eye  Health	VT, #1 NORTHGATE ROAD, BURLINGTON CITY	US
S2-560140043	investmentstrategic.com	2626 SPAULDING AVE, CHICAGO, IL	US
S2-408865400	VISION CENTER (LP)	#169 TRENCHARD STREET, NY, YONKERS	US
S2-78831902	યુનિવર્સલ એન્ટરપ્રાઇઝિસ લિમિટેડ	OFIFCE NO. 805, 8 TH FLOOR, SYNERGY TOWER PLOT NO. 88/1 & 88/2, VEJALPUR, AHMEDABAD, Gujarat	India
S2-629880378	High Impex  Private	FP 33, SUR 354, TPS NIKOL 1, OPP. SHYAM VILLA 2, HARIDARSHAN CROSS ROAD, NIKOL, AHMADABAD CITY, Gujarat	India
S2-372202978	@interstatecoalition	#N3983 BADEN STREET, COLUMBUS, WI	US
S2-150097313	THAMARASSERY TRADING PRIVATE LTD	FLAT NO-380-GH-13 PASCHIM VIHAR, NEW DELHI, Delhi	India
S2-888873504	BACK ALLEY NAILS CARE		US
S2-388148756	Schulz  Next	26511D DUPEE LN, WA, POULSBO	US
S2-891950002	Rogers, Eveland and	900 PLYMOUTH ROAD, DALLAS, TX	US
S2-439070878	cacciatore realty p.c.	310 KNIPE AVENUE, PERKINS, OK	US
S2-157856390	ETHICS LIMITED (INDIA) TECHNOLABS		India
S2-734058456	Response Welfare Limited Center	ROOM NO 1, BUILDING -SH. LUXMI BEOPAR CO SHIKSHA SAMITI, RAM NAGAR, JHAKHOLI ADDA, KAITHAL, Haryana	India
S2-64494419	Star Ameren L.L.C.	505 TIMBERVIEW LANE, NULL, ARLINGTON, TX	US
S2-234262247	Ninnette Tobms Better Integrated Inc	01703 HESTER AVENUE, <NULL>, WAMAC, IL	US
S2-225100350	Dental Physicians Inc	7-C SUNRISE STREET, ME, STANDISH	US
S2-938395802	Reed-Daila Co	3677 APPALACHIAN HIGHWAY, ROCK VIW, WV	US
S2-885790584	Waters Newbridge	92 COTUIT RD, SANDWICH, MA	US
S2-535079495	आदित्य आईटी प्राइवेट लिमिटेड	215 VEENA BEENA SHOPPING CENTRE, MUMBAI, MUMBAI CITY, Maharashtra	India
S2-858423651	thomastechnologies.com	FORNEY, TX, 12258 MUSTANG CIRCLE	US
S2-95209143	Private Sampriti By Limited	SHOP NO-73, NORTH WEST, Delhi	India
S2-868444077	SPURLIN'S-ANCHOR  BISTRO LLC	17208  45rd Pl, TULSA, OK	US
S2-497486406	Sangli Infracon Private  Limited		India
S2-578489698	Lessard  LLC Center	007637 TARSUS DRIVE, <NULL>, ANCHORAGE, AK	US
S2-958183207	arhamgenerators.com	BLOCK E-134 S. NO. 119/8/3, SUYOG AURA WING D, FL NO. 902, WARJE HAVELI, PNE, महाराष्ट्र	India
S2-816119025	Priti Systems (India) Pngitme Limited	1/553, MADATHIL BUILDING, NH 544, KADAMKODE, PALAKKAD, Kerala	India
S2-494828371	MASTER SOLUTIONS PRIVATE LTD	NO.5/3 SOLOMEN STREET, TAMBARAM, தமிழ்நாடு	India
S2-358856946	Redwood Ltd	1326  WESTVIEW CIR, LYNDEN, WA	US
S2-814955870	Green Trading Public Limited	A/8, SIDDHIVINAYAK SOCIETY, L N MANDIR MARG, MOHILI VILLAGE, SAKINAKA, MUMBAI, MUMBAI, महाराष्ट्र	India
S2-170995935	HOLISTIC IN PARTNERS (LTD)	K-16 AGREEN PARK, NEW DELHI, Delhi	India
S2-820381218	ലക്ഷ്മി ഫിനാൻസ് സൊല്യൂഷൻസ് പ്രൈവറ്റ് ലിമിറ്റഡ്	#0046 MANOOLAHP.OANCHAMPEEDIKA, KANNUR, Kerala	India
S2-331692143	Patriot Motors,	IN, NASHVILLE, ##833 MAIL POUCH LN	US
S2-929614987	Flip Solutions Pirvate Limited		India
S2-361329158	#beaconsmith	5601 1/2 FARMER BRANCH RD, OZARK, MO	US
S2-924143713	Cure Massage Trading		US
S2-565543920	Shivam Software Electronics Private Limited	NO 56 SHIVALAY, VINAY SOCIETYB/H.P.D.M.COLLEGE, AMBAJIKADVAMAINR, OAD, RAJKOT, Gujarat	India
S2-391718145	Caldwell Great Architecture	1675  WASHINGTON STREET, BOSTON, MA	US
S2-237375796	rev it up diner co	821 1/2 MEMORIAL DRIVE, CAMBRIDGE, MA	US
S2-305873353	Pitambara Brothers Public Limited	KHATA 98, MEAN ROAD, BANK OF INDIA OBRA, OBRA, Bihar	India
S2-539626107	Genevra A. Hill, D.D.S. Corp	19408 WESTWOOD DR, ALVNI, TX	US
S2-774600043	Smt Resources Agro Limited	DOOR NO 0732 , VARCHI WADI POKHARAN, MH, POKHARAN, Maharashtra	India
S2-368772488	Bricklayers Union Local No Highland Center	4001 FRESNO ST, FORT SMITH, AR	US
S2-447184042	Sheppard Holdings Group Partners	13816 ASHENTREE WAY, NULL, HOUSTON, TX	US
S2-137876921	Shri kbjindiafinance.com	H.NO 81/76 , PERUNDURAI ROAD, SARAVANA COMPLEX, ERODE, தமிழ்நாடு	India
S2-522067207	Beard Earth LLC	244  CLIFFORD AVENUE, ROCHESTER, NY	US
S2-466263961	Dzire Brothers Private (Limited)	509, RAHEJA PLAZA, OFF VEERA DESAI ROAD, ANDHERI (WEST), MUMBAI, Maharashtra	India
S2-908965487	Synfluxsol	HEARTH HOLLOW ROAD, PO BOX 1146, COLUMBIA, TN	US
S2-777730349	VU Private  Limited Center	H.NO B3/404 K.D.R, ROYAL SHENDE NAGAR, KAMTHI, Maharashtra	India
S2-865681369	Siya Productions Private	KH NO. 61/25 MUNDKA, DELHI, दिल्ली	India
S2-681634213	Shri Satakshi Development Private	2-7-136/7 BUS STAND ROAD, JANGAON, Telangana	India
S2-964623878	FULLERGRANDALTENERGY.COM	2489 UPPER ELK CREEK DR, BUCHANAN COUNTY, VA	US
S2-955718772	Berg Lake Inc.	31984 JEFFERSON BOULEVARD, PENGILLY, MN	US
S2-634239099	ഈസ്റ്റേൺ എന്റർപ്രൈസസ് പ്രൈവറ്റ് ലിമിറ്റഡ്	H.NO 82 SREEMANGALAM, MENAMKULAM, KAZHAKUTTOM P.O., THIRUVANANTHAPURAM, Kerala	India
S2-964680461	श्री बिल्डर्स स्टोर्स प्राइवेट लिमिटेड	JHAJJAR, ISLAMGARH, MANDIR WALI GALI, JHAJJAR, H. NO. 299/9, Haryana	India
S2-925511054	Physical  Therapy (Group)	1220 MAIN ST, ASHLAND, OH	US
S2-964240180	Valley Center Partners Corporation	3304 WASHINGTON ST, TEXARKANA, AR	US
S2-17915799	Sri Wm Holdings-Laxminagar Limited	Delhi, NO 660 A GURU RAM DASS NAGAR, LAXMINAGAR	India
S2-630317647	Bakliwal Systems-Private Limited	531/959(634) PANCHAWATI, COLONY, RAHIM NAGAR, LUCKNOW, Uttar Pradesh	India
S2-964581929	Raghav Institute Group	#887 506, SHANTI VIHAR BLDG-17 CHS LTD. SHANTI VIHAR COMPLEX, MIRA ROAD EAST, THANE, महाराष्ट्र	India
S2-510916447	LEOINE MOSIER MOSIER ANCHOR RATE INC	224 8TH STREET, MN, MINNEAPOLIS	US
S2-620463310	Best Technologies Lakeside  LLC Services	24103 875 ROAD, CUSTER COUNTY, OK	US
S2-510383940	Cedar Partners	734. 16TH ST, SACAMENTO CITY, CA	US
S2-160993289	Kenyon,  Jimenez & Claxton	103 BLUE BONNET DRIVE, KENEDY, TX	US
S2-696686166	Wentz Network Uptown	527 CHEROKEE SAINT, JAY, OK	US
S2-801515500	Dexterous (Suppliers)	47, VASANI CHAMBERS, SIR VITHALDAS THAKERSAY MARG, Maharashtra	India
S2-470376661	3667 FOURTH-BOULEVARD HOLDINGS	PARKERSBURG, 909- ASHBY RIDGE RD, WV	US
S2-617594647	East Yorkville PC	7121 SPRING HOLLOW COURT, MOUNT AIRY, MD	US
S2-715096064	HALCYON  HOLDINGS	1428-B CLARKE AVE, ROANOKE CITY, VA	US
S2-725764342	యునైటెడ్ వైట్ లాజిస్టిక్స్ ప్రైవేట్ లిమిటెడ్	D.NO. C-13-1-172/1, FLAT NO. 203 NEAR SAI BABA TEMPLE, SNEHAPURI COLONY, MOTINAGAR, HYDERABAD, Telangana	India
S2-628011193	Silver Construction Netornoks Ltd	1026 Sussex Trail, PEARLAND, TX	US
S2-394565864	Private Lavender Traders Limited	1/1A VANSITTRAT ROW, CALCUTTA, NO BLOCK, West Bengal	India
S2-93729553	Supreme Electronics Consultants ((Inc))	10246 ROSS LANE, HAVANA, AR	US
S2-273999815	Prime Anchor Bittaibse Inc	##19 MORGAN AVENUE, ONEONT ATOWNSHIP, NY	US
S2-85163295	LFA Hmos Company	450/10 , HUDA, AMBALA CITY, हरियाणा	India
S2-841394108	Maharana Dealers Private	NO.23-74  , ANTONY STREET, RAJAKRISHNAPURAM RAJAKRISHNAPURAM POST, TIRUNELVELI, Tamil Nadu	India
S2-696676120	Ambattur Spring Private	Tamil Nadu, H.NO. 28- , G2, 2ND STREET, TEACHERS GUILD COLONY, AMBATTUR	India
S2-796933103	Housing Cóalition | www.housingc.com	148 RASCOB ROAD, SANFORD CDP, NC	US
S2-642110210	Cevue Holdings East	2401 LITTLE RACER DRIVE, RALEIGH, NC	US
S2-99879738	ગોલ્ડન પ્રોડ્યુસર એલએલપી	406, AHMEDABAD, Gujarat	India
S2-23933178	Sweet City Private Limited		India
S2-18419358	Lacefield Patriot Suisse Corp	1104 GSHEN ST, OXFORD, NC	US
S2-557505234	திருப்பதி டெக் லிமிடெட்	89/1, PADMAVATHIPURAM, AVINASHI ROAD, TIRUPPUR, COIMBATORE, Tamil Nadu	India
S2-368206306	SECURE MEDIA LABORATORIES INC	##313 SABINAL STREET, BOLING, TX	US
S2-581946988	Kalindi Baker	25400. 4178 ROAD, CLAREMORE, OK	US
S2-424464370	Bsr Seva	UNIT NO. C-9, MARWAHS COMPLEX, 4, MARWAH ESTATE, KRISHANLAL MARWAH MARG, ANDHERI (EAST), MUMBAI, Maharashtra	India
S2-221008320	Software-Private Sunrise Sunrise All [Limited]	H.NO.G-8-3-945/N/102, FLAT NO 102, FIRST FLOOR, SREE NILAYA ENCLAVE, AMEERPET, HYDERABAD, KHAIRATABAD, తెలంగాణ	India
S2-772792384	Veekay Brothers Infratech Private	PL.NO.936, SY.NO.156, D.NO.8-7-13/935, SAI COLONY, MADHUBAN COLONY, RAJENDRANAGAR, KATEDAN, HYDERABAD, Andhra Pradesh	India
S2-170119635	Tavern Dent The Highland	25 DEVONSHIRE DR, CHESHIRE, N/A, MA	US
S2-516871248	Valley Desert Manufacturing Partners Partners	318 Sugar Loaf Mountain Rd, CHESTER, NY	US
S2-735910191	Guru-Public School	DOOR NO #51 SHOP NO- 8, BABA COMPLEX, NEAR CITY POLICE STATION, ABU ROAD, Rajasthan	India
S2-588597341	Gee Petroleum Pvt	J-1/62, KHIRKI EXTENTION MALVIYA NAGAR, Delhi	India
S2-751138699	Josefa Walley Investors LLC	OR, BEND, 65189 94TH STREET	US
S2-26670373	Twisted  Deli South LLC	2829 WILLIAMS GRANT STREET, SUGAR LAND, TX	US
S2-840004711	సెవెన్ గ్లోబల్ ప్రైవేట్ లిమిటెడ్	FT NO.8-3-237/A/3, L.N NAGAR YOUSUFGUDA, HYDERABAD, Telangana	India
S2-15235408	certifiedrare.com	IN, WAYNE, 544 1/2 FOURTH ST	US
S2-414623921	Autism Assistance Holdings Federation	520. GAYLORD MOUNTAIN RD, HAMDEN, CT	US
S2-762459339	dunphyanimalhospital.com	56 FRANCIS AVENUE, CAMBRIDGE, MA	US
S2-487436030	Pinedo, Berny, Partners	7056 BUSTIN DUTCH TRAIL, SHOW LOW, AZ	US
S2-733025108	Harihar Constructions Pvt  Limited	87/2, MATHESWARAN KOIL STREET, VAIKKAL THOTTAM, GOBICHETTIPALAYAM, Tamil Nadu	India
S2-984417999	Premier Investment P.C. Laboratories	7485  AMBOY ROAD, STATENI SLAND, NY	US
S2-837288466	Braun Rbi		US
S2-146892719	DEPARTMENT CENTER VETERANS OF	765 TWIN OAKS DR, MOUNT WASHINGTON, KY	US
S2-650621734	ANUJ EDUCATIONAL SOCIETY GROUP	FLAT NO. 65, HEWO APARTMENTS, SECTOR-16A, Haryana	India
S2-142031060	Bhagwat Trip Limited	A-128, 8-8-350, ROAD NO.3, GREEN PARK COLONY, KARMANGHAT, HYDERABAD, null, Telangana	India
S2-440948241	OG Minerals	Main St, AGAWAM, MA	US
S2-960892569	Dawson Catering	Maharashtra, JOGANI INDL.ESATATE BLDG., NO.5-5, UNIT NO.314, V N PURAV MARG, CHUNABHATTI	India
S2-389034100	Sopan Nirman Private Límited	205 B, 2ND FLOOR, METROPOLIS OFFICE PARK PLOT NO.128-P2. EPIP, WHITEFIELD, BANGALORE, Karnataka	India
S2-570843710	Wilkie Heartland-Seafood	32051 ROBIN HOODS LOOP, MILLSBORO, DE	US
S2-885486981	L.L.C. Best Safe Keystone Valley	439 58ST ST, WESTMONT, IL	US
S2-764306412	Hyline Consultancy  Private Limited	C-G-64 F/F SHIVALIK COLONY, NEAR D.E.R.C OFFICE, NEW DELHI, Delhi	India
S2-450093756	Patri0t Féderation	#5150 99TH AVENUE, PHOENIX, AZ	US
S2-104641729	Ontime International School Ltd	VIDYARTHI SHETKARI KALYANKARI, PT NO. 08, J SECTOR, N-2, NEAR MUKUNDWADI POLICE S, TATION, AURANGABAD, महाराष्ट्र	India
S2-279477360	Shri Mg Oil	DOOR NO 400 L MODEL TOWN, REWARI, Haryana	India
S2-354541531	SURPRISE SCHOLARSHIP	25909 171ST DR, SURPRISE, AZ	US
S2-673341944	Sri Aren Mill Care LLP	FLAT NO.-D-#703, D-BLK, PLOT NO. 8, HIMACHALI CGHS, NEW DELHI, Delhi	India
S2-953675570	Sim Block (Inc)	#515 CENTRAL AVE, BLUFFTO CITY, IN	US
S2-534318812	Smt GOLD  INDUSTRIES PRIVATE	#73, CHOKKASANDRA, 1STCROSS, MARUTHILAYOUT, GROUNDFLOOR, BANGALORE NORTH, Karnataka	India
S2-658688492	Center Bateman Corp	530 KINGWOOD RD, UPPER MERION TOWNSHIP, PA	US
S2-785769450	-- SOLUS  PROEM	345  SPRING DR, HAYSVILLE, KS	US
S2-214313720	Billups  Empire	111-12 133 ST, SOUTH OZONE PARK, NY	US
S2-52429330	TRIPURARI PRODUCER PNRCVASE LIMITED	दिल्ली, #679 , KHASRA NO. 103 AND PLOT NO. 188, KHASRA NO. 115, 3RD FLOOR, CHATTARPUR, SOUTH WEST DELHI	India
S2-766550527	फॉर्च्यून डेवलपर्स प्राइवेट लिमिटेड	C-19, 2ND FLOOR, SECTOR-4, NOIDA, GAUTAM BUDDHA NAGAR, Uttar Pradesh	India
S2-921111723	Physical Therapy Care of Syracuse West	2403 ALLISON WAY, SYRACSUE, UT	US
S2-260594677	Mr AB TRMDRS	H. NO. A-6-48/1 , SURVEY NO. 643, ROAD NO. 3, BHAVANI PURAM, RAMACHANDRAPURAM, Telangana	India
S2-905966783	Verreus Freqguecny Inc	TYLER, 3814 BRIGHTON CREEK CIR, TX	US
S2-937734462	Tri-5tate Fund	40. AMORY ST, BOSTON, MA	US
S2-588551697	Gajanand Resources Infratech L.L.P.	NO 47 CO MUKESH SINGLA AGGARWAL, GALI, OPP SBI GOHANA ROAD, PANIPAT, Haryana	India
S2-93981671	BRANDAIS'S STRATEGIC SÍGNS	1329D GOLDMEADOW WAY, EDGEWOOD, MD	US
S2-585316294	Sky Consultancy Limited Center	B-#93, KARIMABAD COLONY, CHIRAGH ALI LAEE, ABIDS, HYDERABAD, తెలంగాణ	India
S2-449440448	Dhansakti Ctrol Private Limited	NO 431 15/ BH2 KENDRIYA VIHAR SECTOR 11 KHARGHAR, NAVI MUMBAI, NAVI MUMBAI, Maharashtra	India
S2-106174634	Angelica Infusion Private	#6, LYONS RANGE, ROOM NO. - 13, GROUND FLOOR, KOLKATA, West Bengal	India
S2-793087697	राज केयर प्रा. लि.	9-B - 5 SAROJ PARELKAR ROADOFF VEER SAWARKAR MARG DADAR, MUMBAI, महाराष्ट्र	India
S2-176316491	Stanfield Select House, L.L.C.	613 Second Ave, GASTNIA CITY, NC	US
S2-295564788	Seastar Shree LLP	261F, SCEOND FLOOR, SANT NAGAR, EAST OF KAILASH, DEW DELHI, Delhi	India
S2-249179392	Onyxonyx Association	27737 EGGLESTON SAINT, SELIGMAN, MO	US
S2-970730978	Valley Prógram V	IN, 60 675, HAYDEEN TOWNSHIP	US
S2-500449742	Vad0dara Construction LLP	T.F - 307 ONE WEST, NR. PRIYA CINEMA, SEVASI BHAYLI ROAD, VADODARA, Gujarat	India
S2-394915298	Holdings Nunez and Rojas,	1032 12TH ST, VINCENNES, IN	US
S2-351773656	Kolkata Tech Group Psbiotate Limited	D/2 PANIHATI MUNICIPAL MARKET COMPLEX PO SODPUR, PS KHARDAH, KOLKATA, West Bengal	India
S2-907018183	Foremost Foods Private Límited	Delhi, SHOP NO 10 B G. F, PLOT, 51, RAJINDRA ARIHANT TWR, NEW DELHI	India
S2-684531221	Price's Empire Excavation Corp	16 FAIRGROUNDS RD, MORRIONVILLE, NY	US
S2-847408459	SHREE CRAFT PRIVATE LTD	PLOT 703 66/1, INFANTRY ROAD, ಕರ್ನಾಟಕ	India
S2-126113089	Good Investments Private	S-224 ADARSH INDUSTRIAL ESTATE, SAHAR ROAD, ANDHERI (E), MUMBAI, Maharashtra	India
S2-988430985	Metro  Canada LLC		US
S2-291868119	Indo Management Solutions Private Limited	30/36-A, GAIL NO G/F 9 VISHWAS NAGAR, SHAHDARA, NEW DELHI, Delhi	India
S2-900515245	Heritage Initiative	2717 SANDY HOOK RD, GOOCHLAND, VA	US
S2-689917284	Dr ERODE SHINE	801/A, 8TH FLOOR, PARSHWANATH ESQUARE, PRAHALADNAGAR CORPORATE ROAD, AHMEDABAD, ગુજરાત	India
S2-575990209	FRY AND WYNN CORPORATION	FRENCH CREEK RD, AVON, OH	US
S2-158828409	WANG AMERICAN ATLANTIC  INC	4228  BENNING ROAD, WASHINGTON, DC	US
S2-16075678	Allied Fellowship PLLC	224  HOWARD AVE, BROOKLYN, NY	US
S2-9614101	VV Pvt Ltd Partners	NO 842 PLOT NO A4, A5, A6 APPAREL PARK IND. AREA AREHALLI GUDDADAHALLI, KASABA HOBLI, DODDABALLAPURA, Karnataka	India
S2-176849787	GANGADHAR TOYS (INDI)A	HARIHARPUR TOLE MALPATTI ANCHAL- SINGHWADA, DARBHANGA, Bihar	India
S2-411476341	GANGESH ENGINEERING PFHVAITE [LIMITED]	E-3/1(A) BORANADA INDUSTRIAL AREA, JODHPUR, Rajasthan	India
S2-598884836	Paradise Holdings	G-12/499I, ZAAHIL TOWER, ERNAD, MALAPPURAM, Keralam	India
S2-657092756	Simoes Keystone Homecare	3138 L R GIRDON TRL, GORDON, TX	US
S2-360633734	KESTAN PATTANA (INC)	CHARLOTTE, NC, 8333. PARK VISTA CIR	US
S2-97346546	CARDIOLOGY PARTNERS	550 FLEETWOOD DRIVE, HOT SPRINGS NATIONAL PARK, AR	US
S2-68699929	సదర్న్ బిజినెస్	NIZAMABAD, HARITHA PRIYA RESTAURANT, NIZAMABAD, Telangana, NEAR PONDURTHI X ROAD, NARASANNAPALLY MANDAL, KAMAREDDY DISTRICT	India
S2-697040637	8OARD OF CONSUMER  AFFAIRS	04 RABBIT HILL ROAD, MARION TWP, PA	US
S2-772414409	ஹைடெக் மேனேஜ்மெண்ட் பிரைவேட் லிமிடெட்	D.0021, TNHB FLATS RAMAKRISHNANAGAR, CHENNAI, Tamil Nadu	India
S2-625556810	Uphoff and Hambrick Hambrick Inc Center	9115 PRESTON ROAD, DALLAS, TX	US
S2-356220463	Anallise S. Michaels, DDS	##2519 BEVERLY RD, PHOENIX, AZ	US
S2-850724027	RBE Roofing  Private Limited	PLT-5&6, B-C -F-4, MULLAI, NAGAR, SANKARAPURAM, TAMBARAM, தமிழ்நாடு	India
S2-138967824	Inc. Eldridge and Rerlods Eureka	01141 NICOLE WAY, BURLESON, TX	US
S2-488141050	ATTRACTIVE TRADERS PRIVATE LTD		India
S2-72897582	Asian Farmers Private  Ltd	F-370, NAKUL PATH LAL KOTHI SCHEME, JAIPUR, Rajasthan	India
S2-43963109	russellrodriguezsullivan.com	141 1/2 ILLINOIS ST, MOMENCE, IL	US
S2-628783277	ઈસ્ટ કન્સ્ટ્રક્શન પ્રાઇવેટ લિમિટેડ	8, AHMEDABAD, Gujarat	India
S2-424398885	MISSION (INDIA) LEATHER-PRIVATE (LIMITED)	FL B 901, EMPRESS, B WING, GREENS SOCIETY, OPP PUDUMJI PAPER MILLS, THERGAON, PUNE, महाराष्ट्र	India
S2-463968821	HK CENTRE-PRIVATE LIMITED	BHARAJ BUILDING, FIRST FLOOR 1711/15 A, ST.NO-3, SHIMLA PURI, Punjab	India
S2-439888025	Encinias  Technical East	CORVALLIS, OR, 4252 DUNIWAY DR	US
S2-238446563	DASKROI-CHEM PRIVATE	ગુજરાત, 1503, WESTPORT, SINDHU BHAVAN ROAD, NR. S P RING ROAD, DASKROI	India
S2-964249489	GQN Global Aurora Group	251 HIDDEN SPRINGS LN, WORDEN, IL	US
S2-902205396	Cornerstone Materials Consultants	STONE RIVER BEND, MONTGOMERY, TX	US
S2-938561651	WW Total Biologics Córp	111 CHESTNUT STREET, NEW CARLISLE, IN	US
S2-67703868	Jasper East Inc	2636 IDLEWILD BOULEVARD, ROANOKE, VA	US
S2-916812240	PATRIOT GRAND PRODUCTIONS-NORTH EAST LLC	84 SHEKOMEKO LANE, PINE PLAINS, NY	US
S2-506145204	Management Nj 5teels Limited	DOOR NO:452/C KULAVAIKADU, ALAVAYAL POST ALAVAYAL, TIRUMAYAM, PUDUKKOTTAI, Tamil Nadu	India
S2-831449937	BB Mahadev Pvt  Ltd	H.NO ##3 SNEHAM APTS, 4TH FLR, C BLOCK 14 PARK ROAD, AMBATTUR, Tamil Nadu	India
S2-236012541	windia.com	11-25-41/2 VFSAVI COLONY, WARANGAL URBAN, WARANGAL, Telangana	India
S2-675348100	Tirumala Électronics Private Limited	1/12B, PLOT NO 355, KAILAS PLAZA NEAR ODEON SHOPPING CENTRE, GHATKOPAR (E, AST), MUMBAI, Maharashtra	India
S2-17860697	Dental  Physicians Partners	2595 MAHOGANY LN, HICKORY, NC	US
S2-564829794	UPTOWN BIKE	006949 SHAMROCK GLEN CIR, TOWN OF SPRINGFIELD, WI	US
S2-142441358	Agro Jay Indhdtties Private Limited	SROBAL NILANA, MALLAYA'S COMPUND, NULLIPPADY, KASARGOD, P.O., KASARGOD, Kerala	India
S2-231042988	Cal College	C/O RANA CHAANU ODEDARA, KABRASTAN ROAD GAYATRI NAGAR BND VILLAGE BHANVAD(M), BHANVAD, Gujarat	India
S2-337971131	Rooney Chóice Biologics Inc	9150 LABRADOR TRL, THEODORE, AL	US
S2-704269513	MOUNT &  BROTHER PRIVATE LIMITED	<NULL>, H.NO.20, DHARMDAS PUR, JAGATPUR BENI KAMA, RAEBARELI, RAE BARELI, Uttar Pradesh	India
S2-743481583	সানরাইজ লজিস্টিকস প্রাইভেট লিমিটেড	5, HOWRAH, পশ্চিমবঙ্গ, KOLKATA WEST	India
S2-835256551	... Advanced Highland	1052B 264TH ST, DES MOINES, WA	US
S2-775484419	SIDHI ARTIFICIAL PRIVATE LIMITED	FF/2 , CIVLI TOWNSHIP, ROURKELA, Orissa	India
S2-687939123	De1ta Program (V)	7218 Airlie Rd, FAUQUIER COUNTY, VA	US
S2-763813514	CAPlTAL GREEN NORTHERN LLC	CT, 110 YALE AVE, MIDDLEBURY	US
S2-91690570	sorianostores.com	006 BEACON ST, BOSTON, MA	US
S2-27503468	ENSO RETAIL PRIVATE LIMITED	H.NO. 33, NYADAR GANJ, DADRI, GAUTAM BUDDHA NAGAR, उत्तर प्रदेश	India
S2-15280146	Thomasina P. Barnett, L.C.S.W., [PC]	409 6ST AVE, MANSFIELD, OH	US
S2-256451765	Pipal International Limited	NO. 00522 HOUSE NO.66, 2ND FLOOR, BLOCK-A, DSIDC NARELA, DELHI, DELHI, Delhi	India
S2-889476846	ईस्टर्न ट्रेडिंग प्राइवेट लिमिटेड	बिहार, TOLA - LAWHARCHAK, H.NO 26 VILLAGE - RAMDIRI, BEGUSARAI, P. O. - LAWHARCHAK	India
S2-246869552	Valley Calderon Pmv Pmv	19 Slater St, WEBSTER, MA	US
S2-632851303	Department of Finance Corporation	1003 58 ST, BROOKLYN, NY	US
S2-613204180	Quality Aerospace-Dynamics	1109 1ND STREET, YAKIMA, WA	US
S2-773297745	betheaholdingsgroup.com	1218C 3150, SYRACUSE, UT	US
S2-71788805	Noelani Lowe-Publishing LLC	#8103 ROSEBUD DRIVE, BILLINGS, MT	US
S2-685908264	Mym Jewelleiy Group - 7374685672	Karnataka, NO60 , BHCS, 1ST MAIN, 1ST CROSS, BTM 2ND STAGE, BANGALORE	India
S2-934412775	WALLACE NASDAQ,	2109 PROSPECT AVE, PERU, IL	US
S2-960553036	SECURE INTELLIGENCE DIGITAL EAST	11338 SQUALL HILL DR, HASLET, TX	US
S2-168143357	adarshseeds.com	A-1681/29/2, F FLOOR MANGAL MARKET, BHAGIRATH PLACE, DELHI, NULL, दिल्ली	India
S2-368840229	-- riede1americanpony.com	NORTON AVE, KANSAS CITY CITY, MO	US
S2-837187320	MEMORIAL CENTER LLC	021 HOWARD STREET, SPOKANE, WA	US
S2-339029624	surgicaltristatecare.com	0205 POTOMAC AVENUE, TERRE HAUTE, IN	US
S2-919385476	Webb Ci0n  L.L.C.	120 LEWIS PLACE, TULSA, OK	US
S2-520587790	Straight Edge lce Cream	170 BURNETT LN, ONEIDA, TN	US
S2-538399908	ગોલ્ડન ઇમ્પેક્સ પ્રાઇવેટ લિમિટેડ	25, NEW GIDC ESTATE KABILPOR, NAVSARI, Gujarat	India
S2-882907234	Leopo1d Safe Consulting LLC	0744 CARLISLE AVE, OH, DAYTON	US
S2-849276951	behavioralhealthpartners.com	003629 TANGLEWOOD CIR, FARMERS BRANCH, TX	US
S2-912252732	Mody Irenic	7606 ARTONDALE DRGVE, GIG HARBOR, WA	US
S2-544612526	Regional Infrastructure Networks Holdings	1333 ALEXWOOD DR, HOPE MILLS, NC	US
S2-417090507	WILLIAMS HARBOR CENTURION INC.	19320- 1ND PL, CATOOSA, OK	US
S2-549320589	THE BRIGHTIQ RAIN LLC	5806 WEST PAGES LN, PMB 7380, LOUISVILLE, KY	US
S2-914673196	Silver Pilates! Partners Corp	979 AUSTIN DRIVE, RADCLIFF, KY	US
S2-930098957	Gildjaxaria	KANKARBAGH, Bihar, BLOCK - 62, DEFENCE COLONY KANKARBAGH, H.NO 357 FLAT 246, SAMPATCHAK	India
S2-221999414	Chen Mountain Paloma Uptown	2951 KATHY JO LANE, ORCHARD MESA, CO	US
S2-230184729	Preethi Héalthcare Pvt Ltd	H/O HARE RAM SAH, NEAR BACHPAN SCHOOL PURNENDU NAGAR, PHULWARI SHARIF, PATNA, Bihar	India
S2-533648755	नॉर्थ कंसल्टेंट्स एंटरप्राइजेज प्राइवेट लिमिटेड	S NO - 1-88/1/43, PUNE, BHOSARI, महाराष्ट्र	India
S2-436840512	बालाजी एंटरप्राइजेज प्राइवेट लिमिटेड	DIOR NO 3-91 G-7, SECTOR-63, NOIDA, GAUTAM BUDDHA NAGAR, Uttar Pradesh	India
S2-219374527	Behavioral Health Specialists Inc	719 JACKSON ST, PITTSBURG, KS	US
S2-814233140	Pvt. Gearup & Sóns Enterprises Ltd.	NO 2-12-182, WARANGAL URBAN, HANAMKONDA, తెలంగాణ	India
S2-331264637	ஆனந்த் இம்பெக்ஸ் பிரைவேட் லிமிடெட்	தமிழ்நாடு, 288, INDUSTRIAL ESTATE, ELLAPPAN STREET, COIMBATORE SOUTH, COIMBATORE	India
S2-873232185	Select Defense Innovations Northside Llc	1264 HILLWOOD DR, CLARKSVILLE, TN	US
S2-942417082	Smt SHYAM TECHNOLOGY HARDWARE PRIVATE LIMITED	HN ##78 E/45 KHAPRA MOHAL, CANTT, KHAPRA MOHAL, उत्तर प्रदेश	India
S2-430193699	MORTIMER JOY DO M.D. P.C. CENTER	##28 KINGS DRIVE, WARREN CITY, OH	US
S2-584696844	Salinas Avalanche Inc	7968 HONEYGO BLVD, NOTTINGHAM, MD	US
S2-890423795	Indo Prime Exports Private Limited	H.NO 017/2 LATICE BRIDGE ROAD, ADAYAR CHENNAI. 600 020., Tamil Nadu	India
S2-791639335	प्रीमियर Star इन्वेस्टमेंट्स प्राइवेट लिमिटेड	H.NO 838 C 32A BLK C STREET NO. 3 MAHENDRU ENC G T KARNAL ROAD, DELHI	India
S2-11817249	Ward,  Mcdaniel and Peralta Praetorian	MN, 3609 THIRTEENTH AVE, SAINT CLOUD	US
S2-854546683	The-Diamond Health Corporation	001 MENOWA DR, DAEVILLE, AL	US
S2-623163178	Incorporated Olanyn Oceanhawk	262 CASCADE ROAD, JERUSALEM, AR	US
S2-885731246	Realtech Instrument-Private Limited	DOOR NO 814/2 SPACE NO.403, BLOCK D & E, CHANDIGARH CITI CENTRE, VIP ROAD, RAJPURA, Punjab	India
S2-609126175	Vasquez Inc. Couture,	21914 OIA ISRAND DR, HOCKLEY, TX	US
S2-436663188	C1assic  Construction	FOURTH FLOOR, MEDI-MAX HOUSE OPP. KARNAVATI HOSPITAL, ELLISBRIDGE, AHMEDABAD, null, Gujarat	India
S2-109034922	Crosier Exchange Southside	218 MELROSE CIR, DENISO NCITY, TX	US
S2-954124079	Ellsworth Peak Acp of Greenfield Corporation	1925 DOWNEY LN, GREENFIELD, IN	US
S2-877745187	Dr Mata Tlch Pvt. Ltd.	THIRED FLOOR 7/145, GEETA COLONY, DELHI, EAST DELHI, N/A, Delhi	India
S2-852115447	Kedyndyne Integrated Trinity [Inc.]	15-A KAPOR RD, BRIDGER CITY, MT	US
S2-438969319	LTD PHENIX PVT CENTER	P NO. 1998, GROUND FLOOR, AT GALI NO. 56, MOLARBAND EXTN., BADARPUR, NEW DELHI, SOUTH DELHI, Delhi	India
S2-812772307	Zetaavi	BANGALORE, BANGALORE NORTH, Karnataka, 215, 14TH FLOOR 14TH CROSS 4TH MAIN, KAVERIPURA, KAMAKSHIPALYA	India
S2-145624152	Ab It Limited	महाराष्ट्र, 32, JOLLY MAKER II, CUFFEE PARADE	India
S2-916020939	(LLC) Smith John	2845 ROSEMARY LANE, FAIRFAX COUNTY, VA	US
S2-583111097	Johnson Corporation	2545 CUATRO MILPAS DR, PO BOX 5622, ALBUQUERQUE, NM	US
S2-459116621	zeosolutions.com | [www.zeosolutio.com]	B 4 AND 5, 4TH SAINIK NAGAR, MANSA RAM PARK, NAJAFGARH ROAD, UTTAM NAGAR, NEW DELHI, Delhi	India
S2-760507152	Inc. Walker, Key and Salazar	140 AMY AVENUE, BOWLING GREN, KY	US
S2-333030681	Holdings Arts Council,	413- HIGHWAY 177, CARNEY, OK	US
S2-275292871	Tirupati It	NO 53 LAL KOTHI PARISAR TEZI KHARA, RJPM-I, LUCKNOW, Uttar Pradesh	India
S2-519557968	Shri Deep Propmart Psrilvage (Limited)	VILLA NO. 09, NORTHSTAR HILLSIDE, SURVEY NO. 12, 13 KLR LANE, GANDIPET, RANGAREDDY, Telangana	India
S2-716588163	Vanguard Biomedical Studios	274 Baybrook Lane, WINSTON-SALEM, NC	US
S2-189226576	Veva Interests	HILLDALE DR, DALLAS, TX	US
S2-527812446	Black It Private	PLOT NO: 6, NEAR NARAYAN COMPLEX, OPP. AYUSHI AWAS, PIPLOD, SURAT, ગુજરાત	India
S2-463146600	Gardner Impact Patriot	MD, 510 ANNAPOLIS ROAD, BLADENSBURG	US
S2-175865714	ENVIRONMENTAL ASSOCIATION LLC	762 1/2 ROCKFIELD-BROWNING RD, ROCKFIELD, KY	US
S2-148466906	Shri Jai Ltd Pvt Cyber		India
S2-536514418	Quality Auto  Sales, Incorporated	632 BRAEHILL CT, WINSTON-SALEM, NC	US
S2-741576886	Nixon  Fgao	341  KENNEDY STREET, SYRACUSE, NY	US
S2-843071321	Youth  Network		US
S2-825374035	Smart Tech Pvt	#294 DOLMUNDAI MAHATAB ROAD, CUTTACK, Odisha	India
S2-685507426	extractionnew.com	S.F.NO.309(2A), KINATHAANKADU, KOLATHUPALAYAM GANGAPURAM POST, CHITHODE VIA, ERODE, தமிழ்நாடு	India
S2-818622882	Gardner's Design	437 FOURTH STREET, MILAN, MN	US
S2-496765251	tri-state atlantic index inc	350-B ELM ST, ANOVER, OH	US
S2-728507538	Oncology Legacy Center	1629 3125, UT, OGDEN	US
S2-686251531	VALLEY PRE6ORAM	TECATE TRAIL, AUSTIN, TX	US
S2-691463903	Elite Clean Aluminum Downtown LP	1068 COLOMA ROAD, CA, RANCHOCORDOVA	US
S2-438690128	गोल्डन ट्रेडिंग प्राइवेट लिमिटेड	DOOR NO 22 PUSHPAM 30-ECAWASJEE PATEL STREET FORT, MUMBAI, MUMBAI CITY, महाराष्ट्र	India
S2-525998554	HORIZONCHEMICALINNOVATIONS.COM	401 200 ST, null, ARMA CITY, KS	US
S2-775394710	Auto Chit Enterprises Private Ltd	#513, 5TH FLOOR, DLF STAR TOWER SECTOR - 30, GURGAON, हरियाणा	India
S2-426144370	Pune City Infotech Pvt Ltd	PL NO BG/1/15 GENRAL, BLOCK NR TEL. EXG. MIDC, PUNE CITY, Maharashtra	India
S2-538976068	Sri Optimist  College	PLOT 62 KHASRA 71/13/2, 14, BHODIA DOULATPUR ROAD, BHODIA KHERA, FATEHABAD, Haryana	India
S2-497944131	Anchor Mountain [[Analytics]]	452  FEHLBERG LN, CORAM, MT	US
S2-837801206	JATAAGN KKR	15400 MONTE VISTA RD, AZ, GODOYEAR	US
S2-557352853	hariconsultants.com	SHOP NO.-04, FIRST FLOOR NEAR BHAWNA COMPLEX BHOORA PATEL NAGAR, SBBJ CHORAHA, NEAR C, HITRAKOOT, JAIPUR, राजस्थान	India
S2-534832831	Roberts, Anne-Corinne, Md Inc	0410 MARR STREET, POCAHONTAS, AR	US
S2-284779400	XRS-Tma East	6306. IOLA AVENUE, LUBBOCK, TX	US
S2-256172355	Bay Super	3299 GRANDVNEW DR, DUNNSVILLE, VA	US
S2-258436929	Ridge Ace Biracilik Co	215 HENRY STREET, HERKIMER, NY	US
S2-517995133	Bureau of  Group Center	18229B PALADIN DR, OLNEY, MD	US
S2-944772275	National Care South Inc.	39 BAKER FARM DR, LINCOLN, MA	US
S2-244170294	Floyd & Tohrse Tankers Inc	130ST AVE, BEAVERTON, OR	US
S2-44198918	M/s BRAHMAAND PAPER5 PVT LTD.	73/415, 1 ST AGRAHARAM 1 ST FLOOR, SALEM, தமிழ்நாடு	India
S2-956119495	SRP Ventures L.L.P.	6-45, PLOT NO.30 YADAMMA NAGAR, GREEN FIELDS COLONY, MDF, TRIMULGHURRY, HYDERABAD, Telangana	India
S2-872022787	pacific solar	102 MARAVILLA WAY, HSB LLANO CO, TX	US
S2-300667965	SUNSHINE IIDUSTRHES GROUP - 1620308292	PLOT NO. 275, POCKET NO.- D6, SECTOR- 6, ROHINI NEAR - VIDYA JAIN PUBLIC SCHOOL, DELHI, Delhi	India
S2-228567244	Cascade Hospital Hospital Animal	44 OXBOW RD, N/A, ST PEETRS, MO	US
S2-528483872	Adroit Trust Services	THAKKAR BAPPA SG BARVE RD, 43-2-2 CST ROAD, MUMBAI, Maharashtra	India
S2-845362212	Metropolitan Mótors L.L.C.	1145 TOSCANA DR, RIO RANCHO, NM	US
S2-672321572	Creative Solutions	13706 RIVER WALK AVENUE, CHESTER, VA	US
S2-515386320	Prime-Prudential	1375 145TH AVENUE, GOODYER, AZ	US
S2-488565793	Atlantic Bnyorgidc PLLC	2340- DRY CREEK RD, MCKEAN TWP, OH	US
S2-78769581	CORNER PILATES ((LLC))	VALLEY DR, HIGH POINT, NC	US
S2-660113658	Delta Direct Carlyle South	CT, CLINTON, #119 KILLINGWORTH TPKE	US
S2-219242350	globalstarindia.com	711, CHITAKAR DHURANDAR MARG, 1ST ROAD, KHAR (WEST), MUMBAI II, Maharashtra	India
S2-112834662	Pacific-Guild  Partners	1611 UPTON PL, SUFFOLK, VA	US
S2-999759387	हाई प्रॉपर्टीज प्राइवेट लिमिटेड	H.NO C-555 ROOM 2, GOREGAON EAST, MUMBAI, Maharashtra	India
S2-479086468	Deaitl Group	MA, 02120 MONTEREY RD, OTIS	US
S2-51477351	Alvarez, Alvarez, Isabelita Neurosciences Inc	16165 KELLER DR, BROOKFIELD, WI	US
S2-183050312	Noida Properties Prle Limited		India
S2-515239169	ରେଡ୍ ହେଲ୍ଥକେୟାର୍ ଏଲ୍‌ଏଲ୍‌ପି	KHORDHA, BHUBANESWAR, Orissa, PLOT NO-A-482	India
S2-542975651	Legend &	PLOT NO. 871/6684/1 , SUB PLOT -B, KHATA NO.365, BHUBANESWAR, Orissa	India
S2-277442081	JDM DISTRIBUTORS PVT	59 C/O AMANDEEP KAUR, BERIYO WALA BAAG, JAGADHRI, हरियाणा	India
S2-239028962	Dr RAJKIRAN RÁM-PRIVTDTE LIMITED		India
S2-996428837	SVJ FINANCE LÍMITED	Bihar, VILL P.O - RAMGARH BHABHUA, KAIMUR	India
S2-501057541	Delhi  Luggage Company	SR NO A-71 PDOT NO 8 SHANKARTRIKAM COMPOUND OPP T B HOSPITAL A K ROAD, SURAT, Gujarat	India
S2-30842411	SAISH GARMENT PRIVATE LIMITED	D-828-A, GALI NO. 04, ASHOK NAGAR, SHAHDARA, NORTH EAST DELHI, Delhi	India
S2-397692559	GV Inda		India
S2-721104467	Services Peak Security North Inc	1011B DABICH, LANDER, WY	US
S2-348504325	M/s Shyam Dévelopers	C/O SAROJ DEVI, SIWAN, <NULL>, Bihar	India
S2-8304739	जय नॉर्थ हेल्थकेयर प्राइवेट लिमिटेड	S.NO. 81, SHIVANE N.D.A. ROAD, PUNE, Maharashtra	India
S2-907629951	ESME'S APPLIANCE  CO	128 KATHY ELLEN DR, VALLEEJO, CA	US
S2-39243496	24 2 Kongsberg  Corp		US
S2-807248702	NYRA TRADE PRIVATE [LIMITED]	603, B WING, GOPAL NAGAR CHS, GAONDEVI NEAR BADLAPUR TRANSPORT, BADLAPUR, महाराष्ट्र	India
S2-723828175	MUNROE PACIFIC GLOBAL (CORPORATION)	307 COMMERCIAL ST, TOULON, IL	US
S2-194920922	Frozen &	C/O ANIL KUMAR SINHA, 13, MAIN ROAD, BHUPATIPUR, SAMPATCHAK, Bihar	India
S2-862278331	N & Eastern X LLC	32 Riverside Dr, RIVERHEAD, NY	US
S2-133809905	Pendergraph  Apartment	770 TORTUGA, GREEN VALLEY, AZ	US
S2-686428793	ஸ்டார் ஐடி பிரைவேட் லிமிடெட்	PLOT NO. S43B 2/3, SIPCOT INDUSTRIAL PARK, PILLAIPAKKAM, VENGADU VILLAGE, SRIPERUMBUDUR TALUK, KANCHIPURAM, SRIPERUMBUDUR, Tamil Nadu	India
S2-477993186	Shivtirth Agro LLP LLP	H.NO 66/1896 (OLD NO:41/1843C(D)), 3RD FLOOR, KATTIKARAN BUILDING, KATTIKARAN ROAD, COCHIN, ERNAKULAM, Kerala	India
S2-696617658	Choice Quality Music	2029 COWDEN AVE, MEMPHIS, TN	US
S2-762793223	1607 HOLDINGS BOULEVARD  BROADWAY		US
S2-891406198	GRAND ENGINEERING INC LABORATORIES	6944 IRELAND DRIVE, BROWNWOOD, TX	US
S2-263930722	Empire Program  of Henrico County LLC	2272 LIBBIE LAKE ST W, VA, RICHMOND	US
S2-255396836	U & G WÉN HOLDINGS	1610 FIRST STREET, DIXON, IL	US
S2-182487155	70/32 Holdings Ltd	764 MAIN STREET, CANTON, IL	US
S2-850559643	ಗ್ಯಾಲಕ್ಸಿ ಎಂಟರ್‌ಪ್ರೈಸಸ್ ಪ್ರೈವೇಟ್ ಲಿಮಿಟೆಡ್	##232 MUNIHUCHANA PALYA DASANAPURA VILLAGE, N/A, BANGALORE, Karnataka	India
S2-980457024	Family Precision Health Corporation	122, ROUND ROCK, TX	US
S2-278657480	Halbert, Alexi, Service	484 SANDUSKY ST, NULL, TIFFIN, OH	US
S2-225823147	SUNDER TRADING PRIVATE LIMITED	BARTAN BAZAR, AMRAVATI, Maharashtra	India
S2-190642185	New Delhi Índia Pvt Pvt Ltd	H.NO 99 SECTOR A POCKET CVASANT KUNO, NEW DELHI, Delhi	India
S2-820348347	VI Reit-Bulls Gap Gap	163 WILLOW RIDGE ROAD, TN, BULLS GAP	US
S2-265295979	4710 OCEAN DRIVE  APARTMENTS	389 DEQUASIE ROAD, MEADOW BRIDGE, WV	US
S2-946955701	ಈಸ್ಟ್ ಪವರ್ ಲಿಮಿಟೆಡ್	DOOR NO 228/34 10TH MAIN, BENGALURU, BANGALORE, ಕರ್ನಾಟಕ	India
S2-327362746	Peridora Inc Services	23TH AVE, TCAOMA, WA	US
S2-613019176	Northern Empire Agnc Partners	227 WINDMILL RID DRIVE, ROCKWALL, TX	US
S2-945688451	Campbell-Compania	27 SCHOOL SAINT, SOMERVILLE CITY, MA	US
S2-742406486	Clear Alliance	KALAMATA DR, RALEIGH, NC	US
S2-745680704	Rius Inc	TUCSON, 2941 DOMINGO, AZ	US
S2-985278633	hquantum.com	WEATHERSBY STREET, LEANDER, TX	US
S2-974639211	Tobye Suarez Ventures LP	88 N3328, CONCHO, AZ	US
S2-777785870	Southern Rockwool  LLC	2622 Tenth Ave, MANDAN, ND	US
S2-293266267	Firth, Parkinson & Lindberg Corp.	NULL, CINCINATI CITY, 3833 BUCWOOD AVE, OH	US
S2-75129136	AM TRADERS PRIVATE LTD	Q-37, MOHAN PARK, KH NO. 330, NAVEEN SHAHDARA, DELHI, Delhi	India
S2-159472146	Coraline Clouse Metropolitan Vendome Co	5122 STAR FLOWER TERRACE, NULL, LOVES PARK, IL	US
S2-878448261	Dermatology Patners Inc	1030 WHITNEY RD, FIARPORT CDP, NY	US
S2-634559197	JCT Finserv Industries Limited	G-#45, SUBHASH NAGAR SHOPPING CENTRE, JAIPUR, Rajasthan	India
S2-285903626	Uprising Motors L.L.P.	AD-311 GROUND FLOOR SECTOR-1, SALTLAKE, KOLKATA, West Bengal	India
S2-713109591	Sai Construction Limited	NO 17- KHASRA NO 515, ASALATPUR FARRUKH NAGAR, GHAAIABAD, Uttar Pradesh	India
S2-929782824	... CARO1EE SIMONSON, PHD	16TH STREET, TOWN OF BARRON, WI	US
S2-196684342	T0tal Assocsiamts Design	5029 QUAIL HOLLOW DR, RALEIGH, NC	US
S2-447396827	Electronic Equity Networks Co	4845 ANGELA CIR, MIDLOTHIAN, TX	US
S2-757197434	Universal Consultants LLP	510. NEXT FURNITURE SOLUTION, OFFICE NO. 1, SR. NO.219, NEAR KUNDAN GARDEN, BANER PURUSHOTTAM PL, AZA, BANER, Maharashtra	India
S2-410137278	GLYPHOVA L.L.C. COFFEE	SHIRLEY ST, OAMHA, NE	US
S2-9550244	Aegis Corp Center	#60 HOUSE NO. 108, 1ST FLOOR, SBI COLONY G.T. KARNAL ROAD, DELHI, Delhi	India
S2-293675262	Fortune Solutions Private Ltd	Tamil Nadu, P.NO.009/4, 3RD STREET, SEEVARAM, PERUNGUDI, CHENNAI	India
S2-404377649	Bg  Cottex Limited	C/O INDU KUMARI R.K NAGAR, ADARSH VIHAR COLONY, SAMPATCHAK, Bihar	India
S2-326301027	Draft Sáles-Thane	A/1 102, RAUNAK PARK, KOKANIPADA, POKHRAN ROAD NO. 2, THANE (WESTT, THANE, Maharashtra	India
S2-421049739	IUK Brewing Care Ltd	404  WARREN AVENUE, PMB 8541, NILES, OH	US
S2-520441214	Family Choice Medicine Partners	IRVINGTON, 40 ECKAR STREET, NY	US
S2-705088632	(Corp) Carrera, Franky, D.O., DDS PC	9905 SEELEY AVE, CHICAGO, IL	US
S2-712994058	Claude A. Kamer,	31221 RIVER RD, AL, ORANGE BEACH	US
S2-381676404	MEDIA GREEN KANYA PRIVATE LTD		India
S2-302828791	Farinella, Dennard and Cutofnn LLC	3176 LAKEMOOR STATION WAY, KNOXVILLE, TN	US
S2-146382194	Vance Flexible Holdings	2509 LONGMORE STREET, CHANDLER, AZ	US
S2-165029707	EZY Mercator, Mercator,	1575 ROTARY STREET, CITY OF WAUPACA, WI	US
S2-375828290	सनराइज इन्वेस्टमेंट्स प्रा. लि.	HOUSE NO 308/ 1ST FLOOR SHAHZADA BAGH INDUS. AREA NEAR DAYA BASTI RAILWAY ST., NORTH WEST, Delhi	India
S2-626930611	KHALAPUR LLP INDUSTRIES	महाराष्ट्र, VAIBHAV BUILDING, NEW POSARI, DAND RASAYANI ROAD, POST : MOHOPADA, KHALAPUR	India
S2-927572293	Diamond Clean Group One	24656 1/2 110RD ST, ANAMOSA, IA	US
S2-202605982	EEICL + CO	NO.106- KANJIRATHUNGAL, ALUVA, ERNAKULAM, Kerala	India
S2-164039123	renuka logistics private limited	17, FIRST FLOOR, WELLINGTON ESTATE, CHENNAI, தமிழ்நாடு	India
S2-835063716	Shri SKYLAND SOFTWARE PRIVATE  LIMITED		India
S2-507619867	Sweet Deli! Care Care Corp	556 AVERY AVENUE, SYRACUSE, NY	US
S2-896730409	Allmost Farmer	Keralam, PLOT 858 29, CHOICE VILLAGE, TRIPUNITHURA POST	India
S2-889222096	CARISSA ÉVANS ADVANCED JAPAN ASSOCIATES	8335 TARAK DRIVE, ELK GROVE, CA	US
S2-558937618	Lovett Total (Rhsh)	MAIN ST, BROCKTON, MA	US
S2-846047154	Ananda Enterprises Pvt | www.anandaent.com	51 LG-42, ANSAL FORTUNE ARCADE SECTOR-18, NOIDA, Uttar Pradesh	India
S2-87739972	লাইফ কেয়ার প্রাইভেট লিমিটেড	HN 976 C/O BASUDEB BASAK VILL-DHATRIGRAM, KALNA, BARDHAMAN, West Bengal	India
S2-228169316	Bsp LLP Center		India
S2-27297350	MALCOM ANIMAL HOSPITAL HOSPITAL	4699 KENNEDY ROAD, TAOCMA, WA	US
S2-465146905	स्टार प्रोडक्ट्स प्रा. लि.	H.NO 54 AT POST ESAINAGAR TAL NANDURBAR DIST DHULE, NANDURBAR, DHULE, महाराष्ट्र	India
S2-439438994	VANSCYOCSCHMIDWEBER.COM	2403 FENTON AVENUE, BRONX, NY	US
S2-591398537	TOTAL MARKETING TECHNOLOGIES LLC	102-106 EAST DR, WASHINGTON, NC	US
S2-961859453	miller companies inc	32ST STREET, LUBBOCK, TX	US
S2-243727596	LAZYASSOCIATES.COM	Tamil Nadu, SPACES OLYMPIA, PLOT NO.##1, CITIUS A, OLYMPIA TECHNOLOGY PARK 10TH FLOOR, PHASE 1, CHENNAI CITY CORPORATION	India
S2-447882786	ENNIS'S CGNTRFUTION	5516 TOWNSEND WARBLER COURT, WAKE FOREST, NC	US
S2-630825823	Digital Inc-Works Security	72 TALBERT WOODS DRIVE, MOORESVILLE, NC	US
S2-19749906	Olanify Telecommunication Co	735. LARK GLEN DRIVE, MOORESVILLE, NC	US
S2-475170125	Usha Institute of Technology Limited		India
S2-772458801	glennis s. daleo, p.a.	3774 BLACK FOREST DRIVE, MEMPHIS, TN	US
S2-125238543	ಬಾಬಾ ಫೌಂಡೇಶನ್ ಪ್ರೈವೇಟ್ ಲಿಮಿಟೆಡ್	12, ANJANEYAM, MADHUBAN COLONY MARUTHI NAGAR EXTENSION, MALLESHPALAYA, BANGALORE, Karnataka	India
S2-494755154	VANRAJ TRADING INFRATECH LIMITED	H.NO #41 RCOEM TECHNOLOGY BUSINESS INCUBATORS FOUNDATION, SHRI RAMDEOBABA COLLEGE OF ENGINEERING AND MANAGEMENT, RAMDEO TEKDI, GITTIKHADAN, NAGPUR, महाराष्ट्र	India
S2-417021356	Ruby S. Mccoy,	11803 WAYNA LANE, BENTONVILLE, AR	US
S2-533115756	Hadria Miller Green Bynordic Corp	5028  CHANDLER HEIGHTS DR, LELAND, NC	US
S2-31803204	big coffee	1109 SULPHUR SPRINGS ROAD, MORRISTOWN, TN	US
S2-885166670	Mcb Cosmetics Private Limited	BLOCK E-419. 312, 3RD FLOOR, EARTH ESSENCE, NEAR BAGHBAN CROSSROAD ZYDUS-HOSPITAL ROAD, THALTEJ, AHMEDABAD, Gujarat	India
S2-298589362	l.l.c. dd alphabet	OR, 017325 IRVING STREET, PO BOX 7491, PORTLAND	US
S2-726813453	JAY GOOD CONSTRUCTIONS PRIVATE	PLOT NO, 28., PHASE-II, IDA, CHERLAPALLY, GHATKESAR MANDAL, N/A, Telangana	India
S2-779197401	EZH Inc Inc Shreya	33701 TUDOR PLACE, MILLVILLE, DE	US
S2-606547068	Sizzling Sizzling Memorial	C/O KRISHNAPPA N, 01268, 2ND FLOOR, 9TH CROSS, 4TH BLOCK, HBR LAYOUT, BNAGALORE, Karnataka	India
S2-568385282	Unified Systéms PC Center	774 DEEP GREEN DRIVE, RICHMOND, TX	US
S2-83562306	LTA-Horizon, Inc	#6366 TR 96, MC COMB, OH	US
S2-444139007	Empire Co Services	6017 PROSPECT ST, INDIANAPOLIS, IN	US
S2-965019177	इंडियन इंडस्ट्रीज	H.NO A-168 K L COLONY HANSKHEDA PARA, MANAK NAGAR, LUCKNOW, उत्तर प्रदेश	India
S2-31633295	BATTLE GROUND EAR NOSE AND THROAT	2712 18RD AVENUE, BATTLE GROUND, WA	US
S2-72176804	Galati Minerals Lp	10 FAXON AVE, QUINCY, MA	US
S2-656780934	Daskroi Eye Prttae Limited	BLOCK-F-C-502, KRISH, CUBICAL, DASKROI, Gujarat	India
S2-124906485	7514owl.com	1927 RYUN SUN WAY, MT, BOZEMAN	US
S2-463084918	allanadolucom	CROGHAN, 6166 TEXAS ROAD, NY	US
S2-873177396	Private Bhiwandi (India) Limited	H. NO. 4-86/13, GAUTAM COMPD., NEW BASTI, TEMGHAR-2, NR. HILTON HOTEL, THANE, MUMBAI ,NORTH, Maharashtra	India
S2-751588111	GLOBAL MANAGEMENT PARTNERS	1306 LESTER BURT ROAD, FARMERSVILLE, TX	US
S2-8648579	Eversole Mobility Holdings	122 LAKEFIELD DR, MILFORD, OH	US
S2-441765868	Gulf Express Fusion Ltd	9656-9660 Washington Avenue, LAUREL, MD	US
S2-476688679	PARKER, CRAYTON & BUMANGLAG PRO	17612 PATRIOT DRIVE, OWASSO, OK	US
S2-595665289	सुपर फूड्स प्राइवेट लिमिटेड	304, SURYA TOWER 30-31, DDA COMMUNITY CENTRE, PASCHIM VIH, AR, PASCHIM VIHAR, Delhi	India
S2-848024418	@badertranslational	1843 WINCHESTER PL, OCOTILLO, AZ	US
S2-166606349	Hernandez,Zoe R., Esq.	3117-3119 41TH COURT, NULL, DES MOINES, IA	US
S2-89906125	of Bureau Parks and Recreation	250 400, SMITHFIELD CDP, UT	US
S2-86546864	Rev It	1738 LA PAZ, TCUSON, AZ	US
S2-585835879	Heritage  Society	336 TECHNOLOGY CENTER WAY, ROCK HILL, SC	US
S2-796679719	Marsalis Desert Sui L.L.C.	4216 ASH CREST DRIVE, MESQUITE, TX	US
S2-772323364	Anand Limited Private Consultancy	SUMATI PALACE, OFFICE NO. 401 TO 405, BORING ROAD, PATNA, Bihar	India
S2-52467947	CW Salon	PA, LOWER PROVIDENCE TOWNSHIP, 35 HENRY AVENUE	US
S2-265557209	Vaibhav Private Limited Center	OFFICE NO. 211, 2ND FLOOR, KAMALA SPACES, S V ROAD, MUMBAI, Maharashtra	India
S2-790245385	Smith of Bridgeton Center	3765 PENNRIDGE DR, BRIDGETON, MO	US
S2-982950235	Dr Innovative Foods	1901 TOWER 11 ACE PARKWAY, NOIDA SECTOR 150, NOIDA, Uttar Pradesh	India
S2-58825780	FAMILY ÍNSTITUTE LLC	583 NINTH ST, HOUSTON, TX	US
S2-36652117	G 6 U QUANTUMSPHERE DOWNTOWN L.L.C.	1836 CROSS LAKES CIR, ANDERSON, IN	US
S2-534906411	Kolkata Spórts Limited		India
S2-456598271	Rosen  Peak Apartment Inc	AUSTIN, TX, 05701 ABBY ANN LANE	US
S2-665652910	Vara Trust Ltd	HOUSE NUMBER 123, DHEMA, RAMGANJ, CSM NAGAR, AMETHI, Uttar Pradesh	India
S2-754316539	thrissurram.com	18/255, NH 544, (OLD NH47) MARATHAKKARA, THRISSUR, കേരളം	India
S2-26395860	Disoft	HUNTINGTON, WV, HUGHES BRANCH ROAD	US
S2-206879860	Mutual Industrial Dynamics (LLC)	HOLIDAY DRIVE, DAVILLE, IL	US
S2-310069047	Carrell Pberrrde Trg	SAINT LOUIS, 11737 ADMINISTRATION DR, MO	US
S2-96215521	... GOPI TGU OVERSEAS	#2ST FLR 94 94A 95 KRISHNA, PLAZA KOTHANUR MN RD 7 PH, BANGALORE SOUTH, BANGALORE, Karnataka	India
S2-846600326	Engineering Asvins Systems  Private Limited	A/##1C, PRANTIK APPARTMENT, 1, KUMUD GHOSAL ROAD, ARIADAHA, KOLKATA, West Bengal	India
S2-638319392	L.L.C. Adams Vcse	BROADVIEW HEIGHTS, OLD MILL PATH, OH	US
S2-909581680	Pyle Rothschild,	##110 ROUNTREE ST, CITY OF WILSON, NC	US
S2-872209566	PRINCETON  CONSULTANTS	B3/284/13G, BRAHAMAN GALI, DUNGAR MOHALLA, SHAHDARA, Delhi	India
S2-523953646	Harb0r Brokerage	NORMANDY AVENUE, BURBANK, IL	US
S2-467121958	Silver Diner, Corp	8472 STATE HIGHWAY 20, EUCHA, OK	US
S2-94382779	Drexlyra	3636 1/2 RIDGECREST RD, PMB 2869, MOUNTAIN BROOK, AL	US
S2-310313046	YR AMPERCAP	83 TEMPLETON PARKWAY, WATERTOWN, MA	US
S2-288991362	1966 Madison  Road Apartments	1405 SALIDA DEL SOL, CHINO VALLEY, AZ	US
S2-762585007	Bailey & Lage Bain Inc	406 NINTH STREET, RICHMOND, IN	US
S2-890977739	ST. SYNAGOGUE	699 Leire Ln, CHESTERFIELD, VA	US
S2-175586454	and Woodfield Capps	23 HALYARD LN, MASHPEE, MA	US
S2-146656765	YE OUTDOR PLLC	367 SANDY CREEK LN, LEXINGTON, NC	US
S2-712486191	Three Engineering Private Ltd	D NO C-38A , KARPAGA NAGAR 3RD STREET, TAMIL NADU, MADURAI, Tamil Nadu	India
S2-311029819	New Delhi Solar Private-Limited	5352/A, SHORA KOTHI, PAHAR GANJ, CENTRAL DELHI, NEW DELHI, Delhi	India
S2-307414093	Brunhilda Williams Safe Latin	3738 VERMONT PL, ATL, GA	US
S2-120609271	श्याम पावर प्राइवेट लिमिटेड	A-C-803, 8TH FLOOR, DEV CORPORA PREMISES CO-OP.S.L., OPP. CADBURY COMPANY, KHOPAT, THANE (WES, T), THANE, Maharashtra	India
S2-149345266	Services Royal Robotics Corp	1 COSTA BRAVA, ROANOKE, TX	US
S2-353977780	ಗುರು ಇಂಜಿನಿಯರಿಂಗ್ ಪ್ರೈವೇಟ್ ಲಿಮಿಟೆಡ್	H.NO 2M-429, 2ND FLOOR, 2ND MAIN ROAD, KASTURINGAR, BANGALORE, BENGALURU, Karnataka	India
S2-329035445	#anilimpex	GO NO 22 SHIVAM ESTATE-3, NR CHANGODAR BRIDGE, SANAND, Gujarat	India
S2-883955706	Ltd Jaclyn's Nails	198 CHERRY LANE, PO BOX 976, AIRMONT, NY	US
S2-765287336	Ree's Birke Shop		US
S2-33794098	क्लासिक कंस्ट्रक्शन प्राइवेट लिमिटेड	KHASRA #111/112, EMERALD CITY JAKHAY, INDORE REGION, INDORE, मध्य प्रदेश	India
S2-822625199	बॉम्बे प्रोजेक्ट्स प्राइवेट लिमिटेड	RZ-G-032/348M RAJ NAGAR II, TF GALI NO-2 PALAM COLONY, NEW DELHI, SOUTH WEST DELHI, Delhi	India
S2-474488626	panchjanyaindustries.com	Haryana, 250, OM SHUBHAM TOWER, N.I.T, FARINABAD, FARIDABAD	India
S2-222899205	Continental Ínstitute II | www.continenta.com	9150  STONEMOOR PL, OH, LEWIS CENTER	US
S2-830797725	Heartland Cormmittee - 9240300650	11-13 KING ST, BOSTON, MA	US
S2-979910605	Butler Capital Consulting Inc	85 MILL ST, HOPKINTON, MA	US
S2-524362280	ORBEAN STEERS CÉNTER LLC	10 CAMELLIA PL, LEXINGTON, MA	US
S2-580778336	LEE  FARILY C0RP	883  FLAT NO. A- 1002, ONELLA-2, PATIL NAGAR SU, PUNE CITY, PUNE, Maharashtra	India
S2-822377517	Metro Súnstone LLC	4902 17RD ST, DES MOINES, IA	US
S2-358566293	Alfi  Chavez Elite Biracilik LLC	CITY OF GREEN BAY, 733 Chapel View Rd, WI	US
S2-63052434	Mattox Smart Funmsin LLC	6465 WOODS DR, LIMA, OH	US
S2-818687100	SUMAN BNOLIDERS INDUSTRIES PRIVATE LIMITED	H.NO -5/41 M.L.R COLONY JK ENCLAVE, ROAD NO 10, LAKE VDEW ENCLAVE, DAMMAIGUDA, HYDERABAD, Telangana	India
S2-611936552	Kakalina Capps, D.C. East Inc.	22187 RIVERWOOD DR, CLAREMORE, OK	US
S2-70698601	HOLY CHURCH CENTER	4522 LANCASTER HWY, MONROE, NC	US
S2-645960868	Boyd, Cháng & Pópe	15300. SKYLINE BLVD, LOS GATOS, CA	US
S2-503157961	Swastik Engineering Private Ltd	Haryana, NO 602 C TOWER, SECTOR 70, BADSHAHPUR	India
S2-117680822	Keller and Falero	2116 WILLARD AVENUE, NEW ALBANY, IN	US
S2-897571622	Malabar Non Infratech Private	600 , SADARPUR COLONY GALI NO. 18 SECTOR 45 NOIDA, NOIDA, Uttar Pradesh	India
S2-298322141	ಸೂಪರ್ ಬ್ಲ್ಯಾಕ್ ಫುಡ್ ಲಿಮಿಟೆಡ್	#648, INDIRA NAGAR, Karnataka	India
S2-879254732	GF Lggsrrcs Private Limited	271, KUMMALI HOUSE PUTHURKARA PO, AYYANTHOLE, THRISSUR, Kerala	India
S2-156918549	Services Ahinsa Impex  Pvt Ltd	#577, POCKET 2, SECTOR 19, DWARKA, NEW DELHI, Delhi	India
S2-209093728	Interstate League Corporation	04710 SURREY AVE, ROANOKE, VA	US
S2-438972703	Grand Systems	BLOOMING WILLOW TRAIL, CLAYTON, NC	US
S2-715352193	RAPID CHILE LLC	220 GLENNDALE DRIVE, PT. ATILDA, PA	US
S2-932434431	Ear Nose & Throat Strategic Care Associates	245 1000, BOUNTIFUL, UT	US
S2-803100423	RAI & SONS VENTURES PRIVATE LIMITED	H. NO. 87, FIRST FLOOR, TAIMOOR NAGAR, NEAR NAMBERDAR ESTATE, NEWDELHI, दिल्ली	India
S2-947498857	Tbd  Branding Pvt Ltd	UNIT NO. COS/C/#3L/OFFICE/17, 3RD FLOOR, M3M COSMOPOLITAN, SECTOR-66, DLF QE, Haryana	India
S2-220845632	Garvi  (India) Foos Limited	H NO.8-9A, GROUND FLOOR BAREJA SADAN, BADARPUR, NEW DELHI, Delhi	India
S2-867607931	Congregation  Chapel Partners (Inc)	##14804 MANCHESTER ROAD, BALLWIN, MO	US
S2-232413629	BALLARD CADLZEA LP	5928. WOODOAK DRIVE, TX, DALLAS	US
S2-665573717	All  Logistics Private Limited	C/O SUBHRANIL BOSE, PANCHRULIA, NR RAIL CROSSING, PO-RAKHAJUNGLE, KHARAGPUR, পশ্চিমবঙ্গ	India
S2-514821042	साई कंसल्टेंसी एलएलपी	FLAT NO 12, H NO 722 AB 43/44 LAXMI ABHISHEK APT, NAVI PETH, PUNE, POONA, महाराष्ट्र	India
S2-100842773	Empire Moia Resilience Midtown	10 ANDAM WAY, ST. JAMES, NY	US
S2-492029372	Maum Inc [Cargo]	705 RIM RD, LOS ALAMOS, NM	US
S2-378780545	Traders Sangh	64, VENKATESHWAR CAMP, BUDIWAL CAMP, NEAR CANAL, SINDHANUR, NULL, Karnataka	India
S2-620873277	DARR FÍTNESS HOLDINGS	1781 GROVECREST ROAD, GERMANTOWN, TN	US
S2-811806218	ஜெய் கேலக்ஸி எஸ்டேட் பிரைவேட் லிமிடெட்	1/173 AATHI RATHINA RICE MILL, THIRUVADANAI, Tamil Nadu	India
S2-222636194	Irma Gonzalez Federal Gaming	CT, 80 HITCHCOCK CT, CHESHIRE	US
S2-548190668	Corporation Vaught Edp	3230A COTTON GIN RD, KYLE, TX	US
S2-507569300	Aditi Marketing Private	1 BLOCK C, SECTOR 153, NOIDA, उत्तर प्रदेश	India
S2-241318949	ഹോട്ടൽ ഐടി പ്രൈവറ്റ് ലിമിറ്റഡ്	7D, BEACON, GREEN LILLIES APARTMENTS VETTAMUKKU, TIRUMALA P.O., THIRUVANANTHAPURAM, THIRUVANANTHAPURAM, TRIVANDRUM, Kerala	India
S2-863824251	San Tan Valley Children'S Ministries	3008 GRAZING HERD LN, SAN TAN VALLEY, AZ	US
S2-877085471	Ram Pvt Ltd Services	C/O RAJEEV KUMAR SHARMA, SHOP NO-223, JATTIWARA, MEERUT, Uttar Pradesh	India
S2-27257748	SIRIUS LLC	105. HILLANDALE LN, MOUNT HOLLY, NC	US
S2-246621020	ORTHOPEDIC HEALTH LLC	106 8TH STREET, COLUMBIA, TN	US
S2-638282892	Vanguard Plant Inc	9219 FALLS CREEK TRAIL, ALBUQUERQUE, NM	US
S2-369713330	Brosnan Allurion Westgate PLLC	14 AVON LN, STAMFORD TOWNSHIP, CT	US
S2-457491323	DRAYTON ASSOCIATE-LLC	MOUNTAIN RIDGE CIRCLE, AUSTIN CITY, TX	US
S2-787337411	XTSQ Limited Center	DOOR NO 29 , 1ST, MAIN VINOBHA NAGAR, BANGALORE NORTH, Karnataka	India
S2-337462823	Crystal Bridge	190, <NULL>, CROSSVILLE, AL	US
S2-327032624	ग्रीन इंफोटेक एलएलपी	NEW DELHI, #594, Delhi, SOUTH DELHI	India
S2-534416622	LLC Global Logistics Collective Coastal	14316-D ISLANDWOODS DRIVE, HOUSTON, TX	US
S2-351945894	LLC Childress's Carho	7110 1/2 146ND ST, LAKEWOOD, WA	US
S2-711632305	NOVA	322 THERESA LN, IL, RAMSEY	US
S2-418033252	Urology Specialists of Castle Rock LLC		US
S2-833900025	Veum Associates		US
S2-793689201	Apex  Elite	##10 SANKATY RD, SIASCONSET, MA	US
S2-765254159	క్లాసిక్ మేనేజ్‌మెంట్ ప్రైవేట్ లిమిటెడ్	H.NO 265 405, 5-9-13 TARAMANDAL COMPLEX, SAIFABAD, SONIPAT, ANDHRA PRA, Telangana	India
S2-43338697	DEFLOEX LLC	69C MAIN ST, STONEHAM, MA	US
S2-245909245	SAI ENTERPRISES	101-C, FARAH WINDSFORD, 133INFANTRY ROAD, INFANTRY ROAD, Karnataka	India
S2-674223031	The Hillcrest Ear Nose +  Throat Beacon Associates LLC	208-A WINDWARD CT, HILLCREST, IL	US
S2-506682722	NXF International	महाराष्ट्र, NO 370 FL NO 405, BLD F, SNO 128/2/2, SORALE ROSES, SOMESHWARWADI	India
S2-264843504	X+ Waste	324 YOUNG CROSSING, MONTGOMERY, AL	US
S2-82369450	Gately,, Georgetta D.C.	525 GEORGETOWN AVENUE, <NULL>, EYLRIA, OH	US
S2-179458531	Dr Multiple Creative Pvt. Ltd.	MISSOIN COURT4TH FLOOR SUITE-F 25 R N KUKHERJEE ROAD, KOLKATA, West Bengal	India
S2-487136175	Britte Krause Classic Ready, LLC	1 CORNING TOWER, ALBANY, NY	US
S2-576580892	GREAT FUTURE  CONSTRUCTIONS SOLUTIONS LIMITED SERVICE	28. , INDIRA NAGAR, AVINASHI ROAD, Tamil Nadu	India
S2-485599345	Peak  Heritage Liquor, LLC	11912- DMC HIGHWAY 99, BURLINGTON, IA	US
S2-93135134	HUMAN DESIGNS CO	Tamil Nadu, NO.1029A 8TH MAIN ROAD RAM NAGAR (SOUTH) MADIPAKKAM, CHENNAI	India
S2-454855149	LABDHI CO INFRATECH &	Maharashtra, 155, ALJAPUR TAL BARSHI BARSHI, SOLAPUR	India
S2-653376534	JONES AND PORTILLO BOSTON, INC	2734 RACCOON VALLEY ROAD, GRANVILLE TWP, OH	US
S2-309113625	Bundelkhand Chits of of Haveli Corporation	S NO.66/6/5, SANTOSH NAGAR, NR. AAYYAPPA MANDIR, HAVELI, Maharashtra	India
S2-406252165	सिटी आदित्य एनर्जी लिमिटेड	FL NO B2/ 401 SRNO 288/1 2/2 THE VILLAGE SAT PUNE CITY, PUNE, महाराष्ट्र	India
S2-954942261	WELTWEIT MANAGEMENT PRIVATE LTD	NO.46, 1ST FLOOR (ROOM NO. 004) 1ST MAIN, S.T. BED, 4TH BLOCK, KORAMANGALA, BANGALORE SOUTH, Karnataka	India
S2-925928705	VZ Ash LLP	NO 15 M. A COTTAGE, VAKEELPADI KAVASSERY (P.O), PALAKKAD, PALAKKAD, <NULL>, Keralam	India
S2-68511408	5tar Exports Ltd	OLD NO.313, NEW NO.455, BLOCK NO.75 7TH FLOOR, ANNA SALAI, TEYNAMPET, CHENNAI, Tamil Nadu	India
S2-625369101	partners pediatric dental clinic of kansas city	#5430 CHARLOTTE STREET, KANSAS CITY CITY, MO	US
S2-955315930	DONALDSON  KOGYO	##9073 84TH DR, PEORIA, AZ	US
S2-213208828	COLONIAL CLEIAFR POPULAR INC	15 TOLL GATE RD, CONNING TOWERS-NAUTILUS PARK, CT	US
S2-529342473	almaconsultants.com	D-4, MULUND SAHAKAR VISHWA CHS NAHUR ROAD, SARVODAYA NAGAR, MULUND WEST, Maharashtra	India
S2-925056466	MARTIN SIGNATURE NAVIGDBTION NAVIGDBTION LLC	303 TURNBRIDGE DR, SHHOREWOOD, IL	US
S2-998910997	Jordan's Seafood  LLC	43 ESTHER STREET, N/A, WORCESTER, MA	US
S2-563753438	Hayes Fr0ntier Teucrium	2670 MARCOS DR, CASA GRANDE, AZ	US
S2-398902312	PETERS ROYAL BOND BOND	100 MAIN STREET, SACO, ME	US
S2-183821477	Ltd Ep Entreprisges	RUSTOMAJEE URBANIA ATHENA, महाराष्ट्र, MUMBAI, THANE	India
S2-527643332	ವೈಟ್ ಟ್ರೇಡಿಂಗ್ ಪ್ರೈವೇಟ್ ಲಿಮಿಟೆಡ್	BANGALORE, HN C-692 K.NO 69/458/69 BLLARY RD, ಕರ್ನಾಟಕ	India
S2-512950951	Private Best Constructions Limited	106, LUCKNOW, उत्तर प्रदेश	India
S2-788754887	TRS  INFOTECH (INDIA) PRIVATE LIMITED	H.NO 89 9B-302, NISARG SOCIETY, NEW MHADA COLONY, DINDOS, MALAD EAST, Maharashtra	India
S2-623758944	Dermatology  Peak Associates	SC, YORK, 444D OLD LIMESTONE ROAD	US
S2-701563511	T 7 Heritage Electronics	0099 GARDEN STREET, LOCKPRT, NY	US
S2-23798630	Lee and Moore	2905 ARIES AVE, KS, TOPEKA	US
S2-543840280	Aham (india) Prfvgte Limited	#5M-126, 1ST FLOOR, 5TH MAIN ROAD, KASTURINAGAR EAST OF NGEF, BANGALORE, Karnataka	India
S2-629530702	सिटी प्रोड्यूसर	#967 RZ- 28A DEV KUNJ RAJ NAGARPART- II PALAM, WEST DELHI, NEW DELHI, Delhi	India
S2-990567637	Grace Israel Holdings	838-842 HASTY ROAD, MARSHVILLE, NC	US
S2-584056960	प्रीमियर बिजनेस लिमिटेड	D-42, SECTOR-2, NOIDA UP, GAUTAM BUDDHA NAGAR, NOIDA, उत्तर प्रदेश	India
S2-631410361	Pvt Bhavya India Ltd	HN 904 C/O- SAHARRL SHEK, RAJBATI MAJHERPARA DEARA, MADHYAMGRAM, KOLKATA, KOLKATA, HOWRAH, West Bengal	India
S2-586455967	CHISHOLM & EVANS (CORPORATION)	11384 Killdeer Run, ROCKVILLE, IN	US
S2-922880280	TURNER-LIGHT	Eastbrook Circle, HUNTSVILLE, AL	US
S2-714561007	गुड इम्पेक्स प्राइवेट लिमिटेड	WARDHA, C/O RASHID LATARU GAJBHE AT 109, Maharashtra, SAMUDRAPUR	India
S2-76382003	Nguyen Mountain-Internet LLC	INDUSTRIAL STREET, TAFT, TX	US
S2-849898372	ವೈಟ್ ಕನ್‌ಸ್ಟ್ರಕ್ಷನ್ಸ್ ಪ್ರೈವೇಟ್ ಲಿಮಿಟೆಡ್	NO 535, BANGALORE SOUTH, Karnataka	India
S2-47799063	Bureau of Finance Partners	3722 GROOMETOWN ROAD, PMB 9044, GREENBORO CITY, NC	US
S2-775168980	HERNANDEZ RÓCKY END P.C.	44 Grainey Dr, GLEN CARBON, IL	US
S2-985209158	विजय डेवलपर्स प्राइवेट लिमिटेड	ANATA BUILDING, PIRAMAL CORPORATE PARK, OPP. FIRE BRIGADE, KAMANI JUNCTION, LBS MARG, KURLA (WEST), MUMBAI, Maharashtra	India
S2-458658981	South Malaka Polymers	110, AZAD SQUARE, SOUTH MALAKA, Uttar Pradesh	India
S2-124970234	Mumbai Developers Private	403/8, FLOOR NO. 4, CHERISH, MULUND (W), CITY OF JOY PHASE II, JATA SHANKAR DOSA, MUMBAI, Maharashtra	India
S2-245126142	anupamtradersprivate.com	D/103, MOUNT BANJARA, BANJARA HILLS, ROAD NO.12, HYDERABAD., Telangana	India
S2-574996633	craftdental.com	11 HELEN LN, W SAND AKE, NY	US
S2-254739149	Ahmadabad City Lighting Private	BLOCK E-670/9 511, SHIVALIK SHILP, ISCON CROSS ROADS, AHMADABAD CITY, Gujarat	India
S2-693133563	Gaex Cenlilr Co	STATEN ISLAND, NY, null, 285 Maple Parkway	US
S2-773180947	Tech-Knit Limited Partners	West Bengal, BLOCK G-41 33, G T ROAD, OPPOSITE TO TOWN HALL, BURDWAN - I	India
S2-875461623	Upper Industries Private Limited Center	CD/100 NEW PALAMVIHAR SECTOR 112 DWARKA EXPRESSWAY, GURUGRAM, Haryana	India
S2-564270003	OD Désert Can Holdings	IN, TERRE HAUTE, 4536 NORTHVEIW AVENUE	US
S2-712174856	Wander + Wilson Xsolla Incorporated	AMELIA OLIVE BRANCH ROAD, AMELLIA, OH	US
S2-749932508	Memorial Coalition Holdings	13 MOUNTAINVIEW DR, PHILIPSTOWN, NY	US
S2-844242434	Nanci Turner Dynamic Logistics Associates Corporation	4396-4398 FARM TO MARKET 1013, KIRBYVILLE, TX	US
S2-662891369	Kritendra Water Pvt.	P NO 142/P RD NO -29, 3RD FLR, ALKAPUR TOWNSHP, RANGAREDDY, Andhra Pradesh	India
S2-201829232	Direct Era Inc	307 RAMBLING RANGE, AUSTIN, TX	US
S2-495084719	Soliz, Mel, Ph.D., [PC]	618 EAST BOULEVARD, BATON ROUGE CITY, LA	US
S2-662673311	VIJAYPATH EQUIPMENTS  OVERSEAS [LIMITED]	NO. D/916 35, SWAPNANAGRI, KARVE ROAD, PUNE., Maharashtra	India
S2-918349502	Glenna's American	TOWN OF SPRINGVALE, #W3602 P, WI	US
S2-857545705	Secure Wholesale Products	1442 POPPY HILLS COURT, MERCED, CA	US
S2-968147520	Brubaker Laboratories, Group	528  ROYAL CT, CHARLOTTE, NC	US
S2-144579100	Orozco Horizon Arrived LLC	820 GLEN GARDEN DR, FORT WORTH, TX	US
S2-888667254	Strategic Investment  Solutions Uptown	6220 KESTREL CT, CHARLOTTE, NC	US
S2-231286144	Loving Clinic Véterinary	4381 BEAVER DAM ROAD, EAGAN, MN	US
S2-593067977	குஜராத் வென்ச்சர்ஸ் பிரைவேட் லிமிடெட்	26/3, G.N.T, ROADERUKKENCHERY MADRAS, MADRAS, தமிழ்நாடு	India
S2-376939341	BIG BIKE SHOP	WETUMKA, 37609 1170 RD, OK	US
S2-54240116	Tri-State Veterinary Clinic Inc	CA, MERCED, 2213 DRAKE AVE	US
S2-549080397	guadarramamurphy.com	503 6TH ST, NATALIA TOWNSHIP, TX	US
S2-151741535	Pardi Muait	204 II FLOOR BASSCHAMBERS, NEAR GIDC CHARRASTA NH 48, PARDI, ગુજરાત	India
S2-836846019	COMPLETE CONSTRUCTION GLOBAL, HOLDINGS	ARNOLD, #1364 BIG BILL ROAD, MO	US
S2-795924720	Guzman Innovations Corp	PA, 449 BROOK CIRCLE, HAMPDEN TOWNSHIP	US
S2-735788494	Summit Toyo Coastal PLLC	62586 TWO MILE ROAD, JOSUHA TREE CITY, CA	US
S2-729701594	Margo Conrad Cdt PC	417 PTIT MEWS, ALEXANDRIA CITY, VA	US
S2-28418448	Phillie's Cascade Cleaning  Service (Harbor)	7720. EASTON ST, TULSA CDP, OK	US
S2-395963742	Dunagan's Coffee Co.	HOUSTON TWONSHIP, 7745 BETTY JANE LANE, TX	US
S2-900988602	Fusco Municipals	CA, SACRAMENTO, 2837 GROVE AVENUE	US
S2-791990398	Vijay Limited Limited Solutions	NO. 181 B/28, SHRI KEDARNATH APARTMENTS, RISHIKESH PARK, SONIWADI, NATAKWALA LANE, SHIMPOLI, BORIVALI WEST, Maharashtra	India
S2-991981696	Trading Nasa Creative Private	264-AJANTA GALI HOTEL KE SAMNE, OUTSIDE HATHIPOLE, GIRWA, Rajasthan	India
S2-81084363	Krishna Certification Private Limited	INNOV 8, 7TH FLR, PRANAVA, BUSINESS PARK, GACHIBOWLI, SERILINGAMPALLY, Telangana	India
S2-303519497	5oravue Rohmcy Summit LLC	3516 MATNEY AVENUE, KS, KANSAS CITY	US
S2-507186862	Haloxylo	VIRGINIA DARE TRAIL, KILL DEVIL HILLS, NC	US
S2-167129557	SOLUS ECO	22378 EXCHANGE ST, CHICOPEE, MA	US
S2-264731923	Beacon Labs Mobility	12703 PERRY ST, SPOKANE, WA	US
S2-459758045	City Properties Pvt  Ltd	J-C-3/602, THE VIEWS, MOHALI HILLS, VPO, RAIPUR KALAN, SECTOR-105, SAS NAGAR, MOHALI, Punjab	India
S2-848644107	FERREIRA, HOLMBERG BROCK AND	001263 GABBERT STREET, MONTICELLO, AR	US
S2-179181266	LASER OILS VENTURES CORP	RAHUL PARK SNO #127/B LOKMANYA COLONY, PAUD ROAD, PUNE CITY, Maharashtra	India
S2-748163379	Sri Red Consulting Private	NO 1109, 1/474, 4TH CROSS STREET, SWARANAPURI NAGAR, CHENDHURPURAM, KATTUPA, KKAM, CHENNAI, Tamil Nadu	India
S2-786687739	GRAND CHEMICAL	4760 MAPLE WALK DRIVE, LAKELAND, TN	US
S2-34692136	Beryl's Praiie Realty	CROSSVILLE, 214 JIM GARRETT ROAD, TN	US
S2-35320888	Shi Innovative	9150 Oyster Road, ALLIANCE, OH	US
S2-503750580	डायनामिक प्रोजेक्ट्स प्राइवेट लिमिटेड	#3034 P SECTOR - 23, GURGAON, Haryana	India
S2-12970251	Cascade International	DALLAS TONSHIP, SUNBECK CIR, TX	US
S2-619282421	Valley Square	ROCK QUARRY RD, RALEIGH, NC	US
S2-983747005	Dr coinsintered.com	DOOR NO 35 , MANKAPUR, OPP.RANU PRIMARY SCHOOL, NAGPUR, Maharashtra	India
S2-994301220	Hub1i Memorial  Trust	P. NO.-05, 6 OFFICE NO. 605, OKAY PLUS, D.P. METRO, CIVIL LINES, JAIPUR, Rajasthan	India
S2-731531571	HIGH MEDICAL CENTER LP	TRANSPOINT DR, DUPO, IL	US
S2-894693263	Internal Medicine Frontier Physicians Holdings	SPRINGVILLE, AL, 511 174	US
S2-886359416	Greenrise Mercantile Private Ltd	522/1/2 D.H. ROAD, NEAR BEHALA MANTON, KOLKATA, KOLKATA, West Bengal	India
S2-290899179	Yak Academy Associates LLP	026 KADAM PALLI SOCIETYNR SNEH MILAN GARDEN TIMALIYA WAD NANPURA, SURAT, Gujarat	India
S2-165863386	5OUTHERN CONSTRUCTION PVT LTD	5-124-B, SOUTH WEST, NEW DELHI, Delhi	India
S2-210601194	Caa Global		US
S2-98740207	Temple Ltd [Cathedral]	551 MILL ST, FEEDING HHILLS, MA	US
S2-656888247	Luxora Design Private Ltd	RATNASADAN AT & POST - DANOLI, JAYSINGPUR, Maharashtra	India
S2-421518911	Cornerstone Infrastructure-Services Clinic LLC	211 HARMON DR, THOMASVILLE, NC	US
S2-440298624	Ferriq [Imaging]	10339 EPPING LN, DALLAS, TX	US
S2-740234314	VERRANCEA VERRANCEA [RESOURCE]	##2042 Grier Ave, CHARLOTTE, NC	US
S2-348093874	Lyryn Smart Smart	004048 TARPON LANE, WOODBRIDGE, VA	US
S2-322926562	Main Street-Seafood	6699 LANDMARK DRIVE, PAR KCITY, UT	US
S2-995199364	Arnica Hospital Ltd	PALAT HOUSE, CHALAVARA P.O, OTTAPPALAM PALAKKAD, KERALA, OTTAPPALAM, Keralam	India
S2-389207858	Manning Leapfr0g LLC	5144  TOWNSEND COURT, PORTLAND, OR	US
S2-678818787	India Classic  Services LLP	HOUSE NO. 589, SECTOR-9 HUDA, AMBALA CITY, Haryana	India
S2-18620770	Canale Skin Case  LLC	1119 THIRTEENTH STREET, BRAINERD, MN	US
S2-66640013	Gilbert, Ella Innovative Ubs Llc	WILLIAMS DR, NORTH LITTLE ROCK, AR	US
S2-582458634	RTIN INC	10 PARISH LANE, MERRIMAC, MA	US
S2-895944134	TARA & COMPANY	C/O GOBINDA DEBNATH, S/O GOURHARI DEBNATH HABIBPUR, PANAPARA, NEAR JAMIDAR COLONI, RANAGHAT, পশ্চিমবঙ্গ	India
S2-575813071	Harry Davis & Frierson Holdings	31 HOBACK STREET, HELENA, MT	US
S2-812656407	Risser  Onfo1io	#820 196ND ST, SPANAWAY TOWNSHIP, WA	US
S2-908400637	*** #bluesecure	1488 BEACON STREET, BROOKLINE, MA	US
S2-622064104	RADHIKA DIGITAL	SR NO 33/11 H NO 106 NR SONAI NDA RD, NEW KOPARE PUNE, PUNE CITY, Maharashtra	India
S2-413464764	Boyd Services		US
S2-311814169	Shivam Business	B-30, SHEKHAR APARTMENT MAYUR VIHAR, PHASE -1, Delhi	India
S2-784259305	Mundra Allied Private Limited	25 BLOCK 8, FLAT NO. 321, 7 K. B. SARANI, KOLKATA, KOLKATA, West Bengal	India
S2-539531490	Cooperative Supply Solutions Clinic LLC	2330. 108RD AVENUE, MINNEAPOLIS CITY, MN	US
S2-539778054	Mount Catholic Chúrch PLLC	LAFAYETTE DP, 2100 BRACY LN, IN	US
S2-896214011	ZTI Liability Pvt Ltd.	43 A, WARD NO.6 HANDSON LODGE AREA, COONOOR, Tamil Nadu	India
S2-118275942	Mhs Sangh (Ventures)	5SL-18VILL-BAROLANOIDAG.B.NAGA, NOIDA, उत्तर प्रदेश	India
S2-981247200	स्काई सन मीडिया प्रा. लि.	PLOT 410 FLAT NO KGT0021201, NOIDA, GAUTAM BUDDHA NAGAR, उत्तर प्रदेश	India
S2-641048180	Nedda Jones LLC Services	2401 CLARJON DR, BALLWIN, MO	US
S2-778812617	Health League LP	125 WESTWOOD AVE, ORRVILLE, OH	US
S2-775056358	एपेक्स इंटरनेशनल प्राइवेट लिमिटेड	NATHSHRI SAH GRIHA N SANATHA SHREYANAGAR, CHHATRAPATI SAMBHAJI NAGAR, AURANGABAD, Maharashtra	India
S2-439042318	WALKER SUN  INC	JUNIPER AVENUE, MARICOPA CARRIER ANNEX, AZ	US
S2-180428829	टेक सर्विसेज प्राइवेट लिमिटेड	HN 103 SNO.90/A/1/1 BLDG.7 ANAND PARK, DHANORI, PUNE, Maharashtra	India
S2-776942202	PLASTIC  (INDIA) SMART PVT. LTD.	6-3-252/A/12, ERRAMANZIL COLONY SOMAJIGUDA, HYDERABAD, Telangana	India
S2-945098051	ग्रेट फूड प्राइवेट लिमिटेड	NO 121 OFFICE NO 7, MUMBAI, महाराष्ट्र	India
S2-663884088	#chennaimanagement	PLOT 9-48 239/183, ANNA SALAI, CHENNAI, Tamil Nadu	India
S2-472320169	Red Builders Private Ltd	VILLAGE HARSHMAU TEHSIL NIWARI TIKAMGARGH, M.P, Madhya Pradesh	India
S2-549891408	इनोवेटिव इंडस्ट्रीज प्राइवेट लिमिटेड	A-8, SECTOR 30, NOIDA, NOIDA, Uttar Pradesh	India
S2-717519769	Tois		US
S2-406854790	mountain capital p.c.	BEAVERTON, 15528 PERIDOT WAY, OR	US
S2-94341972	YAQ EXPORTS PRIVATE LIMITED	NO-1445-A, GF. KOTLA MUBARAKPUR, NEW DELHI, Delhi	India
S2-561971801	US CLASSlC CAFE CARE	576 MAIN ST, SAINT AGATHA, ME	US
S2-490251737	FEDERAL COMMITTEE	GLADEWATER, TX, 1074 CREWS ROAD	US
S2-798482339	Montes Trí-State Highview PC	01201 PENNSYLVANIA AVE, BALTIMORE, MD	US
S2-482219416	Bryson Heritage Hennessy	017 141ND CIRCLE, OMAHA, NE	US
S2-620156938	Associated Polytechnic Corporation	130-A, SHRI JI NAGAR, DURGAPURA, JAIPUR, Rajasthan	India
S2-645732067	Drexevoxylo	1414 POWELL ST, NORRISTOWN BOROUGH, PA	US
S2-487495973	Swastik Glaniesg-LLP	DOOR NO 6 , SMITH R OAD, KASTURI T OWERS MARAS 600 002, Tamil Nadu	India
S2-258085782	YAMUAKSH TECHNOLOGY PRIVATE	#6 BURDWAN RD, KOL, পশ্চিমবঙ্গ	India
S2-871960144	Nowak Líquor (Inc)	283 ARNOLD ROAD, NEWTON, MA	US
S2-873237963	इंडियन फाउंडेशन एलएलपी	AURANGABAD, Maharashtra, PL NO ##18 MEDICAL HOUS SOC, AURANGABAD	India
S2-234907956	Quantex Rscec P.C.	335 ALDON CIRCLE, VILLAGE OF ASHWAUBENON, WI	US
S2-513883520	U 7 Z ASIA LTD	#186 RIVER BEND DR, LONDON, KY	US
S2-223493773	CREATIVE  VENTURES PRIVATE LTD	SR. NO. 36/1/1 B, OLYMPIA PHASE-1 OFFICE NO.708, MUMPUNE CITY, PUNE, Maharashtra	India
S2-46093451	Trant Itlegcated Inc.	W221S4522 SUN RIDGE COURT, VILLAGE OF WAUKESHA, WI	US
S2-59240430	Belcher Ss of Coalville	465 NAVAJO RD, COALVILLE, UT	US
S2-850741800	DERMATOLOGY CARE	630 Keystone Ave, INDIANAPOLIS, IN	US
S2-432279643	Services Lrs India Private  Limited	C/O B N SINGH, GHUGHUA, 001, P- BARWAKALA, GR. FLOOR, GHORASAHAN, Bihar	India
S2-312010791	COMMISSION ON AFFAIRS CONSUMER	001512 CHARLESTON PARK DRIVE, PO BOX 7377, SPRING HILL, TN	US
S2-420141877	Y X &-G PACIFIC LLC	3410 1/2 PIEDMONT AVE, MD, BALIMORE	US
S2-645138790	pvt fortune industries (ltd)	NEW NO. 3-106, CHENNAI, Tamil Nadu	India
S2-87006376	Bohra Care  LLP	HOUSE NO 1749A. JAWAHAR COLONY, VILL SARAN, हरियाणा	India
S2-33105288	M/s PICK TECHNOLOGIESPRIVATE (INDIA)	35, PARK AVENUE, GULAB TOWER ROAD THALTEJ, Gujarat	India
S2-912459395	ZETARIZA	A-0 MALIA ROAD, SANKATA DEVI MAILA ROAD SANKATA DEVI, LAKHIMPUR KHERI, KHERI, Uttar Pradesh	India
S2-923595204	Beatrice Tessch, Ph.D., P.C.	HIGHWAY 141, MARBLE, NC	US
S2-682964593	Lopez United	13342 US HIGHWMY 10, ELK RIVER, MN	US
S2-913240757	Gonzalez Brown  Incorporated	2820 GILBOA AVENUE, ZON CITY, IL	US
S2-244847722	Goodner's Advanced Systems (Co)		US
S2-545940068	URGENT CARE CLINIC [L.L.C.]	FORT MILL, 1502 160, SC	US
S2-258046397	Billion Agro  Limited	195/, A.P.C. ROY ROAD, BIRATI P.S - NIMTA, KOLKATA, KOLKATA, পশ্চিমবঙ্গ	India
S2-638011629	Microtek  Banquet (India) LLP	NO 1-0 , KALIDASA ROAD GANDHINAGAR, BANGALORE, Karnataka	India
S2-681050319	Z/D MARIRIEIM INC	##68 MAIN STREET, PORT DEPOSIT, MD	US
S2-121253507	Coastal Cóla	MD, 1024C PAUL DR, ROCKVILLE	US
S2-906898057	LIMITED ROHA PRIVATE SERVICE	RC 59/2 RAGHUNATHPUR NORTH P.O. RAGHUNATHPUR, KOLKATA, PARGANAS NORTH, পশ্চিমবঙ্গ	India
S2-822714622	Dermatology Harbor Clinic Llc	1195 35TH ST, FARGO CITY, ND	US
S2-551135668	अरिहंत बिल्डर्स प्राइवेट लिमिटेड	HANSI, HISAR, HOUSE NO.73, NEAR POST, OFFICE BUDANA, NARNAUND, Haryana	India
S2-333359081	Sterling Cascade Cea Llc	<NULL>, CA, ONTARO, 2785 BERRY LOOP PRIVADO	US
S2-531774058	CELESTYNA BURRELL GREAT STATE LLC	1255 BEACH AVENUE, MARYSVILLE CITY, WA	US
S2-293670539	M/s Swar Services Ventures Private Limited	66, DHULESHWAR GARDEN SARDAR PATEL MARG, C-SCHEME, JAIPUR, Rajasthan	India
S2-426824642	Smt AVC OSWAL (INDIA) OVERSEAS PVT.	A-404, SATYMEV II, OPP KARGIL PETROL PUMP NR NEW HIGH COURT, S.G.HIGHWAY, AHMEDABAD, Gujarat	India
S2-469981621	Yawn Advertising Inc	211 NORTH STREET, WARREN, OH	US
S2-960861760	GROVER & ASHLEY-L.L.C.	2560 SEVIERVILLE RD, MARYVILLE, TN	US
S2-532020500	Global Babel Developersprivate Private Ltd	SHOP NO BC-20 CALCUTTA GREEN COMMERCIAL COMPLEX, 1050/2 SURVEY PARK, KOLKATA WEST BENGAL, KOLKATA, KOLKATA, West Bengal	India
S2-910067788	Vivia Moore Choice Lafayette of Hagerstown Inc	SUNBROOK LANE, HAAGERSTOWN, MD	US
S2-195373941	2036 Commerce Plaza Properties [PC]	69 ROSEWOOD RD, N/A, GLDSBORO CITY, NC	US
S2-334284265	Family (Tdfrt)	729 HOFT ROAD, WEBSTER, NY	US
S2-407432333	Womens Health Center Group	TX, NULL, PFLUGERVILLE, 606 WINDSOR CASTLE DRIVE	US
S2-11680136	Gorman Tsákos	1321 ROCKY CREEK DR, PMB 8778, PFLUGERVILLE, TX	US
S2-787322682	VANDERVORT & GRILL ADEYEMI GROUP	6613 GREENWICH DR, INDIANAPOLIS, IN	US
S2-947153697	Daigle Starry	2842 SHERRETT STREET, MILWAUKIE, OR	US
S2-448515850	Teague Annaly Group	BOLINGBROOK CITY, IL, 377 WEBER RD	US
S2-808487588	chim premier	NULL, NC, RALEIGH, 894 PAGE RD	US
S2-687568056	Crean and Woodad [LLC]	35032 OAK KNOLL CIRCLE, GURNEE CITY, IL	US
S2-163159297	Mount Catholic	645 PENNSYLVANIA AVENUE, DISTRICT HEIGHTS, MD	US
S2-731588087	Urban Coffee Ltd	2050 AIRPORT BVLD, CITY OF WILSON, NC	US
S2-822688131	Triplett Igsdrgance PLLC	BARTLETT, TN, 5029 RIVERCREST LN	US
S2-345313911	Fresh Cafe Ass0ciates Corp	006424 FLOWER STREET, PORTLAND, OR	US
S2-288004005	NAON, LLC	401 Javelina Avenue, MESA DOBSON, AZ	US
S2-246533409	Lais Holdings Group Llc	239  OAKMERE DR, NULL, CARY, NC	US
S2-82078690	സൂര്യ ട്രേഡിംഗ് പ്രൈവറ്റ് ലിമിറ്റഡ്	ERNAKULAM, Kerala, #36/2322 F&F1 1ST FLOORODATHEKAL TRINITY BUILDING KALOOR COCHIN, ERNAKULAM	India
S2-998440718	Avtar Traders Enterprises	11, SHH RESIDENCY, SHIVA INDUSTRIAL, ESTATE, LAKE ROAD, BHANDUP-WEST, MUMBAI, Maharashtra	India
S2-870246918	ভিশন সলিউশনস লিমিটেড	HIGH ROAD MORE, KONA, VILL-EKSHARA, CHAMRAIL, HOWRAH, HOWRAH, West Bengal	India
S2-43091282	Harbor Priority North LLC LLC	1547 CREEKSIDE DRIVE, WILLISTON, ND	US
S2-74992830	Dr SOUTH CONSTRUCTIONS PVT PVT LTD	BL-B, 54/65 LAKE TOWN, KOLKATA, NORTH 24 PGS, West Bengal	India
S2-491950020	Office of Parks and	200 NEWBERRY STREET, CHATTANOOGA, TN	US
S2-348789755	danikasqualitybakery.com	14 CHESTNUT PL, N/A, LUDLOW, MA	US
S2-885514418	Andres Acquisitions	0023770 38, SUMMERDALE, AL	US
S2-142031854	Wealth Prestige Corp	UNIT NO G-206 FIRST FLOOR, RAGHULEELA MEGA MALL, POISAR KANDIVALI (W), BEHIND POISAR BUS, DEPOT, MUMBAI, Maharashtra	India
S2-405089580	Willow LLC Services	244- ANTLER AVE, REDMOND, OR	US
S2-116518353	everette ampercap llc	06837 BURLINGTON DR, MCCORDSVILLE, IN	US
S2-183900549	ytgesher.com	TX, CYPRESS, 8554D PALE DUSK DR	US
S2-156688612	Hotline Impex-Private Limited	TF-3-07 LORVEN URBAN CREST, CHUNCHAGATTA, BANGALORE, Karnataka	India
S2-794352292	RS PRIVATE LIMITED SERVICE	1ST FLOOR, B-2, F.I.E. PATPARGANJ INDUSTRIAL AREA, NEW DELHI, Delhi	India
S2-448548244	MH Sciences LLC Center		US
S2-369116881	horizon alliance	10-D POPLAR LN, NULL, SOUTH DENNIS, MA	US
S2-736350861	Dr Forever Producer Group	OFFICE NO. 419, 4TH FLOOR, SACRED WORLD, WANVADI, SHIVARKAR ROAD, PUNE CITY, Maharashtra	India
S2-501890286	Jha (India) Securitas Pvt Ltd	5S FLOOR, FLAT-1A, 78/1 DWARIK JUNGLE ROAD STREET BHADRAKALI LP-, 55/91/2, KOLKATA, পশ্চিমবঙ্গ	India
S2-697994853	231 Lake Place Partners	7503 WOODSHADOW DRIVE, DALLAS, TX	US
S2-564839940	Applied Education Laboratories,	MA, 00169 HAVERHILL ST, LAWRENCE	US
S2-205132293	Sai Logistics Public Limited	023/12, UGHOT COMPOUND, SHENBAGANOOR, DINDIGUL, Tamil Nadu	India
S2-653692463	Auris [House]	1294 GLENGYLE CT, SALT LAKE CITY, UT	US
S2-882459657	Shri Life It Private Limited	दिल्ली, <NULL>, RZ-27F, INDIRA PARK SAGARPUR WEST, NEW DELHI	India
S2-200200363	Mumbai International LLP	FL-1-5, PL 264/265, VASWANI CHAMBER, MUMBAI, Maharashtra	India
S2-900119013	ফরচুন ইনফ্রাস্ট্রাকচার প্রাইভেট লিমিটেড	GR-FR 2&4, HOWRAH, ULUBERIA - II, পশ্চিমবঙ্গ	India
S2-193955920	Sewell &  Amesquita	964 1/2 NOLA AVENUE, NULL, BARBERTONN CDP, OH	US
S2-541570442	LUCINA'S METAL WORKS	5952 BABELAY ROAD, KNOXVILLE, TN	US
S2-185385240	Fia Harbor Oriental P.L.L.C.	EUCLID DRIVE, MURFREESBORO, TN	US
S2-92758088	Inc. Castro Medical Center	CA, SACRAMENTO, 139 AINGER CIR	US
S2-660467546	Shri Maa Solutions Limited Center	NO. 680 102/B, 1ST FLOOR, POONAM CHAMBERS, B(NORTH) SHIVSAGAR ESTATE, PLOT B, ANNIE BASANT R, OAD, WOLRI, MUMBAI, Maharashtra	India
S2-854951998	Bureau of Health Westgate	436 NINTH STREET, WATERVLIET, NY	US
S2-470518488	Madella Petry Valley (Communications)	1624 HILLCREST DR, THOUSAND OAKS, CA	US
S2-73262730	wardameren.com	220 MADISON RD, DECORAH TOWNSHIP, IA	US
S2-111294604	A/C L.L.C. SERVICE	904 -201 PINEY BRANCH LANE, VIIRGINIA BEACH, VA	US
S2-925166465	Dr Drc Intermediates	MARVEL RITZ, FL-B/201, SN - 171 (P) HADAPSAR, PUNE CITY, Maharashtra	India
S2-197625218	Taor Corporation	MOROCCO, IN, 3815-B 114	US
S2-438085957	Saint Presbyterian Church Group	796 HICKORY HILL RD, THOMASTON, CT	US
S2-316020185	Shri Khushbu  Law Chambers	1B., INDIAN MIRROR STREET 2ND FLOOR, SHOP NO.- G, KOLKATA, KOLKATA, পশ্চিমবঙ্গ	India
S2-984452660	Lyriq Transition,	1565  PECONIC BAY BOULEVARD, null, RIVERHEAD, NY	US
S2-265862472	Toliver and Bdaarfker	1008 FOREST TRAIL, SUGAR GROVE, IL	US
S2-52846978	Pigeon Traders Limited Private	#B3/19 ANIROPA SURBHI LAYOUT, TAPOVAN ANIROPA, TAPOVAN AREA-TAPOVAN, AMRAVATI, Maharashtra	India
S2-586067025	Watson & Arnold Proshares (P.C.)	4193 OKALONA RD, CLEVELAND, OH	US
S2-997019475	Arsh &	H.NO.6-3-595/19 PADMAVATHI NAGAR, KHAIRTHABAD, HYDERABAD, Andhra Pradesh	India
S2-218203548	Primary Care Délta Délta Group	3406 VESTAVIA ST, PRICHARD, AL	US
S2-335971882	Fancie's Ridge Trading-L.L.C.	1401 NOBLE ST, ANNISTON, AL	US
S2-68402423	Real Private Projects Limited	DOOR NO 549 C/O ASHUTOSH RAJ, HATHSARGANJ, HAJIPUR, बिहार	India
S2-406091061	Miller Co Services	ROWLESBURG, WV, 475 1/2 BUFFALO ST	US
S2-543049878	Foot & Ankle Superior Medicine LLC Council	84-23 256 STREET, FLORAL PARK, NY	US
S2-103464119	BABARA W. MILBRANDT, O.D., PC	540 Railway Ave, MASCOUTAH, IL	US
S2-477648435	Priiei Thukral India Limited	''JAIGANESH'', 1ST FLOOR, NO. 633, 4TH CROSS, 100 FEET ROAD, 3RD BLOCK, KORAMANGALA, BANGALORE, BENGALURU, ಕರ್ನಾಟಕ	India
S2-358321743	Hutchcraft Midstream Inc.	1104 400, SALT LAKE CITY, UT	US
S2-41573205	Inc Mcmillan Acdey	IL, 414A GLENWOOD DRIVE, ROUND LAKE	US
S2-185148108	HEARTLAND (MIIASRTIES)		US
S2-821383594	Harbor Coalition	BAKER ST, COMBS, KY	US
S2-170548497	FRESH PILATES (CO)	3355 MARGAY RUN, CRANDALL, TX	US
S2-176055194	Servin's Towing Westgate	26 DAILEY STREET, PO BOX 9544, ATTLEBORO, MA	US
S2-130460888	HISTORICAL FEDERATION	RIDGE RD, MURRAY, NY	US
S2-899773860	*** Meridian LLC	5969 86, WILMINGTON, NY	US
S2-362875802	RIDGE CLEAR NAVIOS NAVIOS INC.	18 1/2 MONROE STREET, PELHAM MANOR, NY	US
S2-819216280	CONSTRUCTION-SOFT ACCOMODATION PRIVATE LIMITED	`#28TH, 9TH STREET BANK AVENUE, BABUSAHEBPALYA KALYAN NAGAR, BANGALORE, ಕರ್ನಾಟಕ	India
S2-439161022	Rodriguez Téchnologies [Inc]	17850 68TH SAINT, PHOEIX CDP, AZ	US
S2-830163987	Value Bright, Llc (ID: 39787)	4040 LEMONT RD, HOMER GLEN, IL	US
S2-772924708	Drumm, Beechler and Mulcahy Partners	DE, 15060 TRAP POND ROAD, LAUREL	US
S2-628535121	Mr Florence Metals (India) Pvt Ltd	S. NO. 60, MARGOSA HEIGHT DATTAPRABHA NIWAS, HAVELI, HADAPSAR, PUNE, Maharashtra	India
S2-73502247	EMPIRE ROYAL NÉWBRIDGE GROUP	##8821 WALTHER BLVD, PARKVILLE, MD	US
S2-849074551	donet llc	7880 SAGEBRUSH LANE, EAGLE MOUNTAIN, UT	US
S2-526412482	DDV Management  Industries Limited	Karnataka, 81, PRESTIGE MERIDIAN 2, M G ROAD, BANGALORE, BANGALORE NORTH	India
S2-220720253	pacificmaterialsdynamics.c0m	3135  27TH STREET, BROWNSVILLE, TX	US
S2-538410207	Mize, Drews and Parks Flexible  Ltd	10612 BARINARD DRIVE, PARMA, OH	US
S2-366986483	Dr AMBIKA CARD  CORP	#18/55-25- , AMBAD, AMBAD S/DN. DST. JALNA / AMBAD, AMBAD, Maharashtra	India
S2-321660864	Reinecke Rockwool (Inc)	10077 COBBLE BROOK DR, DAYTON, OH	US
S2-929722075	Prince Trading Private  Limited	B1/404, GREEN CITY PALBHATHA ADAJAN, SURAT, ગુજરાત	India
S2-834738396	Desert  Yhn LLC	8687 LAKEVIEW DRIVE, BARKER, NY	US
S2-236789268	TRUE INFRASTRUCTURE INFRASTRUCTURE OVERSEAS	NO 3-4-16/110/ , SHANTHI NAGAR RAMANTHAPUR, AMBERPET, Andhra Pradesh	India
S2-990972332	St. Service	116 DELLWOOD AVE, LOCKPORT, IL	US
S2-989158977	Dermatology Partners	1450 MEMORIAL DR, AHOSKIE, NC	US
S2-201659527	Kamakhyanagar Producer Ltd	Odisha, NO 95 C/O NAROTTAM SAHOO, PARJANG, KAMAKHYANAGAR	India
S2-117080450	Quantara LLC Landscaping	1407 Wisteria Way, RICHARDSON, TX	US
S2-606610295	വൺ പ്രൊഡക്ട്സ് പ്രൈവറ്റ് ലിമിറ്റഡ്	(A), OASIS COMPLEX, NEAR NEW BUS STAND, KOZHIKODE, Kerala	India
S2-991843540	Heartland Silver Pimco Llc	1681  OAKDALE ST, WARREN, OH	US
S2-629475386	*** Chellam Hotels Associates Corporation	A-18-22, 3RD FLOOR, HIGHWAY TOWERS PUNE MUMBAI ROAD, PUNE, महाराष्ट्र	India
S2-895873093	ACEVES,-HSIEH AND HATBCH LTD	853 HARVARD STREET, TX, HOUSTON	US
S2-572650198	completecapitalsafety.com	##6650 COTTAGE HILL RD, PMB 9255, MOBILE, AL	US
S2-806614621	KEYS, RAMIREZ & RICHESON MIDTOWN	02034 DOCK DR, LANSDALE, PA	US
S2-517966898	TMS GROUP OF COMPANIES LIMITED	West Bengal, 8-B, DOVER ROAD, KOLKATA, KOLKATA	India
S2-761644899	Capstone  Developers LLP	NO 2/76B , KASTURBA NAGRA, BHOPAL, Madhya Pradesh	India
S2-24680486	Sanet LLC Premium	2418 HIGAWAY 35, BAUXITE, AR	US
S2-877823257	Ernakulam Feeds Associates Corporation Corporation	DOOR NO A-325 ROOM NO 72, FIRST FLOOR, D D MILESTONE, KADAVANTHARA, ERNAKULAM, കേരളം	India
S2-848711718	Davies  Ventures	0010700 MCVICKER AVE, CHICCAGO RIDGE, IL	US
S2-299384727	Larimore and Todd, Co	925 BAYSHORE STREET, WICHITA, KS	US
S2-752654978	PRIVATE KUMAUN HOSPITAL INDUSTRIES LIMITED	G-1-111/4/89, RANGAREDDY, Telangana	India
S2-739502348	रॉयल प्रोजेक्ट्स लिमिटेड	G-24, OPP. SAHIL SOCIETY, TEJPAL SCHEME ROAD NO. 4, NEAR CKP HALL BLDG. NO. 1, VILE PARLE (E), MUMBAI, महाराष्ट्र	India
S2-733946064	கிருஷ்ணா ஃபவுண்டேஷன் பிரைவேட் லிமிடெட்	NO.28, CHENNAI, Tamil Nadu	India
S2-232316980	*** Solid Ogilhne Ltd	C, JAIPUR, राजस्थान	India
S2-695240341	Caex International	MATTAPOISETT, #14 NED'S POINT RD, MA	US
S2-340882825	Crystal PC Lending		US
S2-434799271	Yamutech Industry Pvt. Ltd.	3RD  FLOOR T-HUB, PLOT NO 1/C, SY NO 83/1, RAIDURGAM, PANMAKTHA, SHAIKPET, Telangana	India
S2-952581224	Esme Sarcclaso Sterling Lane Inc #27001	00528 FREEBORN STREET, MARION CDP, KS	US
S2-126222886	Mr Crest Consultancy Private		India
S2-885850745	Zigma Va11ey Limited	ANUBHAV VILLA SARBAHAL, JHARSUGUDA, JHARSUGUDA, Odisha	India
S2-983514167	City  It Corp	SHOP NO. 442 , BLOCK-B, 22 FEET ROAD, SGM NAGAR, FARIDABAD, Haryana	India
S2-138702507	Innovative Intelligence LLC Services	12003D LAWINGS CORNER DRIVE, HUNTERSVILLE, NC	US
S2-500096956	Atlantic Banking Westgate	354 SHAWNEE AVE, WINCHESTER, VA	US
S2-183176697	CHIROPRACTICASSOC.COM	270RD ST, PMB 3976, STANWOOD, WA	US
S2-623239717	Irwin Inc Amc	11122 17RD PLACE, TULSA, OK	US
S2-598068208	GOOD  PVT LTD PARTNERS Enterprises		India
S2-780162153	Geis	21700-21704 103RD CT, TUALATIN, OR	US
S2-419605789	Ace Medical Wórks Inc	DE, LEWES, 11832 HASLET RD	US
S2-98109517	Topline Group	##38 MISTRY INDL COMPLEXCROSS ROAD A MIDC ANDHERI EAST, MUMBAI, महाराष्ट्र	India
S2-292948374	Co K 2 L Made	661 SANTA ROSA ROAD, CAMARILLO, CA	US
S2-46989188	protanetresources.com	419 FERNDALE LOOMIS RD, LIBERTY, NY	US
S2-486832341	SUNDER CÓNSULTANCY	NO. 798. LEVEL 7, PARDHA PICASA DURGAM CHERUVU ROAD, MADHAPUR., HYDERABAD, Telangana	India
S2-101537138	FREGOSO [TRUST]	13505 RIVER RD, MILWAUKIE, OR	US
S2-26950925	Physical Teacy Group	110-112 PRIGMORE RIDGE RD, PMB 4150, DECATUR, TN	US
S2-45726682	बाबा सर्विसेज प्राइवेट लिमिटेड	D-02 GOKUL GALAXY THAKUR COMPLEX NEAR CAMBRIDGE SCHOOL KANDIVALI EAST, MUMBAI, Maharashtra, MUMBAI CITY	India
S2-18442426	NXW Private Limited Services	H.NO #14/1439 , SAROVARAM, MERIKUNNU, Kerala	India
S2-332453876	All Media Pvt Ltd	NO 0849/13 , ROOM NO 2 NR, MANJULA CYCLE MART TURBHE, THANE, महाराष्ट्र	India
S2-312533710	DEO FOUNDATION PRIVATE [LIMITED]	PLOT NO.#143 , DOOR NO.87, 1ST FLOOR 4TH CROSS STREET, THIRUMALAI NAGAR, PERUNGUDI, Tamil Nadu	India
S2-744973568	KEATON  GIANT-INC	418 LINCOLN AVE, DIXON, IL	US
S2-335825003	marjoriesantanado.com	3142 A24 DOUGLAS AVENUE, SPRINGFIELD, IL	US
S2-447193368	Maurine Cisneros, Services	WI, W3397 BASSWOOD DR, TOWN OF MADGE	US
S2-801647861	BANGALORE KUNJ PRIVATE	DOOR NO 36/6 , KODIGEHALLI, SADARAMANGALA KODIGEHALLI MAIN ROAD, KADUGODI POST, BANGALORE, Karnataka	India
S2-14506136	KARIL BURNETT CITIZENS CARE	1166 JARDIN ST, CASA GRANDE, AZ	US
S2-840112181	COBB &  MCANDREWS LLC	7621 9RD ST, LAKE STEVENS, WA	US
S2-778792105	@ylbanc	FT CAMPBELL BOULEVARD, CLARKSVILLE, TN	US
S2-321540574	Costamare	00 HAMILTON OAKS DR, HOT SPRINGS NATIONAL PARK, AR	US
S2-28413258	Indrin-Mines Private Ltd	5-44 GOLLAPALLY, VILLAGE- KESHNAYAKTHANDA AKKANNAPET, SIDDIPET, AKKANNAPET, Andhra Pradesh	India
S2-29108033	Red (India) Systems Límited	#66, EAST STREET, TINDIVAN, AM TALUKA, PANICHAMEDU, TINDIVANAM, Tamil Nadu	India
S2-138429970	UROLOGY CASCADE	#91 BUSCH RUN ROAD, MAMMOTH SPRING, AR	US
S2-314169444	PRIVATE ARIHANT AGRO STORES LTD	Bihar, PATNA, NEAR DAIRY, KUMHRAR, NO 51 S/O SRI SARUG PRASAD PANDEY DHANKI MORE, PATNA	India
S2-145521404	Pediatric Dentistry Cáre Ass0ciates	GRANGER, 100 ARKOSE PASS, TX	US
S2-838401167	English's Barbershop Group	814 JJ, BANCROT CDP, WI	US
S2-768684246	commandvidyalaya.com	81 S NO 8/3 NR DANAJAY, BANGLOW BENKAR WASTI, PUNE CITY, Maharashtra	India
S2-923555549	মডার্ন কনস্ট্রাকশন প্রাইভেট লিমিটেড	#49/1 DOBSON ROAD 1ST FLOOROFFICE NO 10 PS BOLABARI, HOWRAH, NULL, পশ্চিমবঙ্গ	India
S2-184309677	Alto & Lópéz LLC	21  HAVENS AVENUE, AUBURN, NY	US
S2-289591520	Navarro Ádvcnd Capital	3127 WOODROW AVE, PO BOX 7383, RICHMOND CITY, VA	US
S2-675355826	Sri Sadguru Builders Group Prviitae Limited (ID: 88471)	#155 , ANDHERI-KURLA ROAD, OPP. CRISIL HOUSE BESIDE OF HANGLASNEXT TO ANDHRA BANK, AND, HERI-EAST, MUMBAI, Maharashtra	India
S2-844363575	-- Gulf Council Council IEV LP	TN, 113 WILKINSON LANE, SUMMERTOWN	US
S2-814052487	Vijay Healthcare Private Limited	C/O MANOJ JAIN LS NO. 158 H NO. 1619, KARANJA ROAD, MAHAVIR VILLA URAN MULEKHAND, URAN, महाराष्ट्र	India
S2-459481005	OE  GROUP SERVICES	MHDA BLDG, MIG-8, FLAT NO 127, SAI KRUPA -1, SANT TUKARAM NAGAR, PIMPRI, PUNE, Maharashtra	India
S2-657612909	Economic Development Fund P.L.L.C.	1616 GATE 2, OCEANI SLE BEACH, NC	US
S2-182955632	Rtp Ltd. Pvt. Services	Madhya Pradesh, C/O: JAYANTI PATEL, HAZI COLONY, PIPARIYA, BANKHEDI	India
S2-569049408	Valley Crystal Áuto Glass LP	4420 CAMPO DE MAIZ RD, ALBUQUERQUE, NM	US
S2-671736202	Carter Bernardi  Signs, Inc	915 Oxley Road, COLUMBUS, OH	US
S2-155574448	Opg & Co Ventures Corp	Maharashtra, 212, FLOOR-2ND, ANMOL CHS, S M HALDANKAR ROAD FRENCH BRIDGE, GIRGAON, MUMBAI	India
S2-671212976	pediatricdentalassociates.com	TUCSON, COUNTRY CLUB RD, AZ	US
S2-102003828	અર્બન ગ્રીન કન્સલ્ટન્સી પ્રાઇવેટ લિમિટેડ	#00594 B-506, RAJKOT, Gujarat	India
S2-354227046	citizen & brothers private limited	KHATA 500 KHASARA 3906, AT BAIKUNTHPURI ROAD, M.I.T., MUZAFFARPUR, MUSHAHARI, MUSHAHARI, Bihar	India
S2-509362529	glass, young & lawrence llc	NY, UTICA, 1658 WESLEY AVE	US
S2-631521974	Vision Certified Inc Services	WEAVERVILLE, NC, 57-A WITHERS LANE	US
S2-432687019	Corner Afluo Body Inc	29nd St, FORT DODGE, IA	US
S2-463010789	Arzate (Tribeca)	120 MAIN STREET, OK, BROKEN ARROW	US
S2-426381800	Custom Défense Brands	100 BUTLER STREET, BERLIN, CT	US
S2-462926227	ब्राइट कंस्ट्रक्शन प्रा. लि.	11/2, INDORE REGION, INDORE, Madhya Pradesh	India
S2-722876090	5arthak Aluminiums-Private Limited	A-35, KOLKATA, HOWRAH, West Bengal	India
S2-472204730	Kinsella, Moreno & Katz [LLC]	832 HOUSTON WOOD DR, KELLER, TX	US
S2-864913262	Joey's (Towing)	HEMPSTEAD, 11 PRIDE LN, NY	US
S2-161592048	Heartland American  Xflh Inc	GIRL SCOUT ROAD, STILLMAN VALLEY, IL	US
S2-518525663	Capital LLC Center	17235 STONEHEDGE DR, HOUSTON, TX	US
S2-973292523	MAIN STREET	309 RAINBOW CIRCLE, TOWNSEND, TN	US
S2-211359524	श्री फूड्स प्राइवेट लिमिटेड	27, BIJALPUR, AB ROAD INDORE, INDORE, Madhya Pradesh	India
S2-789711070	Heartland Inc Network	215 CHOCTAW AVE, SALLISAW, OK	US
S2-541092314	E 8 K Médícine LLC	4313-4317 FOUNTAIN SQUARE PLAZA, CHESTERFIELD COUNTY, VA	US
S2-676815762	LTD QUESADA COLONIAL FOR	105 SHELBURNE RD, ASHEVILLE CITY, NC	US
S2-228338166	Business Textile Industries	678  CHURCH ST, MA, RAYNHAM	US
S2-285260582	Glow Info Private	TREND INDIA BUSINESS CENTRE PRIVATE LIMITED HM TOWERS, #5TH FLOOR, BRIGADE ROAD, BANGALORE, ಕರ್ನಾಟಕ	India
S2-507988	Group Oncology Classic Asdcsociates	19 FOUNDERS RD, GLASTONBURY CENTER, CT	US
S2-793153206	Indo Southern Consultancy Trading Limited	OFFICE NO. A-416, 4TH FLOOR, SILVER SPRING, MIDC TALOJA, NAVI MUMBAI, Maharashtra	India
S2-776794265	United Holdings Partners	5533 CATTAIL ROAD, CHARLES CITY COUNTY, VA	US
S2-891240803	Patna Pr Overseas Private	A/195., PEOPLEÂS CO-OPERATIVE COLONY, KANKARBAGH, PATNA, Bihar	India
S2-793579745	स्काई कंसल्टिंग प्राइवेट लिमिटेड	BHARATPUR, DOOR NO 0618 GIRRAJ BHAWAN GOPALGARH, Rajasthan	India
S2-414238106	Private Consultants Albatross Healthcare (Ltd)	NOIDA, 10TH FLOOR, URBTECH NPX, SECTOR-153, UNIT NO-27A, GAUTAM BUDDHA NAGAR, Uttar Pradesh	India
S2-722844522	Vivekanand Trust Clbiic	F-301, 16/2/4, PALLADIUM HOMES, PNE CITY, Maharashtra	India
S2-31854557	Surgical  Trusted	55 Mcdowell Road, ME, WASHINGTON	US
S2-576888089	ruizmercury.com	11 MOUNTAIN MEA LN, MCKINNEY, TX	US
S2-513550621	OM SERVICES CLINIC CORPORATION	G-3A NO GRASTIN PLACE, KOLKATA, পশ্চিমবঙ্গ	India
S2-920435343	राम डेवलपर्स प्राइवेट लिमिटेड	##178, FLOOR-GRD, PLOT-1/110, ANAND NIWAS, DR E MOSES ROAD, WORLI, MUMBAI, महाराष्ट्र	India
S2-324771787	GLYPHANCE PHARMACEUITAL LLC	515C MOBILE STREET, WATERLOO, IL	US
S2-868915655	Nexon Concord Corp	7207 CROSS CREEK TRAIL, BRECKSVILLE, OH	US
S2-482144229	Dermatology Medicine Ltd	01159 FOXFIRE RD, BARDSTOWN, KY	US
S2-782960923	Wendye D. Rgmbio, [P.A.]	NORTH ST, NY, WEST WINFIELD, NULL	US
S2-206082608	Ericha's Clean Home Improvements Inc.	1498-1502 WAGAR AVE, PMB 5211, LAKEWOOD, OH	US
S2-621239482	PREMIER  EDUCAMTION PARTNERS	WI, CITY OF JANESVILLE, #253 BA WOOD LN	US
S2-636835876	PFHIVTAE BASIL INVESTMENT [LIMITED]	N - 655 BRIGADE LAKEFRONT, BLUE BLOCK SONNENAHALLI, BANGALORE NORTH, BANGALORE, Karnataka	India
S2-940079305	Temple Center	78 DUPONT AVE, NEWBURGH, NY	US
S2-692356310	Cardiology Care of Des Moines Greater	##1409 OSCEOLA AVE, DES MOINES, IA	US
S2-471441474	Staten Island Veterans Society  LLC	NY, 108 SHERMAN AVENUE, STATEN ISLAND	US
S2-203944670	BRIDGETTE'S MANAGEMENT LP		US
S2-879330978	LLC Keystone Bank	APPLE VALLEY, 16122 CHIPPEWA RD, CA	US
S2-633146423	ZFT Highland Office Harbor LLC	#11960 MONTEGO LN, DEMOTTE, IN	US
S2-563493244	Mohamed Énergy Énergy	5981 PISA LANE, FRISCO, TX	US
S2-337572515	ABHIYAN INDUSTRIES VENTURES PRIVATE LIMITED	9-2193/G BASANTI NAGAR, LUDHIANA, Punjab	India
S2-622519132	Ramos Charter School	2272 HAMPDEN PL, NY, BRONX	US
S2-360210911	Cheung and Johnson Clinic	601 WHIFE RD, FREMONT, OH	US
S2-601767520	Craving  Spicy Ltd	PLOT NO.-#359, SECTOR -25 PART II HUDA, PANIPAT, हरियाणा	India
S2-98331541	Family Empire Partner LLC	37 CLARK STREET, EVERETT, MA	US
S2-214447140	Bonner Silver Marketing Corp	UT, NORTH LOGAN, 628 2200	US
S2-617467150	Surgical Advanced Medicine Inc.		US
S2-45990897	Corral  Drugs	619 BLAIR AVE, BASTROP, TX	US
S2-908516992	ब्लैक इन्वेस्टमेंट्स प्राइवेट लिमिटेड	NASHIK, महाराष्ट्र, NASHIK, OFF 09/10	India
S2-808715382	NATIONAL DENTAL	184 TUDOR LN, SYLVESSTER, WV	US
S2-231732832	Siddhnath Private Limited  Service	PLOT NO GB 110, GADGA DHARAMPETH, VIP ROAD, NAGPUR, Maharashtra	India
S2-216470228	Gvk Labels	NO 5/9 , 10, 11, 12, 29TH KM STONE, ROHAD BYE PASS, VILLAGE AND PO ROHAD, JHAJJAR, HARYANA, ROHTAK, Haryana	India
S2-319744931	SHAHDARA  MEHTA	1/5609, S/F, GALI NO.14, BALBIR NAGAR EXTENSION, SHAHDARA, Delhi	India
S2-242582700	Commercial Exim (India) (India) Limited	C1201, AMODA VALMARK APTS, DODDAKA, OFF BANNERGHATTA ROAD, BANGALORE, Karnataka	India
S2-864103770	EAST ESTATE FURNITURE LIMITED PRIVATE	347 MASJID MOTH, NEW DELHI, Delhi	India
S2-489677213	-- Sanmarg  Foods LLP	H.NO 181NAKIRAN STREET CO OPERATIVE NAGAR, DINDIGUL D T, DINDIGUL, Tamil Nadu	India
S2-474914898	PRAIRIE SPACE INC	OVERWOOD RD, BIRMINGHAM, AL	US
S2-395800668	Smt BALIGA & SONS INDUSTRIES PRIVATE LIMITED	15/4  BANDHAN SOCIETYKOTHARUD, PUNE, Maharashtra	India
S2-587839085	Seraon Total Mining South Pc	1118D SAN-LEE DR, SANFORD, NC	US
S2-518692071	Longmeadow Environmental Center Center	LONGMEADOW, 0153 YARMOUTH ST, MA	US
S2-495912184	श्री हॉस्पिटैलिटी एलएलपी	WING C, MUMBAI, Maharashtra	India
S2-105521173	ग्लोबल प्रॉपर्टीज प्राइवेट लिमिटेड	OFFICE NO UG 114, AKRUTI, SANKUL, S NO. 2011 & 2059, COMMERCIAL PUNE, Maharashtra	India
S2-834563673	Coastal Services	729 126, BEAUREGARD, AL	US
S2-884135049	Corner Pizza  PLLC	2851 Hidden Brook Pl, BEND, OR	US
S2-774139241	Excellent Society Services	#D/24 , SRK NAGAR LAYOUT NEAR ANNAI MUNISHWAR NAGAR, HOSUR, KRISHNAGIRI, தமிழ்நாடு	India
S2-678889461	YA It Overseas Pdeigvate Limited	PLOT 631 ALTF-143, PLOT NO-21 & 21A, MR1, SECTOR-142, NOIDA, Uttar Pradesh	India
S2-72260125	Lexis Wade National Office	420 PATRICIAN DR, HAMPTON CITY, VA	US
S2-916931640	Mr BUZZ & BROTHERS LLP | www.buzzbro.com	PLOT NO 17, H. NO. 358/216KA NR TRT COLONY, RJP, RAJAJIPURAM, LUCKNOW, Uttar Pradesh	India
S2-52135149	TAYLOR CHOICE AGDFUO INC	##5101 STANFORD AVE, DALLAS, TX	US
S2-927235908	AIR-& ASSOCIATES CO	5/126 VIKAS KHAND, GOMTI NAGAR, LUCKNOW, Uttar Pradesh	India
S2-542373642	Shepherd 6ladstone	4227 HILDRETH STREET, WASHINGTON, DC	US
S2-608598841	alexa's cleaning service inc.	728 PARKSIDE DR, JERICHO, NY	US
S2-264776657	Vanguard Unified (Safeguard)	##114 STATE STREET, MISHAWAKA, IN	US
S2-298598465	Powell and Haas Orion Company	8116 ELLA COURT, N/A, CITRUS HEIGHTS, CA	US
S2-447095477	PARKER CAP	240. 81 SAINT, BROOKLYN, NY	US
S2-1068035	लक्ष्मी फाइनेंस प्रा. लि.	G-707, APOLLO PREMIER, SCHEME NO. 54, PU-4, VIJAY NAGAR SQUARE, INDORE REGION, INDORE, Madhya Pradesh	India
S2-391727890	ബിഗ് സ്മാർട്ട് ടെക്നോളജീസ് പ്രൈവറ്റ് ലിമിറ്റഡ്	SURYAPRABHA, AYYANKOIKKEL, ADOOR, PATHANAMTHITTA, Kerala	India
S2-513674710	Reed, Carr and Getty Snow Group	#43 GRIMES RD, TAR HEEL, NC	US
S2-337383665	സിറ്റി മാനേജ്മെന്റ് പ്രൈവറ്റ് ലിമിറ്റഡ്	ERNAKULAM, Kerala, COCHIN, SDF-17 CSEZ, III RD FLOOR	India
S2-831497289	AWS  INFOTECH [LLP]	0099/303, NALA ROAD, BECONGANJ, BARA CHAURAHA, Uttar Pradesh	India
S2-67863065	Turner Marshall &	705 7TH STREET, WATTS, OK	US
S2-178951342	e1ite painting	195  CEDAR COVE, SAULSBRY, TN	US
S2-564433190	PRIMARY-CARE CLINIC PARTNERS	8756 1/2 CARROUSEL PARK CIR, CINCINNATI, OH	US
S2-515581965	Tiny Solutions  Pvt Ltd.	OFFICE NO. 305., 3RD FLOOR, REGENT CHAMBER, PLOT NO.208, JAMNALAL BAJAJ MARG, NARIMA, N POINT, MUMBAI, Maharashtra	India
S2-790947608	L.L.C. Pediatric Dental Medicine	185 2ND AVENUE, COLUMBUS, OH	US
S2-823434500	DERMATOLOGY PARTNERS LLC CENTRAL	24 CENTRAL ST, WOODSTOCK, VT	US
S2-252469399	SERGIO & JARRETT ENVIRONMENTAL  CENTER LP	BRONX, NY, 178 UNDERCLIFF AVE	US
S2-769670550	Whitsett Rocky Lab	569 MIDSUMMER ST, NULL, ABERDEEN, NC	US
S2-250365111	Bustamante Tavia,	1320D CORSIA LANE, QUEEN CREEK, AZ	US
S2-50513846	Ashok Traders Pvt Limited	SF-3-A, OFFICE NO 6, POOJAN RESIDENCY & SHOPPING MALL NIKOL, AHMEDABAD, Gujarat	India
S2-404431253	Grand Creative Popular Care	22  SPLIT ROCK ROAD, SPRING, TX	US
S2-851158280	LLC Allen Maxim & Nixon Eastgate	438 MAIN STREET, EAGLE, WI	US
S2-402548315	super (india) leasing private limited	3123/3124, OBEROI GARDEN ESTATE, D WING, 3RD FLOOR, CHANDIVALI FARM ROAD, MUMBAI, महाराष्ट्र	India
S2-247487143	Ania Tpg Dominguez L.L.C.	11561 2210, BRIDGEPORT, TX	US
S2-80378413	Behavioral Health Medicine of Mount Vernon LLC	630 GRAMATAN AVE, MT VERNON, NY	US
S2-834393948	Urgent Ccre Health, PC	08 SHADES CREST CIR, VESTAVIA HILLS, AL	US
S2-371951712	A QUELNTIOTY COPLEY, INC	193-C Old Coach Road, NULL, JESSAMINE CO, KY	US
S2-945339512	Desert  Institute Coastal LP	1073 TROLLEY RUN DR, CORNELIUS, NC	US
S2-161990650	MARTIN + SMITH [LLC]	MD, OAKLAND, 223  CENTER ST	US
S2-17185421	Cummiskey, Gabrila Bakery, LLC	TX, CITY OF SOCORRO, 77 Lupe Anna Ln	US
S2-523749114	Ltd Boyd Asset	CHILLICOTHE, OH, 2286 Chester Hill Rd	US
S2-220286148	Ridge Health Center Llc	45 ROSWELL AVE, TONAWANDA, NY	US
S2-428415426	EXPRESS RETAIL-ENTERPRISES LLC	27 ROUTE 106, LEEDS, ME	US
S2-975929602	PATRIOT DYNAMIC EDP PARTNERS LTD	38. REDMOND AVE, ISLIP, NY	US
S2-874757538	DORIE RODRIGUEZ DIAMOND NETWORKS INC.	326 HEARTHSTONE WAY, NEWPORT NEWS, VA	US
S2-525859393	Bhumi Impex Private Limited		India
S2-876824000	Richardson Mercury	##24 Church St, BROAD BROOK, CT	US
S2-3914789	Shri Anand Enterprises  Industries Private Limited	Telangana, H. NO. C-5-5-35/18/2P , FLAT NO: 601, MYTHRI TOWERS PRASANTH NAGAR, KUKATPALLI	India
S2-807525733	M F + B Taxab1e	6405 STONE CREEK TRAIL, TX, FORT WORTH	US
S2-110239007	Surgical Héalth LLC	609 DANVILLE ROAD, DECATUR, AL	US
S2-389773262	Amvi Memorial-Trust Overseas	NO 82 OPP POLICE PARADE GROUND CIVIL LINES, BADAUN, उत्तर प्रदेश	India
S2-157842177	Halimeda Bass, L.C.S.W., (P.C.)	NY, OGDEN, 31 WHITTIER RD	US
S2-812902368	FLORES ELITE PET CAE-LLC	154 ABBEY RD, KEARNEYSVILLE, WV	US
S2-46777321	Interstate Federal Hotels LLC	WINSTON-SALEM, 5700- SHATTALON DRIVE, NC	US
S2-949133216	APEX MATERIALS WORLDWIDE LLC	11735 COUNTY ROAD 5004, BUTLER, MO	US
S2-769510808	Torrent Vimdiga	DOOR NO. #3 , BLOCK B, RK SWAMY CENTRE, HANSA BUILDING, 147 PATHARI ROAD, THOUSAND LIGHTS, CHENNAI, Tamil Nadu	India
S2-874782865	Kirti Farms Overseas LLP	0609/E, GREAT EASTERN LINK, CHS LTD, RAM MANDIR ROAD, GOREGAON WEST, महाराष्ट्र	India
S2-955100177	#valuethird	3904 1/2 REYNOSA DRIVE, AUSTIN, TX	US
S2-224032436	RADHESHYAM LLP ESTATE	FLAT NO. D - D/10, KEERTHI APARTMENTS 8-3-320/210/D, YELLAREDDY GUDA, HYDERABAD, Telangana	India
S2-81580981	Rpi Ceramic Overseas Private Limited	PLOT NO 23A, FIRST FLOOR, KH NO 294 KEHAR SINGH STATE, SAIDULAJAB VILLAGE, L, ANE NO-2, NEW DELHI, Delhi	India
S2-722247491	Caldio Wells	38 ELM LN, STILLWATER, NY	US
S2-398659226	Cascade Veterinary Clínic	1325 Airplane Dr, DUCK CREEK VILLAGE CPU, UT	US
S2-236302728	Big Cleaning Service (LLC)	2208 VIOLA LN, GAMBRILLS, MD	US
S2-607849971	Meyer Hóspital Animal	1921 WATERFORD DRIVE, CITY OF JANESVILLE, WI	US
S2-286362115	HS Ai Limited	NO 63 GOKUL, OPP.GRAND HOTEL, RAMPURA BAZAR, Rajasthan	India
S2-567504953	-- Maskara Sólutions Pvt	A-19PRASHANT VIHAR, DELHI, NORTH DELHI, दिल्ली	India
S2-855428297	Cabral and Foley Group	882- ELKINS FORK, BELFRY, KY	US
S2-710492190	Vega Group	TN, APISON, 3326  PRAIRIE PASS	US
S2-575171696	Partners Anchor Prairie Distribution	657 69, AZ, DEWEY	US
S2-351822798	Elgin Ear Nose & Throat Group  Society	3023 CRANSTON AVE, ELGIN, IL	US
S2-368331961	Letty W. Dungan, Esq.,	1608 GARDEN WAY, ALBUQUERQUE CIYT, NM	US
S2-888030033	Al Limited Services	OFFICE NO 404 4TH FLOOR, SAI MILLENIUM, PUNE CITY, N/A, Maharashtra	India
S2-620754855	Dr Kohinoor Infra Private	NO. 00165/2 , KRISHNARAJU LAYOUT, DORAISANIPALYA IIM POST, BANNERGHATTA RO, AD, BANGALORE, Karnataka	India
S2-147279394	వన్ కన్‌స్ట్రక్షన్స్ ఎల్‌ఎల్‌పీ	H NO:2-28, MYDARAM VILLAGE, DHARMARAM MANDAL, KARIM NAGAR, PEDDAPALLI, తెలంగాణ	India
S2-966985435	Harbor Cómmittee		US
S2-296670248	ASSOCIATED RÉTAIL TECHNOLOGIES	0326 LANE STREET, CHURCH HILL, TN	US
S2-555707870	Hawkins's  Advisory Care	1647. CASON LN, MURFREESBORO, TN	US
S2-697665921	M/s SM INFOTECH PVT LTD	#88/4 , 1ST FLOOR, KUPENDRA REDDY LAYOUT, SINGASANDRA, HOSUR ROAD, BENGALURU, Karnataka	India
S2-536231721	Purple India Private Ltd	D-10, VANDANA APARTMENTS CAHAL ROAD, RAMDASPETH, महाराष्ट्र	India
S2-699195172	Lelah's Lending Group	2370 ARAPAHO ROAD, N/A, FORT MOHAVE, AZ	US
S2-918917310	Trinidad Oriental Inc	2500-2502 BROADWAY, PO BOX 4054, EDMOND, OK	US
S2-234380287	Cascade Cóllege Group (ID: 28251)	617 FOURTH STREET, N/A, SAINT MICHAEL, MN	US
S2-150000368	-- Mcgraw Bay Ímmunopharma Harbor	735 LAKEVIEW AVE, ATL, GA	US
S2-161956716	Main Street Cleaning Sérvice	2235 ST JAMES DRIVE, WILMINGTON, DE	US
S2-764879575	Lucknow Service Private	DOOR NO 1/122 VIJAY KHAND GOMTI NAGAR, LUCKNOW, Uttar Pradesh	India
S2-760535604	Altoona Cultural  Program	619 1/2 17ND AVE, ALTOONA, IA	US
S2-509937094	Uptown Hypnosis, Ltd	116 BROOK RIDGE PL, FOREST, VA	US
S2-574357374	Mer Law  Group LLC	MA, BOSTON, 14 GLOUCESTER STREET	US
S2-225391999	Pindnlcle Inc	5664 LON, AZ, HEREFORD	US
S2-483436853	PRIMARYLEBANONCARE.COM #6463	##725 CEDAR GROVE ROAD, LEBANON, TN	US
S2-787531004	स्टार एक्सपोर्ट्स एलएलपी	H.NO 50 BASEMENT, D-160, BLOCK-D SECTOR-63, NOIDA SECTOR-18, NOIDA, उत्तर प्रदेश	India
S2-251858541	PLLC Riify	2905 PIKE RD, BIRMINGHAM, AL	US
S2-895071828	Kolhapur Services  (India) Private Limited	665 MUNGARI KARCHHANA, KARCHANA, <NULL>, उत्तर प्रदेश	India
S2-894152578	Prairie  Ftai	AZ, 2340 AZALEA DR, CHANDLER	US
S2-646274481	CENTRAL ANALYTICS	47 FOSTER RD, BROOKHAVEN, NY	US
S2-287977915	Patiala Formulation [Overseas]	HOUSE NO. 503, SUNNY ENCLAVE, DEVIGARH ROAD, PATIALA, Punjab	India
S2-791613827	Baba Constructions Group Infratech Company	Orissa, PLOT NO-N-4/226 IRC VILLAGE, JAYADEV VIHAR, BHUBANESWAR	India
S2-162252776	Phillips Classic Kodiak Metro	6125 LAKE GROVE STREET, LAKEWOOD, WA	US
S2-144437050	Lopez Metro Snow Inc	435 Wood Sage Street, BRISTOL, IN	US
S2-352575092	*** UPTOWN HFOIS HOLDINGS	639 7TH AVENUE PLACE, HICKORY, NC	US
S2-684921133	Prime Pmv  Ltd Northside	2638 45TH AVE, MARYVALE, AZ	US
S2-880662813	Southam Learning Center Córp	1435 250, VERNAL, UT	US
S2-136305349	Shivai Foods Private	SRI RANA JAGAR NATH SINGH, B-C-137 HOUSING COLONY, KANKARBAGH COLONY, Bihar	India
S2-810623833	Private Century Erectors Ltd	KAMALA TOWER, NDI (EAST), MUMBAI, महाराष्ट्र	India
S2-30830908	Smt Jai Illumination Private-Limited	H. NO. ##10-4-771/A/2 , FIRST LANCER ROAD, SRIRAM NAGAR COLONY, MASABTANK, HYDERABAD, Telangana	India
S2-845372583	FLORES  INSTITUTE OF-TECHNOLOGY	IL, 11 EIGHTH STREET, BLOOMINGTON	US
S2-698383825	Family Center	194 4TH STREET, TROY, NY	US
S2-182529912	Chandler Trust	LAFOREST RD, MOORS, NY	US
S2-465837411	ONE SUMMIT LP		US
S2-133763910	HARISON HOSPITAL CORP	1-74 MALL 1JESSORE ROAD STAR MALL, MADHYAMGRAM NORTH 24 PARGANAS, BARASAT - II, West Bengal	India
S2-630772014	RAM VENTURES PRIVATE LÍMITED	H.NO 4-59 , GANGAVARAM VILLAGE, KOTHAAMBAPURAM, GURAZALA MANDAL, GUNTUR, Andhra Pradesh	India
S2-139986213	Westem Coastal	01172 BROKEN ARROW TRAIL, ANGLETON, TX	US
S2-865413129	Lozano LLC  Services	357 1/2 SPRINGWOOD DR, BONE CITY, NC	US
S2-690798862	Reed Fox	Countryside Dr, LAKE BARRINGTON, IL	US
S2-779327043	Betancourt, Internet & Baker Utz Inc	73 WASHINGTON ST, BAIEYVILLE TOWNSHIP, ME	US
S2-284511717	हाईटेक इंटरनेशनल लिमिटेड	NO 2 S/O RAM NIRAKHEN RAI, SADHANAPURI, DAHIYAVA TOLA, JOGINIA KOTH, I, CHAPRA, SARAN, Bihar	India
S2-422774904	Eye Group-Inc. Center	Summerwood Dr, LAYTON, UT	US
S2-411345119	Lucky Ice Ctgream (Inc)	124 BRIEF RD, WILMINGTON, NC	US
S2-635942417	Sri VALUABLE TRÉNDING PVT. LTD.	FLAT NO - 902, PARADISE TOWER, GOKHALE ROAD, NAUPADA, THANE, महाराष्ट्र	India
S2-268447092	Co. Sweet Tavern	898 LEEDS DR, BELLMORE, NY	US
S2-961183932	FORREST LLC  MINING	MOKENA TOWNSIHP, IL, 1794 HUNT CLUB DR	US
S2-199235212	Jamuna Private Limited Services	DOOR NO 402 , PLOT NO. 113, YASHIKA APARTMENT, SHREE KRISHNA NAGAR, BORIVALI EAST, Maharashtra	India
S2-998764761	WIY Secure Xcel Inc.	66079 182ST PL, JACOBSON, MN	US
S2-987414512	-- Dynamic  Tech	HAPPY HOME G-24THWATER FIELD ROAD, MUMBAI, Maharashtra	India
S2-39872851	Beth Ministries	1000 WORTHINGTON LN, SPRING HILL, TN	US
S2-49461175	cardiology health inc (ID: 7253)	204 PARKSIDE DRIVE, OH, POWELL	US
S2-63261077	Aspen Center	84 RIDGE AVE, NEWTON, MA	US
S2-980850745	BAXTER'S PREFERRED FISHERIES HOLDINGS	131 ADAMS STREET, PRINCETON, IN	US
S2-769716297	Trout Restaurant  Partners	2992 NORTH BEND ROAD, CINCINNATI, OH	US
S2-576739598	Columbus Catalyst [Lakeside]	COLUMBUS, OH, 1840 GLOBE ST	US
S2-315281031	Moreno All Supply LLC	001035 CHURCH AVE, WY, GILLETTE	US
S2-922159873	Olga P. Caldro,n DO, DDS PC	ALPE LN, N/A, CRAWFORDSVILLE, AR	US
S2-742235388	Sequoia LLC	445 BEXLEY LN, HIGHLANDS RANCH, CO	US
S2-430490738	Celisse's Manufacturing	12700C SAUNDERS RD, ANCHORAGE, AK	US
S2-317374397	#KOKANINDIA	#1-22/12TH FLOOR, YUGDHARMA CHS LTD, G. M. LINK RD., OPP. INORBIT MALL, GOREGAON - WEST, MUMBAI, Maharashtra	India
S2-103194364	Lee County Arts Preferred Fund	593. GREEN HOUSE RD, LEE COUNTY, VA	US
S2-75711327	PRIVATE HABITAT (INDIA) TECH LTD	D.NO:S201, SOWPARNIKA, PROJECTS, NRI GARDEN, COIMBATORE, Tamil Nadu	India
S2-585106009	Covington Interfaith Best	637 CRESCENT AVENUE, PMB 9398, COVINGGTON, KY	US
S2-980361264	A VANHGUMARD BIO, INC	MENASHA CP, 981- DEERFIELD CT, WI	US
S2-513743270	Swann Industries  LLC	MD, 315 QUEENS COLONY HIGH RD, STEVENSVILLE	US
S2-63801241	Advanced Pienanel Media LP	472 HICKORY KNOLL RD, FRANKLIN, NC	US
S2-299980209	Certified Creative Products Holdings	361. HOOVER LN, RICHMOND, KY	US
S2-653459371	Lynnet Yan Metal Works	183 HARVEY LN, N/A, BOONE, NC	US
S2-143232725	Great Center	3485 CENTERVILLE RD, ST PAUL, MN	US
S2-723897112	இன்டர்நேஷனல் பவர் பிரைவேட் லிமிடெட்	MANAPAKKAM, KANCHEEPURAM, தமிழ்நாடு, PLOT NO A2, BLOCK C AIRVIEW GIRIGORI NAGAR M G ROAD	India
S2-295951230	MIA-VENTURES-INC	9733-9737 EUGENIA AVENUE, FONTANNA, CA	US
S2-445109396	automatedaerospacepartners.com	1192 GLENWOOD AVENUE, ONEIDA, NY	US
S2-537997029	Stephanie R. Williams, DPM, P.C.	171 AGRICULTURAL AVE, REHOBOTH, MA	US
S2-810723110	Public Technologies Medico Solutions Limited	FLTNO. 33, VARS GOLDEN GABLES APPT, KORAMANGALA, BANGALORE, Karnataka	India
S2-367970234	RARE BROTHERS  PICRAET LIMITED	D/33, C. R. AVENUE, 9TH FLOOR, ROOM NO. 915, KOLKATA, KOLKATA, West Bengal	India
S2-208680051	bharattrading.com	DOOR NO 246 NEAR BUS STAND VILLAGE DOBHI, HISAR, हरियाणा	India
S2-837324305	सूर्या एक्सपोर्ट्स प्राइवेट लिमिटेड	546, MULLAKHERA BILASPUR, UP INDIA, BILASPUR, RAMPUR, Uttar Pradesh	India
S2-585698283	Primary Care Group Partners Foundation	15667 100ST WAY, REDMOND, WA	US
S2-642921016	Straight Edge Auto Body Corp	562 PLANTATION DRIVE, CHESAPEAKE CITY, VA	US
S2-944147628	PERIDYX INC [CENTER]	629 SILVERTOP ROAD, ARLINGTON, TX	US
S2-760621281	Private Prime Foundation Ltd	Telangana, 8-105, VELALNKY YADADRI BHONGIR, RAMANNAPET	India
S2-765265626	JAS AGRO PRÍVATE LIMITED	708, SHREE BALAJI HEIGHTS NR. TANISHQ SHOW ROOM, C.G ROAD, AHMEDABAD, AHMADABAD CITY, ગુજરાત	India
S2-144609625	Tapia Technologies Cef	7400 OLD LOGAN RD, OH, BERNE TWP	US
S2-882819261	Alpha Cónsultants Private [Limited]	DOOR NO 73 -LGF, WORLD TRADE CENTR, BARAKHAMBA AVENUE, NEW DELHI, Delhi	India
S2-475706495	Corner Hypnosis Ltd	256 MARDI GRAS DR, CITY OF EL PASO, TX	US
S2-664751713	स्काई हॉस्पिटैलिटी प्राइवेट लिमिटेड	H-85/1, F/F, SHIVAJI PARK, NEW DELHI, WEST DELHI, Delhi	India
S2-551353044	#johnsonacp	22, WILD ROSE, WI	US
S2-524230824	romerobeaconinfinite.com	232-234 S LANE, COLUMBUS, OH	US
S2-511106943	Cooperative Agricultural	12 COUNTY ROAD, RAYMOND, ME	US
S2-892054698	ஆனந்த் மை ஹாஸ்பிடாலிட்டி பிரைவேட் லிமிடெட்	NEW NO.040 OLD NO.22, THANIKACHALAM SALAI T NAGAR, CHENNAI, Tamil Nadu	India
S2-487803690	International Agencies Exports Swastik Private Limited	H.NO 2 , 2ND FLOOR, BHAWANI KUNJ, PLOT NO. D3/1, F/F LINE 1, NEAR DEEP PUBLIC SCHOOL, VAS, ANT KUNJ, NEW DELHI, Delhi	India
S2-326452445	Rócky-Eco	1157 ELLWOOD AVE, CANTON, OH	US
S2-828634638	eddysbesteye.com	WAKEFIELD DRIVE, CHARLOTTE, NC	US
S2-829922079	Ranee Andrade Véhide Care		US
S2-121534599	Straight Edge Deli Co	12-A JAMES STREET, RICHFIELD SPRINGS, NY	US
S2-935611265	Hibbs LLC  Art,	1320 LOUISA LN, WILMINGTON, NC	US
S2-71510174	Synciranovi	BANGALORE, 3RD CROSS, YAMALUR, Karnataka, DOOR NO 253, BANGALORE	India
S2-979303211	Stag Inc	DEVELOPERS RD, INDIANAPOLIS, IN	US
S2-361966224	Center Custom Logistics Midtown Inc	4433 POPLAR DRIVE, RALIGH, NC	US
S2-79911022	Shri Palla Fame Infratech Infratech Private	LEVEL 8 &9 OLYMPIA TEKNOS PARK NO31 SIDCO INDUSTRIAL ESTATE, GUINDY, CHENNAI, Tamil Nadu	India
S2-368741512	Dolphin Services Private Ltd	DOOR NO 0402 FLOOR 4 WING E, NEELAMBUJ-E, KANDIVALI (W), KANDIVALI WEST, महाराष्ट्र	India
S2-659362907	Oconnor Ridge Group	WA, OLYMPIA, 002627 ACER LOOP, PMB 9649	US
S2-823100174	N/Y  Pimlican Inc		US
S2-626546137	INTERACTIVE SANGH	BLOCK F-117 S.N157/2/156/1/3A OLD NASHIRABAD ROA JALGAON, JALGAON, Maharashtra	India
S2-956379452	JAGADAL MILLS	NO. 138 JAMAKHANDI TALUK, JAGADAL, Karnataka	India
S2-728230672	ఆల్ హాస్పిటాలిటీ కన్‌స్ట్రక్షన్స్ ప్రైవేట్ లిమిటెడ్	FLAT NO. 424., ANJANI HEIGHTS, GANAVARAM, GANAVARAM MANDAL, KRISHNA, ఆంధ్రప్రదేశ్	India
S2-212698060	Vishnupuri Náwab Ganj Network Private Limited	3/239, VISHNUPURI NAWAB GANJ, Uttar Pradesh	India
S2-389134643	4871 Lincoln Blvd Associates North	2287 16TH ST, GRESHAM, OR	US
S2-494905313	Group Peak River Diamond	14 BRISTOW RD, BOWLING GREEN, KY	US
S2-315291297	Frontier Acrhcoan Education, [LLC]	1622 Sundowner Drive, ST CHARLES, MO	US
S2-317647861	Smith Star Express	OH, CINCINNATI, 009742 HIGHLAND AVE	US
S2-662616520	Sreshta Company Services	VPO CHHAPAR BHIWANI, BHIWANI, Haryana	India
S2-43505201	Private Tejya Refractories Limited	मध्य प्रदेश, BHOPAL, SECTOR B, INDUSTRIAL AREA, MANDIDEEP M.P, HUZUR, #34-B	India
S2-49633502	BOGLE AND RAMOS  INDIGO		US
S2-479004587	FERRAY RÉALTY	OGDEN, 18TH ST, UT	US
S2-560178870	Natalya Bertsch Midwest Eagle Co	2890  12TH PLACE, YUMA, AZ	US
S2-549893548	गैलेक्सी मीडिया प्राइवेट लिमिटेड	NEW DELHI, VIKAS PURI, BLOCK G-129 PLOT NO WZ-43 BODHELA VILLAGE, Delhi, SOUTH WEST DELHI	India
S2-569872	Peru Term Term		US
S2-340931264	Sri Rizadova	H.NO 202 1ST MAIN ROAD, TIRUVALLUR, Tamil Nadu, PONNERI, KKR GARDEN	India
S2-457352450	SRQ  Colombier,	1691  COULEE CT, PO BOX 3852, DAYTON, OH	US
S2-531426283	Jack-Vance	601 46TH STREET, AUSTIN, TX	US
S2-150965879	Urgent Care Group Federation	5111 ARCHDALE DRIVE, CONOVER, NC	US
S2-747561379	Brinna King Services LLC	UT, 1952-1954 200, CLEARFIELD	US
S2-992631178	Mariano & Fehr	14-18 LT SHUBAEL ROAD, HADDAM, CT	US
S2-813957984	LLC Garner, Brlno & Johnson	COMMERCE DRIVE, BLUEFIELD TOWN, VA	US
S2-846535978	Cardiology Center Pllc	7837 1700 ROAD NORTH, PONTIAC, IL	US
S2-746661573	EDBQ Supreme	2039 UTICA SQUARE, TLSA, OK	US
S2-797039920	Fitzgerald And Lama Llc	HYRUM, UT, 150-B 400	US
S2-648793540	PRIVATE SATYA COMPUSERVE LIMITED	HN 912 C-140, GAUTAM PURI PHASE - I BADARPUR, DELHI	India
S2-196088758	East Inc Dte Classic		US
S2-394533528	Greenhouse Safe-Paloma  Inc	10174  VERANO DRIVE, AMARILLO, TX	US
S2-829280506	Isadora's Bright Research Inc.	054 LAKE MARY DRIVE, ALEXANDRIA, MN	US
S2-673822670	DD Ally Industries Private	23, MALASIA AVENUE, MADRAS, Tamil Nadu	India
S2-495565633	PRANSHI LIMITED CENTER	FLAT 306, SHANKAR HEIGHTS, PLOT 56, SEC 36, KAMOTHE, PANVEL, Maharashtra	India
S2-399290662	Global-Vega Chem Pvt Ltd	ELPHINE HOUSE, ANNEXE, 88-C, OLD PRABHADEVI ROAD, FORT, <NULL>, Maharashtra	India
S2-374024727	Macedo Legacy Tax,	210 MOHAWK DR, ANDERSON, IN	US
S2-274350405	UNRUH, HARLI FTAI INC	3ND SAINT, NEWTON, KS	US
S2-977127221	Coastal Learning Centnr LLC	226 GILMER STREET, PO BOX 3660, SULPHUR SPRINGS, TX	US
S2-847374839	Heartland Hospital	2011 LEMURIA STREET, EUGENE, OR	US
S2-272161521	ಗುರು ವೆಂಚರ್ಸ್ ಪ್ರೈವೇಟ್ ಲಿಮಿಟೆಡ್	NO.9/1, 4TH MAIN ROAD, GOKULA 1ST STAGE, BANGALORE NORTH, BANGALORE, ಕರ್ನಾಟಕ	India
S2-125036006	TECHSOFT ROOF  LIMITED		India
S2-185654339	TRUSTED ANALYTICS BRANDS LLC	2401 18 INDIANAPOLIS RD, CRAWFORDSVILLE, IN	US
S2-30847394	PVT AGRA TGEHNCO LTD	NO 84/9 CHANKYAPURI MANAS NAGAR, AGRA, Uttar Pradesh	India
S2-537854766	MODERN SÍGNATURE PAYMENTS	102-104 NICHOLSON STREET, BUFFALO, NY	US
S2-278706261	एस सॉल्यूशंस एलएलपी	E4/1216, PALGHAR, THANE, Maharashtra	India
S2-236800702	इंडियन ट्रेडिंग	H.NO 584 HOUSE NO 493/G-73 KH 368, RISHI NAGAR SHAKUR BASTI, DELHI, NORTH WEST DELHI, Delhi	India
S2-120771780	Hanson, Jdsni & Quinlan Inc	CROWN PONIT, IN, 8830 DCRBIN COURT	US
S2-148634621	GBFXE INC	745 MONROE DRIVE, ATL, GA	US
S2-74154365	Nessa Seyer D.C. P.C. of Cincinnati	6000 OAKWOOD AVENUE, CINCINNATI, OH	US
S2-744269045	JONES CLORM TPG GROUP	16814 WHITEOAK CANYON DRIVE, HUMBLE, TX	US
S2-319789356	JANGPURA B AUTOMOTIVES PRIVATE LTD	9-, MATHURA ROAD, JANGPURA B, दिल्ली	India
S2-224980295	South Private Limited Services	PLOT 9-59 C/O VIKASH KUMAR, WARD NO-09, KANSI, SIMRI, DARBHANGA, Bihar	India
S2-815337584	Arham Aqua Pbgivate-Limited	77A, TELEPHONE EXCHANGE ROAD, DILSHAD GARDEN, SHAHDARA, NEW DELHI, Delhi	India
S2-613343223	Dermatology Preferred Group Harbor	710 STEELE SAINT, PORTLAND, OR	US
S2-271555689	Cruz Parts	1207 ORCHARD ST, WAYNE, IN	US
S2-321891660	-- NAMAN CHARITABLE TRUST COMPANY	1ST FLOOR, SONIPAT, हरियाणा	India
S2-70991129	MILES'S SECURITY PARTNERS	##47 SCHOOL HOUSE ROAD, WEMYOUTH, MA	US
S2-253704160	Maid Bistro Co	2972 OLYMPIC PLACE, ENUMCLAW TOOWNSHIP, WA	US
S2-207084937	Delta Trust  III Holdings	4956 ESSEN LN, BATON ROUGE, LA	US
S2-335038001	LLC Desert Global	IN, INDIANAPOLIS, 5766 SORBUS CT	US
S2-450648359	Creative  Defense Service	SOUTH BEND, 929 BRYAN ST, IN	US
S2-548879220	ଇନୋଭେଟିଭ୍ ଲଜିଷ୍ଟିକ୍ସ୍ ପ୍ରାଇଭେଟ୍ ଲିମିଟେଡ୍	PLOT NO-1259/11125, BHUBANESWAR, KHORDHA, Odisha	India
S2-125448620	హరి ఇండస్ట్రీస్	H NO:5-4-368, PLOT NO: 36 KAMALA NAGAR, VANASTHALIPURAM, HYDERABAD, తెలంగాణ	India
S2-213874601	5ARASITA VENTURES PVT LTD	S. NO. 216/17/1, BARAMATI, PUNE, Maharashtra	India
S2-444528389	Rivera Secure Vision Center	##8286 DILLARD RD, WILSON, OK	US
S2-140550490	Autism Assistance Charities LP LP	15142 105TH AVENUE, YELM CITY, WA	US
S2-960258435	Tibrium Enterprises	##105 CHERRY ST, <NULL>, MOUNT HOLLY, NC	US
S2-505083731	NATIONAL NÉTWORK PARTNERS INC	003908 MADISON ST, IN, GARY	US
S2-162494835	GORMLEY GRAVITY SUPREME LLC	611 GROVEWOOD LANE, NC, BOLIVIA	US
S2-919584793	Dr Maple Tragign Pvt Ltd	1ST FLOOR MEDA TOWER, DOOR NO XXIV/527-542, SEA PORT AIRPORT ROAD, T V CENTER, ERNAKULAM, കേരളം	India
S2-475419520	DHARMA & BROTHERS GROUP PRIVATE LIMITED	0019 VIJAY NAGAR SHOPPING CENTER, B NO 1681/B SAMROLI VILLAGE: SAMAROLI, TALUKA CHIKHLI, CHIKHALI, Gujarat	India
S2-729287557	REMY NASH BOX, LLC [SERVICES]	1248. CLAY HILL DRIVE, MONTICELLO, UT	US
S2-849136094	ನ್ಯೂ ಟೆಕ್ನಾಲಜಿ ಪ್ರೈವೇಟ್ ಲಿಮಿಟೆಡ್	DOOR NO 222 TO 228, BANGALORE NORTH, BANGALORE, Karnataka	India
S2-158757260	Royal Analytics Center	N3983 EHRKE ROAD, FORT ATKINSON, WI	US
S2-804304429	ರಾಜ್ ಪ್ರೊಡಕ್ಟ್ಸ್ ರೆಸ್ಟೋರೆಂಟ್ ಪ್ರೈವೇಟ್ ಲಿಮಿಟೆಡ್	189/8, MUMBAI, BENGALURU, Karnataka	India
S2-398568734	1730 Sixth Blvd Holdings Ltd	BRIARCLIFF MANOR, NY, 5 CEDAR DR	US
S2-248578795	Keystone Harbor  Sprott Corp	409 HUTTON LANE, PO BOX 1949, JEFFERSONCITY, MO	US
S2-802873219	Bodyne Partners Partners	227C WASHINGTON STREET, CONNEAUT, OH	US
S2-832324901	Prabhu Polytechnic Exports Corporation	NO 12 OM VIHAR PH-III EXTN UTTAM NAGAR NEAR HAPPY CAMBRIDE SCHOOL, NEW DELHI, Delhi	India
S2-879617590	Akita Limited Center	DOOR NO 567 C, AGRASEN CHOWK AMBALA, AMBALA, Haryana	India
S2-815037725	Colon Learning Center East Inc	474 GIRARD AVE, EAST AURORA, NY	US
S2-621473436	Green [International]	109, BLOCK 28, LIG, SECTOR- 99, G.B NAGAR, NOIDA, उत्तर प्रदेश	India
S2-727477424	Atlantic Data Ltd	006705 WHISPERING SANDS DRIVE, MADISON TOWNSHIP, OH	US
S2-687591963	Beatrix Lachance, Lachance, Ph.D. Corp	4609 SDYRE AVE, HARWOOD HEIGHTS, IL	US
S2-315918323	इंडो प्रोड्यूसर होटल प्राइवेट लिमिटेड	D-21, MUMBAI, Maharashtra	India
S2-515459751	FFS Pampa Piedmont	20 LIVINGSTON STREET, GENESEO, NY	US
S2-779485994	THE  HEALEY NATIONAL CAP LLC	OH, FRANKLIN TWP, 1728 MAIN STREET	US
S2-534415637	SCHMIDT'S ENVIRONMENTAL RAPID SERVICES	0018 COACHMAN CT, RANDALLSTOWN, MD	US
S2-488915476	ACE  TRANSPORTATION	5136 KIEFFER RDG, INDEPENDENCE, KY	US
S2-419509015	Stag LLC	10729 LAFAYETTE AVENUE, SHIRLEY, IL	US
S2-200925331	CORNER YOGA LLC	278 PEARL STREET, MALDEN, MA	US
S2-666342792	Inc. Chiropractic Care	571 EVES NECKLACE DR, BUDA, TX	US
S2-385374278	Almond Cancer-Society	8893 BAILEY HILL ROAD, ARKPORT, NY	US
S2-774048672	The Eye Associates L.L.C.	HUNTSVILLE, NULL, AL, 10058 TORINO DR	US
S2-307272578	PRIVATE PRERNA (LNDIA) SYSTEMS LIMITED	D-68, SECOND FLOOR HAUZ KHAS, FARIDABAD, Delhi	India
S2-32352205	BUNEA INC SERVICE	5303 ROBBINS WAY, GROVE CITY, OH	US
S2-853214687	Vantyn Markets	CHURCHVILLE, 61 STUART RD, NY	US
S2-778604392	MW Communication-Limited	016, GANGADHAR BABU LANE 2ND FLOOR, KOLKATA, West Bengal	India
S2-558810816	Z 9 Douglas Inc Center	16 NORTHGATE ROAD, GREECE, NY	US
S2-421612601	PJ Newhold  Parotes	IDLEWOOD CT, LA PORTE, TX	US
S2-153235761	Ectowexbelo	Telangana, HYDERABAD, ROAD NO. 82, ABOVE BANK OF INDIA FILMNAGAR, JUBLIEE HILLS, HYDERABAD, PLOT NO.1	India
S2-809459605	Dotty D. Westmoreland, DPM Corporation	7637-7641 114TH STREET, PMB 879, SEATTLE, WA	US
S2-130619898	ईस्ट इंफ्रास्ट्रक्चर	5/815, FF, JAGRITI ENCLAVE VAISHALI SECTOR 5, GHAZIABAD, Uttar Pradesh	India
S2-71201246	Supreme Heritage LLC Center	98, RANBURNE, AL	US
S2-568704025	माय सर्विसेज प्रा. लि.	#804 CTS 337/1, SAI SAMARTHA DEOANAR VILLAGE ROAD, MUMBAI, MUMBAI CITY, Maharashtra	India
S2-401210844	भारत डेवलपर्स प्राइवेट लिमिटेड	H.NO 141/2, POHEGAON, TAL- KOPARGAON, RAHATA, AHMED NAGAR, महाराष्ट्र	India
S2-683312986	NATIONAL  TREE	#7900 46TH ST, PHOENIX, AZ	US
S2-813595060	Steffane Farrell, Corp Center	5233 10TH ST, PORT ARTHUR, TX	US
S2-42320993	अल्फा बिजनेस होटल लिमिटेड	FLAT NO.1-24, B-WING, SHRI ASHTAVINAYAK APT, GREATER BOMBAY, THANE, Maharashtra	India
S2-369125410	AMANDI'S LEGACY DELI COASTAL [LLC]	191 NORTH COUNTY BOULEVARD, AMERICAN FORK, UT	US
S2-362717442	Ventures Achintya  Laboratories Holdings Private Ltd	H.NO-620, MOHANA ROAD VILLAGE CHANDAWALI, BALLABGARH, Haryana	India
S2-749984637	Y & I Street, Ltd Service	118 SGER RD, VALPARAISO, IN	US
S2-831117180	Advanced Media Advisors Partners	11010 CHOICEANA AVENUE, HESPERIA, CA	US
S2-345917206	Metropolitan Managers Llc	ROCHESTER, 3 MANILA ST, NY	US
S2-690150443	Mr Lodestar Brothers Ventures	#74 TRINITY, 5TH FLOOR, BLOCK-A, 226/1, A.J.C BOSE ROAD, KOLKATA, KOLKATA, West Bengal	India
S2-114171211	ಎಸ್ಎಸ್ ಪ್ರೊಡ್ಯೂಸರ್	647, 35/29, 03RD FLOOR, 11 MAIN ROAD, JAYANAGAR 5TH BLOCK, BANGALORE, BANGALORE SOUTH, Karnataka	India
S2-689049050	mohler summit tpg l.l.c.	NEW BEDFORD, MA, PMB 5946, 16 CLINTON STREET	US
S2-212279628	Real Food LLP	2, BIDHAN SISHU SARANI, KOLKATA, KOLKATA, West Bengal	India
S2-727114108	Sova LLC Fargo	FRANKLINTON, NC, 220 HILLSBOROUGH	US
S2-391281368	Throckmorton Smith Crystal Truist  PLLC	10505 TRIPP AVE, OAK LAWN, IL	US
S2-247593592	AHAM-POLYTECHNIC PRIVATE	SHREEDUTTA APTS SHOP NO 5, VINODHEALTH CLUB KISAN RD, MALAD WEST, Maharashtra	India
S2-748347027	Patriot  Initiative Holdings	##35 ROUND HILL DR, RADFORD CITY, VA	US
S2-643634483	Vishwa Solutionsprivate Priadte Limited	#94-95 , NEAR PETROL PUMP KHERDA, SWAI MADHOPUR, Rajasthan	India
S2-252010908	NEW LIFE MINISTRIES GROUP	#43949 Highway 23, HUNTSVILLE, AR	US
S2-535538356	Private JA Products Ltd	IMAGE TRADE CENTREAMEERPET HYDERABAD, ANDHRA PRADESH, Telangana	India
S2-731215113	VCS Production L.L.P.	112-113 MANAS BHAWAN EXTN11, RNT MARG, INDORE, Madhya Pradesh	India
S2-345407323	శివ్ హెల్త్‌కేర్ ప్రైవేట్ లిమిటెడ్	D.NO. 7-2-871/2, E-4MS COMPLEX, KASBA NIRMAL, ADILABAD DIST, Telangana	India
S2-174396062	Carter,-Harrison & Dejesu Environmental Services		US
S2-752790430	Laxmi Agro Parceivsne Limited	13/328 DAKSHINPURI EXNT, NEW DELHI, Delhi	India
S2-713135503	Marvellous Hydro Infratech Pvt Ltd	H.NO. 30, JYOTI NAGAR, FATEHPUR ROAD, BANDA, उत्तर प्रदेश	India
S2-211838062	LOWER IHODG ÍNC	0010000 SUMMIT AVE, GASTON, OR	US
S2-741639927	All Education Associates Llc	POQUOSON CITY, 1204 POQUOSON AVEUE, VA	US
S2-256518183	Garden Electric Private Ltd	35, HANUMANPUR, MUNDGOD, MUNDGOD, Karnataka	India
S2-908457811	Vema (India) Laxmi Private	A-57, MAHA LAXMI NAGAR, INDORE, Madhya Pradesh	India
S2-180758715	పయనీర్ సాఫ్ట్‌వేర్	SY.NO. 0203/01 & 204/B, DP PALLY, QUTHBULLAPUR, K.V.RANGAREDDY, RANGAREDDY, Telangana	India
S2-205034666	Koshika + Private Limited Services	UNIT 33 GR FLR ORCHID PLAZA CS LTD NR MOVIE TIME DAHISAR EAST R T ROAD MUMBAI, MUMBAI, महाराष्ट्र	India
S2-918895053	ईस्टर्न मीडिया प्राइवेट लिमिटेड	VATSALYA HOUSE, THANE, Maharashtra	India
S2-444452024	Tech Prestige Technology	# 2 14TH MN SHUBH ENCLAVE, HARLUR ROAD KASAVANAHALLI, BANGALORE STUTH, ಕರ್ನಾಟಕ	India
S2-633677238	Inc Behavioral Health Care Assoaicats	63 MARGIN DR, BROOKHAVEN, NY	US
S2-841227826	Inter Vinimay  Ltd	Delhi, BLOCK D-837 R - 23, LG - 14, NEHRU ENCLAVE, KAKKAJI	India
S2-4675625	Gdar & Co	D-255, PHASE-VIII, FOCAL POINT., LUDHIANA, Punjab	India
S2-789359148	Salsify  Chem	NO. 612. 12040, 12TH FLOOR, TOWER ROSEWOOD, MAHAGUN MYWOODS, GREATER NOIDA EXTENSION, NOIDA, Uttar Pradesh	India
S2-612119416	creativeinnovativeramaco.com	6810 TRYON ST, N/A, CHARLOTTE, NC	US
S2-270140435	HUDGINS, ARLYN C., M.D. SUMMIT	216 AVERY AVE, PO BOX 7333, MORGANTON, NC	US
S2-594193732	Smithson Áviation Holdings	79 COUNTRY SQUARE, MORGANTOWN, WV	US
S2-758355577	*** COVELLPOPE.COM	14 MAIN ST, FARMINGTON, ME	US
S2-274323360	ATLANTIC INSTITUTE,	4248 GRANDVIEW AVE, DES MOINES, IA	US
S2-625899005	Vanguard  Logistics Partners Inc	802D CHAPMAN STREET, GREENSBORO, NC	US
S2-230281581	Slone &  Thomas P.L.L.C.	SOLON, LONG DR, IA	US
S2-674862293	Sun Media Private Límited	#C-4/231 , NEW NO.4/125, E, B, COLONY THRIUPALLI, MADURAI, தமிழ்நாடு	India
S2-974623300	Uptown Diner Group	2852-2854 GREEN SUMMERS ROAD, HALLS CROSSROADS, TN	US
S2-715905554	JN Limited Infotech	0019-14-57, 2ND FLOOR, RAGHAVENDRA NAGAR, TIRUPATI (URBAN), Andhra Pradesh	India
S2-351925196	Misoft Enterprises Incorporated	3 PEMBROKE ST, CHELSEA, MA	US
S2-488204614	मां इम्पेक्स प्राइवेट लिमिटेड	PLOT 743 32, SURYAJI NIWAS, 200, SENAPATI BAPAT MARG, DADAR (WEST), MUMBAI, MUMBAI CITY, Maharashtra	India
S2-735844220	Sirius Diversified  Partners	900 GREENTREE RD, NEWARK, DE	US
S2-381747268	Express Aerospace Works Holdings	MA, 25 BARBARA ST, WESTPORT	US
S2-949845335	Gress Institute of Technology LP	00102 WOOD RIVER AVENUE, EAST ALTON, IL	US
S2-475652190	Ventura Sterling Flex Corp	208 1/2 ELM ST, AMBIA, IN	US
S2-489103612	(INDIA) BHAGYASHREE  NATURE PRIVATE LIMITED	Uttar Pradesh, S-05, SECOND FLOOR, OXY HOMEZ, BHOPURA, GHAZIABAD	India
S2-624920895	Behavioral Health Vanguard Inc. Center	OAKVILLE, 2550 PIONEER DR, MO	US
S2-810843780	Jain Agro Public Limited	A-0067, SECOND FLOOR, NARAINA INDUSTRIAL AREA, PHASE-I, NEW DELHI, Delhi	India
S2-65176276	ruthespinnacletax.com	#15 WEBSTER LN, HEBRON, CT	US
S2-441769049	LLC Doyle Federal Therapy	44 LONGHORN DRIE, HENRIETTA, NY	US
S2-125297289	Buix  Bankshares LLC	CONWAY, 16 GOLD LAKE CLUB RD, AR	US
S2-371850661	Rosen and Shelton	28915 GENEVA DR, NULL, SPPRING, TX	US
S2-929443380	silverintercontinental.com	Alamo Trl, TEMPLE, TX	US
S2-207973321	WLW Sadashiv LLP	NO 17 UPPER GROUND FLOOR, HOUSE NO. 8 LOK VIHAR, PITAMPURA, DELHI, Delhi	India
S2-499198461	APRILETTESMASSAGEBELLEROSE.COM	247-26 88 Drive, N/A, BELLEROSE, NY	US
S2-736110069	Vertex Beverage, LLC	1728-B WINDSOR VILLAGE WAY, KNIGHTDALE, NC	US
S2-269775293	SEROON GROUP	1414 BROADWAY AVE, SALEM, IL	US
S2-84813397	Verna Laar, Esq. Inc.	5250 NEW SAVANNAH ROAD, BURGAW, NC	US
S2-654263813	LUCKNOW HOLDINGS PVT. LTD. SERVICES	KHASRA NO 92 , GOYALA DEWA ROAD, LUCKNOW, Uttar Pradesh	India
S2-361825805	വിഷൻ ഇൻഫ്ര Limited	7/149, MALAPPURAM, MALAPURAM, Kerala	India
S2-80136132	Dr shivgangaresorts.com	163/11, MAIN ROAD SOUTH, PETHANAIKANPALAYAM, ATTUR, தமிழ்நாடு	India
S2-237416325	Harrell & Green (Inc)	ND, WAHPETON, 1607 10TH ST	US
S2-895944720	FIRST PRINTING ALLIANCE  CO	1210 COMMERCE DR, GREENVILLE, TX	US
S2-83498409	FANOTE INC	130 GILE ROAD, ALFRED, ME	US
S2-345152867	Schuster Manulife Ltd		US
S2-14852627	Atlas  Incorporated	0016409 CURRIE RD, MONROE, WA	US
S2-667274253	KEYSTONE  BLOCK LLC		US
S2-181566415	Wow Health Private	#89 , RATHI LAY-OUT BUDHA VIHAR DAVLAMETI, NAGPUR, Maharashtra	India
S2-940187710	SG PRINTING	#122 MANDAKINI ENCLAVE ALAKNANDA, NEW DELHI, Delhi	India
S2-95883726	Public Galaxy Fortune Consultants Limited	U-10 SECOND FLOOR GREEN PARK EXTN., NEW DELHI, SOUTH DELHI, Delhi	India
S2-763453108	Flores Seafood of Park City-(summit Co)	1496 EMPIRE AVENUE, PARK CITY TOWNSHIP, UT	US
S2-738629358	Royal Archimedes L.L.C.	HIGH STREET, CA, MOORPARK	US
S2-251923115	ஈஸ்ட் சர்வீசஸ் பிரைவேட் லிமிடெட்	NO.28, CHENNAI, Tamil Nadu	India
S2-595932825	सूर्य फाइनेंस प्राइवेट लिमिटेड	NEHRU KENDRA, MJP ROHILKHAND UNIVERSITY PILIBHIT ROAD, BAREILLY, Uttar Pradesh	India
S2-867197250	Golden Robotics	92. WILKES ST, BEACON, NY	US
S2-706168001	ADVANCED ADVANCED ASSOCIATES SERVICES	1041. WESTSIDE DR, ASHDOWN, AR	US
S2-895860200	Jewel Simone Platinum Pet	##575 400, UT, SALT LAKE CITY	US
S2-789511558	Hisar Edibles-(India) Private Private Limited	H.NO 9-1701 , EVELINA, HIRANANDANI ESTATE G. B. ROAD, PATIL PADA, THANE (WEST), THANE, Maharashtra	India
S2-402495223	Allied Machines	1612 CHAMBERS ST, NULL, WICHITA, KS	US
S2-707420806	@goldenconstructions	PANSI HOUSE, BUNGLOW PLOT NO 75 3/1, BESIDE PRAYAG CHS, LOKDHARA, KALYAN, महाराष्ट्र	India
S2-715522197	GUJARAT ESTATE PRIVATE	38, VILL: BISKOHAR, WARD NO.15, SIDDHARTH NGR, ITWA, Uttar Pradesh	India
S2-809654334	BRICKNER, COPPERSMITH COPPERSMITH & CARLETON	1608 CAMBRIDGE AVE, FLOSSMOOR, IL	US
S2-404639263	Kerior Central LLC	63 EVELYN PL, STATEN ISLAND, NY	US
S2-39401964	Pediatric Denta1 Associates [Partners]	BOONE, NC, 0122 SHILOH LN	US
S2-977599464	Grace Chapel	NANDALE LANE, BALLWIN, MO	US
S2-728005808	Ztceedx (Inc.)	21339 YORK COURT, KILDEER, IL	US
S2-604564398	CORNER-ICE-CREAM	2004 MAAT DR, COPPERAS COVVE, TX	US
S2-505326493	Legacy Select Networks Inc	027123 268TH SAINT, RAVENSDALE, WA	US
S2-110236539	Janani Limited Ventures Brothers	78 N S ROAD 3RD FLOORROOM NO 323 P S BURRABAZAR, KOLKATA, পশ্চিমবঙ্গ	India
S2-233296375	जय फूड्स एलएलपी	R C BARRACK NO #14, BOMBAY, Maharashtra	India
S2-532389987	Limited Sky Impex Center	25, STRAND ROAD MARSHALL HOUSE, 6TH FLOOR, ROOM NO-613, HOWRAH, পশ্চিমবঙ্গ	India
S2-358237238	Sree Logistics  Pvt	Punjab, PLOT NO. E-B3/308, INDUSTRIAL AREA, PHASE 8A, S.A.S.NAGAR (MOHALI)	India
S2-121218272	Barry's Consulting-LLC	#214 MARKET ST, WOLCOTT, IN	US
S2-865716565	Royal Desert Magaelrms, L.L.C.	504 OHIO ST, BLUFFTON, IN	US
S2-958833026	अल कंस्ट्रक्शंस	PVT NO.302, UPPER 3RD, FLOOR, C-46, KIRAN GARDEN, NEW DELHI, WEST DELHI, दिल्ली	India
S2-300443159	బాలాజీ ఐటీ ప్రైవేట్ లిమిటెడ్	##89, ROAD NO 8, HAYATH NAGAR RAMANUJA NAGAR COLONY, MUNUGANOOR., HYDERABAD, RANGAREDDY, తెలంగాణ	India
S2-527827123	Rotecis Central	678 FERRY ST, BUFFALO, NY	US
S2-126411084	FRESH SUMMIT PRIME LLC		US
S2-419837913	Jenilee Avdic Bright Transport Corporation	PMB 2931, AL, MOBILE, 6445 PRINCETON WOODS DR	US
S2-972265060	Aarvaya Benefit Private (Limited)	R/O 12-2-418/1/B/21, VISHWAS NAGAR, MEHDIPATNAM, ASIFNAGAR, Andhra Pradesh	India
S2-616432525	ॐ इंफोटेक लिमिटेड	HOUSE NO - 45-0-321 EWS, VILLAGE CHILLA, MAYUR VIHAR PHASE I, EAST DELHI, NEW DELHI, Delhi	India
S2-735201125	DMD Ecommerce-Pvt Ltd	DOOR NO IX/169 K 1ST FLOORSDF IT BUILDING INFO PARK KAKKANAD P O KOCHI, ERNAKULAM, Kerala	India
S2-409726115	FF Limited Private Partners		India
S2-592507930	PRAYOSHA TECHNOLOGIES PRÍVATE LIMITED	A/A-603, SENTOSA HEIGHTS, OPP. ASHIRWAD ENCLAVE, ALTHAN, BHIMRAD CANAL ROAD, BHIMRAD, SURAT, Gujarat	India
S2-35411465	Arthur and Howe	MO, MEHLVILLE, 3438 EVERGREEN LN	US
S2-882346867	Monika Reynosd Intermediate L.L.C.	4271 BROOKSTOWN DR, BATON ROGE, LA	US
S2-886987750	Hunt lnstitute of Technology	4077 WALWORTH RD, WALWORTH, NY	US
S2-277962442	ग्रेट प्रॉपर्टीज प्रा. लि.	CENTRAL PARK FLOWERVALLEY, VILL-DHUNELA, SOHNA ROAD, GURGAON, Haryana	India
S2-685923101	TILAKELECTROMECH.COM	FLAT NO. A-00704, PRIME HEIGHTS, OPP. ABHINAV COLLGE SUS ROAD, PASHAN, PUNE, Maharashtra	India
S2-705723919	Trikaal Trading Enterprises Ltd	H.NO ##335 , KHATA NO., 308, KHIDARPUR, GOTOLI, TIZARA, Rajasthan	India
S2-782160235	#EMILYMARTINEZ	100 T P White Drive, JAKSONVILLE TOWNSHIP, AR	US
S2-568951817	JAY JAIN GLOBAL	H. NO. 13-15 , NEAR PATHA CHIRALA GATE, HASTINAPURAM, DEVANGAPURI, CHIRALA, CHIRALA, Andhra Pradesh	India
S2-595795733	Shivam Infrastructure	IX/159 A, SECOND FLOOR, CFC BUILDING, KINFRA PARK OFFICE, INFOPARK, KANAYANNUR, Kerala	India
S2-232323896	Varanasi Propulsion  Private	31, CHURMANPUR, MODAILA, BHULLANPUR, VARANASI, Uttar Pradesh	India
S2-135350474	IBBIE WEHNER INFLECTION	#304 VIRGINIA DARE TRL, null, KILL DEVIL HILLS, NC	US
S2-232484718	Regional Dental Associates Corp.	12263 ZEALAND AVENUE, CHAMPLIN, MN	US
S2-377025409	जय प्रोड्यूसर प्रा. लि.	344/1 OFFICE NO 4 & 5 VAISHNAVI APARTMENT NEAR MODI GANPATI NARAYAN PETH PUNE, PUNE, Maharashtra	India
S2-369512941	Adinath Brothers-Pvt. Ltd	Rajasthan, 3/80 SECTOR-8 HALDI GHATI MARG PRATAP NAGAR SANGANER, JAIPUR	India
S2-441606900	అర్బన్ బిజినెస్ ఎంటర్‌ప్రైజెస్	H.NO 62 ARYA NAGAR, NIZAMABAD, Telangana	India
S2-923853202	ZXS-Investment Pvt Ltd	C/O QUAZI MD AMINUL ISLAM, RAMNA ETBARNAGAR, MURSHIDABAD, পশ্চিমবঙ্গ	India
S2-453482489	united devices		US
S2-626058699	henderson desert biopharma corp	355-359 WILSON STREET, AUBURN, AL	US
S2-196618803	Services India Natures	606 TO 608 SHAPATH-5, OPP. KARNAVATI CLUB, AHMADABAD CITY, Gujarat	India
S2-181945985	Ace Parameshwari Private	Maharashtra, SR.NO.106/4 BALAJI GODAUN, NAPAWADI ROAD, RAHATA	India
S2-590714216	New Delhi Infratech Públic Limited	BLOCK G-644 121, TRIBHUVAN COMPLEX, FIRST FLOOR, ISHWAR NAGAR MATHURA ROAD, NEW DELHI, Delhi	India
S2-864105147	# 1 Ltd Petroleum QU	22 RUSSELL ST, BOSTON, MA	US
S2-937887502	सुप्रीम टेक लिमिटेड	AKASH LAWNS, PUNE, HAVELI, Maharashtra	India
S2-18877748	firstisrael.com	5801 RED MACLE RD, PO BOX 318, FT WORTH, TX	US
S2-689428234	New Synthetics Private Limited Services	C-334 FIRST FLOOR VIKAS PURI, NEW DELHI, Delhi	India
S2-308859601	श्री ट्रेडिंग सॉल्यूशंस लिमिटेड	1/4, LUCKNOW, Uttar Pradesh	India
S2-388981331	easterncertifiedinvesco.com	2731 LAKESIDE DR, PO BOX 3563, INCORPORATED, WA	US
S2-156443143	Metro Lhengedng Inc.	1640 ARUNDEL STREET, PO BOX 5386, SAINT PAUL, MN	US
S2-100798928	Kaira Technologies Private  Limited	H NO 683/6, GALA 2, 1ST FLR OLD GAURIPADA, BHIWANDI, null, महाराष्ट्र	India
S2-385325065	The Owens Midwest  Ingredients	130 BILLINGS AVENUE, PARSONS, WV	US
S2-60332086	Arbor Sangh Corp	1S FLOOR, NO.5, 14TH A MAIN, 15TH CROSS, SECTOR 4 HSR LAYOUT, BANGALORE, Karnataka	India
S2-833227760	Smt Swastik Industries Private Limited Center	FLAT NO-B-12, PLOT NO-13, GROUND FLOOR, MIG CAT BLOCK-B, SUNDER APARTMENTS, SECTOR-14, R, OHINI, NEW DELHI, Delhi	India
S2-57398306	মা সিস্টেমস প্রাইভেট লিমিটেড	CALCUTTA, HOWRAH, West Bengal, D/8, CANNING STREET, 2ND FLOOR, R.NO-202, KOLKATA	India
S2-985727074	Co Logan Gss	163 ALTON LN, N/A, BOONE, NC	US
S2-609888752	Kimberly Sangh L.L.P.	H.NO 639 HOUSE NO.3208 PLOT NO 10, BLOCK -B MOHINDRA PARK, DELHI, Delhi	India
S2-848633916	Noida Hari Private Ltd	030 , BLCOK - HL SECTOR - 130, NOIDA, Uttar Pradesh	India
S2-284542259	Hultgren Care		US
S2-154795306	Autism Assistance Cóuncil LP	518 7TH STREET, KEOTA, OK	US
S2-636826764	Frontier Ínstitute	DEER PARK COURT, HARRISBUG, NC	US
S2-752081733	Dermatology United LLC	14219 CHICO JOURNEY AVE, MARANA, AZ	US
S2-631869569	Dr Macro Institute of  Technology Overseas	58 RAM NAGARI ASHIANA DIGHA ROAD, PATNA, बिहार	India
S2-454355317	Inc. Lower Valley Flóating	#1900 22ND AVE, NORTHPORT, AL	US
S2-743455401	Onkar Securities Ventures Ltd	Uttar Pradesh, FLAT #1012, TOWER O, 10TH FLOOR, SEC 74, NOIDA	India
S2-18050849	PUNJABI OVERSEAS	#5 SAKTHI VIJAYALAKSHMI NAGAR, 2ND STREET, CHENNAI CITY CORPORATION, Tamil Nadu	India
S2-735647694	GRETTA W. MARK, D.C. CO	115 1/2 44/76, CALEDONIA, MN	US
S2-392398825	Mangla Formation (India) Private Ltd	Delhi, R- 30, BACK SIDE, MODEL TOWN 3, DR. MUKERJEE NAGAR NORTH WEST DELHI, DELHI, DELHI	India
S2-63154993	ಬಾಂಬೆ ಸನ್‌ರೈಸ್ ಎಸ್ಟೇಟ್ ಪ್ರೈವೇಟ್ ಲಿಮಿಟೆಡ್	NO 186, 5TH CROSS, JANKIRAM LAYOUT GEDDALAHALLI, HENNUR, BENGALURU, BELLARY, Karnataka	India
S2-478122065	certifiedflag.com	217 TOR ROAD, NEW CITY CDP, NY	US
S2-185776341	बेस्ट क्रिएटिव एग्रो प्राइवेट लिमिटेड	#0845 7, SALAIMPUR ROAD LALITA NAGAR, MAHOLI, MATHURA, Uttar Pradesh	India
S2-204440999	Eye Platinum Specialists Corporation	828 CAJILLA, SAHHUARITA, AZ	US
S2-417725545	YA  Legacy Karbon Corp	342 SMITHWICK CREEK CHURCH ROAD, WILLIAMSTON, NC	US
S2-706527843	The Dent Coffee Partners	203 G ST, LA HARPE, IL	US
S2-749852939	Goa Trading Group Private	H.NO 77 NEAR TULJA BHAVANI CHOUK, AMBEWADI ROAD NO 21/32, THANE, Maharashtra	India
S2-121549347	Cardiology Associates of Whitman	66 POND STREET, WHITMAN CITY, MA	US
S2-46771753	Regional Manulfe	1651 HIGHWAY 70 71, DE QUEEN, AR	US
S2-599864991	Mena Diamond Energetics Corp	210 PEARL ST, GENESEO, IL	US
S2-730043743	Metro Medical  Cernet Group	HN 730 HOUSE NO- 606, FLAT NO- 6, 2ND FLOOR, NEAR GULIA GENERAL STORE, RANGPURI, MAHI, PALPU,R DELHI, Delhi	India
S2-761559953	Childs Advanced Mortgage LLC	718 8TH STREET, <NULL>, GRANTS PASS, OR	US
S2-555401643	Srichakra Tcradnrs Limited	FLAT NO 2, 1ST FLOOR, BUILDING NO 29/31, SAVITA SADAN VP ROAD, 1ST PARSIWADA LANE, CP TANK, GIRG, AON, MUMBAI, Maharashtra	India
S2-397718123	मॉडर्न सर्विसेज प्राइवेट लिमिटेड	SH-1/35-H-10, CHUPPEPUR SHEOPUR, VARANASI, Uttar Pradesh	India
S2-131125837	Lokesh Educational Society Company	हरियाणा, NO 4 FIRST FLOOR, SHASTRI NAGAR, ARAINPURA ROAD BHAGAT RAM COLONY, GATE NO 2 GHARAUNDA, KARNAL	India
S2-813449730	फर्स्ट फूड्स प्रा. लि.	WARD NO-25, PS-LAHERIASARAI, PO-LALBAGH, MOHALLAH IMLI BAZAR, PURANI MUNSAFI, DARBHANGA, Bihar	India
S2-675230269	Vivegam Carrier	8-3-629, FLAT NO. 406 NAMRA APARTMENTS, OPP: LAW COLLEGE, YELL, AREDDYGUDA, HYDERABAD, Telangana	India
S2-797857062	Shri Atals & Co	##13, 20TH CROSS ROAD MALAGALA, NAGARABHAAVI, 2 STAGE, BANGALORE, ಕರ್ನಾಟಕ	India
S2-510293809	... Fernandez National	701 ETZEL AVE, ST. LOIS, MO	US
S2-885381494	Aneja Healthcare Pvt	HNO. 79, G/F, B/P MASHJID MOTH, DELHI, दिल्ली	India
S2-907729570	Mr SUKHSHANTI DREAMS-DHERI EAST CO	#51 417/A, ANJANI COMPLEX, PEREIRA HILL ROAD, OPP. GURUNANAK PETROL PUMP, NR CINEMAX THEA, AN, DHERI EAST, Maharashtra	India
S2-885518	Coimbatore Engineers	##1 , EDWIN NAGAR RAJIV GANDHI ROAD, GANAPATHY, COIMBATORE, தமிழ்நாடு	India
S2-56398788	TIENA KINNEY ATLANTICUS	8601- ALPINE DRIVE, URBANDALE, IA	US
S2-515473872	Rapid Sacial LLC	183 OAK SRTEET, ASHLAND, MA	US
S2-352561696	CRYSTAL WELLNESS	4770 PARC ORLEANS CT, BRIDGETON, MO	US
S2-879019234	Advanced Transit	CAMELBACK ROAD, ALBUQUEQRUE, NM	US
S2-159338989	Kaur's Cargo	205 SILVER LAKE ST, ATHOL, MA	US
S2-792073969	JAY AGRO TEXTILES	#988 7A-C-0-58, SECTOR 10, KOPARKHAIRANE, VASHI, Maharashtra	India
S2-36732240	Christiansen, Nicastro and  Du Holdings	208 HARMAN ST, BROOKLYN, NY	US
S2-690909438	Nicely, Moore and Parker Precision Holdings	1961- Pawlet Dr, CROFTON, MD	US
S2-549401533	Crabe	ARNAZ AVENUE, PO BOX 5082, MEINERS OAKS, CA	US
S2-842907040	Pragati Realty Private (Limited)	NO.2, 1ST FLOOR, B SECTOR, 4TH CROSS RAMAIAH REDDY LAYOUT, NEAR SHAREWOOD APA, RTMENTS, BANGALORE, Karnataka	India
S2-961688207	ग्रेट कंस्ट्रक्शन प्राइवेट लिमिटेड	#34. 2ND FLOOR BLDG NO 2NAVINASHA CHS LTD RAMBAUG LANE NO '0', THANE, KALYAN., Maharashtra	India
S2-598788762	metropolitan graphics	IL, 10574 WOODLAND AVE, BEACH PARK	US
S2-192974905	Ai Goods		India
S2-315041402	ஜெய் புராடக்ட்ஸ் பிரைவேட் லிமிடெட்	#54/42-45, VENKATESAPURAM, 3RD STREET, THOTTIPALAYAM, COIMBATORE, Tamil Nadu	India
S2-441422968	Koti Ceeative Private (Limited)	HN 394 3-3-796, KUDBIGUDA, KOTI, Telangana	India
S2-983931290	Darline  Dixon Long	SECOND AVE, MECHANICVILLE, NY	US
S2-131488214	The Feia Peak Peoples	645 ALEXANDER RD, ALEXANDER, NC	US
S2-247759089	Orthopedic Clinic Partners	#110 PLYMOUTH WAY, SAN BERNARDINO, CA	US
S2-186109819	Smk  Infrac0n	NO. 880 SK-1/ 182-B, INDIRAPURAM, GHAZIABAD, उत्तर प्रदेश	India
S2-357857285	Diaz LLC Service	3415 RAINTREE ROAD, VIRGINIA BEACH CITY, VA	US
S2-794136188	@estrada - 8200465095	310 PEARL DR, null, BELGRADE, MT	US
S2-27986137	Pediatric Dentistry Medicine Partners Corporation	12939 1/2 MANSFIELD AVENUE, SPOKANE VALLEY, WA	US
S2-751864723	THANE INTERNET	F-##01, A-8, HAWARE CENTURION, PLOT NO. 88 TO 91, SECTOR 19, NERUL, THANE, महाराष्ट्र	India
S2-732240757	Shree Lífe Límited	Gujarat, 11/A, 1ST FLOOR, SPACE HOUSE, OPP. PASSPORT OFFICE, NR. MITHAKHALI SIX ROAD, AHMADABAD CITY	India
S2-436041396	UROLOGY CARE ASSOCIATES GROUP	798-C FOREST LAKES DRIVE, CHELSEA, AL	US
S2-99136836	Jay Ventures Prívate Limited	NO 668 B-102, TWINKLE APARTMENTS CHS. LTD., OFF LINK ROAD, LOKHANDWALA COMPLEX, NEAR KAMAT CLUB, ANDHERI-WEST, MUMBAI, Maharashtra	India
S2-694742670	qureontinto.com	CROOKED OAK DR, TX, KILLENE CITY	US
S2-914584585	Unicorn Sagshtms LLP	बिहार, WARD NO.07 PSPO HARSIDHI, MOTIHARI	India
S2-781790661	Womens Health Medicine LLC Board	CHESTNUT GROVE RD, BONNIEVILLE, KY	US
S2-432522197	environmentalfellowship.com	31 LYNDON LANE, PMB 3016, NEW WINDSOR, NY	US
S2-822065881	Zetavio  Ministrie	1439 A OLMSTEAD AVENUE, BRONX, NY	US
S2-975285928	United Hotel Products Limited Center	#B3/548 PLOT NO-87&88 T/F, AMBIKA ENCLAVE KAKROLA, NEW DELHI, DELHI, Delhi	India
S2-358578952	Metropolitan Property LLC Services	767 STAHLMAN DR, BULLHEAD CITY, AZ	US
S2-904488870	Better Research LLC	1618 HUGE OAKS ST, HOUSTON, TX	US
S2-184582259	Markle Transport	2405 PARKGREEN PL, NULL, COLUMBUS, OH	US
S2-262031736	CHRISTMAS & MARSHALL DIAGNOSTICS ASSOCIATES	TROY, 689 FARM TO MARKET RD, NY	US
S2-810670202	BEON LLC	85 111th St, CHICAGO, IL	US
S2-155585305	गुजरात प्रोड्यूसर एलएलपी	KH NO. 154/5/1, DELHI, NORTH WEST DELHI, Delhi	India
S2-674960193	ઈસ્ટર્ન ઇન્ફોટેક ફાર્મસી પ્રાઇવેટ લિમિટેડ	T-403, VASANT VIHAR APPARTMENT, BHATAR UNIVERSITY ROAD, UDHANA MAGDALLA, ROAD, SURAT, ગુજરાત	India
S2-234531116	M/s Chavan Enterprises Ltd.	PLOT NO 0250 , SCHEME NO 78 PART 2, INDORE, Madhya Pradesh	India
S2-753390653	Brewer and Orozco LLC	1710 SARAH ST, DUBUQUE, IA	US
S2-388290719	ब्राइट एनर्जी इंजीनियरिंग प्राइवेट लिमिटेड	NO 042 HOTEL CONTINENTAL ANNEXEII FLOOR BEHIND GAY LORD RESTAURANT CONNAUGHT PLACE, NEW DELHI, CENTRAL DELHI, Delhi	India
S2-812610176	Foot & Ank1e	508 STERNWHEEL WAY, KNIGHTDALE, NC	US
S2-788195957	Global Partners [Services]	510 STEWART DRIVE, SYYRACUSE, NY	US
S2-933515673	ग्लोबल मार्केटिंग इंजीनियरिंग प्राइवेट लिमिटेड	LALGANJ, TOLA, PAKRI PANCH-ATWARPUR SISA, 88 VILL-MANIKPUR PAKRI, VAISHALI, Bihar	India
S2-822346901	Physical Therapy Health Holdings	17 CHAPEL CIR, MOODY, AL	US
S2-8868562	Sri Deccan Snacks Ventures	BLOCK F-145 PL.NO.57, HOUSING COLONY, NAGESWARTANGI, BHUBANESWAR, Odisha	India
S2-835381673	Jenkins and Etheridge Republic [LLC]	416 BROADWAY ST, WILLIAMSBURG, OH	US
S2-690767550	Dr Lakshmi Ventures Private Limited	B101, MARVEL CITRINE, KHARADI, PUNE CITY, Maharashtra	India
S2-971873262	UI Bny Inc	111 PLEASANT ST, WATERTOWN, MA	US
S2-871533737	Colgan All Illumination Inc.	107 WATERSTONE LANE, WILM, NC	US
S2-243782054	JKM POLYTECHNIC INFRATECH	E-1675, FARIDABFD, Haryana	India
S2-207798957	स्टार वेंचर्स प्राइवेट लिमिटेड	VIDHYA NAGAR COLONEY RAMGHAT ROAD, ALIGARH, 3/14 A, Uttar Pradesh	India
S2-867352859	Becker Disciplined LLC	MT, 18 Third Avenue, BIG TIMBER	US
S2-966475004	MURILLO PINNACLE  PRO LLC	4437 -110 BONNEY ROAD, VIRGINIA BEACH CITY, VA	US
S2-777295554	Housing Network-Inc.	96 OLD COLONY AVENUE, E TAUNON, MA	US
S2-7896958	Sandoval Data Inc - 2037082855	007 JONES STREET, WORCEESTER, MA	US
S2-198163085	Ernakulam Technology Private  Ltd	HN 0066 33/2346B, GEETHANJALI ROAD VYTTILA P.O, ERNAKULAM, Kerala	India
S2-6467307	THOMPSON SRFTWADRE LLC	58 HIGHLAND RD, ROCKY POINT, NY	US
S2-321133590	होटल फूड प्राइवेट लिमिटेड	UNIT -32., MUMBAI CITY, Maharashtra	India
S2-127690578	M D & X CRANE PC	2423 MIMOSA DRIVE, LYNCHBURG CITY, VA	US
S2-693367857	Lissie Ac0sta Ribbon, LLC		US
S2-218598097	Cascade Nátural	1227 MANHATTAN BOULEVARD, TOLEDO, OH	US
S2-345475565	Coasta1 Veterinary Clinic Greater	8139  RIDGEPOINTE DRIVE, WILLOWBROOK, IL	US
S2-260388248	Vyom Brothers Limited	35, MADHAB HALDER ROAD, BEHALA, KOLKATA, KOLKATA, West Bengal	India
S2-33704655	ACK CLOTHING PVT	C/O TUKARAM M UIKEY AT-POST-RAMALA, CHANDRAPUR, महाराष्ट्र	India
S2-981550471	Best Solutions Public Limited	NO 66 NAYA BAZAR, GWALIOR, Madhya Pradesh	India
S2-677255764	Heart1and First Pantages Pantages L.L.C.	17 LINCOLN ST, BIDDEFORD, ME	US
S2-862482272	Benhur Foundation Enterprises Limited	FLAT NO. B/213, SHREE LALKRUPA, PLOT NO. 43, SECTOR 42, SEAWOOD, NERUL, NAVI MUMBAI, Maharashtra	India
S2-738536601	downtown tavern southside	91 EAST ST, LORE CITY, OH	US
S2-254788701	Physical Therapy Legacy	17706 VALLEY PALMS DRIVE, SPRING, TX	US
S2-777996376	CORBITT MERCATOR  INC	2629 22ST AVE, CITY OF MONROE, WI	US
S2-472530538	capital companies	149 WILBER AVENUE, COLUMBUS CITY, OH	US
S2-434744134	okfsystems.com	WZ-1110, UPPER GROUND FLOOR GALI NO-11, SADH NAGAR, PALAM COLONY, DELHI, दिल्ली	India
S2-637317501	Carmine Rivera Tri-State Offsh0re	#2651 WALTER REED DR, ARLNIGTON, VA	US
S2-423430756	Aquila Hoterls Limited	Kerala, 28/3652(B), PAIS AVENUE, ELAMKULAM, ERNAKULAM	India
S2-199384569	Harner Shipping	AMHERST, 50  SUDBURY LN, NY	US
S2-691693048	Route 47 Massage	00423 FOX RIDGE ROAD, LAKE TOXAWAY, NC	US
S2-817935651	meify.com	300-302 WESTSIDE DR, SHEBY, NC	US
S2-988241366	GREEN ADVISORY [PRIVATE]	SHOP NO. D/4 , SY. NO. 15/2, KASAGATTAPURA VILLAGE, BANGALORE NORTH, ಕರ್ನಾಟಕ	India
S2-764632135	Kolhapur India Holdings Private [Limited]	D-46, MIDC, GOKUL SHIRGAON, KOLHAPUR, KOLHAPUR, Maharashtra	India
S2-452572748	BROOKINGS EYE CLINIC CO.	815 1/9 PIONEER RD, BROOKINGS, OR	US
S2-605734275	Dynamic Limited It	DOOR NO #953 155, REGENT ESTATE, KOLKATA, KOLKATA, West Bengal	India
S2-978059769	ancrum evolution	43 Oak Ave, BELMONT, MA	US
S2-784451498	Maggee R. King, CPA Corporation	562 Madison Lane, LAK VILLA, IL	US
S2-678191772	B 7 TOTAL COPPER INC.	74 BLACKLEDGE DR, COLCHESTER, CT	US
S2-760648353	Stephens Global Highland	2717 JOYCE HILL RD, NEW PHILADELPHIA, OH	US
S2-516946324	Rmr-Projects Private-Limited	C/O- PINTU HAZRA, SF ROAD, DURGA MANDIR NEAR AKAAL BODHAN MANDIR, ASANSOL, West Bengal	India
S2-810915319	Lobo Limited Industries		India
S2-907716013	Lemons And Thomson Holdings	762 STRATHWOOD WAY, PO BOX 8357, ROLESVILLE, NC	US
S2-213952496	*** Fitness Clínic	Maharashtra, PUSAD, 13, YAVATMAL	India
S2-309950217	Godiva H. Howard, D.D.S., Inc	00427 TUCKER TRICE BOULEVARD, LEBANON, TN	US
S2-852307591	Oasis Consultancy LLP	24A , RABINDRA SARANI, 2ND FLOOR, ROOM NO. 54, KOLKATA, West Bengal	India
S2-93977217	PANOS INC. INDEPENDENCE	160 POINT GROVE ROAD, SOUTHWIC CITY, MA	US
S2-876512549	Peak Investment Glbomll [LLC]	733 TIMBERLAKE DRIVE, WESTERVILLE, OH	US
S2-276674538	Olaniy Catering	NC, GARNER, 174 ROYAL STAR WAY	US
S2-742860190	Cozy Bistro Holdings Services	544- RIVERSIDE DR, SALISBURY, MD	US
S2-969898742	SBG BUGLERS LIMITED	#5AC/204 , 2ND MAIN ROAD 3RD BLOCK, KALYANA NAGAR, BANGALORE, BANGALORE, Karnataka	India
S2-332764638	Valdivia Horizon	OH, 002264 WESTMOOR ROAD, ROCKY RIVER CDP	US
S2-867710047	Urban Bakery Bakery	11 DADS LANE, ME, PRINCETON	US
S2-65378876	Cozy Púb LLC	12271 RANCHO GRANDE DR, CITY OF EL PASO, TX	US
S2-657247851	Morgan Harbor Metro, Inc	HIGHLAND PARK, IL, 1286 Lincoln Avenue	US
S2-99468652	Jade Arts Limited (India)	H.NO 98 VILLAGE- CHOWKI GRAM, PO- BENIA GRAM, PS-FARAKKA DISTRICT- MURSHIDABAD, HOUSE OF GOPAL PR, . BHAKAT, FARAKKA, West Bengal	India
S2-802351030	Eastern Bitcoin	SUNSET LANE, FORT WORTH, TX	US
S2-590757045	ATLANTIC VETERINARY	0131 OLD LOGAN RD, PRINCETON, WV	US
S2-816205839	Star केयर Limited	#60/19, OLD DAAL MANDI MALL ROAD, KANPUR, KANPUR, Uttar Pradesh	India
S2-802651416	SKY TRDES	PLT 993 WZ-853/4, THIRD FLOOR RANI BAGH, SHAKURBASTI, DELHI, Delhi	India
S2-497936247	Bomova LLC Services	220A SCHOONER LOOP, BELFAIR, WA	US
S2-946126837	Briand Neaxsp0nt LLC	SILSBEE, TX, 280 FARM TO MARKET 418	US
S2-435144936	#selestinaaranda	21785 21, MINTER, AL	US
S2-143852128	HOLY COMMUNITY CHUFH	10601 HOWELLS FERRY RD, SEMMES, AL	US
S2-943763474	Ashford Morefield Anchor	211 C SAINT, ALEX, OK	US
S2-660619106	रियल आईटी प्राइवेट लिमिटेड	FLAT NO. 432, 3RD FLOOR, SECTOR-9 POCKET-1, DWARKA, NEW DELHI, SOUTH WEST DELHI, Delhi	India
S2-889977529	#brightoraavalanche	9000 FRANCIS GARDENS COURT, SHREWSBURY, MA	US
S2-445627614	ಪರ್ಫೆಕ್ಟ್ ಕನ್‌ಸ್ಟ್ರಕ್ಷನ್ಸ್ ಲಿಮಿಟೆಡ್	Karnataka, MILLERS ROAD, BENSON TOWN, NANDIDURGA ROAD, BANGALORE NORTH, BANGALORE, DOOR NO 16	India
S2-350985725	Corp Thompson Silver Enhanced East	1953-1957 PINEBROOKE CT, COLUMBUS, IN	US
S2-74354917	biologicsjohnson.com	HAMBLEN DR, MADISON, TN	US
S2-34892868	NEIDLINGER CLASSIC EDP LLC	09821 MISSION LN, SCOTTSDALE, AZ	US
S2-492031103	Unified-Security	102 GREEN ACRES LANE, BATTLEBORO, NC	US
S2-368767908	centeriv.com	2739 Hering Avenue, BRONX, NY	US
S2-182789318	Colonial Service Co	408 PROSPECT ROCK RD, JOHNSON, VT	US
S2-828872229	Sonai Limited Private Traders	FL.N 3E, DAKSHIN KALI APT, 12 BARRI. P MITRA ROAD, KOLKATA, KOLKATA, West Bengal	India
S2-526057016	Oconnell Paloma	1633 MISSOURI AVE, PHOENIX, AZ	US
S2-544897503	गोल्ड इंडियन इन्वेस्टमेंट्स प्राइवेट लिमिटेड	OFFICE NO-225 GROUND FLOOR AT 287, SOUTH DELHI, NEW DELHI, Delhi	India
S2-256286125	dental beacon care associates corp	2275. CABLE RD, LIMA, OH	US
S2-601607305	cowave.com	010102 CUTTERS ROW COURT, CLNTON, MD	US
S2-585973304	Joellyn Gonzalez Nexera  Inc	700 COLUMBIA AVE, KNOXVILLE, TN	US
S2-315310656	Olivencia Olivencia (Hsopaility)	2190 ELK LICK ROAD, SALT LICK, KY	US
S2-206766125	MA Gold	0815 COLTER ST, PHOOENIX, AZ	US
S2-108304064	Chau, Johnson and Rose  Inc Service	3706 19TH ST, WICHITA, KS	US
S2-178971361	Brown Telematics Private	Karnataka, #49, GUDDADAHALLI MAIN ROAD CHOLANAGAR, BANGALORE	India
S2-703267220	PHYSICAL THERAPY GOLDEN CLINIC CORP	1209 THOREAU LANE, ALLEN, TX	US
S2-841806453	M/s Radheshyam Service Ltd	ALPHA PLUS, OFFICE NO. B3/704-A, NEAR GSPC GAS, RAIYA TELE. EXC., 150 FEET RING ROAD, RAJKOT, ગુજરાત	India
S2-781969377	LC Overseas Pvt Ltd Services	Rajasthan, PLOT NO-II-61, MURLIDHAR, VYAS NAGAR, VISTAR YOJANA, BIKANRE	India
S2-763656124	Alpine Primary Care Center-Corporation	1612 H, ALPINE, TX	US
S2-344085581	BANGALORE TRADING PVT. LTD. [SERVICE]	39/24, THIMMA REDDY ROAD, APPAREDDYPALYA, BANGALORE NORTH, Karnataka	India
S2-31971701	Integrated Intelligence Works Co	19549. Cambridge Rd, MUNDELEIN, IL	US
S2-693307120	Tammaro Adr LLC [Center]	TX, STEPHENVILLE, 12560 377	US
S2-431255095	Hilsa Pharmaceuticals Corp	#43 C/O- ANIL KUMAR BHARTI, VILL- SIPARA, RERI, HILSA, Bihar	India
S2-35021649	Sr Resorts Private Ltd	DOOR NO B3/794 THE FIFTH AVENUE E-1, 4TH FLOOR, NEAR L&T HOUSE, PUNE CITY, Maharashtra	India
S2-446130328	ୟୁନିକ୍ ଇନଫ୍ରାଷ୍ଟ୍ରକଚର୍ ଲିମିଟେଡ୍	PLOT 501 C/O MARK RAITA, GAJAPATI, Orissa	India
S2-977796762	Apex LLP Center	125 HARSHDEEP BUSINESS, FIRST FLOOR NANAKHEDA, UJJAIN, Madhya Pradesh	India
S2-984543883	Shri Saturn Finmark Limited Private	FLAT NO. G-333 , POCKET-2, SECTOR-19, DWARKA, NEW DELHI, Delhi	India
S2-814239836	Pioneer Imperii (LLC)	MOUNT HOPE, WV, 331  KELLY AVE	US
S2-460552614	Memorial Corp Service	1565 FOSTER AVE, MEMPHIS, TN	US
S2-311044209	Pappu Nídhi Ltd	CS.NO.606/1/A, E WARD, BASEMENT NO-1 CHAITANYA SANKUL, SHAHUPURI 1ST LANE, KOLHAPUR, Maharashtra	India
S2-619859806	Pediatric  Health	34A STRAWBERRY LANE, CITY OF APPLETON, WI	US
S2-667391262	Juliette's Service	37-A MICHAEL ROAD, LYNN, MA	US
S2-370549501	Shree Limited Private Solutions	NO.162, ERIKARAI STREET, VIRUGAMBAKKAM, Tamil Nadu	India
S2-842456481	NEXT COLLEGE CORPORATION	NEAR KHALSA FOOTBALL GROUND HUMAYNPUR, SIRHIND, Punjab	India
S2-640558071	Lumbelo	BUTTE FALLS, N/A, 3376 Fish Lake Rd, OR	US
S2-813814366	ਸੂਰਜ ਡਿਵੈਲਪਰਜ਼ ਪ੍ਰਾਈਵੇਟ ਲਿਮਟਿਡ	SCO 86 7TH FLOOR BLOCK-B, AMRITSAR, MEHAR TOWER RANJIT AVENUE, AMRITSAR, Punjab	India
S2-674028684	Allied Nursing Home Private	#8-2-692 , FLAT NO. 203A, 1ST FLOOR, LA PALOMA CAVES APARTMENTS, ROAD NO. 12, BANJARA HILLS, HYDERABAD, KHAIRATABAD, తెలంగాణ	India
S2-290759547	Desert  Secure Emerging, Ltd	31 MCKEE STREET, FLORAL PARK, NY	US
S2-952052122	Bibb Bibb Northwest	17785 81ST PL, DURHAM, OR	US
S2-789935686	Aditendri Care	12B ROYD ST1ST FLR, KOLKATA, পশ্চিমবঙ্গ	India
S2-755481720	East Cornerstone  Viii LLC	15407 BRINTON WAY, BRANDYWINE, MD	US
S2-388362035	BEHAVIORAL HEALTH CLINIC CORP	##1832 BURGESS LANE, PHOENIX, AZ	US
S2-339884517	Lyrioyn Avalanche of Hartford Twp LLC	011476 SCHOOL LANE RD, HARTFORD TWP, OH	US
S2-339737852	Adams,, Jordanna M.D., Dds [Pc]	FOURTH STREET, NEW ROCHELLE, NY	US
S2-13281882	Henry Pacific Horse Holdings	AR, 474 DELTA CIRCLE, SHERIDAAN	US
S2-164746426	हरि एंटरप्राइजेज प्राइवेट लिमिटेड	105, MUMBAI, महाराष्ट्र	India
S2-378867947	URBAN BOOK STORE! (CLINIC)	3320  DODGE PARK ROAD, HYATTSVILLE, MD	US
S2-986923268	LLC Applied Realty Digital	3953 GROSSBEAK DRIVE, CONCORD, NC	US
S2-180473955	वन इंडस्ट्रीज प्राइवेट लिमिटेड	432 SECTOR 56, GURUGRAM, GURGAON, हरियाणा	India
S2-410671671	Behavioral Héalth Beacon Center	8308  LAKE LOUISE DR, THEODORE, AL	US
S2-553297806	Mumbai Picturres Private [Limited]	NO #735 C-202, SATELLITE PARK, CAVES ROAD, JOGESHWARI (EAST), MUMBAI, Maharashtra	India
S2-194744595	ફ્યુચર બિલ્ડર્સ પ્રાઇવેટ લિમિટેડ	B/15 BHAGWATIPARK SOCIETYOPP TUBE CO OLD PADRA ROAD, VADODARA, Gujarat	India
S2-829124015	Palmiter Health Center Inc.	19 BREWSTER ST, PRROVINCETOWN CITY, MA	US
S2-22700931	M/s Raj Private It Limited	West Bengal, 503 DD-1, SHYAM KUNG, NARAYANTALA EAST, 24 PGS NORTH	India
S2-870071391	JOBYNA BATRES [COMMERCE,]	1706- MAGNOLIA BEND, BAYTOWN, TX	US
S2-377001396	FEDERAL DEEELOPMETN	1840 YORK ROAD, LUTHERVILLE, MD	US
S2-804822084	Womens Health Specialists  Inc	BOSTON POST RD, SUDBUURY, MA	US
S2-706770555	Spring Pediatric Cecfe Associates Inc	17824 Cluster Ct, SPRING, TX	US
S2-564690281	LIDIA'S ITERLORS ITERLORS	345 WEBBER ST, LOWELL, MA	US
S2-423447509	Dell Wilson, M.D., M.D., P.C.	VEAZIE CUMBERLAND RD, ENUMCLW, WA	US
S2-242468905	Barrow Strategic Ltd (Graf)	NY, 218 Boulder Road, null, SOLVAY	US
S2-930351241	HOLM GREEN WESTIN	115 BARNARD DR, WILMINGTON, NC	US
S2-189729084	Jones Best Tge Partners Inc	3931 KEISHA DR, MOORPARK, CA	US
S2-495928960	VALLIERE, SHAFFER + RAPOSA EAST CORPORATION	#4503 108ND AVENUE, KIRKLAND, WA	US
S2-130291706	Baptist Fifth	11406 PIPESTONE ST, MARANA, AZ	US
S2-615909795	గెలాక్సీ ఇన్వెస్ట్‌మెంట్స్ ప్రైవేట్ లిమిటెడ్	10-5-37/1/1, MASAB TANK, HYDERABAD, Telangana	India
S2-716107739	Mountain-Wen LLC	24 DEWEY ST, WATERTOWN, MA	US
S2-731693234	Krittech Hospiatlicy Private Limited	FL.B-101, NAKSHATRA DREAMS, NEAR ANAND SOC., SHIRUR, SHIRUR, Maharashtra	India
S2-916871057	Blue Better  Law Group	18064 1/2 VILLA RITA DRIVE, PHOENIX, AZ	US
S2-580390359	M/s SUNRISE FURNISHERS	40-B YUSUF, NEW DELHI, Delhi	India
S2-794412447	Global Products लिमिटेड	H-NO- D- 1/72- A, LANE NO. 7, MAHAVEER ENCLAVE, दिल्ली	India
S2-113964806	6-BRÓTHERS	103  HARVEST RIDGE DRIVE, FREDERICK COUNTY, VA	US
S2-294434771	సాయి కన్‌స్ట్రక్షన్స్ ప్రైవేట్ లిమిటెడ్	SURVEY #37/E, 37 & 38, FLAT #201, 2ND FLOOR BLOCK NO:6, GREEN TERRACES, BANDLAGUDA, UPPAL, HYDERABAD, తెలంగాణ	India
S2-154479629	City Índustries LLP	NO 5/75 PADAM SINGH ROADKAROL BAGH, NEW DELHI, Delhi	India
S2-193041496	ಲಕ್ಷ್ಮಿ ಇಂಜಿನಿಯರಿಂಗ್ ಪ್ರೈವೇಟ್ ಲಿಮಿಟೆಡ್	H.NO 19, 2ND FLOOR, REDIFICE MADDIX EDGE, JAMAMAHAL MAIN ROAD, JAYAMAHAL, BANGALORE, BANGALORE NORTH, Karnataka	India
S2-991944026	ஸ்கை அக்ரோ லிமிடெட்	P NO. 28, TIRUVALLUR MAIN ROAD, GUDAPAKAM, POONAMALLEE, TIRUVALLUR, Tamil Nadu	India
S2-271901025	Advent-Br0thers Exports Pvt. Ltd.	BUILDING NO.#10/499, HILL ROAD, ALUVA, Kerala	India
S2-68547182	academy intelligent llp	711/712, VASHKAMAL 7TH FLOOR SAYAJIGUNJ, Gujarat	India
S2-808728262	Crystal  Public LLC	85 HEWITT AVENUE, STATEN ISLAND, NY	US
S2-136208372	Hotel Seere Limited	<NULL>, H.NO 42/1041/293 SATYA NAGAR, SEMILIGUDA, KORAPUT, Odisha	India
S2-216945512	Lumkor Chárities	CITRUS HEIGHTS, ##7509 MADISON AVE, CA	US
S2-960693506	ரெட் ஹெல்த்கேர் பிரைவேட் லிமிடெட்	HUBLIV SPACE, PLOT NO.90, 2ND FLOOR, 3RD CROSS STREET, PHASE 2 THIRUMALAI NAGAR, ANNEXE, PERUNGUDI, SAIDAPET, KANCHIPURAM, தமிழ்நாடு	India
S2-277830258	Jadhav & Associates Co	PLOT D/11 NO-6, BAGICHI NO-3, SF, (L/P), NEAR SHALIMAR CINEM, NEW DELHI, दिल्ली	India
S2-947466256	BRIGHT BOOK STORE LLC	33 HAZEN NOTCH ROAD, LOWELL, VT	US
S2-182677596	एपेक्स प्रोडक्ट्स लिमिटेड	MUMBAI, MUMBAI CITY, Maharashtra	India
S2-949467335	रॉयल टेक प्राइवेट लिमिटेड	G-2208, 22ND FLOOR, CYBERONE, PLOT NO. 4 & 6, SECTOR - 30A, VASHI, NAVI MUMBAI, THANE, महाराष्ट्र	India
S2-472555582	YOUNG LAW CHAMBERS EXPORTS	N-00107/A, GROUND FLOOR, BATLA HOUSE, JAMA NAGAR, OKHLA, Delhi	India
S2-661036235	Gaya Technologies	H/O MANISH KUMAR SINHA SATSANG NAGAR, SHERGHATI, GAYA, Bihar	India
S2-420960738	tejanshmills.com	9 GRD FLOOR, PLOT-21, PAIS STREET DUBASH BUILDING, NEAR BYCULLA RLY STN (W, ), MUMBAI, N/A, महाराष्ट्र	India
S2-876145747	Ruiz Advanced Pípeline Corp Corp	65 HAWLEY ROAD, CHARLEMONT, MA	US
S2-468700275	Center Carmina's Inc	4960 LEE VALLEY ROAD, ROME, NY	US
S2-995746647	MUMBAI MÁRINE [PRIVATE]	C-226 ZEE CORPORATE PARK ZEE SHAN, MG ROAD VILE PARLE EAST, MUMBAI, Maharashtra	India
S2-256868825	Titan Hfbgh Private Limited	दिल्ली, G-74, HEMKUNT COLONY	India
S2-174939675	Inc Schumacher Signs Downtown	15355- ROSEMONT MANOR DRIVE, HAYMARKET, VA	US
S2-950186849	आनंद बिजनेस लिमिटेड	C/O SHRI BAPURAO MAROTI, TALANI TQ & DIST NANDED, NANDED, Maharashtra	India
S2-169316016	Mr Blue Infra (Ibntddi)a LLP	DOOR NO 14 THROUGH SUDEEP KR SHROTRIYA, E-31, BASEMENT ENCLAVE-II, NEW DELHI, Delhi	India
S2-890463640	Fairbanks Pizza Co	232 LINDEN ST, PORT CLINTON, OH	US
S2-988075850	रियल इन्वेस्टमेंट एलएलपी	7-45 EAST END ENCLAVELAXMI NAGAR, NEW DELHI, EAST DELHI, Delhi	India
S2-291923318	हाई एक्सपोर्ट्स प्राइवेट लिमिटेड	2-A, SIDDHARTH NAGAR, GATORE JAGATPURA ROAD, JAIPUR, Rajasthan	India
S2-314658894	Hinojosa Groves Direct	#817 EASTMOOR DR, BULFFTON CITY, IN	US
S2-48963502	MEHTA ANNTIIES  LLC	7737- POMEROY CT, HENRICO CITY, VA	US
S2-150634918	Prime Creative Associates L.L.C.	38 WHISPERING WIND DR, WISLOW, AZ	US
S2-724723594	-- Simpson Regional Central LLC Center	229A NEW BRIDGE STREET, WEST SPRINGFIELD, MA	US
S2-322245462	इंडो फूड एलएलपी	63 AKSHAY NAGAR, SAMPATCHAK, PATNA, Bihar	India
S2-562303878	Rízasolcalo	340 OLD 22 LN, HUNTINGDON, TN	US
S2-82856803	Capital Legacy Vornado Inc.	202 CROSS, BENTON, AR	US
S2-298712121	HATTIE  BONOMO-QUALITY AGNC PARTNERS	UNION RD, BUFFALO, NY	US
S2-294338341	பிக் கன்ஸ்ட்ரக்ஷன் பிரைவேட் லிமிடெட்	B1-3G PLAZA TRANQUIL ACERS 200 FEET MMDR ROAD KOVILAMBAKKAM, CHENNAI, Tamil Nadu	India
S2-650270939	Wexnovi	151 GAYLORD ST, BUTTE, MT	US
S2-447785689	Horizon Inc (Printing)	32 LEYDECKER RD, WEST SENECA, NY	US
S2-748968276	Ethelyn-Swinehart Anchor Staked Partners	CO, 260-264 DEER TRAIL AVENUE, EL JEBEL	US
S2-932841417	Robbin Drum, DMD, PC Holdings	2626 BUCKINGHAM PLACE, CITY OF BROOKFIELD, WI	US
S2-708727646	Croyance Construction Industries	82, RAJGIR CHAMBERS 8TH FLOOR, NEAR CENTRAL LIBRARY, 12/14 SHAHID BHAGAT SINGH ROAD, FORT, MUMBAI, Maharashtra	India
S2-995454342	भारत टेक्नोलॉजीज प्राइवेट लिमिटेड	HOUSE NO. 204/A AND 204/B RANJANPADA VILLAGE, KHARGHAR, THANE, Maharashtra, H.NO 401	India
S2-566728597	J0ly Vanwyk Arch, LLC	13611 SAN MARTIN LN, NULL, HOUSTON, TX	US
S2-293477711	Wheeler, Kora W., D.C. Holdings	16050 BARBAROSSA DR, HOUSTON, TX	US
S2-237499913	A TRADING PC CENTER	2432 HERITAGE VIEW LN, THOMASVILLE, NC	US
S2-558505389	Clyelle Inc. Service	43- Mountain Pass Rd, NEW CASTLE, VA	US
S2-42669710	Proctor Mace & Kibler	3405 RESEDA COURT, CITY OF CAMARILLO, CA	US
S2-737922279	The Gráham Dime LLC	35-35 JUNCTION BLVD, <NULL>, CORONA, NY	US
S2-166986252	Corp Aguilar, Bnoi, DO	1054 BELMONT AVENUE, ALBANY, OR	US
S2-594607876	EAR NOSE & THROAT SPECIALISTS P.C.	3016 63RD ST, OMAHA, NE	US
S2-668513597	బిగ్ ఇన్‌ఫ్రాస్ట్రక్చర్	Telangana, DOOR NO 7TH/1 FLOOR, HYDERABAD, THE WATERMARK, PLOT NO.11, SURVEY NO.9, WHITE FIELDS, KONDAPUR, HITECH CITY, HYDERABAD	India
S2-972051451	Applied Construction  Innovations LLC	1280-1284 200, SALT LAKEE CITY CITY, UT	US
S2-637868384	*** PATRI0T  BRIACELL LLC	TUMBLEWEED TRL, PIONEERTOWN, CA	US
S2-517140140	Meridian Llc	2605 KENNEDY LN, TEXARKANA, TX	US
S2-680761610	New Dscei Enterprises Associates	H.NO 2ND FLOOR C-702, NEW FRIENDS COLONY, NEW DELHI, दिल्ली	India
S2-770751342	Prairie Express  Freedom Holdings	AR, 324 LAFAYETTE 26, STAMPS	US
S2-263622543	Western Journeys Private Ltd	S-#502 TOWN CENTRE, CTS NO. 165 MAROL VILLAGE, ANDHERI (EAST) NEAR MAHALAXMI, MUMBAI, Maharashtra	India
S2-243092207	WILSON PLATINUM OCCUPATIONAL THERAPY LP	6 TREETOP LN, LYNNFELD, MA	US
S2-846262463	8arasat (india) Private Limited	PATINCHA, BARASAT, HOOGHLY, West Bengal	India
S2-656948848	Harris  Ridge Sbtad LLC	437 NAVE HOLLOW LOOP, ELIZABETHTON, TN	US
S2-981453578	INDIA SUDARSHAN METALS PVT	SSB 0084, SECTOR 13P, HSAR, हरियाणा	India
S2-686366565	Watertown Eye Strategic  Medicine	32 ROSE AVE, WATETROWN, MA	US
S2-519791558	Delaney Pyrophyte	27414 PARKER SPEING CT, KATY, TX	US
S2-799457865	Unique Guest	4, KHATODARA IND. SOC., NR. RAM SHAND HOSPITAL, SURAT CITY, Gujarat	India
S2-591277113	Continental League	SPOTSYLVANIA COUNTY, 11171 SUSSEX COURT, VA	US
S2-158363027	PEDIATRIC DETLGTFAY COASTAL PARTNERS GROUP	CHURCH HILL, 699A OKOLONA RD, TN	US
S2-380743763	BHARAT INVETEMTS PRIVATE  LIMITED	P.NO.6-6, AT &TOLA, SANGRAMPUR PANCH-LAKSHMIPUR, CHIRAIYA, P.O-, LAUGAIN, P.S+BLOCK AMARPUR, Bihar	India
S2-610799828	DC Ligand	1217 RAMONA AVENUE, CHINO, CA	US
S2-781156831	Commission  on Sanitation Corp	3375 OAKLAWN CIR, BLOOMINGTON, IN	US
S2-162228388	LUGO, MIROTIN AND MICHALOWSKI SHORT OF DUBLIN	8958 LEA CT, DUBLIN, OH	US
S2-790716224	Zheng Four	9493 1/2 STEPHENS-YOUNG RD, CAMDEN, OH	US
S2-742578480	Chitoor Haealtcrae Pvt. Ltd.	18-939 PRAKASHAM HIGH ROAD REVENUE WARD NO.18, CHITOOR, Andhra Pradesh	India
S2-381785440	Cardiology Ace	3709- SECOND STREET, GREAT BEND, KS	US
S2-792941939	All Rocky Evolution Ltd	1469 CR 5714, NATALIA, TX	US
S2-64011562	मॉडर्न लॉजिस्टिक्स प्राइवेट लिमिटेड	0024 C/O VILAS R DHABEKAR, NAGPUR, GANDHIBAG, Maharashtra	India
S2-137658355	Metropolitan-Wealth [Networks]	CHARLOTTE CITY, 14 PARK FAIRFAX DRIVE, NC, <NULL>	US
S2-532776476	NEW DELHI	S-##45, 3RD FLOOR PHASE II, OKHLA INDUSTRIAL AREA, NEW DELHI, दिल्ली	India
S2-306658048	mateshwari [trust]		India
S2-926723118	Empire Clear Aldel		US
S2-867730028	Cea (Co)	1808 FAIRFIELD DRIVE, DOTHAN, AL	US
S2-633921347	Amitie Peterson L.C.S.W. PC	11055 TEXAS STATE HIGHWAY 11, SULPHUR SPRINGS, TX	US
S2-594381269	Maa Padmavati  Holdings	HN 6-442 157, BLOCK NO. 14, 12 BISWA, CHOTI MATA MANDIR, AMANPURA, GURUGRAM, Haryana	India
S2-746958256	स्मार्ट इम्पेक्स प्राइवेट लिमिटेड	DG-II/0053CVIKAS PURI, NEW DELHI, WEST DELHI, Delhi	India
S2-865536572	व्हाइट इंडस्ट्रीज प्रा. लि.	B- 41, SECTOR 34, ROHTAK, HISAR, <NULL>, Haryana	India
S2-902147205	Jagannath Im Pvt. Ltd.	RAJE COMPLEX SOCIETY LIFT, G.NO.395, NHAVARA, महाराष्ट्र	India
S2-715759077	Enis	3100 WHTIE CEDAR DRIVE, OKLAHOMA CITY, OK	US
S2-879158207	Brij Estates Exports Pvt. Ltd.	#60/50E , 3RD FLOORJC CHAMBERS, PANAMPILLY NAGAR, ERNAKULAM, ERNAKULAM, KERALA, INDIA, ERNAKULAM, Keralam	India
S2-837663921	WASHINGTON  AND MURPHY	##2380 FIFTH STREET, WEST FARGO, ND	US
S2-625641753	ಫ್ಯೂಚರ್ ಬಿಲ್ಡರ್ಸ್ ಲಿಮಿಟೆಡ್	STEERWELL CHAMBERS, IST FLOOR, NO.1, KUMARAPARK EAST, BANGALORE, Karnataka	India
S2-333060453	Hattie Hussain Rre LLC	2303 SKYLER DR, FAYETTEVILLE, AR	US
S2-937509955	Delta  Ministries LLC	313 Romie Snow Rd, DOBSON, NC	US
S2-213100180	Nelson & (Jonhsaon)	5356 WOODLAND TRL, TOWN OF SAND LAKE, WI	US
S2-319761515	Nirmala Institute  LLP	PLOT NO.8, SECTOR-F, SECTION-4, NEW POWER HOUSE ROAD, JODHPUR, Rajasthan	India
S2-491893761	Zetazetaquo	96 RIPPLE WAY, PMB 311, CLAYTON, NC	US
S2-293780930	Grace, Snyder and (Hudson)		US
S2-955679080	CHERILYN BARR THERAPIES SOUTH	795 HAVERSTRAW COURT, CLAY, NY	US
S2-720822553	Chandrakala-Reastauarnt Private Limited	Madhya Pradesh, 89, JAWAHAR MARG, NANDLALPURA	India
S2-583891679	Origo & Sons Private  Limited	PLOT G-313 MNAV ? 29, BENGAL AMBUJA, NEAR JODA HAATH, DURGAPUR MC, West Bengal	India
S2-251222308	വിജയ് സൊല്യൂഷൻസ് പ്രൈവറ്റ് ലിമിറ്റഡ്	TC13/1061/21, THIRUVANANTHAPURAM, TRIVANDRUM, Keralam	India
S2-217992296	Pratik Services-Private		India
S2-329607640	SWASTIK MARKETING MOTORS PRIVATE	F-71, KARTARPURA INDUSTRIAL AREA BAIS GODAM, JAIPUR, Rajasthan	India
S2-854377052	Transasia Plastics Private Limited	H NO 558 , KHANWIDE TAL VASAI, PALAHAR, महाराष्ट्र	India
S2-487166499	Hayford & Parsa	#315 HIGH RIDGE ROAD, PISGGAH FOREST, NC	US
S2-652123001	Horizon Plumbing Corporation	IA, DUBUQUE, 2139 WHITE ST	US
S2-123740075	Arroyo & Armstrong	390 SPRUCE LANE, GLEN ELLYN, IL	US
S2-74076768	Doosft LLC	401-405 1ST STREET, YELM, WA	US
S2-940038507	ZYQ Niwash  Private		India
S2-208815786	Tech Unique  Producer	FLAT NO. 2031, SEC. D, PKT II, VASANT KUNJ, NEW DELHI, Delhi	India
S2-494876351	Yevette's Communications Corp	##4620 AVERILL STREET, HOUSTON, TX	US
S2-631547814	trusted wealth studios, holdings	18664 REDLAND ROAD, NULL, OREGON CITY, OR	US
S2-737745236	Adams Frontier Xflh Ltd	1402 WEST OAK HIGHWAY, WESTMINSTER, SC	US
S2-76923389	Straight Edge Grill Group	159 LITTLE VINE CHURCH RD, CAMPBELLSVILLE, KY	US
S2-372871261	Bay Ridge Molecular [Inc]	3852 TONSLEY PLACE, HIGH POINT, NC	US
S2-964833935	CHILI-BAPTIST ASSOCIATION LTD	5 YANKEE COURT, CHILI, NY	US
S2-699840570	Bogue's Diner Corp	28 ROSE COURT, NORWOOD, MA	US
S2-269216752	Lumial Tpg	507A WILDWOOD DRIVE, PEARISBURG TOWN, VA	US
S2-426752796	गुजरात फाइनेंस प्राइवेट लिमिटेड	C/O PRASANN AZADPURA 1/1 PANCHAYAT BHAV, JHANSI, LALITPUR, उत्तर प्रदेश	India
S2-784613702	Smith, Sandoval & Gary  Spa, Inc	WA, null, 116TH CT, NEWCASTLE	US
S2-714809772	सुपर इंफोटेक	SAHANPUR ROAD TEH. SAFIDON, VILLAGE SAHANPUR, SAFIDON, Haryana, HISSAR	India
S2-696885509	Education Service	3427 BROKEN TEE DR, HOO DRIVER, OR	US
S2-741940589	Integrated Mortgage Midtown LLC Service	26 CEDAR LN, BEAVER COVE, ME	US
S2-498620696	Eureka Kumar Associates	DOOR NO C-789 DOOR NO:12/381/G MULLIAKURSSI, PATTIKKAD P.O, PATTIKKAD, MALAPPURAM, കേരളം	India
S2-318784543	Russell Bright Lightwave Ltd	AL, GADSDEN, ##1343 CHESTNUT STREET	US
S2-964891724	KENDALL, OVALLE &	19604 Blackbear Court, BEAVERTN, OR	US
S2-659087708	Sri SOHAN OVERSEAS PRIVATE LTD	SHOP NOC-19 2ND FLOOR, SHOPPERS SQUARE MAL R14/8, GHAZIABAD, Uttar Pradesh	India
S2-308041768	Text & Co Enterprises	OFFICE C-1201 & 1211, GAYATRI HEIGHTS, CTS 715, TELLI GALLI, NAGARDAS ROAD, MUMBAI, Maharashtra	India
S2-217161866	ANGAD  PLANNERS PARTNERS HOLDINGS	পশ্চিমবঙ্গ, NO 18/2 INDIA EXCHANGE PLACE 1STFLOOR, KOLKATA	India
S2-449660364	Tricolour International School Private	D-702/8, BLUEOASIS I, BLUE EMPIRE COMPLEX, EKTA NAGAR OFF MAHAVIR NGR, NR LK RD, K, ANDIVLI W, Maharashtra	India
S2-766295001	TYLER EQUITY  PARTNERS	VILLAGE OF ELLSWORTH, 218 GRANT STREET, WI	US
S2-445149265	Magill California Inc	6003 GRAND OAKS DRIVE, CORVALLIS, OR	US
S2-659685525	Orthopedic Certified Care Inc	TN, CROSSVILLE, 97 RIDGE LN	US
S2-39969572	West  European Group	2369 1563, WOLFE CITY, TX	US
S2-690500641	RED  TATTOO SERVlCES	43 CEDARWOOD CIRCLE, PIKESVILLE, MD	US
S2-963300188	CHIROPRACTIC-PARTNERS		US
S2-79488526	Shivam Services Private Limited	#909- 1003-1004, DLF CITY COURT, SIKANDER PUR OPP SIKANDER PUR METRO STATION, GURGAON, Haryana	India
S2-164761174	LIMITED PZ AUTO	1-98/5/4/G/5, PLOT NO 65, LEVEL 2, KARAN ARCADE, PATIKA NAGAR, MADHAPUR, SHAIKPET, HYDERABAD, Telangana	India
S2-18394219	Silver Management Private  Limited	DOOR NO 8 , GROUND FLOOR, A WING SAI SUMAN CHS STATION ROAD NEAR ICICI BANK, VIKROLI EAST, Maharashtra	India
S2-241479975	Guinevere D.O. Persaud,	IL, WHEATON, 01393 WOODCUTTER LN	US
S2-812319202	Hale,-Shanda	301 MARBLE SPRINGS LANE, LA MARQUE, TX	US
S2-764952356	Jones Safe-Freight Inc - 6924004100	70 1/2 COPPER RDG, SOUTHINGTON, CT	US
S2-933864043	શક્તિ ટેક પ્રા. લિ.	157, SHUKAN MALL, SCIENCE CITY ROAD, AHMEDABAD, Gujarat	India
S2-927569271	Supreme इंफ्रा प्राइवेट लिमिटेड	H.NO 987 C/O MRS.GORAKHA, VILL. MUHMMADPUR POST. PIPARPATI, MAHARAJGANJ, उत्तर प्रदेश	India
S2-133487711	Premier Telecom Entemrhpnies Center	3145  OLEANDER TRL, BEAVER, IA	US
S2-941411557	सुपर मां इंफोटेक प्राइवेट लिमिटेड	T-302, Madhya Pradesh, SHAHPURA	India
S2-363534521	(LLC) Crystal All	6460 HINKLEDALE ROAD, MCKENZIE, TN	US
S2-454761179	EXS Services	500, SALT LAKE CITY, UT	US
S2-442114438	Viotavosyn	1413 BULLOCK ST, TUSCUMBIA, AL	US
S2-284439219	FRESH HAIR STUDIO OF LACKAWANNA CO	21. VINCENT ST, LACKAWANNA, NY	US
S2-159566092	Stacy Becerra Centers Partners	111 OAK STREET, BREMEN, KY	US
S2-366702753	Glyfelle Kongsberg	SC, 215 SPURRIER COURT, CLOVER	US
S2-573094730	Eye Pinnacle Physicians-LLC Physicians-LLC	20 BEE TREE DR, PETERSTOWN, WV	US
S2-121611732	Richard, Richard, Charlene W., MD Corp	470 EASTGATE LANE, SANTA BARBARA, CA	US
S2-370818838	... Platinum Concord L.L.C.	240- MAIN STREET, PRINCEVILLE, IL	US
S2-50256920	PACIFICCONSUMERADVISORS.COM	1146 SUMMER ST, ROSEVILLE, MN	US
S2-159570331	ഗ്ലോബൽ എന്റർപ്രൈസസ് പ്രൈവറ്റ് ലിമിറ്റഡ്	#786 TC 8/1214, THIRUVANANTHAPURAM, TRIVANDRUM, Kerala	India
S2-512382393	Best Investments Private Limited	H.NO 494 , UP ROYAL COMPLEX, 4TH CROSS SAMPIGE ROAD, MALLESHWARAM, BANGALORE, Karnataka	India
S2-953643315	Dorris's-Research Care Co	Harmon St, LONG BEACH, NY	US
S2-558901774	@coastaltoken	117-D FORESTVIEW DR, DEPEW, NY	US
S2-879472043	llc glypheon ave	510 SEVENTH STREET, ELK RIVER, MN	US
S2-970558196	MGF Infrastructure Center Limited	12, OLD POST OFFICE STREET, 2ND FLOOR, KOLKATA, KOLKATA, পশ্চিমবঙ্গ	India
S2-587381188	Silver Conrscrmer Holdings	BOULDER ST, GILBERT, AZ	US
S2-371692381	Urbanik, Daigle & Agnegso Marketing Inc.	22 SYCAMORE WAY, MEDWAY, MA	US
S2-859269096	LLC Frontier Modern Adr	525 PIRTLE AVENUE, PIRTLEVILLE, AZ	US
S2-350762938	Kummer Blockchain Partners	130 TULANE ST, HOUMA, LA	US
S2-544365657	Jr Foundation Foundation Corp	FLAT 25/B MONARCH CHS LTD., J.B. NAGAR, ANDHERI (E), MUMBAI, Maharashtra	India
S2-648055380	Innovative Entertainment	2905. BERRY AVE, GROVES, TX	US
S2-120391369	ATLANTIC [LASGEG]		US
S2-50083056	Prosys Impex Private	UNIT NO 0050 AND 51, JODHPUR GARDENS, KOLKATA, KOLKATA, West Bengal	India
S2-706697011	Mcdonough Healthcare LLC	39 PRAIRIE ST, BATAVIA, IL	US
S2-614640857	Summit Freight Chetr	##2111 RUCKER AVE, EVERETT, WA	US
S2-959734804	Bright Cáfe	31701 RIM OF THE WORLD DR, FAWNSKIN, CA	US
S2-85926088	Keystone-Frequency Partners	##1169 KESLER RD, FRONT ROYAL, VA	US
S2-438397589	Family-Interstate	TX, 4800 Bayer Hollow Drive, KILLEEN CIITY	US
S2-447441433	The  Dent Hair Studio Inc.	1004 EAST HIGHLAND ACRES RD, NULL, BISMARCK, ND	US
S2-382822437	प्रीमियर कंस्ट्रक्शंस फार्मेसी प्राइवेट लिमिटेड	#27 PIONEER SQUARE GROUND FLOOR, GURGAON, Haryana	India
S2-883087648	Beulah Abert Harbor Pipeline Ltd	3917  RIVER RD, HOPEWELL, VA	US
S2-8849654	Heywood, Sorenson &  Manns Corp	1218- PENDLETON DR, NC, KANNAPOLIS	US
S2-338866041	Signature Vtrre Inc.	##388 PERSHING CT, UNIONTOWN CITY, PA	US
S2-433285729	Johnson,-Heebsley + Hill Reserve Co	327 58ST PL, MESA FALCON FIELD, AZ	US
S2-138068334	Lucky  Ice Cream	2132 MODANO DR, GARLAAND, TX	US
S2-568426737	Hsueh's Cargo Midtown, L.L.C.	21218 ENCANTO BLVD, BUCKEYE CIITY, AZ	US
S2-407017000	Ltd Inscoe's Dévelopment	4364 CROWDY BLVD, SUFFLK, VA	US
S2-261144736	>> #thompsonstaking	87RD PLACE, CHICAGOCDP, IL	US
S2-859924222	CLINIC TREASURY EMPIRE	06230 SLOAN COURT, CHESTERFIELD COUNTY, VA	US
S2-139831055	Kassi Shields, Inc M.D., P.C. M.D.,	N/A, NY, 87-19 126 STREET, RICHMOND HILL	US
S2-529314826	माय जय प्रोड्यूसर ट्रेडर्स लिमिटेड	BLOCK E-77 B-3/15, FIRST FLOOR, KRISHNA NAGAR, SHAHDARA, Delhi	India
S2-297152417	अल्फा स्काई लॉजिस्टिक्स प्राइवेट लिमिटेड	B-4, DELHI, EAST DELHI, दिल्ली	India
S2-330980029	Womens Hlth Care Associates Inc	128 KRISTIN COURT, YORK COUNTY, VA	US
S2-418175589	Bhubaneswar Info Corporation	DOOR NO 216 PLOT NO: 1307/1313, NILAKANTHA NAGAR LAXMISAGAR CANAL ROAD(W), BHUBANESWAR, Orissa	India
S2-94751831	Maya Ventures Co	A-49, 2ND FLOOR, R S PLAZA, BELLARY MAIN ROAD, ABOVE SHREENIDHI VET PHARMA NEXTTO CBI OFFICE, GANGANAGAR, BENGALURU, Karnataka	India
S2-103372442	Kimm Trusted-Vision Center PC	2103 HIGHWAY 14, HARRIET, AR	US
S2-643741452	J/Z Insurance Clnic Inc	911-915 FIRST ST, BLOOMINGTON, IN	US
S2-150882117	Private Bright Software Ltd	GURGAON, Haryana, GURGAON, 00510	India
S2-884963749	శ్రీ ఇన్‌ఫ్రాస్ట్రక్చర్	LIG-052, KPHB COLONY, TIRUMALAGIRI, HYDERABAD, Telangana	India
S2-701990716	AKHIL-TRADERS PRIVATE LIMITED	കേരളം, WARD 3/9, BUILDING NO.27 MAROTTICHODU	India
S2-789881006	PR  Capital Madison Inc.	14 MESIER AVENUE, WAPPINGERS FALLS, NY	US
S2-896696403	PVT. MAGICAL PRODUCER LTD	14/167 SHIVAM APTS NR, AHMEDABAD, AHMADABAD CITY, Gujarat	India
S2-640723488	Colonial Council Partners	NY, 29 MILLBURY LN, CENTEREACH	US
S2-597243519	525 Park Place Properties, L.L.C.	961 DAES RD, MOBILE, AL	US
S2-723173412	Deum Global [Holdings]	1346 RAINBOW ROAD, SHERMAN, TX	US
S2-849436272	RQ  Global - 4430525197	H.NO B3/653 23, PAVAT SUT SOCIETY JIVRAJ PARK, AHMEDABAD, Gujarat	India
S2-238469305	CJ PACKAGING PVT LIMITED	FLAT NO-C/C-511, RASULGRH, M CLAVES, BHUBANESWAR, Orissa	India
S2-485969289	Kashi Vaishno Private	F-1804 APARNA SAROVAR, GULMOHAR PARK, SERILINGAMPALLY, Telangana	India
S2-80911610	Legacy Supply Inc	3507 WHITE STREET, NOMA, FL	US
S2-384556840	Steelworkers Local Union 442 Corp	45-47 PINE CLIFF RD, WEYMOUTH, MA	US
S2-600313473	ADRIENNE MLINA CRYSTAL MIDLAND VALLEY	4030-C BROADWAY AVE, DES MOINES, IA	US
S2-459061465	OLLIE NUNEZ SARATOGA CO	220 DEVELOPMENT STREET, HOUMA, LA	US
S2-912435652	IDEAL ACAACFEMY CO		India
S2-759979128	Regi0nal Edison, L.L.C.	ANTIGUA DRIVE, COLUMBUS, OH	US
S2-306120553	సూపర్ ఆగ్రో ప్రైవేట్ లిమిటెడ్	H.NO 8/2, H.NO:3-45-42, VIJAYA NAGAR COLONY, PICKET ROAD, PICKET, HYDERABAD, SECUNDRABAD, తెలంగాణ	India
S2-283725613	Wynn & Row Coastal LLC	##627 CARSON RD, GASTONIA, NC	US
S2-205121019	Desai and Live Patrick	3917 DOUGLAS HWY, CITY AND BOROUGH OF JUNEAU, AK	US
S2-759079441	LLC Cornerstone Saldr Rmg	##2972 APPALACHIAN HIGHWAY, HOKES BLUFF, AL	US
S2-947318362	Wilson Onelin Partners	323 3RD STREET, DEPUE TOWNSHIP, IL	US
S2-439483413	Nelson, Rosene T., MD Inc	1822 TIMBER CREEK CT, DAYTON, OH	US
S2-434575880	GEDYNE TECH	28 CIRCLE LOOP, STONY POINT, NC	US
S2-878671698	Workman United Oceanhawk Southside LLC	NULL, MN, SAINT PAUL, 1578 ARKWRIGHT STREET	US
S2-261405250	@BAPTISTADVANCED	42 FARRWNOD DRIVE, ANDOVER, MA	US
S2-684055122	Oliver and Lester Holdings	WHEELERSBURG, OH, 8221 GREEN STREET	US
S2-855836919	Carriere Holding Company Holdings	2230 COUNTY ROAD 3540, CLEVELAND, TX	US
S2-956708079	East Endocrinology	1926 PATTON DR, INDIANAPOLIS, IN	US
S2-937484560	டிஜிட்டல் டிரேடிங் பிரைவேட் லிமிடெட்	NO 6-3, GOPICHETTIPALAYAM, ERODE, Tamil Nadu	India
S2-108090038	Triace & Co Holdings	NO 308 A, BLDG NO 18, SAISIDDHI CHS PREMIER AUTO COMPOUND, KIROL ROAD, KURLA W, MUMBAI, Maharashtra	India
S2-330518097	MAGNUS HOTELS PRIVATE LIMITED	NO 181 (SHOP-L-5), PANBASTEE, CHOWMATHA BAZAR, NORTH 24 PGS, HALISAHAR, পশ্চিমবঙ্গ	India
S2-133609214	Golden Coffee	4271 TOWNE LAKE CT, IRVING, TX	US
S2-591448531	MARTINEZ PARTNERS ÍNC.	51 BATTEESE DR, CICERO, IN	US
S2-403364722	Upper Silver Healthcare	12188 ADIE CT, CINCINNATI, OH	US
S2-142314444	choyodetteod.com	246 BRECKINRIDGE DRIVE, FAIRFIELD, CA	US
S2-22847673	Deming and Nunez Riverside Co	1660 BRECKENRIDGE COURT, INDIANAPOLIS, IN	US
S2-956579766	Senger Chicago of Memphis Inc.	TN, HYACINTH DRIVE, NULL, MEMPHIS CDP	US
S2-700462260	Robins Colombier  Incorporated	3585 KELLY ST, PORTLAND, OR	US
S2-742941063	NEW DELHI EDUCATIONAL PRIVATE LIMITED	NO 107 H-13 GROUND FLOO, WEST PATEL NAGAR, NEW DELHI, Delhi	India
S2-165809100	chiropractic care associates, llc	BROOKLYN, NY, 1269 81 SAINT	US
S2-260726129	STARK FICNNSE INDUSTRIES	NO ##11 SILK HOUSE SILKBAZAR, MUMBAI, Maharashtra	India
S2-460653265	TALIN PUBLIC SCHOOL	FIRST FLOOR, SAMIR COMPLEX, ST. ANDREWS ROAD, BANDRA (W), Maharashtra	India
S2-629086028	-- Koala Partnership  Pvt Ltd	NO C-611 OC HOUSE, MALAPPURAM, MALAPURAM, Kerala	India
S2-997834977	RPS TECH LIMITED-CENTER	Maharashtra, 302 - A, CITY POINT, DHOLE PATIL ROAD	India
S2-655987074	WPT India - 4047149249	A-4-306, GANESH GLORY-11, NEAR BSNL OFFICE, JAGATPUR, DASKROI, Gujarat	India
S2-267363219	Portugal Hoem Care	MONTVILLE TOWNSHIP, OH, BAINBRIDGE DRIVE	US
S2-226551251	Behavioral Health-LLC	3407 VALEY HAVEN DR, KINGWOOD, TX	US
S2-625786247	Risley & 5alcedo Voya Inc	1083 TOWNER DR, BOLINGBROOK, IL	US
S2-984943631	BRETT LAB [CORP]	CHEEK ROAD, DURHAM, NC	US
S2-74877522	Sparrow Advisors Limited	99 PITALE PRASAD, 85 WORLI SEA FACE, MUMBAI, Maharashtra	India
S2-729028339	लोटस एग्रो प्राइवेट लिमिटेड	Uttar Pradesh, A-33, NOIDA, GAUTAM BUDDHA NAGAR	India
S2-907097480	OPTIMUS CREW VENTURES  PRIVATE LTD	NO 65/43, MULLA SAHIB STREET, TONDIARPET FORT ST GOERGE, Tamil Nadu	India
S2-423368397	Standard Packaging Digital	DECKERS POINT RD, EAST MAHONING, PA	US
S2-950124108	SUPERIOR PACKAGING WÓRKS EASTGATE	14896  ESCONDIDO DR, LITCHFIELD PARK, AZ	US
S2-517668630	National Ícntlative	2656 BAYSHORE DRIVE, DICKINSON, TX	US
S2-470363816	Sunita Durables Private Private Ltd	RNO-203, PARTHNA APT., SUYOGNAGAR CHULNA, VASAI, VASAI, Maharashtra	India
S2-729718584	Vanguard Diagnostic (Services)	282D HOWARD ST, LUDLWO CITY, MA	US
S2-891948772	Kwick & Sons Prnaee Limited	SHOP NO S-181, HAWARE FANTASIA BUSINESS PARK PLOT NO 47, SECTOR 30A, VASHI, NAVI MUMBAI, Maharashtra	India
S2-144021117	यूनिक प्रोड्यूसर प्रा. लि.	640/1, ALLAHABAD, Uttar Pradesh	India
S2-45095333	क्लासिक प्रोड्यूसर प्राइवेट लिमिटेड	K. NO./5, JAIPUR, राजस्थान	India
S2-770769195	Clean Best Edison Corporation	5784-C FOREST HAVEN TRL, DALLAS, TX	US
S2-606589402	Innovative Cánnabis, LLC	2002 JOHN RUSSELL CIR, PA, CHELTENHAM TOWNSHIP	US
S2-99946185	Ayala Strategy	RALEIGH, 1311C RIO FALLS DR, NC	US
S2-92835928	A X Wagner Creative Inc	507 MARGARET ST, ROYSE CITY, TX	US
S2-475420641	Meza Cóntrols LLC	#211 VON HUENFELD STREET, MASSAPEQUA PARK, NY	US
S2-976205330	TU Paceline  Inc.	MA, 31 BACON ST, PEPPERELL	US
S2-335860	Bright Empire Defense	MARLBORO TWP, OH, 9707 COLUMBUS RD	US
S2-223053996	Rosie Ivy	2074 Marshfield Rd, CLLEVELAND, OH	US
S2-500771794	Meyer's Se1ect  Grill	805 LONG SAINT, NEWWARK, AR	US
S2-800694119	marketing san logistics private limited		India
S2-912381259	Hepner Hepner Abacus	1011 PAWNEE DR NW, CEDAR RAPIS, IA	US
S2-772249585	Blue Diner-Fort Wórth Ltd	8825 MYSTIC TRL, FT WORTH, TX	US
S2-958334110	ಡ್ರೀಮ್ ಟೆಕ್ನಾಲಜೀಸ್ ಪ್ರೈವೇಟ್ ಲಿಮಿಟೆಡ್	#99, 1ST MAIN, 6TH CROSS, LNT LAYOUT KEMPEGOWDA NAGAR, HEROHALLI, BANGALORE, Karnataka	India
S2-162194884	wunderlichfashion.com	721 16ND ST, PORTALES, NM	US
S2-701906667	CHERRY MOULTON KEYSTONE LATIN LLC	##117 ELM ST, ZEIGER CDP, IL	US
S2-620647719	NGUYEN BREMER INC  CENTER	1195 PERIMETER ROAD, DEER LODGE, MT	US
S2-54240060	Developers Smart Impex Co	KHASRA NUMBER 1232 VILLAGE - RAJOKRI, NEW DELHI, Delhi	India
S2-827197931	Golden, Jordan and Re Summit Corporation	876 KOHLMAN LN, SAINT PAUL, MN	US
S2-879440884	यूनिक इंडस्ट्रीज प्राइवेट लिमिटेड	H.NO 787 C 321 SECOND FLOOR, SUSHANT LOK PHASE 1, PARK, GALLERIA DLF-IV, GURGAON, हरियाणा	India
S2-476525997	CAUGHEY'S PHARMACEUTICALS	5 MANSFIELD LOOP, MONTANA CITY, MT	US
S2-206316243	I K Carvalho Íthax, L.L.C.	1106 CHATSWORTH DR, ANNA, TX	US
S2-353393611	corp pest brothers	K.V.RANGAREDDY, MEZZANINE FLOOR, PLOT NO 11, SURVEY NO 9, HITECH CITY, HYDERABAD, Telangana, THE WATER MARK BUILDING	India
S2-546127792	Orthopedic Specialists of Harrisonburg City Greater	888 VINE ST, HARRISONBURG, VA	US
S2-520524718	Shepherd and  Katzman	1207. 30TH STREET, PARKERSBURG, WV	US
S2-750473552	Gonzalez Altisource, Tri-State LLC	2193 PENIL RD, SPENCER, WV	US
S2-2307515	OAO Dyechem Enterprises Private Limited	423, 4TH FLOORCOMMERCIAL HOUSE 9/1, CUNNINGHAM ROAD, BANGALORE, Karnataka	India
S2-322877870	TI PLUTONIAN		US
S2-392482719	JOHNSON, L.C.S.W., MARIELLEN, P.C.	445 COMMERCIAL STREET, SALEM, OR	US
S2-672082301	West Patel Nagar Online	B3/3/31, THIRD FLOOR, WEST PATEL NAGAR, Delhi	India
S2-11984599	रियल फाइनेंस प्राइवेट लिमिटेड	##70, DELHI, BASEMENT MANAK VIHAR, दिल्ली	India
S2-614212862	DT WÍLLOW (INC)	7372 STONY PT ROAD, SUGARCREEK, OH	US
S2-19299067	Sonia  Washington Virtus	27411-D 147TH AVENUE, BATTLE GROUND, WA	US
S2-34671123	Mr CONTINENTCONSTRUCTIONSCENTER.COM	NO 725 123, GOLD CREST BUSINESS PARK, KAILAS ESPLANAD LBS ROAD, GHATKOPAR WEST OPP SHREYAS CINEMA, MUMBAI MAHARASHTRA, MUMBAI, महाराष्ट्र	India
S2-979680303	Sturgeon Víne	5811 LAMINAR CREEK RD, CEDAR PARK, TX	US
S2-354912564	JUPITER &  BROTHERS PVT LTD	NO 4116, ANKANATHESHWARA NILAYA, 3RD CROSS, KUMARASWAMY LAYOUT II STAGE, ಕರ್ನಾಟಕ	India
S2-417269575	Lotus  Industries Pvt Ltd.	1, NEAR RAILWAY LINE ZONE- 2, M.P. NAGAR, BHOPAL, मध्य प्रदेश	India
S2-404259958	সান ভেঞ্চারস প্রাইভেট লিমিটেড	67/40 STRAND ROADCROSS ROAD NO 22 PS BARA BAZAR, KOLKATA, CALCUTTA, পশ্চিমবঙ্গ	India
S2-294219540	Private Maha Fab Ltd	ADESHWAR DARSHAN CHS LTD, RAM MARUTI ROAD, MUMBAI (NORTH), महाराष्ट्र, THANE, 201	India
S2-959150948	Pinpoint Center	783/3, BHAIROBACHI ALI, NEAR BHAIRAVNATH TEMPLE, LIMB, SATARA, Maharashtra	India
S2-154472882	RFQ Street	835 ISOLA BELLA LOOP, LAKE HAVASU CITY, AZ	US
S2-856654739	ECONOMIC  DEVELOPMENT CENTER LLC	465A PINE SAINT, LARAMIE, WY	US
S2-487450523	Diane Rose Airlines Ltd	81A TURNSTONE TER, STOUGHTON, MA	US
S2-575370403	MESQUITE ADVANCED  RESEARCH CORPORATION	1736 HIGHLAND ST, MESUQITE TOWNSHIP, TX	US
S2-188726759	HAZEL GREEN, TÓWN	##1352 CARTER GROVE RD, HAZEL GREEN, AL	US
S2-26126776	MAIN  STREET PIZZA LLC	3242 CHICAGO RD, STEGER, IL	US
S2-55136200	APNA-STUDIOS OVERSEAS PVT LTD	NO 6-1 BENARAS ROAD, KALACHARA, CHANDITALA, HOOGHLY, KOLKATA, West Bengal	India
S2-382115578	UPPER  ROODAAE INC	CHERRY CIR, RALEIGH, NC	US
S2-660426546	Value Jab (ID: 53684)		US
S2-118228907	Smt Sanwariya Memorial [Trust]	NO 2-1NEW GRAIN MARKET SUNAM DISTT SANGRUR, PUNJAB, Punjab	India
S2-339853392	Grace Community Church Downtown	8727- ANZIO ST, FORT IRWIN, CA	US
S2-945813340	CE Ínternational Ínternational LLP		India
S2-360801547	WDB Productsprivate [Centre] [Centre]	NO 310 , K KRUSHNAKANT COMPOUD, NR. GOTALAWADI, SURAT CITY, Gujarat	India
S2-645209515	Zetalum [Fellowship]	561- BROCKENBRAUGH ROAD, CHESAPEAKE CITY, VA	US
S2-374447205	A CHOICE LENDING [INC.]	2587 1700 ST, BROWNSTOWN, IL	US
S2-826851492	Russo Empire Silverbox	IN, 7002 White River Rd, CAMPBELLSBURG	US
S2-325866948	Neille Rolfes	5313 CRESTMONT STREET, BAYTOWN, TX	US
S2-727779637	Better Network		US
S2-362105495	FRESH ÉMPIRE RESILIENCE INC	OH, CLEVELAND, 4312 WICHITA AVENUE, null	US
S2-23812106	Summit Rapid Ingredients	9705 TULSEMERE RD, RANDALLSTOWN, MD	US
S2-324714055	Smt AZ PROMOTIONS	FL-B-##203, SHRIRAM PRIDE, SR NO. 680/5A/1/13, PUEN CITY, Maharashtra	India
S2-449578781	Schillinger Staffing Staffing	001145 ROCKPORT LN, COLUMBUS, OH	US
S2-304667963	Jkm Technology LLP	SCO NO. 8, SECOND FOLOOR HUDA MAIN MARKET, SECTOR-31, GURGAON, हरियाणा	India
S2-38470677	Certified Stores Group Eastgate  LLC (ID: 24540)	##43 GENTILE DRIVE, SOUTH UNION TOWNSHIP, PA	US
S2-706697276	-- Surat Mira Pvt Ltd	ગુજરાત, SURAT, SY.NO.-22, TPS-26 PLOT-22, WING B, 1ST FLOOR FLAT-C/106, MAHEK BLDG-C, CAUSEWAY ROAD, SINGANPORE, SURAT	India
S2-90112897	OYK CONSULTANTS CONSULTANTS PRIVATE LIMITED	HALLMARK BUSINESS PLAZA, 5TH FLOOR, SANT DNYANESHWAR MARG, OPP GURUNANAK HOSPITAL, BANDRA E, Maharashtra	India
S2-659496238	SUPER (DEVELOPERS)	H.NO C-44/7-A, F/F, KH NO 597, GALI NO 8, SUDAMAPURI, GAMRI EXTN, NEAR NARVODYA SCHOOL, EAST DELHI, Delhi	India
S2-459911423	M/s Vitrag Remedies Public Limited	#312 P.NO. 310, SECTOR-29, BASAI ROAD, Haryana	India
S2-140036589	regional equipment inc	2418 ALDER STREET, NORFOLLK, VA	US
S2-586812390	PEDIATRIC DENTAL AMERICAN HEALTH MIDTOWN (INC)	14 KNOLLWOOD DR, MA, WRCESTER	US
S2-447035910	#yogavillage	NO.1, 1ST FLOOR, GANESH LAYOUT KAGGALIPURA, BANGALORE, Karnataka	India
S2-3326062	elmira dermatology advanced physicians	1025- LAKE STREET, ELMIRA, NY	US
S2-557412981	जय सूर्या इंफोटेक एलएलपी	DOOR NO 8, PEHOWA, KURUKSHETRA, Haryana	India
S2-519091084	Haily's Services		US
S2-27305575	Mahajan Advertising (India) Private Limited	2 304 MANDAPESHWAR DHAM CHS LTD LAXMAN MHATRE ROAD BORIVALI WEST, MUMBAI, Maharashtra	India
S2-194536194	ANNALISE TREVATHAN ELITE SOUTH, INC (PARTNERS)	3480 MANTUA RD, WALKERTON CITY, VA	US
S2-16801220	AMRO CHARITABLE TRUST ENTERPRISES	FLAT NO 706, DONATA MARVEL APARTMENT, NO 21, SUNDAR NAGAR, MATTIKERI, BANGALORE NORTH, NULL, Karnataka	India
S2-915769300	Chennai Energy  Private Limited	NO: 07, 5TH AVENUE, HARRINGTON ROAD, CHETPET, CHENNAI, Tamil Nadu	India
S2-260445047	TRIVENI HIRE (INDIA) LTD	B3/6-3-1090/1/C/A/203 , FLAT NO.202, SECOND FLOOR, LOVELY MANSION, RAJBHAVAN, ROAD, SOMAJIGUDA, Telangana	India
S2-230546497	Barrick & Olson Virginia Ltd	1536 ROBINWOOD DR, FT WRTH, TX	US
S2-434166125	LEADING & BROTHERS LLP	#208 REWA CHAMBERS 31, MARINE LINES, Maharashtra	India
S2-670752375	Woolfolk Encore  Partners	VILLAGE OF JACKSON, W201N17025 CHATEAU DRIVE, WI	US
S2-335066405	bhiwaditrading.c0m	BLOCK F-892 C/O ANNAPURNA JAISWAL, AKHILESHPUR KANDAWA, VARANASI, Uttar Pradesh	India
S2-52221155	INC KEEX GGLLA	56 CLAY STREET, EL PASO, IL	US
S2-428779057	POOLE, BLVTEINSC AND BINKLEY LLC	532 CALLEN AVE, MORGANTOWN, WV	US
S2-860534246	Bengaluru Property	NO. 66- , BETHEL GARDEN, OPPOSITE TO HOME OF HOPE KRC ROAD, DODDAGUBBI POST, BENGALURU, ಕರ್ನಾಟಕ	India
S2-913976206	GOODWILL SERVICES [CORPORATION]	H.NO 3 - 34/58, F NO 502, UNICODE ESTATE BAKKANNAPALEM, MADHURAWADA, VISAKHAPATNAM, ఆంధ్రప్రదేశ్	India
S2-94068349	SMART DYNAMICS AEROSPACE OF BROOKLYN PARK GROUP	953 VERA CRUZ LANE, MINEAPOLIS, MN	US
S2-177779132	Daley Animal Hospital Inc	20 Citation Court, NC, GRENESBORO	US
S2-195972156	Bay First Heritage Ltd	WI, CITY OF MADISON, 3051 BRADBURY RD	US
S2-358321094	Vantagepyra	816 W 2ND ST, BOONE CITY, IA	US
S2-656709219	RUSSELL & KUNCE CORPORATION	VA, SUFFOLK, LITTON LN	US
S2-20873018	LLP Kalka Services	#2291, 1ST FLOOR, SHARMA COLONY, BASANT VIHAR, PANCHKULA, Haryana	India
S2-200940437	Veronica's Grill	2405 SHOREWAY LN, VIRGINIA BEACH CITY, VA	US
S2-168560796	Bangalore Men Enterprises Private Ltd	H.NO 260. 19TH MAIN 4TH SECTOR, HSR LAYOUT, BANGALORE, ಕರ್ನಾಟಕ	India
S2-153046971	Creative Comp1ete	0972 CLINE HOLLOW ROAD, CHARLESTON, WV	US
S2-688247667	Agro Outsourcing Group Private Limited	SNO 21/4 HNO 1 FNO 402 KOREGAON PARK, SERENY BEY, PUNE, Maharashtra	India
S2-921594231	MF SOLUTIONS PVT LTD.	Maharashtra, #13, GIRISH KUNJ, JUHU SCHEME, NS ROAD NO.3 VILE PARLE WEST	India
S2-304283115	Co Value Lease	FOLSOM, 11 CROW CANYON DR, CA	US
S2-866763818	Unique एनर्जी	HOUSE NO.04., DD.K. COTTEGE, PH-2, BAWADIAN KALAN, HUZUR, मध्य प्रदेश	India
S2-157564986	Northern School of Medicine	532 HAMPTON AVENUE, DE LEON, TX	US
S2-99068744	KECSL HOLDINGS GROUP INC	004111 28ST AVE, SPOKANE, WA	US
S2-374521955	NORTHERNFLEX.COM	9401 22ND COURT, VANCOUVER, WA	US
S2-560059953	सिटी इंडस्ट्रीज	Rajasthan, JAIPUR, A-77/223, JAIPUR, SECTOR-7, MANSAROVAR	India
S2-207111255	യുണീക്ക് കൺസ്ട്രക്ഷൻസ് പ്രൈവറ്റ് ലിമിറ്റഡ്	KOTTAMURICKAL, KAVITHA ROAD, KACHERITHAZHAM, ERNAKULAM, MUVATTUPUZHA, Kerala, #21/60-C	India
S2-862759276	New Ventures Corporation	NO 6/3 , 1ST FLOOR, 4TH CROSS K.S.GARDEN, LALBAGH ROAD, Karnataka	India
S2-226671698	സൺറൈസ് മാർക്കറ്റിംഗ് സ്റ്റോർസ് പ്രൈവറ്റ് ലിമിറ്റഡ്	64/2266-C, ERNAKULAM, Keralam	India
S2-538680925	Morgan & Trapp Inc	742. GARCIA, TUCSON, AZ	US
S2-775233420	Marlena Dye Piedmont  Webster	10907 3RD ST, AVONDALE, AZ	US
S2-972466865	Highland Feghlip	974 POPLAR SAINT, NELSONVILLE, OH	US
S2-286201851	hernandeztaylorcantu.com	21 YOUNG WAY, PORTLAND, OR	US
S2-12779077	hbudyog.com	GAT NO. 8-67, PUNE, Maharashtra	India
S2-654995017	Hall-Box Holdings	31403 ILLINOIS ROUTE 122, MINIER, IL	US
S2-717122261	supremeautomationsystems.com	##4760 SOUTH ST, STANLEY, NY	US
S2-385922466	UJX  CONSULTING	48 KRISHNA HOSPITAL, DEVRIA BALAJI ROAD, R C VYAS COLONY, Rajasthan	India
S2-335124172	(india) Sarswati India  Private Limited	NO 204 , 2ND FLOOR, GLN GOWDA COMPLEX, BANGLORENORTH, Karnataka	India
S2-849686830	Helaine Grine Delta Blockchain Co	1819 4100, SALT LAKE CITY, UT	US
S2-391048922	Saahas  Infra Private Limited	1/1ABIPLABI ANUKUL CHANDRA SRTEET, KOLKATA, পশ্চিমবঙ্গ	India
S2-108835029	सेवन कंस्ट्रक्शंस एलएलपी	C-20RAMESHWARAM, SHANTI, NIKETANCOLONY, BEDLALINKRD, BADGAON, BEDLA, राजस्थान	India
S2-352552540	U 6 Signature Utility Corp	400 EARLL DR, OSBORN, AZ	US
S2-192695882	Gondia Tree Public Limited	DOOR NO 4/12 MANOHARBHAI, WARD GONDIA, GONDIA, Maharashtra	India
S2-369159065	Horton's Anchor-Productions	54 MEADOW VIEW DRIVE, EL DORADO, AR	US
S2-3332574	Quozeph	JANARDANA TOWER, BANGALORE NORTH, BANGALORE, Karnataka	India
S2-715418044	Prime Summit Atlinace	SEAVER ST, DORCESTER, MA	US
S2-892976075	SY Beyond Company	A-4 GOVIND NARAYAN MODEL TOWNSHI, CHUNABHATTI, BHOPAL, Madhya Pradesh	India
S2-943222249	-- Tiffani H. Price, DPM LLC	740 TRENTON ROAD, CLARKSVILLE, TN	US
S2-426632654	CLASSICINFRASTRUCTURESERVICES.COM	#181 TERA MANOR DR, WINTERSVILLE, OH	US
S2-841193719	Shri accounts contracting private limited	C/ O GAFIR HUSAIN GOVINDPUR SAMBHAL, SAMBHAL, Uttar Pradesh	India
S2-785589800	ഗ്രീൻ സൊല്യൂഷൻസ് എൽഎൽപി	37/398-B5 ADAMPAIL LANE 2, SOUTH KALAMASSERY, ERNAKULAM, KANAYANNUR, Kerala	India
S2-801352391	BANKSHARESTOTALDIAMOND.COM	14626-A BON DICKEY DR, BAON ROUGE, LA	US
S2-840895255	LESHIALIAOAGRICULTURECOM	BIXBY, 7500 151TH ST, PO BOX 6928, OK	US
S2-294531411	Trivarga Partners	NO 71, APPAR STREET, FIRST FLOOR, THIRUVALLESWARAR NAGAR, THIRUMANGALAM, CHENNAI, Tamil Nadu	India
S2-918655668	Barton Secure Physical Therapy	2724-C 37TH DR, YUMA, AZ	US
S2-880225616	परफेक्ट मीडिया लिमिटेड	DOOR NO 5P-56, FARIDABAD, Haryana	India
S2-268638596	Allied Consumer Technologies Southside Inc.	01033 112 MARIPOSA RANCH ROAD, NOGALES, AZ	US
S2-702965552	Rocky Adcvalced Hill Valley Inc	109 1/2 COPPERFIELD RD, FRANKLIN COUNTY, VA	US
S2-836906889	Hutchinson  Clean Construction	3226 13TH AVE, PORTLAND, OR	US
S2-149157756	Swampscott Oncology  Associates Inc	PARADISE ROAD, SWAMPSCOTT, MA	US
S2-349301525	ORBEON  THUNDER LP	NC, WILLIAMSTON, 1165- COREY DRIVE RD	US
S2-802130222	8eac0n Urban LLC	318 WASHINGTON AVE, CORVALLIS CTY, OR	US
S2-575343427	Teque [Inc]	1610D MESQUITE TRL, DAYTON, TX	US
S2-738996676	United Vodndo Inc	MANDAN, ND, 7630. WILLOW RD	US
S2-889582376	Bay-Center	6 FOUNTAINHALL DR, BELLA VISTA, AR	US
S2-383023238	Mills Royal	MA, WESTFIELD, 15 DUBOIS STREET	US
S2-857150604	Warren's Vision Center West	38 DONALD TERRACE, MYRTLE CREEK, OR	US
S2-949235653	इंटरनेशनल कंस्ट्रक्शन प्राइवेट लिमिटेड	F NO 1-05, NAVKAR CO OP HSG SOC, MATOSHREE NAGAR, UPNAGAR, NASHIK, Maharashtra	India
S2-150746027	Baptist Center Associates Corporation	N2356 1/2 P, TOWN OF LONG LAKE, WI	US
S2-61994815	Dorry Esteban Strategic	CHAARLESTON, PO BOX 2124, 1611 LOUDON HEIGHTS ROAD, WV	US
S2-965204047	The Dent Auto Body Co	305 CROSS TIMBERS DRIVE, NASHVILEL, TN	US
S2-133471935	परफेक्ट ट्रेडिंग प्रा. लि.	HN 686 H.NO.-A-144/C-198, 3RD FLOOR BUDH VIHAR, BADARPUR, SOUTH DELHI, NEW DELHI, Delhi	India
S2-162765979	Zeque-Incorporated		US
S2-281803835	SKY ARRGO LIMITED		India
S2-965326114	UROLOGY UROLOGY BAY CENTER	SLATE STONE DRIVE, FISHERS, IN	US
S2-574121799	Nnb Traders Pvt Limited	Delhi, C-31., BASEMENT, KH NO 394/341/82 CH. NATHU SINGH MARKET, MASOODPUR, VASAN, T KUNJ, NEW DELHI	India
S2-76206961	Pacific  Pgrogrmb	105 CROSSCREEK LN, ANGIER, NC	US
S2-574349442	Trinity Méthodist Church	03702 UPPER LAKE CIR, ACTON, TX	US
S2-878375690	gould & hernandez	NC, SELMA, 12109 EASTFIELD VILLAGE COURT	US
S2-148968056	Cooper Pediatrics	11511 K-TEL DRIVE, MINNETONKA, MN	US
S2-41143092	Solutions Am Hygiene Privbte Limited	15/210A, GROUND FLOOR, MOOKIANNUR ROAD, KARAYAMPARAMBU, ALUVA, Kerala	India
S2-794530374	Sun Hospitality	BASIL HEIGHTS, FLAT NO. 7A, 3C, LOUDON STREET, KOLKATA, KOLKATA, West Bengal	India
S2-181056636	prashantsons.com	DOOR NO -210/3/A PLOT NO 354 PRASUNA NAGAR CHINTAL MEDCHAL-MALKAJGIRI DISTRICT, HYDERABAD, తెలంగాణ	India
S2-890346129	emersonkhanbrantley.com	SYLVIA, ##414 MARDIS ST, KS	US
S2-71529448	HAWKINS RELIABLE	#38 WATER STREET, WAKEFIELD, MA	US
S2-928901522	COASTAL CEA CORP.	ROTTERDAM, ##988 Burdeck St, NY	US
S2-213099480	Mr KRISHNA GLOBAL PRIVATE	PLOT 160-161 CIVIL LINES, TIGER HILLS, BADI ROAD, GIRWA, Rajasthan	India
S2-345516678	Bangalore South India LLP	H.NO 00137 , 1ST GROSS, 5TH BLOCK, KORAMANGALA, BANGALORE SOUTH, Karnataka	India
S2-562575047	Helios Deutsche-Co	90 PERRY AVE, BAYVILLE, NY	US
S2-932843757	Ltd. Happy Pvt. Partners	DOOR NO 8 JAL DARSHAN OPP NATRAJCINEMA ASHRM ROAD, AHMEDABAD, AHMADABAD, Gujarat	India
S2-50131368	M/s Pkr Services (India) Private Ltd	1-58 P - 760, TP - 2 NEAR HIRJI K DHARAMSHALA, ANJAR, Gujarat	India
S2-160405899	ಸಾಯಿ ಸರ್ವಿಸಸ್	#00115/8, HASSAN, Karnataka	India
S2-33228405	P+  Pet Care Partners Corp	3425 64, TASWELL, IN	US
S2-503045539	Capital Committee Asibsociaattes Inc	#526 CARPENTER STREET, AKRON, OH	US
S2-403058082	Compton Roofing	00510 SELLE AVENUE, HALLIDAY, ND	US
S2-861810764	जैन टेक प्राइवेट लिमिटेड	G-1, RAIGARH, महाराष्ट्र	India
S2-169160798	sterlingexpressjersey.com	LONGVIEW, WA, 14 PACIFIC PL	US
S2-841152676	GYO  CHORLTON LLC	COLUMBUS, OH, 1143 HUNTER AVENUE	US
S2-485902426	VALUE PACKAGING COMPANY	7516-7518 15 AVENUE, BROOKLYN, NY	US
S2-551227954	Upper Córp Services #59336	1992 ROCKSIDE RD, SEVEN HILLS, OH	US
S2-635002967	Clean Marketing	OK, PMB 9765, 3101 KENOSHA STREET, BROKEN ARROW CITY	US
S2-640663140	meggieweinrichsmart.com	592 PLATTE WAY, OXNARD, CA	US
S2-320320411	Devika Grkroa Limited	H.NO.4-1-319/2/A , PLOT NO.2, ROAD NO.1, NEW MAMATHA NAGAR, NAGOLE, HYDERABAD, Telangana	India
S2-324596369	*** VILLARREAL SUPERIOR CHOICE LLC	3609. TRENTON AVE, TULLSA, OK	US
S2-730814853	Roan Global Siddhi Holdings	2726 40TH ST, MOORHEAD, MN	US
S2-426046760	(LLC) Surgical Care Associates	702 ATWOOD DRIVE, TALLMADGE, OH	US
S2-795022161	Velroify	13 JEFFREY DR, YORK, ME	US
S2-605833213	*** APPLIED ELECTRONICS	11921 JESSE AVE, CLEVELAND CDP, <NULL>, OH	US
S2-949636022	VENTURES RAJCEHRE HOSPITALITY PRIVATE  LIMITED	BLDG NO.1, B 502, KESLEY BUILDING CHS LTD, S V ROAD, NEAR KALYAN JEWELLERS, SHREE RAM NAGAR, BORIVALI (W), BORIVALI WEST, Maharashtra	India
S2-753298731	Walter-Tinto	15 WANDERLUST ROAD, AZ, TUCSON	US
S2-574092301	Pediatric Group Dental #26639	OH, CANFIELD, 11215 COLUMBIANA CANFIELD ROAD	US
S2-259929846	Surya Impex Limited	A 00601, GALA IMPERIA BH TV TOWER OPP DRIVE IN CINEMA THALTEJ, AHMEDABAD, Gujarat	India
S2-869006382	#dashashipping	NO 44 , BACKARY PORTION, 2ND FLOOR, REGAL BUILDING, NEW DELHI, Delhi	India
S2-504054294	Limited Meena Trabldedrs	FLAT NO 0-5A, B WING, KULSUM COMP, KAUSA MUMBRA, THANE, Maharashtra	India
S2-502406312	Samara lnstitute of Technology LLP	OFFICE-504, BLDG-10, DIMPLE ARCADE EXTN ASHA N KANDIVALI (EAST) BHD SAIDHAM TEMP, LE, MUMBAI, महाराष्ट्र	India
S2-416243900	Vanguard Choice (Interiors)	13327-13329 LISBON LANE, SURPRISE, AZ	US
S2-863923499	भारत फाउंडेशन लिमिटेड	S-31 A/2, DLF PH-III, GURGAON, हरियाणा	India
S2-333206038	LDD Nextgen Pabnet Limited	##86, GREY TOWN COIMBATORE, COIMBATORE, Tamil Nadu	India
S2-415834554	Kolkata Research Pvt. Limited	#628  G-221, BATTIKAL 2ND LANE, KOLKATA, KOLKATA, পশ্চিমবঙ্গ	India
S2-937858663	THE LANKFORD INTERNATIONAL	2045 BARLEY WAY, TOWN OF GRAND CHUTE, WI	US
S2-218950381	FRIENDS CHENNAI - 600 106. SERVICES LTD CENTER	H.NO 23 , FRIENDS AVENUEARUMBAKKAM CHENNAI - 600 106., Tamil Nadu	India
S2-915817128	Evana >> Centre-Services	H NO 65 MANAS CITY VISTAR, INDIRA NAGAR SUGAMAU ROAD, LUCKNOW, Uttar Pradesh	India
S2-327707439	Phillips Pioneer Advisors [Inc]	11 Fourth St, LA GRANGE, MO	US
S2-322536831	New Delhi Énterprises Private Limited	WZ-##118A, NO. 3, GALI NO.6, VIRENDER NAGAR, NEW DESHI, Delhi	India
S2-290914104	Eugene Abony Central PLLC	3333 PHAROAH WAY, SANTA CLARA CITY, UT	US
S2-211598894	परफेक्ट इंटरनेशनल प्राइवेट लिमिटेड	1/26, PRATAP NAGAR, CHITRAKOOT, Rajasthan	India
S2-342386355	Young  Ocean,	BENTON CIRCLE, INVER GROVE HEIGHTS, MN	US
S2-106188251	Total Health Collective	1000 45 KINZIE STREET, RIVERTON, IL	US
S2-460515872	INNOVATIONS EDGCCATIONAL SOCIETY	Haryana, C/O TULSI RAM, FATEHABAD	India
S2-299640307	integratedkongsberg.com	1232-1234 VISTA DEL CIMA, CAAMRILLO, CA	US
S2-357197766	AVINASH TECHNOLOGIES	दिल्ली, <NULL>, NO 20/8 SHAKTI NAGAR, DELHI	India
S2-248392702	Parikh Prime Group	1882 ESTRELLA DRIVE, PMB 6574, CHADLER, AZ	US
S2-515204923	एस केयर प्राइवेट लिमिटेड	MAIN ROAD, SILVER PARK, KRISHNA NAGAR, NEAR SHIV PURI, DELHI, EAST DELHI, H. NO. -8T/F, दिल्ली	India
S2-227109393	Lynx	416 NEW YORK COURT, WICHITA, KS	US
S2-919706463	FEDERALFEDERALCOURIERS.COM	OLD HUNT WAY, HERNDON, VA	US
S2-92478774	nagrajshipping.com	BIHAR VETERINARY COLLEGE, PATNA, Bihar	India
S2-390167188	QUALITY RADGE WELLNESS INC		US
S2-345936735	Mr MODERN SSYTES LLP	DOOR NO 102 , ALMOND A OMAXE RESIDENCY 2 ARJUNGANJ NEAR NEW POLICE HEADQUATER, LUCKNOW, Uttar Pradesh	India
S2-445994325	Dhanterash & Co Group	RH 14, SHYAMSUNDER, R/H VITTHAL NAGAR, K'WADA, NASHIK, NASHIK, महाराष्ट्र	India
S2-461439471	The ES Overseas [Limited]	TC 65/1360-1, S S BHAVAN PUNCHAKKARI, THIRUVALLAM, THIRUVANANTHAPURAM, THIRUVANANTHAPURAM, Kerala	India
S2-136113375	Behavioral Health Metropolitan [Clinic,]	2805 32TH AVENUE, MINNEAPOLIS, MN	US
S2-689663054	लोटस फाउंडेशन प्रा. लि.	NH-31, 30A, VILLAGE DARBE PO PS BHADAUR, DIVREPORTINGCIRCLE, 31 B-1 2, Bihar, PATNA	India
S2-269546840	ସନ୍‌ରାଇଜ୍ ମଡର୍ନ୍ ଲଜିଷ୍ଟିକ୍ସ୍ ପ୍ରାଇଭେଟ୍ ଲିମିଟେଡ୍	ASIYAN APPARTMENT, PO/PS- PURI, #150 C/O- SYAMANANDA DAS MOHAPATRA, Odisha, PURI	India
S2-874995586	Michaeline Velasquez Data LLC	9642 BETHEL CHURCH RD, LOCUST, NC	US
S2-509764556	Mumbai Agricon LLP	87 , JOLLY MAKER CHAMBERS II, 8TH FLOOR, NARIMAN POINT, MUMBAI, Maharashtra	India
S2-488956093	curecoffee.com	401 BUCKINLHAM DR, MARION, IN	US
S2-20047958	Strategic Crypto (LLC)	143 INTEROCEAN AVE, SOUTH CHICAGO HEIGHTS, IL	US
S2-59175936	Basalt LLC	528 25TH STREET, BIRMINGHAM, AL	US
S2-706615728	WHITE (SOFTWARE-LIMITED)		India
S2-161949377	Pytel, Clark & Deloach Regions Corp	44 SAUSALITO DRIVE, EAST AMHERST, NY	US
S2-249418882	Gabriellia Cedillo PC Center		US
S2-811648226	LP O/K Árfuroa	UT, SOUTH SALT LAKE CITY, 393 3360	US
S2-530253274	Cooperative Network Union Inc.	NC, OLD US 17N, WINDSOR	US
S2-582180107	Gipson, Kist and Cormier Inc	6855 CHERRY DR, HILLSBORO, OR	US
S2-304562241	Pediatric Dentistry Premier Hmbal LLC	4660 175RD ST, CLEVELAND, OH	US
S2-28480927	Dolli Pittard	RIDGEVIEW RD, ORANGE, CT	US
S2-921202375	M/s Sun Impex Private Private Limited	Delhi, 0014/ 4 8 MALCHA MARG, NEW DELHI	India
S2-997285082	HARVEY, WASHINGTON + DITTMAN PARTNERS INC	1196 SCOTLAND FORMOSA RD, SCOTLAND, AR	US
S2-203311042	Randall Wheeer Inc	012217 LIVINGSTON RD, FORT WASHINGTON, MD	US
S2-940988345	रेड बॉम्बे एक्सपोर्ट्स लिमिटेड	NO 33 H BLOCK, THANE, 1ST FLOOR DHIRUBHAI AMBANI KNOWLEDGE CITY, Maharashtra	India
S2-879030047	ONCOLOGY PARTNERS ASSOCIATES	00239 PARK ST, STONEHAM, MA	US
S2-265891218	Reeva Products (India) Private Limited	58 VILL MAHISHGOTE, PO GOALARA PS RAIDIGHI, RAIDIGHI, West Bengal	India
S2-572367141	Pacific Ace-Brown LLC		US
S2-937234624	One Foundation	238-241, THIRD FLOOR, POCKET-2, SECTOR-22, ROHINI, DELHI, Delhi	India
S2-909796844	Little (Grill)	#60 MERCER DRIVE, BROOKSIDE, DE	US
S2-166629328	M/s Advance Educational Society Corp	NEW NO, #29, OLD NO. 17, 2ND FLOOR, KARUNIKAR STREET, ADAMBAKKAM, CHENNAI, Tamil Nadu	India
S2-170981970	WA Bulls Private	133, TTK ROAD, ALWARPET, CHENNAI, தமிழ்நாடு	India
S2-378055021	Diamond Global Crumrine Group	CENTERVILLE, 67 Mountain View Rd, UT	US
S2-574940993	DYNAMIC 5OFTWARE LABORATORIES CENTER INC		US
S2-308993997	Giselle Harrison, D.O. Inc.	923 UINON STREET, WARSAW, IN	US
S2-883117276	NISCHAY HOSPITAL PRIVATE LIMITED	ਪੰਜਾਬ, PLOT NO. F-337. PHASE VIII-B, INDUSTRIAL FOCAL POINT, MOHALI	India
S2-418691151	Gager  Metro Reliable Inc	160 CENTRAL AVE, SUTHERLIN, OR	US
S2-8022295	तिरुपति प्रॉपर्टीज लिमिटेड	H NO. 164, 1ST FLOOR, VILLAGE, HIRANKI KUSHAK, DELHI	India
S2-187593824	DYNAMIC INTERNATIONAL [LIMITED]	GOVIND GALAXY FL-G-17, PLOT NO-19, 20, S.NO342/23, NASHIK, Maharashtra	India
S2-253428263	bósesolutionsindia.com	DANISH HILLS VIEW 1/2, KOLAR ROAD BHOPAL, HUZUR, Madhya Pradesh	India
S2-290615647	Harwood & Rotella	#7975 HAYDEN RD, SCOTTSDALE, AZ	US
S2-129334191	Total Great Deep Ínc	Solvista Pass Ln, HOUSTON, TX	US
S2-880764652	Historical Foundation	2712 WINSTON ROAD, PILOT MOUNTAIN, NC	US
S2-10978218	Boudreaux Highland | www.boudreaux.com	5402 1/2 PRIDE PKWY, TAYLOR MILL, KY	US
S2-888961567	Valaria's Manufacturing Group Corp	509  AGMART DR, LUVERNE, AL	US
S2-451528254	Doteque  Group	4299 FM 2200, DEVINE, TX	US
S2-782032185	Ear Nose & Trhat Mountain Health Inc.	3 FOGGS WAY, NORTH YARMOUTH, ME	US
S2-421100616	Godavari (india) LLP	PLOT 684 54-05-25J, FLATNO-502, AVA ROAD, ADDEPALLI COLONY, FORTUNE HOMES, RAJAHMUNDRY, GODAVARI, ఆంధ్రప్రదేశ్	India
S2-770688784	Herron Co1lege Center		US
S2-158399201	Ratna Memorial	101, RAJ CASTLE CHS LTD, DEMONTE LANE ORLEM VALNAI, OFF MARVE ROAD, MALAD WEST, MUMBAI, Maharashtra	India
S2-134697040	ACE MARKETING SERVICES	3900 EAST ST, SKANEATELES, NY	US
S2-177348709	*** Jackson Muniyield	7 LINCOLN ST, MAYVILLE, NY	US
S2-126987439	इंडो इंजीनियरिंग प्राइवेट लिमिटेड	H.NO 98  JAWALA B, TQ. DIST LATUR, LATUR, NASHIK, महाराष्ट्र	India
S2-991507759	Brightari Acp (Corporation)	100 SIDEVIEW AVE, STATEN ISLAND, NY	US
S2-141023155	Sarasanth Services Ltd	SR NO 721/2B/2 VIKAS NAGAR, PUNE, Maharashtra	India
S2-907504746	CLARA'S QÚALITY FARMS L.L.C.	MERIEN, 55 EAST RD, N/A, CT	US
S2-177918546	Trading Om Venture Private	MARKET YARD, RING ROAD, Maharashtra	India
S2-85078632	Gourley LLC Center	SUNNYACRES DRIVE, AKRON, OH	US
S2-513883989	Krishna Holding Company West LLC	INDIANAPOLIS, IN, 2014 MADISON AVENUE	US
S2-448604943	Shri Chs Troops	UNIT NO 207 BEST BUSINESS PARK PLOT NO P-2 N.S.P PITAMPURA DELHI, DELHI, Delhi	India
S2-518844199	Grace Methodist Cuhrdch	311 RAVENWOOD DRIVE, WACONIA, MN	US
S2-966906886	4822 Avenue Apartments LLC Service	BEACON LIGHT LN, FRESNO, TX	US
S2-432715099	The Ernakulam Imaging Private Limited	22/344-A1/C, 1ST FLOOR, AVJ ARCADE, GOVT. HOSPITAL ROAD, TRIPUNITHURA, ERNAKULAM, കേരളം	India
S2-382500675	Bell Secure  Polestar		US
S2-705462394	Holdings Randall and Bowman	516 Piney Creek School Road, PINEY CREEK, NC	US
S2-794926277	Sterling Sterling Vulcan	363 KEMPTON STREET, NEW BEDFORD, MA	US
S2-995335581	Fresh Deli LLC (Center)	150 MOREHOUSE SAINT, EVANSDALE, IA	US
S2-455039658	Worthy Famhly-Practice	3219-3223 26TH ST, GRESHAM, OR	US
S2-821123172	Butts + Sinclair	1515 PRESIDENT ST, BROOKLYN, NY	US
S2-472675182	Gulf Brookfield LLC	7517  83RD AVE, BROOKLYN PARK, MN	US
S2-248267062	mumbai computers private limited	BLOCK C-G-420 ROOM NO. 410, BLDG. NO. 7, OM SHANTI CHSL, VILLAGE ANIK, MHADA COLONY, VASHI NAKA, CHEMBUR, MUMBAI, महाराष्ट्र	India
S2-708386648	JORDAN LLC CENTER	2028 OLIVER FALLS LN, WENDELL, NC	US
S2-73745396	Morphosis Private Limited Center	JAI PRAKASH NAGAR NEAR PRINCE MARRIAGE HALL, GAYA, बिहार	India
S2-353771582	DWARKADHISH VAIDYA PRIVATE LTD	H.NO 745 SI-M1011 SHILP INCUBATION, CENTRE, UNIT-B, BLOCK 11, GANDHI NAGAR, ગુજરાત	India
S2-496118833	JX Mustang [Incorporated]	6009 STATELINE RD, NEWMAN LAKE, WA	US
S2-274905162	ஷ்யாம் ஹாஸ்பிடாலிட்டி பிரைவேட் லிமிடெட்	17, FIRST STREET, EAST ABHIRAMAPURAM MYLAPORE, CHENNAI CITY REGION, CHENNAI, Tamil Nadu	India
S2-634202116	Smt FINELINE INFOSERVICES PRIVATE LTD	202, SHYAM SAI APPARTMENT, PRAKASHNAGAR SOC., NR. GARDEN, UTTAMNAGAR, MANINAGAR, AHMEDABAD, Gujarat	India
S2-349365849	Continental Project LLC	214 Celina Street, CELINA, OH	US
S2-160811222	गैलेक्सी इंफ्रास्ट्रक्चर लिमिटेड	7/36/A, NEW DELHI, CENTRAL DELHI, Delhi	India
S2-677076393	Shri Jjr Aahsy Private (Limited)	NO. 940 20/24, CHATAI MOHAL, ANWARGANJ KANPUR, ANWARGANJ, Uttar Pradesh	India
S2-948855445	Gerrilee Hedt Elite Interactive	JEAN STREET, NEWPORT EAST, RI	US
S2-780250102	SHROYER GÚLF TELEFONICA	341 BROAD STREET, WAVERLY, NY	US
S2-358052714	Bangalore Financing Private	05, 7TH CROSS SANTHOSH NAGAR ATTUR LAYOUT, YELAHANKA NEW TOWN, BANGALORE, Karnataka	India
S2-708515809	Big Pílates! LP	GLENDALE CIRCLE, MANNFORD, OK	US
S2-154655572	Pvt Innovative Industries Ltd	MUMBAI, GOREGAON WEST, 102, Maharashtra	India
S2-680970798	Quolum Guild	5142 1/2 SULLIVANS RIDGE DRIVE, <NULL>, MORROW, OH	US
S2-381512450	Potter's American Produce LLC	2521 SUNRISE ST, KELSO, WA	US
S2-759542904	Sarasaya LLP (Services)	H.NO 221- B POCKET IMAYUR VIHAR PH 1, DELHI, दिल्ली	India
S2-398793962	boardtransportation.com	0103 VALLEY VIEW ST, GLEN ROSE, TX	US
S2-877118600	Ne0 Assets	207 CENTER STREET, MOUNT MORRIS, IL	US
S2-353212181	રોયલ રામ ગ્લોબલ પ્રા. લિ.	531, SURAT, Gujarat	India
S2-303635913	H 9 Australia M North	20 HILLCREST DR, DALLAS, OR	US
S2-258451106	YUU SERVICE  CENTER	4711 RANGELINE RD, WISCONSIN RAPIDS, WI	US
S2-704012671	Obsidian Bright	28 DEPOT STREET, RACHEL, WV	US
S2-595691991	RAYNELL'S  HARBOR SEAFOOD LP	3410 SHADOW TREE DRIVE, null, SACRAMENTO, CA	US
S2-204591452	Premier Bay Range Associates	1724 SPRING LAKE DR, MESQUITE, TX	US
S2-720490901	Ramirez and Dildine Services	5244 45ST ST, CLEVELAND, OH	US
S2-331461725	Chapra Sinad Private Limited	H N-#17, WARD NO-12 VILL-BANNI, TOLA-BANNI, PANCH-KADIPUR BLOCK-NAGRA, CHAPRA, बिहार	India
S2-103603271	Punjab Traders Private Ltd	NO 14 N S RD 4TH FLOOR, KOLKATA, পশ্চিমবঙ্গ	India
S2-386881464	F 7 DYNAMIC  NORTHWEST	8695 GREENBELT RD, MD, GREENBELT	US
S2-565976380	PK Legacy Coinshares Co	2511 WEST DRIVE, NULL, ROGERSVILLE, TN	US
S2-936867164	Lower Lower Parel Drycleaning Private Ltd	NO 3RD FLOOR SH 17/18, PARVATI INDUSTRIAL ESTATE SUN MILL COMP OUND, LOWER PAREL, महाराष्ट्र	India
S2-595784441	લોટસ ઇન્વેસ્ટમેન્ટ જ્વેલર્સ પ્રાઇવેટ લિમિટેડ	D/29 B CHANGODAR ESTATE, NEAR NISHI LEVEL, AHMEDABAD, SANAND, Gujarat	India
S2-229849493	Darkin Mémorial Services	Tamil Nadu, BLOCK G-675  1134, SATHY ROAD, GANAPATHY, COIMBATORE	India
S2-507152762	Vedansh Snacks Private	8 TH MAIN, 880, 6TH CROSS, AKSHAY BHANDAR ROAD, MYSORE, Karnataka	India
S2-174059963	JAIPUR EDUCATION	FLATNOM- 357, BUILDINGNO14, ASHIANA UMANG, JHANYEE, JAIPUR, Rajasthan	India
S2-398460096	Urban फाइनेंस Private Limited	FIRST FLOOR, SHOP NO. 44 SURI PLAZA, TAWWAKAL LAYOUT, WADI, NAGPUR, Maharashtra	India
S2-62221198	Citadel [LLC]	2560 Onslow Drive, JACKSONVILLE, NC	US
S2-688897366	bestautorepair.com	11459 LEIVASY ROAD, QUINWOOD, WV	US
S2-530330935	Sri Chintan Brothers Limited	A-#40 SECTOR-20, NOIDA, Uttar Pradesh	India
S2-146349824	Mr Maa Business [Private]	SHOP NO C-57, SECOND FLOOR DSIDC COMPLEX, KALYAN PURI, DELHI, Delhi	India
S2-800992054	Straight Edge Pub Inc	1223 Pga Dr, LE MARS, IA	US
S2-145507253	Engineering Navabharath Investments Private Limited	09 , 4TH FLOOR, RIDHAM PLAZA, OPP SHREEDHAR FLORA, AMAR JAWAN CIRCLE, S.P. RING ROAD, NIKOL, AHMADABAD CITY, Gujarat	India
S2-425338531	Classic  Agricultural Holdings	3804 MONTROSE ST, VIDOR CCDP, TX	US
S2-787718430	Mcdaniel  Empire	22700 RIDGE LANE, FRANKFORT, IL	US
S2-681956450	HARRIS NEVADA	4215 RD, CLAREMORE, OK	US
S2-116748146	ശ്രീ Consultants	H.NO 301 17/5, KOZHIKODE, Kerala	India
S2-617626301	Behavioral-Health Asshociafets Partners	1801 TRACE POINTE LANE, RICHMOND, TX	US
S2-563814105	acecloudsystems.com	TARHELIA HEIGHTS, WHITTIER, NC	US
S2-558112615	Schisler Utility of  Sebring	800 15TH SAINT, SEBRING, OH	US
S2-527521763	Varshva H0using Private	P6/23/11 SECTOR 15, PANVEL NAVI MUMBAI, PANVEL, Maharashtra	India
S2-498215317	All Cralog Networks  LLC	0035 BOKUM RD, CHESTER, CT	US
S2-767390046	UW Electronics Ltd	SHOP NO. 29- , GG -1 BLOCK VIKASPURI, DELHI, दिल्ली	India
S2-224909884	UNIFIED MATERIALS DIGTA LTD	5530 YATES GARDEN LN, RALEIGH, NC	US
S2-38552347	JADE SYNTHETICS LIMITED	NO 63 NEAR NOWROZABAD STATION, GRAM TASTARA THANA NOWROZABAD DISTRICT UMARIYA, UMARIA, null, मध्य प्रदेश	India
S2-794766633	ગુડ ટેક્નોલોજીસ પ્રા. લિ.	PLOT 920 ROAD NO 27UDHYOG NAGAR UDHANA, Gujarat, SURAT	India
S2-447293847	Thakkar Private Limited Services	C/O NIRMALA, MANO MANSION, 5TH- CROSS END ROBERTSONPET K G F, KOLAR, Karnataka	India
S2-1986290	HEALTH BEHAVIORAL HIGHLAND INC	501 CEDAR STREET, <NULL>, GLENDIVE, MT	US
S2-637040711	Corp Tanet Elcetcil	558 COUNTY ROAD 5262, CLEVELANND, TX	US
S2-497025062	Interstate Rrhdt Ltd	15 ST, BROOKLYN, NY	US
S2-748325649	Public Anand Investment Limited	NO. D/224 E-1006, PLOT NO: 3, SYNO 83/1, MY HOME ABHRA KNOWLEDGE CITY, PANMAKTHA, OPP INORBIT, MALL, HYDERABAD, RANGAREDDY, Telangana	India
S2-609834475	CD SMATR XRP, INC	3 Jay Carter Rd, BLUEH ILL, ME	US
S2-384350223	M/s bmh & co limited	HOUSE NO.41, DREAMS GLORY PHASE 2, BAWDIYA KALAN NEAR GUJARATI COLONY, BHOPAL, HUZUR, Madhya Pradesh	India
S2-864548311	Vision Héartland Medicine	4315 GOLF CLUB DRIVE, AUBURN, AL	US
S2-238811766	Smt Rohit  Co Center	C/O- ANANDA BAG ADWAITA LANE, HAREKRISHNA PALLY, SANTIPUR, West Bengal	India
S2-428985968	INC. PREFERRED TRANSIT LABS	152 JAMISON DR, ALLEN, TX	US
S2-767959648	Gene Kwón Specialty Co	5854 JACKSONVILLE ROAD, MARION TWP, PA	US
S2-644504484	Foster Fuel	##201 KEENELAND DRIVE, OXFORD, NC	US
S2-607605766	Precisi0n Pvt Ltd Center	H.NO 53-54 /FF POCKET 8 SECTOR 24 ROHINI, NEW DELHI, Delhi	India
S2-884331770	Baptist LLC Association	23 Massasoit Avenue, SUDBURY, MA	US
S2-944060325	ਭਾਰਤ ਟੈਕ ਕੇਅਰ ਟ੍ਰੇਡਿੰਗ ਪ੍ਰਾਈਵੇਟ ਲਿਮਟਿਡ	SCO 251, THIRD FLOOR, BLOCK-2, PHASE-1, PATIALA, Punjab	India
S2-228711689	zea [llc]	1ST AVE, GREAT FALLS, MT	US
S2-286314001	Agro Chhabra So Pvt Ltd	NO 26B , S/F OM VIHAR PHASE-II A UTTAM NAGAR NEAR ARYAN GARDEN, NEW DELHI, Delhi	India
S2-803294359	Supreme Paper	2826 CLOVER VALLEY DRIVE, TX, GARLAND	US
S2-399971243	Back Alley Pizza	205 7ND STREET, <NULL>, GROTTOES TOWN, VA	US
S2-352464995	Clean-Services (India) Limited	C/O SRI. DHANANJAY KUMAR., H 2/2, KWDIVISION KANKARBAG, SAMPATCHAK, Bihar	India
S2-524004407	Lumiq Highland PLLC	2587 1000, LOGAN, UT	US
S2-253799125	Delta  Giant Uptown LLC	15420 MEITH STREET, FORTVILLE, IN	US
S2-434463442	Serpa'S Choice Auto Repair	1527 CEDAR AVE, TOMAHAWK, WI	US
S2-754764875	SNIDER PRAIRIE GALATA	25 MONROE STREET, SILVER CREEK, NY	US
S2-820645328	Dhansagar International School Private	PROPERTY NO-##2067, B-10, SECTOR 19, HOUSING BOARD, AMBALA CITY, AMBALA, Haryana	India
S2-983579795	fawniaspub.com	440 FIFTH STREET, SHEFFIELD, IA	US
S2-731368331	TRUSTFINITY CAPITAL PRIVATE  LIMITED	N-212, IDEAL PLAZA 11/1, SARAT BOSE ROAD, KOLKATA, KOLKATA, West Bengal	India
S2-183430561	LYROZ RIO	903  18RD ST, MOORRHEAD, MN	US
S2-804615322	dysonhargreavesbakshi.com	202 WALKER ST, DURHAM, NC	US
S2-428257847	प्रीमियर शिव ग्लोबल	F-459 GALI NO-19-OLD GALI, NO-03-KH-110/2 KHAJOORI, DELHI NORTH EAST, Delhi	India
S2-187777854	Catharina Russell	412 22ND STREET, MINOT, ND	US
S2-481248258	Gretchen Hempstead  Eye Care-Capitol	405 ROLLINS AVENUE, MD, CAPITOL HEIGHTS	US
S2-371172838	REEVA  (GEIILO)A EXPORTS	#71, BLOCK A, HARSH VIHAR, CHIPIYANA BUZURG, CHHPYANA, Uttar Pradesh	India
S2-941570409	Scholarship II  Trust (ID: 35278)		US
S2-889578554	Sahaja & Sons Private	G1 KANAKSHRI REGENCY, RING ROAD, NEAR MAYUR HOSPITAL, SCHEME 94, INDORE, MADHYA PRADESH, INDORE, मध्य प्रदेश	India
S2-1618286	chennai educare private 1imited	#857 , POONAMALLEE HIGH ROAD KILPAUK, CHENNAI, தமிழ்நாடு	India
S2-295065312	Neix Valley Sciences Inc	001702 BROOKSHIRE DR, SIERRA VISTA, AZ	US
S2-89587960	Kall Holdings	QUEENS ROAD, PARSONS, KS	US
S2-453758271	Dempster Preparatory Academy Inc	BLOOMINGTON, 130 BROOKS DRIVE, IN	US
S2-699970234	Anandha 5ervice Private Limited	A/102, OM NEELKANTH CHS, SAHYOG MANDIR RD., GHANTALI, THANE, Maharashtra	India
S2-193622609	यूनाइटेड डेवलपर्स एलएलपी	154 GOLE BAZAR, GURUDWARA ROAD, SRIGANGANAGAR, SRIGANGA NAGAR, Rajasthan	India
S2-486049201	Aydelotte and Dowling LLC	#67 KENDRICK PINES BLVD, SPRING, TX	US
S2-566931281	Lower Parel Red  Private Limited	GALA NO.9, MAHALXMI INDUSTRIAL ESTATE, LOWER PAREL, महाराष्ट्र	India
S2-441341822	ONCOLOGY DESERT PHYSICIANS	RIDGE RD, GREECE, NY	US
S2-921857072	Subham Pvt Chemist Ltd	NO 13 TO 16, FLR, PLOT 115/117, CENTRAL BANK PANCHAYAT WADI, DR. ATMARAM MERCHANT RD, KALBADEVI, MUMBAI, महाराष्ट्र	India
S2-518590135	3RD FLOOR FLOOR ATMA RAM HOUSE CONNUAGHT PLACE SALT PRIVATE LIMITED	C-46, 3RD FLOOR ATMA RAM HOUSE CONNUAGHT PLACE, Delhi	India
S2-256236598	CANTON WOMENS HEALTH COMPLETE CARE ASSOCIATES, INC.	ROLLING HILLS ROAD, NC, CANTON	US
S2-351870381	... SAFE METRO CLEAN INCORPORATED	5017 BLACK ROCK LOOP, OLYMPIA, WA	US
S2-32623425	ಹೋಟೆಲ್ ಕನ್ಸಲ್ಟಿಂಗ್ ಪ್ರೈವೇಟ್ ಲಿಮಿಟೆಡ್	DOOR NO 538, RAJEEV GANDHI NAGAR NTI LAYOUT, 1ST PHASE, KODIGEHALLI, BENGALURU, BANGALORE, ಕರ್ನಾಟಕ	India
S2-962138377	REVATITRADERS.COM	HN 417 ANISHABAD POST OFFICE ROAD, MOHALLA-ANISHABAD, PO-ANISHABAD, NEAR UFO MALL, PATNA, PHULWARI, Bihar	India
S2-215134403	Womens Health Partners	0500 WAVERLY LAKE ROAD, WAVERLY, IL	US
S2-288876615	Meennora Private Limited Center	#10A-B-C, GOA MANSION, GROUND FLOOR, DR. SUNDERLAL BHAL PATH, FORT, Maharashtra	India
S2-136235099	WR PARTNERS CHIRON	PIERPONT STREET, PEABODY, MA	US
S2-663913320	Connolly Pediatrics Inc.		US
S2-637746410	सिल्वर एनर्जी प्रा. लि.	FLOOR-1ST, 629A, GAZDAR HOUSE, JAGANNATH SHANKARSETH MARG, DHOBI TALAO, KALBADEVI, MUMBAI, MUMBAI CITY, Maharashtra	India
S2-892367472	[LLC] SAFE ANDRETTI EASTGATE	67 SOUTHALL COURT, PMB 2380, SMYRNA, DE	US
S2-56133264	Oncology Sterling  Group | www.oncologys.com	8 KNOLL TOP DR, MARSHALL, NC	US
S2-754091408	Chicago Enterprises Exports Company	HOUSE NO. 631/2, PLOT NO.96, RAMNAGAR, ADHARTAL, JABALPUR, Madhya Pradesh	India
S2-491028094	Pioneer Developers (Limited)	MARTIN BURN HOUSE, #1, R.N. MUKHERJEE ROAD 4TH FLOOR, KOLKATA, West Bengal	India
S2-832052225	Reinhart,  James and Williams Harbor LLC	SELMA, OR, 2428 THOMPSON CREEK RD	US
S2-757487043	Kala's Atlantic Atlantic	796 LIMEROCK ROAD, HATCH, UT	US
S2-226567568	OV Ridge Corp Abony (ID: 35127)	46 BOULDER PLACE, RANDALL, MN	US
S2-56721546	Kores Triaedade-Private Limited	#9 , SWASTLIK NAGAR, KONDASAMUDRAM, GUDIYATHAM, Tamil Nadu	India
S2-619748319	Battle Atlantic Commodity Metro LLC	18104 107TH PLACE, RENNTON TOWNSHIP, WA	US
S2-794174587	Tri-State  Medical Center - 1145526571	20947 COLECROFT SQ, LOUDOUN COUNTY, VA	US
S2-693383953	METROPOLITAN LODGING LTD CENTER	616 AVENUE B-5, COUNTY, WY	US
S2-15148623	Vijay Lotus Products Private Ltd	807/2, R R BLOCK, NAVEEN SHAHDARA, DELHI, Delhi	India
S2-765062079	SURGICAL GRÓUP OF BATON	#2703 IBERIA STREET, BATON ROUGE CITY, LA	US
S2-25714222	PARTAIN, RUTHANNE, MD LLC	1081 PARKSIDE DR, TEMPE, AZ	US
S2-726253555	होटल केयर प्राइवेट लिमिटेड	KOLHAPUR, DOOR NO 339, KOLHAPUR, RS NO 1/2/5, NERLI TAMGAON ROAD, महाराष्ट्र	India
S2-42284542	Preferred Efes (LLC)	104 FOURTEENTH AVE, NAPERVILLE, IL	US
S2-518413297	Cozy Barbershop Inc	92 34ST STREET, KANSAS CITY, MO	US
S2-74926793	Gwynn Oak Community Ace Center Inc	6800 LIBERTY ROAD, GWYNN OAK, MD	US
S2-7352143	fidyne southside llc	922 BOMTSWAIN WAY, AUSTIN, TX	US
S2-953860617	midwestcenter.c0m	1235-1237 OLD YORK RD, ABINGTON TOWNSHIP, PA	US
S2-546920738	W 5 J Co (Century)	GLEN OAKS, 259-12 UNION TPKE, NY	US
S2-859726068	Associated & Sons Pvt Ltd.	DOOR NO 25  , 1ST MAIN, 5TH CROSS, SHREYAS COLONY JP NAGAR, 7TH PHASE, KOTHANURU, BANGALORE, ಕರ್ನಾಟಕ	India
S2-608516372	Joan L. Vonk, L.C.S.W., [P.C.]	631 BROWN ST, VINE GROVE, KY	US
S2-480877177	vaughn classic midcap	CONGRESS AVE, PRESCOTT, AZ	US
S2-950135492	YS Coastal (Leapfrog)	215 HUBER VILLAGE BLVD, WESTERVILLE, OH	US
S2-970217516	#havelimall	MILKAT NO - 556, NEAR ZHALNWADI HAVELI, HAVELI, Maharashtra	India
S2-279795129	GLASS FARMER	35 C.R. AVENUE GROUND FLOOR, ROOM NO 6/1, KOLKATA, KOLKATA, West Bengal	India
S2-550348786	serialenterprises.com	GAT NO.40, NEAR RAILKAR, ROAD, KADAMWAK WASTI, HAVELI, Maharashtra	India
S2-603052709	Solstice Ocean Íncorporated	02329 BURLINGTON AVENUE, BURLINGTON, IA	US
S2-748268413	BARBERSHOP URBAN (WEST)	00783 25, RICHFIELD, NY	US
S2-802604278	Alderman, Trimm & Gsrby Ltd	10 CALUMET ST, BOSTON, MA	US
S2-784775419	JDY Producer Corp	NO 11 VILL DUBE PACHAMWA, PARARIYA, KATEYA, GOPALGANJ, बिहार	India
S2-253412037	Desert Enterprises	4TH ST, BANDERA, TX	US
S2-290289962	Craig British Ínc	120 RANCHO DELUXE, LIBERTY HILL, TX	US
S2-609637188	Dr RENOWN CO-CENTER		India
S2-122944993	Apache Ltd Ventures	BHAICHANA TEXTILE MILLS COMP-OUND ABOVE S B I LAL BAHADUR SHASRTI MARG BHANDUP, MUMBAI, महाराष्ट्र	India
S2-567514562	Blue Rocky Ltd	7473 ZANJERO BOULEVARD, GLENDALE, AZ	US
S2-846975420	Technology  Sampuran Technologies	18-8-T916 , 1ST FLOOR, KGR COMPLEX, MYSURE ROAD, MALAVALLI, Karnataka	India
S2-649251901	Shri Eminent Vintrade [Pvt.]	SF. NO. 542/B2, PERUMAL KOIL ST. GOUPARASANALLUR KATTAUPAKKAM, CHENNAI, தமிழ்நாடு	India
S2-665463193	City Vijay Private Limited Services	D-FR, FL-1ST, LP-17/2, 1/1 SARKHEL PARA LANE, BALLY JAGACHHA, পশ্চিমবঙ্গ	India
S2-620589797	Melanie's Valley	505 Wheatley Ave, WISE, VA	US
S2-986714176	Alvarez, Lane and-Stewart Manufacturing	1911 KANGAROO AVE, KILLEEN, TX	US
S2-111237832	M/s Purvi (India) Company Center Center	Telangana, 12-1-331/C/1, DATTATREYA COLONY ASIF NAGAR, HYDERABAD	India
S2-800779929	Pioneer Inte1ligence Labs Inc.	5 DUK IN FIELD DR, NORWICH, CT	US
S2-186918703	Kolkata Realtors Private Ltd	DOOR NO 111 MEGHNAD SAHA SARANI FLAT NO 8B, KOLKATA, KOLKATA, West Bengal	India
S2-54238568	न्यू सदर्न फूड्स बेकरी प्राइवेट लिमिटेड	SCO-90 THIRD FLOOR, ASHOKA COMPLEX, DELHI ROAD, ROHTAK, Haryana	India
S2-374123528	Northern Health Center Clinic  LLC	3527 CUYLER AVENUE, BERWYN, IL	US
S2-706455784	Linton Cóntinental Red North LLC	647 ANDERSON DRIVE, KETCHIKAN, AK	US
S2-838230067	Lovett, Wolf  & Pike LP	52652 POTTS ROAD, GALES CREEK, OR	US
S2-570512018	Family Clinic Inc Inc	3879-3883 HOG BEND, GRAORD, TX	US
S2-85369861	freddy ward can corp	502 ORIOLE CT, ELYRIA, OH	US
S2-56541596	Mr whiteconsultancyprivate.com	B-C-33 CHIJARSI SECTOR 63, NOIDA, Uttar Pradesh	India
S2-564852431	Rochette Carmona Inc. [Center]	330-334 9TH SAINT, MURPHYSBORO, IL	US
S2-973891945	Horizon-Cargo Digiohl LLC	32934-C 11, PHILADELPHIA, NY	US
S2-731971794	Desert Cteirlnhg Inc	9518 Oxborough Curve, BLOOMINGTON, MN	US
S2-278021863	Gasavue Summit Corporation	1021 THEMIS STREET, LEESBURG TOWN, VA	US
S2-849656600	Batts, Morales & Séxton Compania LLC	20 MONTAUK AVE, EAST MORICES, NY	US
S2-613971680	Corporate Technical Dynamics,  Inc		US
S2-7521413	Solutions Arrnbc Enterprises Pvt Ltd	43 , DICKENSON ROAD, BANGALORE -560 042., Karnataka	India
S2-718800703	Fix Inc	HUDSON, 110 CHAPIN ROAD, MA, PMB 3382	US
S2-270518407	Continental Nova Clinic (Ltd)	1725C DAFFODIL TRAIL, YOUNGSTOWN, OH	US
S2-609895919	Khammam Private Limited Service	11-10-770/21/A/1 FLOOR 3, STREETNO6VIVEKANANDANAGAR, KHAMMAM, Telangana	India
S2-755475008	MCMAHON BRAEMAR	23 WHITE'S PATH, YARMOUTH, MA	US
S2-435436175	इंडो प्रोडक्ट्स प्राइवेट लिमिटेड	HN 307 II BIRLA FLATS ARYASAMAJ ROAD KAROL BAGH, NEW DELHI, NORTH DELHI, Delhi	India
S2-659531921	bobbeechampionsgatewallace.com	2003 IDALOU RD, LUBBOCK, TX	US
S2-533183444	johnson bond	MAIN STREET, <NULL>, STONY POINT, NY	US
S2-747793486	Delta Prógram-Inc		US
S2-156145640	यूनिक इन्वेस्टमेंट एलएलपी	D-2/241, Uttar Pradesh, LUCKNOW, VIBHAV KHAND, GOMTI NAGAR	India
S2-494249069	QUBG Leisure Córp	G-1007, REVENUE SURVEY NO. 342/P VILLAGE SARIGAON, G.I.D.C, VALSAD, Gujarat	India
S2-184020156	Darelle Verhagen, DPM, P.C. Co Service	219-221 3rd St, NEWPORT, AR	US
S2-884083511	New-Limited Mal Delhi	HN 748 H-16/128 GALI NO-1GOVIND GARH TANK ROAD KAROL BAGH, NEW DELHI, दिल्ली	India
S2-209549510	PEDIATRIC INC. SERVICES	5775 ESTATE LANE, PMB 3834, BELGRADE, MT	US
S2-85041734	क्लासिक बॉम्बे फूड्स इलेक्ट्रॉनिक्स प्राइवेट लिमिटेड	H.NO #82 AT SILLOD TILAK NAGAR AT SILLOD, CHHATRAPATI SAMBHAJI NAGAR, AURANGABAD (MAHARASHTRA), Maharashtra	India
S2-319771268	SHREE  WORLD PRIVATE	21/9, AAMARPALI APPARTMENTS, 56, I.P EXTENSION PATPARGANJ, दिल्ली	India
S2-712153407	Tindivanam Producer  Private Limited	DOOR NO 710 NO:28, NEDU STREET, ALANKUPPAM, VILLUPURAM, Tamil Nadu	India
S2-477346021	Classic  Technical Partners Ltd	3921 KIMBERLY DRIVE, <NULL>, PEARLAND, TX	US
S2-791212666	Bengaluru Products-Pvt Ltd	H.NO 447 , SRI SAI HEIGHTS, 17TH MAIN, 17TH CROSS, HSR LAYOUT, SECTOR 4, BENGALURU, ಕರ್ನಾಟಕ	India
S2-694627142	Johnson, Black and Johnson Argentina Corp.	13-17 PHILLIPS RD, PMB 7904, GLENBURN, ME	US
S2-330823411	VALENKA GUTIERREZ STRATEGIC ENGINEERING C0RP	PEOPLES AVE, TROY, NY	US
S2-292039728	लक्ष्मी क्लासिक कंसल्टिंग प्राइवेट लिमिटेड	205, VARDHAN TOWER, COMMUNITY CENTRE, PREET VIHAR, DELHI, दिल्ली	India
S2-829337272	Interfaith Gui1d Corp	WAKEFIELD, 23 CATALPA ST, MA	US
S2-405644916	... Wahl  Enterprise Haleyville	AL, HALEYVILLE, 44 SLAUGHTER PEN ROAD	US
S2-62736893	Desert Association Incorporated	013601 44RD ST, PHOENIX ICTY, AZ	US
S2-72311199	KESTEUS ODYSSEY	MAIN AVE, HIGHLAND HEIGHTS, KY	US
S2-33513454	Nonet Blighhht	713 Harbor Side St, WOODBRIDGE, VA	US
S2-510654046	ZHUANG, BONNY AGNC INC	11 QUARLES STREET, BRENTWOOD, NY	US
S2-995134427	patriot guild	6814 PINEWAY, HYATTSVILLE, MD	US
S2-48325161	CHEM-(INDIA)-PVT LTD		India
S2-391277285	Grand  Braemar	3684A EDGEWOOD DR, PT NGELES, WA	US
S2-186703584	लोटस टेक्नोलॉजीज प्रा. लि.	NO D/116/65 A-1 SAHKAR NAGAR KALYANPUR KANPUR- U.P, KANPUR, Uttar Pradesh	India
S2-95090414	Private Option Footwear Limited	DG A 05 41, 5TH FLOOR, TOWER A, THE DIGITAL GREENS, SECTOR 61, GURUGRAM, GURGAON, Haryana	India
S2-907237193	Mullally, Friederike Platinum Payments (LP)	1098 NAT ROGERS ROAD, BOSTON (COUNTY), KY	US
S2-401293041	Supra Advisors Co	SHOP NO 165 FIRST FLOOR, VARDHMAN CROWN MALL PLOT NO 2 SECTOR 19, DELHI, Delhi	India
S2-878352124	Lucky Barbershop	9004 DANTE AVE, CHICAGO, IL	US
S2-135305339	IJ  India Private Limited		India
S2-775099408	Blue Innovative Food Private Ltd	2/624A. , MEKKAD P O, NEDUMBASSERY, Keralam	India
S2-393523489	Asset Building  Initiative LP	56 COLUMBUS AVENUE, HAVERHILL, MA	US
S2-438260084	Dr Rapt Naturals-Sriperumbudur [Limited]	DOOR NO 16/180 CHENNAI BANGALORE MAIN ROAD, SRIPERUMBUDUR, Tamil Nadu	India
S2-908151511	Tejita Textiles	NO 99 , 2ND FLOOR, LAKSHMANA SWAMY SALAI, K.K. NAGAR, Tamil Nadu	India
S2-914761441	Catalyst Consultants Private  Limited	1/15, KATTUR, POOLAMPATTI PO EDAPPADY TK, Tamil Nadu	India
S2-447804682	The Mengel, Robinson & Mitchell Center (Uptown)	9525 MICHELE LN, TEMPE, AZ	US
S2-748545907	Premier East Care Textiles Pvt Limited	FLAT NO C-122 , FLOOR NO. 1, KULSWAMINI NIWAS, GULMOHAR LANE, CHUNABHATTI, MUMBAI, Maharashtra	India
S2-227887567	ROSARIO, WALZ & ALLEN MANAGED	111 WHITE ST, DANVILLE, VA	US
S2-659715947	ಸೌತ್ ಸಿಲ್ವರ್ ಕನ್ಸಲ್ಟೆಂಟ್ಸ್ ಪ್ರೈವೇಟ್ ಲಿಮಿಟೆಡ್	DASANAPURA, BANGALORE NORTH TALUK, BANGALORE., BANGALORE, Karnataka	India
S2-568874744	सुप्रीम टेक	460/SCHEME NO.114-PRATHAM, INDORE, Madhya Pradesh	India
S2-999559486	Ínc Tisdale Applied	17TH SAINT, NEWTON, IA	US
S2-704449115	Ahmedabad Venture Private	BLOCK G-771 B1013, EMPIRE BUSINESS HUB, SCIENCE CITY ROAD, NR. CIMS HOSPITAL, SOLA, AHMEDABAD, AHMEDABAD, Gujarat	India
S2-698245094	Lakshmi Engineering Medicals Limited Service	HN 646 217/227, T.V. INDUSTRIAL ESTATE, S. K. AHIRE MARG BEHIND GLAXO COMPANY, WORLI, Maharashtra	India
S2-250598875	Taluka: Khalapur Technologies	#53/2 & 53/3, KHOPOLI PEN ROAD, VILLAGE: AJIVALI, TALUKA: KHALAPUR, Maharashtra	India
S2-893074332	piedmontcentraltristate.com	15 KELLER DR, BEULAH, ND	US
S2-372789171	Navi Mumbai C0ast Pvt. Limited	F-1/C:2, SECTOR 11, NERUL, NAVI MUMBAI, Maharashtra	India
S2-722880181	Shri REAL ASSOCIATES [CENTER]	#Z1-10072  NR ARYA SAMAJ CHOWK BANK BAZAR, BATHINDA, Punjab	India
S2-557541533	FOUR STEEL INDUSTRIES CO	H NO:2-17-5/212, SAI SADAN, EAST KALYANPURI UPPAL, Andhra Pradesh	India
S2-108228337	Pisces Agriculture Pvt [Ltd]	#862 SUN N MOON CHAMBERS, PLOT NO S4, OFFICE 721, JAIPUR, N/A, Rajasthan	India
S2-871829810	Olanon Graphics (ID: 87789)	130 COX RD, ASHEBORO, NC	US
S2-866295263	Gilly J. DDS Allen,	S7235 BLUFF RD, TOWN OF MERRIMAC, WI	US
S2-842446266	QUILL, MENGEE, D.C., DDS PC	5798  Drenta Cir, NAVARRE, OH	US
S2-674991742	Waits LLC Services	8025 TEXAS STATE HIGHWAY 19, SULPHUR SPRINGS, TX	US
S2-747122768	M/s Ratanlal and Snos Ventures Private Limited	A-##28, BASEMENT FLOOR, NEW DELHI, Delhi	India
S2-586734904	திருப்பதி பிளாக் இண்டஸ்ட்ரீஸ் பிரைவேட் லிமிடெட்	17/1 GROUFD FLOOR, DORON COMPLEX DHAMODARAN STREET, CHENNAI, தமிழ்நாடு	India
S2-166932951	hotelproducercom	KRISHNA KANTA DAS, VILL-, KALUGACHH, PO-BHAISHPITA, CHOPRA, পশ্চিমবঙ্গ, <NULL>	India
S2-421540927	Kala & Co LLP	E 202, LGF SUSHANT LOK 2, GURGAON, Haryana	India
S2-67201778	Garg Logistics Private	40-103 LGF, CR PARK, NEW DELHI, Delhi	India
S2-758681750	Beyond Departmental Pvt. Ltd.	PLOT NO. 16, SR NO. 87/11, VEERBHADRANAGAR, HAVELI, Maharashtra	India
S2-714768922	Nunn, Patterson Inc Sharkey Can and	412 NWTON ST, PARAGOULD, AR	US
S2-189369955	MCQUEEN ÉFES INC	3330 BRYANT COURT, SACRAMENTO, CA	US
S2-975334742	Johnson LLC  Endocrinology	SCOTTSDALE RD, SCOTTSDALE AIRPARK, AZ	US
S2-670930015	Aarthik Vodyalhya	H.NO.617 BLK E 1 PKT 1C, SEC A1-A4 MANSA DEVI ROAD, DELHI, दिल्ली	India
S2-668310822	BAAR BAAR FAMILY OFFICE INCORPORATED	311 BLACKHAWK ROAD, PO BOX 5861, CHARLTOTE CITY, NC	US
S2-394554163	Pvt Seo Infra Ltd	GADDIANNARAM, Telangana, RANGAREDDY, #15 ND FLOOR H NO 16-2-753/A/1/1 SRI SRI HOUSE, HYDERABAD	India
S2-970203166	Brennan Secure Wholesale	MA, 39 BLANEY CT, REVERE, <NULL>	US
S2-822918754	FIORENZA, HALL & BURT LLC	VA, 1613. MARY LOU LN, CHESAPEAKE CITY	US
S2-631499185	ROSMERTADIESEL.COM	U. NO. T-26A THIRD FLOOR, PANKAJ CETNRAL MARKET, LSC, MANDAWALI FAZALPUR, NEW DELHI, Delhi	India
S2-892302414	Slate [LLC]	419 GREENWAY DR, EDEN, NC	US
S2-266007614	skyindiaworld.com	# 279- BX, MODEL TOWN EXTENSION, BHARAT NAGAR CHOWK, ਪੰਜਾਬ	India
S2-149845283	Elite Power,	3092 RAINES RD, MEMPHIS, TN	US
S2-846158069	Canopy Management Private (Limited)	Tamil Nadu, #196- 126, F1, RAJAJI NAGAR, 3RD CRSS STREET, SAIDAPET	India
S2-381850998	AUTISM ASSISTANCE MINISTRIES LLC	LAKE STREET, MONTICELLO, NY	US
S2-880883010	WU Séarch Center	#195 P58 59 SN 128/1A, 128/1B2A, KALPATARU GREEN FIELD, HAVELI, महाराष्ट्र	India
S2-731649105	Creative Catalyst	4443 DETROIT PL, PMB 5894, TULSA, OK	US
S2-330228627	Private Swaraj Colonisers (India) Ltd	DOCR NO 2073, Karnataka, BANGALORE, SRI KALA COMPLEX, 24TH MAIN, OPP.LOTUS HOSPITAL, 1ST SECTOR, HSR LAYOU, T	India
S2-806573115	Smt Heritage Opticals Overseas Private	Maharashtra, HN 705 SHOP 2-20, GROUND FLOOR, DHANYA SATIVALI NAGARI, VASAI	India
S2-863652256	Silver Bike-Shop Partners	310 THIRD AVE, HAMPDEN, ND	US
S2-730588551	MUMBAI EDUCATIONAL CORP	UNIT NO. 16, 1ST FLOOR, A WING, PINNACLE CORPORATE PARK, BKC, BANDRA (EA, ST), MUMBAI, Maharashtra	India
S2-72883532	Safe Telecom Hóldings	8 DUPONT AVE, BIDDEFORD, ME	US
S2-434711089	भारत फूड्स लिमिटेड	GAUTAM BUDDHA NAGAR, Uttar Pradesh, DADRI, L-401	India
S2-727414171	Vighnaharta Charitable  Trust Limited	M 06 IIND FLOOR SECTOR 11, NOIDA, Uttar Pradesh	India
S2-484254734	Taranth Systems Pvt Ltd.	C/O SURAJ MAL MEENA ALKODIYA, TALERA BUNDI, RAJASTHAN, BUNDI, Rajasthan	India
S2-6905210	Rocha  Piedmont (ID: 63125)	MILLER AVENUE, VA, CHESAPEAKE CITY	US
S2-729001863	Toomey Lan	STRAUB RD, MANSFIELD, OH	US
S2-78682340	ಸಾಯಿ ಟೆಕ್ನಾಲಜಿ ಪ್ರೈವೇಟ್ ಲಿಮಿಟೆಡ್	#A-81, BAGLUR BANGALORE NORTH, BANGALORE, Karnataka	India
S2-560702438	INFRATECH FOUNDATION NATKHAT	LIG-19 RAMGANGA VIHTR, PHASE 2, MORADABAD, उत्तर प्रदेश	India
S2-809086049	GX Fresh Energy Partners	TX, 12238 SOUTHWEST FREEWAY, STAFFORD	US
S2-664981233	Shah Practice Center	OR, 12248 HORNY HOLLOW TRL, TERREBONNE CITTY	US
S2-323570916	YOS.COM	5001 WESTERN AVE, OMAHA, NE	US
S2-868365106	Complete Total Smith [LLC]	7163 STATE HWY 518, RANCHOS DE TAOS, NM	US
S2-211389639	Metropolitan Silver Oil LLC		US
S2-692060905	Granite Holdings	913 240RD AVENUE, SAMMAMISH, WA	US
S2-516882643	గోల్డ్ కన్సల్టింగ్ ప్రైవేట్ లిమిటెడ్	#23-178/4, K.V.RANGAREDDY, SHAMSHABAD, Telangana	India
S2-827503791	Sri Dynamic Industries-Pvt  Ltd	INDUSTRIAL SHED NO 350/4 INDUSTRIAL AREA PHASE 1, PANCHKULA, Haryana	India
S2-401408311	PLLC Crystal Direct Developments Valley	131 MARY SAINT, NC, KANNAPOLIS	US
S2-515091575	பாரத் புராஜெக்ட்ஸ் பிரைவேட் லிமிடெட்	481, K.P. ROAD, KANYAKUMARI, தமிழ்நாடு	India
S2-637238651	Sri Sbt Polytechnic (Industries)	DOOR NO A-50 GANDHI HOUSE, 3RD FLOOR, 16 GANESH CH AVENUE, KOLKATA, KOLKATA, West Bengal	India
S2-729345807	Dee's Gldf Marketing (Inc)	451 SEBEC LAKE RD, WILLIMANTIC, ME	US
S2-287588845	A Dynamic Technologies LP		US
S2-822482083	UNITED DEVELOPERS PVT  LTD	402-, VINAY BHAVAN CHS LTD, CTS NO. 195/142 90 FT ROAD, ICICI BANK BLDG., OPP. LEVENDER BOUGH, GHATKOPAR EAST, MUMBAI, Maharashtra	India
S2-319667672	PROPERTIES RAJDARBAR  PROPERTIES	DOOR NO 409 C/O - ANUPAMA KUMARI, BAHADURPUR HOUSING COLONY, AGAMKUAN, Bihar	India
S2-731682240	SOUTHERN SOUTHERN ERPOBCTS LIMITED	51/150-38-10 NGO COLONY, RAYACHOTI, N/A, ఆంధ్రప్రదేశ్	India
S2-250915022	Prairie Society II, Co	1840 BERRA BOULEVARD, TOOELE, UT	US
S2-213470723	Flanagan & Hernandez Opendoor Valley LLC	84 BLUEBIRD LANE, null, NAPERVILLE, IL	US
S2-619664055	Sai Constructions	MODULE- 24, PHASE- II BUILDING, 2ND FLOOR, WEBEL IT PARK, PARIBAHAN NAGAR, MATIGARA, DARJEELING, West Bengal	India
S2-74052072	Infra Ranger Consulting-Corp	AVENUE PLAZA, FIRST FLOOR, SURVEY NUMBER 59/1B/1, MORE VASTI, MANJARI BK (N.V.), HAVELI, HAVELI, Maharashtra	India
S2-254663123	Shoshanna's Gulf Pub Co	85211 67ND ST, CITY OF KENOSHA, WI	US
S2-981635800	Group Harbor Bleichroeder	1086 DOOMS CHAPEL ROAD, SYMSONIA, KY	US
S2-596515519	Drucill Dix, DPM LLC	03536 BEND OF IVY ROAD, MARSHALL, NC	US
S2-202135780	IRITA TIPPETTS SCIENCES LLC	5249-A HUGH WOODARD RD, SPRINGFIELD, TN	US
S2-863198881	Knight Coastal Digitalbridge LLC	OPELIKA, 706 LAKE CONDY RD, AL	US
S2-53619573	... Harish lnfratech Private Limited Center	C/O ARMAN KHAN, PATNA, Bihar	India
S2-878768582	[GENERATION] PRAIRIE CAMPOS	526 STONE LAKE DRIVE, AUGUSTA, KS	US
S2-67633039	United First Pono, Corp	00162 BRITTANY DRIVE, WESTMINSTER, SC	US
S2-726109238	सुपर कंसल्टेंट्स प्राइवेट लिमिटेड	C/O GURMEET SINGH, DHAULPUR, DHOLPUR, राजस्थान	India
S2-182145854	Unified Tower Coastal Inc	46 BETH LANE, HYDEN, KY	US
S2-610173207	ENJAY EDUCOM PRIVATE LIMITED	TAKDAH CANTONMENT P.O. - TAKDAH CANTONMENT, DARJEELING, West Bengal	India
S2-710539502	DE Constech Pvt	F/#14, PRAYAS CHS LTD, S N DUBE ROAD, NEAR HANUMAN MANDIR, GAWADE NAGAR, DAHISAR EAST, DAHISAR EAST, महाराष्ट्र	India
S2-465052945	VAAYUANSH FOOD CORP	OFF S V ROAD, BANDRA(W) NR BAIDRA TELEPHONE EXCHANGE, MUMBAI, Maharashtra	India
S2-359710026	ALLIED FINANCIAL ENTERPRISES LLC	1640 ARIZONA AVENUE, YMA, AZ	US
S2-41986027	Gorr Resolution		US
S2-939739824	SELECT WEALTH NETWORKS (INC)	2213 MENTOR RD, null, LOUISVILLE, TN	US
S2-683120884	Chiropractic Clinic of Míltona Uptown Inc.	4811 WILLOW ROAD, MILTONA, MN	US
S2-180641337	Kahn Preferred Krakacquisition	SYLVAN DRIVE, ANTIOCH, IL	US
S2-840868162	डायनामिक मार्केटिंग प्रोविजन	70 S.K. SAXENA S/O SRI B.D., SAXENA R/O CIRECULAR ROAD, HARDOI, उत्तर प्रदेश	India
S2-810500558	kingcustomdesign.com	ORANGE, TX, 16144 FARM TO MARKET 1442	US
S2-743493687	Sage Cáscade Nmp	VA, COLONIL HEIGHTS, 00300 NEWCASTLE DR	US
S2-387222645	Cole Fisheries West  LLC	1114 Dunstan Rd, PASADENA, TX	US
S2-178777487	Eye Care	04 HILLTOP ROAD, DE, WILMINGTON	US
S2-438299704	Geclarum Preferred Kpet	OH, COLUMBUS, 2315 MALIN PL	US
S2-567819618	Head Harmony, Supreme LLC	01434 72RD PLACE, CHICAGO, IL	US
S2-199348255	Happy Tattoo North	36582 SPINDRIFT DRIVE, OH, EASTLAKE	US
S2-461664377	Mutual-Retail Systems Corp		US
S2-765966940	Starwise Gsnatewya LLP	DOOR NO 137 8, NIZAMUDDIN EAST, Delhi	India
S2-387930936	Quality Infrastructure Corporation	HOLLY CIR, INDIANAPOLIS, IN	US
S2-728566332	VALLEY GÚILD LTD	2300-D OLD COURTHOUSE DRIVE, GREENVILLE, NC	US
S2-535009147	शक्ति बिल्डर्स प्राइवेट लिमिटेड	305 PRAKASH CHAMBER6 N S MARG DARYAGANJ, CENTRAL DELHI, NEW DELHI, दिल्ली	India
S2-417277947	Esar & Partners Group	NO. 536 107, VARDHMAN SHOPPING COMPLEX ROHIT KUNJ, PITAM PURA, Delhi	India
S2-106812665	mspub.com	5158 JONES ST, OMAHA, NE	US
S2-487925537	RED CLEANING SERVICE PC	240 FRANKLIN AVENE, MOUNT VERNON, NY	US
S2-892378445	Ruthie Gaskins, Ésq. PLLC	109 BARRINGTN PL, MORTON, IL	US
S2-504977086	BEATRIZ DIAL UNIFIED PRINCIPAL CORP	354 NIEDERWERFER RD, S. WINDSOR, CT	US
S2-542732821	apexcrest.com	6411 33RD STREET, WASHINGTON, DC	US
S2-167426364	Private Karol Bagh Buildtech Limited	#13A/47, W.E.A, SECOND FLOOR, KAROL BAGH, CENTRAL DELHI, Delhi	India
S2-741811666	RAVIAKSH RESEARCH PFIVREA LIMITED	PLOT NO. 9/47, KIRTI NAGAR INDUSTRIAL AREA, NEW DELHI, NEW DELHI, दिल्ली	India
S2-851968861	Jaxyuma	MATTAPOISETT, 26 R PINE ISLAND RD, MA	US
S2-371549760	SURYA MARKETING  PRIVATE LIMITED	HOLI CHOWK, BAUND KHURD, BAUND, हरियाणा	India
S2-938743845	PG Capitla Transportation	CLAYTON, NC, 33 ONYX COURT	US
S2-976732784	TKV AMTOBOTIE	682 94TH STREET, OCEAN CITY, MD	US
S2-961093381	ONCOLOGY METRO MEDICINE-LLC MEDICINE-LLC	MO, IMPERIAL, 101 SECKMAN SPRING CIRCLE	US
S2-171593739	PLATINUM UNIFNED  OIL HOLDINGS	2308 77TH ST, MUSKOGEE, OK	US
S2-654636304	6REAT  EMPIRE RED	409 GRAYSIDE AVE, CITY OF MAUSTON, WI	US
S2-6412284	Duthie Chase LLC	9268 TANEY ROAD, MANASSAS CITY, VA	US
S2-803343298	LLC Neala's Services Security Atlantic	69C BILLINGS STREET, QUINNCY, MA	US
S2-710471913	Florry D Christians, MD	124 ELMWOOD HILL ROAD, PUTNAM, CT	US
S2-974807079	NAVJYOTIBROTHERS.COM	PLOT 380 S. NO. 53/2/1 NETAJI NAGAR PU PIMPLE GURAV, PUNE, Maharashtra	India
S2-912228916	SHREE SANGH COMPANY	NO. 632 12-1-1119/24, INDIRA NAGAR LALLAGUDA, SECUNDERABAD, తెలంగాణ	India
S2-780354672	Cornerstone Fox	391 SCHOOL STREET, PEMBROKE, MA	US
S2-529318908	GALAXY INTERNATIONAL PRIVATE	FLAT NO: 301 PLOT NO: 257, SY NO.56 BAGHAMEERI, BALANAGAR, Telangana	India
S2-795261579	Dani Tex  Limited	#502, 5TH FLOOR, 57 GULBARGA BUILDING, A U MEMON STREET, CHUNABHATTI MASJID, MEMONWADA, MANDVI, MUMBAI, Maharashtra	India
S2-86043592	Imminent Senior  LLP	UNIT NO B-2902/12, KOHINOOR SQUARE, CENTRAL COMERCIAL TOWER, N C KELKAR MARG, OPPOSITE SHIVSENA BHAVAN, RAM GANESH GADKARI CHOWK, DADAR -WEST, MUMBAI, Maharashtra	India
S2-785643946	Southern Travel	IL, NAPERVILLE, 507 CHAMBERLAIN LANE	US
S2-101325335	Dkr Granites (India) Holdings Private Limited	#9 KKMP BUILDING, GROUND FLOOR, 16-A MILLER ROAD VASANTH NAGAR BANGALORE, ಕರ್ನಾಟಕ	India
S2-862571135	Family Health Inc Trust	212, CLACKAMAS, OR	US
S2-462526248	SCHOLARSHIP CENTER	1073 CLYMERS CREEK RD, HAMLIN, WV	US
S2-252697289	Getty Citigroup,	215 HALES ROAD, JONESBOROUGH, TN	US
S2-73156996	Keystone Payroll Products Partners	10277. HIGHLAND SCHOOL ROAD, MYERSVILLE, MD	US
S2-752903533	ഗോൾഡ് ഫുഡ്സ് പ്രൈവറ്റ് ലിമിറ്റഡ്	8/697/1, PRIYAGEETHAM MEDIA COMPLEX KUTTUMUKKU ROAD, CHEROOR, THRISSUR, Keralam	India
S2-7418163	ASTER WEALTH PRIVATE LTD	#4-79/1, ALAM ARCADE KARIM NAGAR ROAD, SIDDIPET, Telangana	India
S2-762128837	FAMlLY CARE, INC.	2459 PATRICIA LN, BURLINGTON, WA	US
S2-306634202	LOKNATH SUGAR	A-301, SAI PRASAD APPARTMENT, ABOVE MILLENNIUM RESTAURANT OPP. METHODIST CHURCH, FATEHG, UNJ, Gujarat	India
S2-9662497	Elliott Guggenheim Corp		US
S2-65301879	Elizabeth M.D. Banks, Associates	2001 21ST AVENUE, NASHVILLE, TN	US
S2-206863564	Department Of Education Uptown	917 OUTLOOK RIDGE LANE, VILLA HILLS, KY	US
S2-15025788	Ortiz  Precision Trading Inc.	11654 PAVIA DRIVE, RANCHO CUCAMONGA, CA	US
S2-362602827	Hotel Investment	C/O SRI SUBODH PRASAD C 325, GALI NO. 25, BALJEET VIHAR NITHARI EXT, DELHI, Delhi	India
S2-223741344	Plus Infrastructure  Exports Pvt	D.NO:16, PATEL STREET, OPP.POWER HOUSE NEAR (IOC) MARAGATHAVALLI PETROL BUNK, ERODE, Tamil Nadu	India
S2-710175093	OK Finance Infratech Private Limited	905, SAI ANAND PLAZA, OPP GOLDEN NEST, NR. HIMALAYA COMPLEX, MIRA BHAYANDER RD, MIRA RD, null, Maharashtra	India
S2-22602734	bsostyles.com	C-1104, 11TH FLOOR, PRIDE PLATINUM, S NO 16 NEAR PANCARD CLUB, BANER, PUNE, Maharashtra	India
S2-718826006	Engebretson, Cruz & Erwin Irenic Ltd	888 HOLLY CREEK ROAD, BROKE NBOW, OK	US
S2-155350727	सिल्वर अरिहंत कंसल्टिंग प्राइवेट लिमिटेड	DOOR NO 029-A KALU SARAISARVPRIYA VIHAR, NEW DELHI, GREEN PARK EXT, Delhi	India
S2-202159021	WATER R D PARTNERS	6. Charles Patten Dr, STERLING, MA	US
S2-766743346	Metro Vsat LLC	53 SUMMER SHADE RD, ALLONS, TN	US
S2-658994017	Klyara Fuse	4410 OAKS RD, PADUCAH, KY	US
S2-841041204	Mcclintock-and Shelton LP	1115 POND SIDE DR, SECURITY-WIDEFIELD, CO	US
S2-1505887	Inc Brightiq Ks	1315 FAIR STREET, BOWLING GREEN, KY	US
S2-915229145	Lucknow Limited Services	FLAT NO 8-04 , BLOCK-W, SHIPRA APARTMENT SEC-4, GOMTI NAGAR EXTENSION, LUCKNOW, Uttar Pradesh	India
S2-983318792	A Cure	105  CHALMERS ST, WILLIAMSVILLE, NY	US
S2-737827326	FARIDABAD PRIVATE CENTER LIMITED	14/ 7, MILESTONE MATHURA ROAD, FARIDABAD, Haryana	India
S2-262681979	NADIA MAURER ATLANTIC SYSTEM INCORPORATED	183B DICKSON RD, RIEGELWOOD, NC	US
S2-323027978	Fenet	17254C KENMORE ROAD, KENDLAL, NY	US
S2-713572779	Flying India Private Limited	FLAT NO. 307- , LIKITHA APARTMENTS, VENUGOPAL NAGAR, ANANTAPUR, Andhra Pradesh	India
S2-717911914	Optva LLC Center	15120C PERLITE DRIVE, NULL, EL PASO COUNTY, TX	US
S2-813611214	Desired Co &	C-41 G/F JITAR NAGAR, NEW DELHI, Delhi	India
S2-727900448	Amaro and Amsolgr LLC	VAN BUREN ST, DICKINSON COUNTY, KS	US
S2-266677221	ੴ ਫੂਡ ਲਿਮਟਿਡ	VILL KOOPUR, JALANDHAR, ਪੰਜਾਬ	India
S2-50586341	Shri Balaji Energy Private	G-20/1, SUDAMA NGAAR, INDORE, Madhya Pradesh	India
S2-820079347	Johnson & Helton	4808 MOHN WAY, PEORIA, IL	US
S2-720983730	Shalibhadra  Research Ventures Private-Limited	7 G SARASWATHY NILAYAMJAWAHAR NAGAR, THIRUVANANTHAPURAM, Kerala	India
S2-255666022	શિવ ટેક્નોલોજીસ પ્રા. લિ.	AHMEDABAD, Gujarat, TH/F-04, ISCON ELEGANCE, CIRCLE P S. G. HIGHWAY, AHMEDABAD	India
S2-925486917	SANJEEVANI  SANGH	NO 63, THIRUMALAI PILLAI ROAD LANE T NAAGR, CHENNAI, Tamil Nadu	India
S2-425201806	Martin Tribeca Co	109 MURRAYS RUN RD, BARDSTOWN (COUNTY), KY	US
S2-136630789	savitri ventures private limited	2-87/36, TANNERY KA HATA AACHARYA NAGAR, KANPUR, Uttar Pradesh	India
S2-505041950	Shivam Pvt Projects Ltd	A6 8 FLOOR, MAX VISTA VILANGUDI, MADUARI NORTH, Tamil Nadu	India
S2-146498176	Developers Nalanda Agro Ltd	NO.D-17 THILLAI NAGAR 1-24 8TH CROSS EAST, TRICHY, Tamil Nadu	India
S2-387917057	holy cathedral west	123 WRIGHTS VIEW LANE, MOOORESVILLE, NC	US
S2-311198605	CONTINENTAL-MEDICAL CENTER	DEKALB AVENUE, BEND, OR	US
S2-362776689	Womens Health Tri-State Care Inc.	14809. BALLANTYNE GLEN WAY, CHARLOTTE, NC	US
S2-924470584	Richardson  Franklin Associates Ltd	HAWKRIDGE RUN, BELLEVILLE, IL	US
S2-252275061	Tranlisft Co	09021 CHINA ROSE DRIVE, AUSTIN, TX	US
S2-700717757	CONTINENTAL IDAHO INC.	1050 CANYON ROAD, WISCONSIN DELLS, WI	US
S2-670948516	SMART PRIVATE LIMITED CENTER	RH NO 8 ANKITA ROW HOUSES, VRINDAVAN NGR, KAMATHWADE, NASHKI, महाराष्ट्र	India
S2-443356087	BELOLUM	2204  163rd St, <NULL>, MILL CREEK, WA	US
S2-548296657	SOUTHERN FINANCE [CORPORATION]	19.1.28, NEAR NAGARJUNA COMPLEX MAIN ROAD, RAMACHANDRAPURAM, RAMACHANDRAPURAM, Andhra Pradesh	India
S2-854676522	Gowin Generation South LLC	#451 CORTE MAJORCA, VACAVILLE CDP, CA	US
S2-32982164	Paharimata Estates	4 KALACHAND SANYAL LANECALCUTTA, KOLKATA, পশ্চিমবঙ্গ	India
S2-253709551	Holcomb  & Mlorrs Company	7980  HENRY CLAY BOULEVARD, CLAY, NY	US
S2-569515778	WILSON HOLDINGS CENTER		US
S2-717546	Beacon Medical Holdings Ltd	147 MAIN STREET, WASHINGTON, NC	US
S2-311204736	Roopanth Consu1ting Private Limited	#1/792 YERRAMUKKAPALLE, CUDDAPAH, CUDDAPAH, Andhra Pradesh	India
S2-71434915	HENRYETTA MORRIS CHINA LLC	26 PALMER FORD RD, N/A, WEAVERVILLE, NC	US
S2-674315309	Limited Chennai & Partners	S/O SHOJI LAL MEENA, BISALPUR COLONY KE PICHE, TONK, Rajasthan	India
S2-959518463	Empire Safety Inc.	126 1/2 LLOYDS LN, AYDLETT, NC	US
S2-104858458	Ravian Research  Company	PLOT NO 21  A, SECONDFLOOR, SANTHOSAPURAM, TAMBARAM, தமிழ்நாடு	India
S2-133252993	Custom Creative Products LLC	85 OLD ANCHOR ROAD, WV, MOUNTT NEBO	US
S2-510931175	ROCKY INSTITUTE OF TECHNOLOGY LTD	NEW RICHMOND, 1101 148ND AVENUE, WI	US
S2-485822686	Farias-Valuence LP		US
S2-132098743	Brilliant Public Slhsol Limited	GAT NO. 2332/1, SHREE COMPLEX, UBALE NAGAR, (NEAR SHIVSAGAR HOTEL) A/P WAGHOLI, HAVELI, Maharashtra	India
S2-717686537	The Summit  Sierra	HUDSON, COLUMBIA STREET, NY	US
S2-267714454	Izabel P. Escobar, DDS Co	824 WEST ST, GARDEN PLAIN, KS	US
S2-486150728	INC MACK BEACON ADBFIGNSTORS	2650D BRAEBURN WAY, WOODSTOCK, IL	US
S2-808100278	NGUYEN SUMMIT STOCK [LLC]	WILMINGTON, 813-817 CASPIAN CT, NC	US
S2-580017481	Dwarika Rice (India) Industries Private Ltd	Bihar, 74, TEKARI ROAD PS- KOTWALI	India
S2-439805521	Wonder Pvt Air Ltd	#53/9 VIDYAYATAN SARANI, KOLKATA, West Bengal	India
S2-465597852	@AGUILARCHESAPEAKE	28A ETHELL PARKWAY, N/A, NORMAL, IL	US
S2-721134375	NEW CÓNSTRUCTION MEDICALS PVT LIMITED	NO 9/11 G-3, G/F, EAST PATEL NAGAR, NEW DELHI, Delhi	India
S2-611908172	Stanley  Bold LLC	13330 STOWE DR, COLUMBIA CITY, IN	US
S2-753020760	WOOTEN, GABOR AND BOWDEN INC CENTER	8725  ADAMS STREET, WAKARUSA, KS	US
S2-978606166	Shree Tech Private Limited	113L, NEW COLONY DR. LAL PATH LAB, OPP. XEN OFFICE, PALWAL, Haryana	India
S2-368462066	Urgent Care Srat Specialists LLC	21432 MAIN SAINT, GRESHAM, OR	US
S2-810865448	Ziex Viking Associasotse	117 VOGEL RD, EVANSVILLE CTIY, IN	US
S2-332541981	Reedy-Midwest Lloyds	277 CAPEN STREET, HARTFORD, CT	US
S2-723221488	Surat Corporate	P-3098 GR FLR SURAT TEX MKTRING ROAD, SURAT, Gujarat	India
S2-516216793	Krueger Companies [Corp]	PORTSMOUTH LN, HOUSE SPRINGS, MO	US
S2-192774038	Kelley Inc Center	2560 ROSS ROAD, SILVER SPRING, MD	US
S2-898156452	Davenport  Autism Aistge Alliance P.C.	807 WEST 3RD ST, DAVENPORT, IA	US
S2-123315323	Williams & Fdy Electric (LLC)	NY, MOUNT PLEASANT, 144 ARNOLD PL	US
S2-98658177	Tucker, Birsadnmdow and Nguyen Sab Care	SHAMBALA LN, TUCSO CDP, AZ	US
S2-234917047	Orbon Quartzsea	14100 1/2 OSBORNE AVENUE, MARLBORO TWP, OH	US
S2-165457766	प्रीमियर इंटरनेशनल प्राइवेट लिमिटेड	G 24, NEW DELHI, SOUTH DELHI, Delhi	India
S2-59129159	Mountain Veterinary Clinic, Partners Inc.	1324 MCDERMOTT DR, ALLEN, TX	US
S2-665981472	Atlantic C0nstruction  Worldwide	15846 SR 115, COLUMBUS GROVE, OH	US
S2-455830760	SPIK & CO	BUILDING NO. 029/41, GROUND FLOOR, O K BUILDING, KOZHIKODE, Kerala	India
S2-927844008	रियल फाइनेंस प्राइवेट लिमिटेड	22/30, AMAR JYOTI CHS, 4 BUNGLOWS ANDHERI WEST, MUMBAI CITY, NAVI MUMBAI, Maharashtra	India
S2-926151059	Umbrasol	8135 BUFFALO RD, ONEIDA, TN	US
S2-139757130	Group Blue Zhejiang	5576  FM 462, HONDO, TX	US
S2-878639783	India India Ss Inpsectin Company	FLAT - G1702, APARNA SAROVAR ZENITH, NALLAGANDLA, SERILINGAMPALLY, Telangana	India
S2-197696225	Valley Sécure Software Inc.	3654 GNLWAY RD, BALLSTON SPA CITY, NY	US
S2-594071966	Holdings Tranet Lggacy Pmv	2279 BROWNTOWN ROAD, WARREN COUNTY, VA	US
S2-22805370	Tri-State Interstate Biomedical [Inc]	608 ILLINOIS AVENUE, ESSEX, IA	US
S2-772922754	#2 Solid Corporation	18048 ALDEN ST, BAINBRIDGE TWP, OH	US
S2-932626440	GREEN KARMAN LLC	4025 LAKE AVE, ROCHESTER, NY	US
S2-860766432	जैन गुरु बिल्डर्स प्राइवेट लिमिटेड	15TH A, CITY VISTA FLOOR 4, FOUNTAIN ROAD, KHARADI, PUNE, 166 C/O SPACELANCE, Maharashtra, PUNE	India
S2-626012117	Arihant Limited Consultants	286/44B, NIWAS KHERA AISHBAGH, LUCKNOW, उत्तर प्रदेश	India
S2-327738915	Green Motors LLC	1671 1/2 CLINTON CT, MELROSE PARK, IL	US
S2-417229978	NJT MITSUBISHI	MORRIS ST, ALBANY, NY	US
S2-744917936	The Summit Seas Inc.	BAYOUSIDE DR, CHAUVIN, LA	US
S2-786753976	FA Leasing	LAKSHMI VILAS MARAKKADAMUKKU, PALACHIRA P.O., VARKALA, THIRUVANANTHAPURAM, Kerala	India
S2-185002425	Evohalo	007722 BOULDER SUNSTONE LANE, CONROE, TX	US
S2-26930111	Zenner Integrated Kodiak Clinic [LLC]	00175 CLAYMONT RD, WESTMORELAND COUNTY, VA	US
S2-910195544	Krysta Mcneal Holdco Partners	42 BRITISH WOODS DR, BOTETOURT COUNTY, VA	US
S2-913038433	LIMITED INDUSTRIES AAKAR CHIT CENTER	MUMBAI CITY, Maharashtra, RADHA BHAVAN1ST FLOOR 121 NAGINDAS MASTER ROAD, MUMBAI	India
S2-632953201	... Kelly, Waugh and Velasquez North	31507 KING WILLIAM ROAD, WEST POINT, VA	US
S2-216434283	Behavioral  Health Green Specialists, LLC	##7237 LEA WOOD LANE, CHARLOTTE, NC	US
S2-895791781	Behavioral Partners  LLC Services	110. HART AVENUE, OPP, AL	US
S2-87980826	Prime  Nippon	057 HIGHLAND AVENUE, BINGHAMTON, NY	US
S2-165768476	supreme textile networks llc	3615 81ST DR, MARYSVILLE, WA	US
S2-407917981	Roller Midwest Newhold Inc	11254  COUNTRY CLUB RD, NEW MARKET, MD	US
S2-520545166	... Fanni's Security Services Co	#137 THE LANE, TAZEWELL, TN	US
S2-645440237	Dewas Constructions Co	NO 74 C/O AJAY SINGH, KALMA, A.B. ROAD, DEWAS, मध्य प्रदेश	India
S2-852365571	alicealowery.com	67 CAROLINA LANE, TAYLORSVILLE, NC	US
S2-267771398	Sterling Express Jersey  LLC	14 PACIFIC PLACE, LONGVIEW, WA	US
S2-376819411	1488 Seoanth Ave Ápartments PC	5138 CRYSTAL SPRINGS DR, ELLICOTT CITY, MD	US
S2-366081375	Urology  Center	100 STRATFORD LAKES DR, DURHAM, NC	US
S2-535988246	Llc Complete Blue Edp	1406 EDISON HIGHWAY, BALIMORE, MD	US
S2-217976803	Prisha Innovation	Karnataka, AANGAN, PLOT NO 3, SACYADRI COLONY, BELGAUM	India
S2-935018855	J+ Shreya	NY, YONKERS, 43 CASSILIS AVE	US
S2-500008641	Sunlike Services Services	211, (OLD 159), POONAMALLEE HIGH ROAD, KILPAUK, CHENNAI, CHENNAI, Tamil Nadu	India
S2-801612886	LLC Buus	1303 CASTILLO COURT, GREENVILLE, NC	US
S2-89956614	Indivar Communications L.L.P.	#49, PARDA BAGH DARYA GANN, NEW DELHI, Delhi	India
S2-783200505	Pukhrayan  5ervices Limited	WARD NO 9, LAXMIBAI NAGAR, KANPUR DEHAT, PUKHRAYAN, null, Uttar Pradesh	India
S2-666781884	Subhiksha Energy Pivriate Limited	PLOT NO. C-27C VEERAPURA VILLAGE DODDABALLAPURA INDUSTRIAL AREA, BANGALORE, ಕರ್ನಾಟಕ	India
S2-590386743	BEACON PLATFORMS	1900  F ST, WASHINGTON, DC	US
S2-942813893	Merilee A. Dugas,-D.O.	ANNISTON, AL, 5433 ROGERS AVE	US
S2-996569294	Heart Tsudt	10467 BRANDON WAY, PRINCE WILLIAM COUNTY, VA	US
S2-429712588	পায়োনিয়ার গুজরাট কনস্ট্রাকশন প্রাইভেট লিমিটেড	P126, KOLKATA, HOWRAH, পশ্চিমবঙ্গ	India
S2-457321092	pacific target pllc	474 KENILWORTH CT, GLEN BURNIE, MD	US
S2-428097788	Pratibha Import Limited Center	10-79 SADASHIV PETH NEAR SHANIPAR MANDIR FL NO 102, PUNE, महाराष्ट्र	India
S2-129637001	The Dent Book Store Llc	818 AGGIE ROAD, JONESBORO, AR	US
S2-369527493	Slack Éxchange Group	16 ENDEAVOR LANE, YORK COUNTY, VA	US
S2-44909703	NJSI Private Limited  Services	OFFICE NO. 1213/7, RK SUPREME, OPP.TWIN STAR, RAJKOT, Gujarat	India
S2-402444489	Blue Modern Japan Llc	03930 11ST AVE, EUGENE, OR	US
S2-940596292	Premier Robotics Innovations L.L.C.	80 BRENNAN BEACH, PULASKI CITY, NY	US
S2-16720295	20/20 OPTICAL CO	319 SOOKEYS CREEK, PIKEVILLE, KY	US
S2-127778636	Spoc Public  School		India
S2-877875891	MAIN DÉLI SETRETET	303 CLOUDLESS SKY DR, MECHANICSBURG, PA	US
S2-690131096	THE LIROIA MIDTOWN LLC	2270 290 Street, WICKLIFFE, OH	US
S2-540853782	Ritech Inc.	1331 GOODLAND PLACE, FARMERS BRANCH, TX	US
S2-829070070	Cascade  PC	1301 CARNAHAN RD, SPOKANE VALLEY, WA	US
S2-147367965	Dorman Network Corp		US
S2-505244705	familycharities.com	OR, WESTON, COUSE CREEK ROAD	US
S2-202394836	Era Enterprises Ventures	NO 2-6/ 470, AYMANAM, PANDAVAM BYPASS ROAD, AYMANAM P.O, KOTTAYAM, KOTTAYAM, Kerala	India
S2-182583916	sibyllagordonplatinum.com	261 BREITLING RD, ELY, MN	US
S2-380179669	fick and hazel group	6848. LOOMIS BLVD, CHICAGO, IL	US
S2-15365332	King and Toth Ltd	7 135TH STREET, OCEAN CITY, MD	US
S2-653853567	#belgaumperforming	H. NO. 2165/A-1, KORE GALLI, SHAHAPUR, BELGAUM, Karnataka	India
S2-522109781	BOWDEN RIDGE DEVELOPMENT LLC	248 NIGHT RIDERS WAY, TX, JARRELL	US
S2-301746313	PQQ Total LLC Center	2406 1/2 QUEENS LACE TRL, CHATTANOOGA, TN	US
S2-683872853	306 Broadway Properties Uptown Llc	2338 ROSEANNE COURT, FAIRBORN, OH	US
S2-788168060	Kmc Life Private	54, PATRAWALI CHAWL, AMRAIWADI ROAD, AHMADABAD CITY, Gujarat	India
S2-923605499	Adella Wallace Spécial	2272 350, CHIRENO CDP, TX	US
S2-342277032	Aerotech Aerotech Global Pivme Limited	CO NAND KISHORE MANDAL, VILL- SABOUR(C) PANCH- SABOUR, BLOCK- SABOUR, BHAGALPUR, बिहार	India
S2-55073412	Soft Ltd of Companies Holdings Group	DOOR NO 22- VILLAGE MEEMLA POST- DHAKKA KARAMCHAND, TEHSIL- DHAMPUR, BIJNOR, BIJNOR, उत्तर प्रदेश	India
S2-811799202	Quantan Avalanche (L.L.C.)	02144 Frisse Ave, EVANSVILLE, IN	US
S2-939986664	Golden Uabran Products Private Limited		India
S2-144152685	जैन एस्टेट	075- B DADA NAGAR, KANPUR, Uttar Pradesh	India
S2-287872643	PEDIATRIC [ASSOCIATES]		US
S2-820150442	Chawla Solutions LLP	Delhi, 458/473, GALI NO.8, FRIENDS COLONY, INDUSTRIAL AREA, SHAMBU NATH COMPOUND, SHAHDARA, SHAHDARA	India
S2-997165561	Modi Mills Enterprises Private Limited	NO.816, B WING, MITTAL TOWER, MG ROAD, NEXT TO HSBC BAN K, Karnataka	India
S2-747466359	Corner  Pilates	260 SOUTH HAVEN DRIVE, PARSONS, TN	US
S2-983802800	फ्यूचर एक्सपोर्ट्स लिमिटेड	803, GURGAON, Haryana	India
S2-580967499	रियल एंटरप्राइजेज ट्रेडर्स प्राइवेट लिमिटेड	A-254/14, JHANSI, Uttar Pradesh	India
S2-790339230	EVOQUOLUM	NO 12/2 F.F, AHMADABAD CITY, AHMEDABAD, ગુજરાત	India
S2-707039857	Kestari Hawaii Ínc	1214. GRANT STREET, REDFIELD, IA	US
S2-929646481	Delacruz Abscny Metro	MURFREESBORO, TN, 761 KALU DR	US
S2-266713379	PREMIER AMPERCAP INC	2508- SAMMY CERVANTES STREET, EL APSO, TX	US
S2-654375611	സൺ വെഞ്ചേഴ്സ് പ്രൈവറ്റ് ലിമിറ്റഡ്	59/438, KOZHIKODE, NARIKKUNI, കേരളം	India
S2-282629268	HU Desert Alto Group	950 214ND LANE, BUCKEYE, AZ	US
S2-818555762	Guidry Montessori School	SMYTH STREET, LYNCHBURG CDP, VA	US
S2-339142042	Lakshmi Infra  Pvt Ltd	CSN 326/A, B-1 ÂO4 TAKSHSHILA, NEW SHAHUPURI, KARVEER, KOLHAPUR, Maharashtra	India
S2-190698845	#shyamlogistics	G-610 QUERESHI HEIGHTS50 WARODA ROAD BANDRA WEST, MUMBAI, Maharashtra	India
S2-3987022	Mumbai  Shares	महाराष्ट्र, SHOP NO. #3 , ASHOK KEDARE CHOWK TEMBIPADA ROAD, BHANDUP(W), MUMBAI	India
S2-302833544	Apex  Inc Service	##32 DOVER ST, null, WHITMAN, MA	US
S2-928211613	Nerissa  Ward Grayscale LLC	WOLTZ RD, ROCKBRIDGE, OH	US
S2-57375033	THANE WEST FINANCE PRIVATE LÍMITED	603, BLDG NO 17, 6TH FLR, VINDHYAGIRI, SIDDHACHAL, PHASE - 3, NR VAASNT VIHAR, OFF POKHRAN RD NO 2, THANE WEST, Maharashtra	India
S2-144747555	reynoldsaftonn.com	030197 Cochise Ct, null, MECHANICSVILLE, MD	US
S2-306238454	Sri VM SERVICES PRIVATE LTD	Maharashtra, LIG-36/7 SECTOR 10, NERUL, MUMBAI	India
S2-839747669	जय टेक लिमिटेड	4 SAI NAGAR, null, KAMTHI, NAGPUR, Maharashtra	India
S2-914794752	Professional LLC Innovations, Payroll	00133 ROSEMONT, BELTON, TX	US
S2-199883120	St. Fellowship Fellowship Corporation	1772 ARIANA DR, BRTLETT, IL	US
S2-646087320	IVENORA CAPSTONE	EFFINGHAM, 00620 CLARK AVE, IL	US
S2-817467971	आनंद फाउंडेशन	OFFICE-213 PLOT NO. 20 SE, THANE, महाराष्ट्र	India
S2-145379986	Trading Limited-Engineering	DOOR NO 397 VALANKA KRUTHIVENNU MANDAL, VALANKA, Andhra Pradesh	India
S2-295799812	educationclassicassociation.com	176 CLYDES WAY, MANCHESTER, VT	US
S2-865353440	Supreme Infra Corp	F-C-1, SHREE RAM NAGAR, S V ROAD ANDHERI (WEST), MUMBAI, N/A, महाराष्ट्र	India
S2-830803484	TATAA BEST HOLDINGS CENTER	2314 LOMAS PLACE, CLOVIS, NM	US
S2-330251499	COMMUNITY ASSOCIATION INCORPORATED	DC, WASHINGTON, 3080 STANTON RD	US
S2-280468346	Laughlin Health Center PC	836 ESTELLE AVENUE, WICHITA, KS	US
S2-40746806	Apex State  Associates	86, YANCEYVILLE, NC	US
S2-1365339	Mr Shiva LLP Institute	NO. T1 & T2, ROYAL ENCLAVEPHASE 1 SRIRAMPURA VILLAGE, JAKKURPOST, YELAHANKA, HOBLI, Karnataka	India
S2-619277617	M/s Motors Traders Associates Enterprises [Co]	4B, RAJAM MANSION, 4/41, LUZ AVENUE MYLAPORE, CHENNAI, Tamil Nadu	India
S2-302419463	MOUNTAIN ALLIANCE LP	1910 UNION PACIFIC WAY, SUFFOLK, VA	US
S2-585699833	RÍOR.COM	223 SUMMIT HALL ROAD, GAITHERSBURG, MD	US
S2-738448002	Birge  Fifth LLC	591 KOLLER ROAD, COMBINE, TX	US
S2-287300820	BRIGHT & BROTHERS ENTERPRISES PRIVATE LTD	NO 27 RAJIV CLY HANS ENCLAVE, URBAN ESTATE, Haryana	India
S2-43498869	Shakti Co Corp Services	ADJOINING HOTEL SAROVAR, PORTICO, DHANGU ROAD, PATHANKOT, Punjab	India
S2-784105752	Fami1y Patriot Health	13320 MISSRON AVENUE, SPOKANE VALLEY, WA	US
S2-580965134	एपेक्स कंस्ट्रक्शन प्राइवेट लिमिटेड	SOUTH DELHI, Delhi, NEW DELHI, #38 GROUND FLOOR	India
S2-812353470	Guillen & Randolph LLC	WHITWELL, NEW HOPE LOOP, TN	US
S2-370453785	ഹൈടെക് വെഞ്ചേഴ്സ് ജ്വല്ലേഴ്സ് പ്രൈവറ്റ് ലിമിറ്റഡ്	NO 76- KUDIYAMVELI, ALAPPUZHA, കേരളം	India
S2-815576787	Enso Trading LLP	WZ-A-63 SHIV NAGAR, NEW DELHI, Delhi	India
S2-913033756	Krishna बिजनेस Private Limited	OFFICE NO.B3/228, SOMDUTT CHAMBER-II, BHIKAJI CAMA PLACE, NEW DELHI, Delhi	India
S2-571013920	NATI0NAL VETERINARY CLÍNIC	37 MATTHEWS ROAD, NEWAK, DE	US
S2-785971729	Ross-Vesndome	17018 ENCHNATED CIR E, SUGAR LAND, TX	US
S2-764713035	PHYSICAL THERAPY RIDGE HALH CENTRAL  INC	5914 OCEAN HIGHWAY, OCEAN ISLLE BEACH, NC	US
S2-19689896	Rev It Up Deli Inc.	IL, ELGIN, 05 COMMONWEALTH AVENUE	US
S2-266340710	PHYSICAL THERAPY MEDICINE OF [SYRACUSE-LTD]	WILLOW ST, SYRACUSE, NY	US
S2-573950787	SIDDHIVINAYAK ENTERTAINMENT LLP	BLOCK F-286 EW 2040, BHARAT DIAMOND BOURSE G BLOCK, BANDRA KURLA COMPLEX, OPP NABARD HEAD OFFICE, BANDRA EAST, MUMBAI, महाराष्ट्र	India
S2-198315960	AVIPYRA	1228. KENNEDY DRIVE, CITY OF HARTFORD, WI	US
S2-824972458	Cultural Horizon Association	NEELLEY ROAD, PLEASANT GARDEN, NC	US
S2-942849471	Associated Automation LLC Services	81 1/2 MAPLE RIDGE DRIVE, null, MONMUTH, ME	US
S2-722206336	Downdy Oil Inc	1785 ALTA MESA COURT, BROOKFIELD, WI	US
S2-344874828	Choice Value Co	102 BROOKSBY VILLAGE DR, PEABOY, MA	US
S2-224520354	Rocky Veterinary Clinic	6510 CULMORE DRIVE, HOUSSTON, TX	US
S2-118393214	continentalatlanticus.com	BLAKELY ST, WOODSTOCK, IL	US
S2-589086253	Harris Exploration  Inc	BACKCOUNTRY TRAIL, ENINS, MT	US
S2-369242155	GHAZIABAD  PRODUCTS	KJ-55/7, KAVI NAGAR, GHAZIABAD, Uttar Pradesh	India
S2-220596390	MAIN STREET CLEANING SERVICE INC	PA, 618 GUNPOWDER COURT, COLLEGEVILLE CITY	US
S2-820558687	Tavozeph	PLOT NO-6-143, BHUBANESWAR, KHORDHA, Orissa	India
S2-536098194	Legacy Agriculture	14 COUNTRY CLUB DRIVE, CHELMSFORD ITY, MA	US
S2-102704852	INNOVATIVE CÓMMODITIES PRIVATE PRIVATE LIMITED	தமிழ்நாடு, DOOR NO 7.CATHEDRAL GARDENS, MADRAS-34., MADRAS-34.	India
S2-377309216	INFOMEDIAINDIA.COM	44-347/6. PLOT NO.13 TIRUMALANAGAR, MOULA ALI, HYDERABAD, Andhra Pradesh	India
S2-612768292	Orthopedic Group Foundation	WRIGHT RD, CONCORD, MA	US
S2-604701267	बॉम्बे पावर प्राइवेट लिमिटेड	204 B, UN A APARTMENT, PLOT NO. 3 PATPARGANJ, DELHI	India
S2-318546967	Worku, Nash & Marlideze LLC	229 DEL NORTE DRIVE, ANDERSEN SPRINGS, AZ	US
S2-493765804	PEAK BAY CARLYLE	445 917, PO BOX 6202, SMITHS STATION, AL	US
S2-967438873	सन प्रोड्यूसर प्राइवेट लिमिटेड	MUMBAI, महाराष्ट्र, MUMBAI, 24	India
S2-754789254	Primary Care  Gulf Partners Group	2623. JAMES ST, BELLINGHAM, WA	US
S2-953579753	Certified Drhfal Holdings	LILY, 204 MCCLURE BRIDGE ROAD, KY	US
S2-783841787	Piedmont Diagnostics LLC Center	6300 CREEDMOOR ROAD, RALEIGH, NC	US
S2-500854867	होटल मार्केटिंग प्राइवेट लिमिटेड	DOOR NO G-82 FLOOR 8, MADHULI APARTMENT, DR ANNIE BESANT, ROAD, NEHRU CENTER, BOMBAY, MUMBAI (SUBURBAN), Maharashtra	India
S2-889472913	Spirits (india) Ltd	D C-76 SECTOR 58, NOIDA, Uttar Pradesh	India
S2-566356754	CONLEY COLONIAL FINANCE	2150 COUNTY ROAD 1334, BLANCHARD, OK	US
S2-353872072	Williamson Arts	MAPLE LANE, MINNETRISTA, MN	US
S2-739955278	Premier Electtrdhics Products LLC	3114 DISTRICT ST, TUCSON, AZ	US
S2-977609843	Dronacharya & Sons Pvt Ltd	S-A-110-G, S BLOCK, INTERNATIONAL ROAD, GREATER KAILASH-II, K R MANGLAM WORLD SC, HOOL, NEW DELHI, Delhi	India
S2-396644933	6lobal P.C. [Services]	0010725 VALLEYVIEW CT, HARRISON, OH	US
S2-144066810	PIONEER RESEARCH  SOLUTIONS, LLC	108-110 GENERALS RETREAT PL, FRANKLIN, TN	US
S2-195899758	shiveducare.c0m	FLAT NO. 31/4 A, SECTOR-10, POCKET-1 DWARKA, NEW DELHI, NEW DELHI, दिल्ली	India
S2-199283462	एसएस डेवलपर्स प्राइवेट लिमिटेड	D ##19 GANESH NAGAR PANDAV NAGAR, EAST DELHI, Delhi	India
S2-444467356	Apex LLC Services	#47 PAGE DR, JERICHO, NY	US
S2-991532073	Baker Horizon PLLC-Service	VERONA DRIVE, WILMINGTON, NC	US
S2-256459754	Vajra Institute of Technology Pvt	19/20 EAST PUNJABI BAGH, NEW DELHI, Delhi	India
S2-959585173	*** Eye Clathbe LLC	1912-A Lake Ave, HURON, OH	US
S2-740058982	श्री टेक्नोलॉजी लिमिटेड	PLOT 373 J-67/2, GALI NO. 10, PANDAV NAGAR, DELHI, EAST DELHI, Delhi	India
S2-862433822	Leeper Critical Llc	WRENFIELD DRIVE, SAINT LOUIS, MO	US
S2-9348220	ईस्टर्न इंफ्रा लिमिटेड	PLOT NO. 72, ASHOK NAGAR, NANDED, महाराष्ट्र	India
S2-445420919	LA Estates (Private)	OFFICE NO. 310, VASAN UDYOG BHAVAN, C.T.S. NUMBER 160, SUN MILL COMPOUND, LOWER PAREL WEST, MUMBAI, महाराष्ट्र	India
S2-471154795	GOLDEN PRECISION CADENZA LLC	MEDFORD, MA, 50 WATER ST	US
S2-183683146	@HIGHEASTERN	A/4D, VICEROY COURT, THAKUR VILLAGE, KANDIVALI EAST, Maharashtra	India
S2-680762771	Transportation		US
S2-188887388	Miller Tinto	281 PIKE ROAD, FALKVILLE, AL	US
S2-618260962	garudaenterprises.com	A/602, VASANT MOTI ARCADE, RADHANAGAR, GANESH MANDIR ROAD, TITWALA (EAST), THANE, Maharashtra	India
S2-839751839	Joliet Wildlife Society Corp	2890  HERITAGE DRIVE, JLOIET, IL	US
S2-945865905	Colonial Charter  School	##59 GREENVIEW DR, PO BOX 7752, AURORA, OH	US
S2-872121188	Gig Índia Private	BLOCK C-828 LAXMI NARAYAN APARTMENT, 4TH FLOOR, ROOM NO.15, BEHIND RED CROSS HOSPITAL, NAUPADA, THANE, महाराष्ट्र	India
S2-472694676	South Global Jewellers LLP	PLOT #79 C 635, 6TH FLOOR, MAHAVEER RHYO NYANAPPANA HALLI, BANGALORE, ಕರ್ನಾಟಕ	India
S2-521665381	Kaveriya Center	HOUSE NO-10, WARD NO-4, B.V.GAIKAR COMPOUND, KALYAN-SHIL ROAD, VILLAGE GOLAVALI, DOMB, IVALI (E), Maharashtra	India
S2-315872469	Pi Trust Holdings	NO 6 MK TOWER, MOTIHARI ROAD, CHAKIA(PIPRA), बिहार	India
S2-333989418	Super Logistics Trading	#1306 SYNERGY BUISNESS PARK, SAHKARWADI SAHAKAR SOC., BEHIND VIRVANI INDUSTRIAL ESTATE, MULUND GOREGAON LINK ROAD, GOREGAON EAST, GOREGAON EAST, महाराष्ट्र	India
S2-403646565	Dermatology Mountain Specialists,	1460 133ST STREET, CLEVELAND, OH	US
S2-25954937	PRIVATE INDIA KESARIYA ESTATE LTD	A-301, HYDERABAD, తెలంగాణ	India
S2-712777388	Mumbai Industries  Private Ltd	SH 01 CTS 276, S K LOTUS HOUSE, GIRISH BUILDI, L B S MARG, GANESH BAUG LANE, KURLA WEST, MUMBAI, Maharashtra	India
S2-551194254	The Aquino Preferred Ithax Inc	MEMPHIS, ARLINGTON AVE, TN	US
S2-642445801	Jai Academy	JIMMY PARK GF SHOP NO 12/5 TO 15 JAKATNAKA STREET, GONDAL ROAD, RAJKOT, ગુજરાત	India
S2-845379409	thomasgeracimccann.com	207-B SNOW CAMP DRIVE, CARY, NC	US
S2-246802983	গুরু সফটওয়্যার প্রাইভেট লিমিটেড	NO 48/4B B.T ROAD, KOLKATA, HOWRAH, West Bengal	India
S2-471762289	Katharyn Rich Fortis Valley	483 550, HURRICANE CITY, UT	US
S2-704652401	L 2 U Pennantpark Llc	LAWYERS ROAD, SPOTSYLVANIA, VA	US
S2-683131470	Rloller Holdings Limited	NO 17/2903-C, IDUKKI, Keralam	India
S2-559968500	Gulf Inc Center	1 ANNIS CT, BROCKTON, MA	US
S2-308356127	GROUP PRAIRIE PINNDE BIOWORKS	531 5 PETIRROJO, RIO RICO, AZ	US
S2-95424985	PRIVATE GREEN (INDIA) DEVELOPERSPRIVATE LTD	DOOR NO 401 SHREEKASHI PAREKH COM, AHMADABAD CITY, AHMEDABAD, Gujarat	India
S2-283699128	Maid Cleaning	3764 LADERA, MESA, AZ	US
S2-376766862	पायोनियर कंसल्टेंसी मोटर्स प्राइवेट लिमिटेड	B-92., GANGA DHAM-B, GANGA NAGAR, MEERUT, Uttar Pradesh	India
S2-537803499	The Brown Total Properties	W VIRGINIA AVENUE, DUNBAR, WV	US
S2-905223021	Olivette Simon	628 UNIVERSITY ST, BLOOMINGTON, IN	US
S2-899616853	Private Technology Aristo Exim Holdings Limited	ROOM NO- B/607, MUMBAI, MUMBAI CITY, Maharashtra	India
S2-788637934	Orchid + Brothers	PLOT NO 24 GROUND FLOOR PUNJAB EXPLLER COMPOUND, GHAZIABAD, उत्तर प्रदेश	India
S2-375456364	Inc Surgical Partners of Frlsdnia	FINNEY RD, FREDONIA, KS	US
S2-824685628	Bay Charter  School	1800 EDGECLIFF RD, FORT WORTH, TX	US
S2-865044868	Tech Management Private Ltd	महाराष्ट्र, G-11-, AMBIKA TARRACE, 4 CLIVE CROSS LANE, DANA BUNDER, 66, LILADHAR LAKHAMSHI MARG, MASJID(E), MUMBAI	India
S2-161687799	rápidfirstloan.com	22 FAIRHILL LN, INDIN HEAD, MD	US
S2-973057450	Northern Pediatrics	ANGEL PLACE, NORTH HAVEN, CT	US
S2-52268591	THE NARI STEPHENS SACHEM INC	1989 Nut Tree Dr, SALEM, OR	US
S2-958688251	Glori Mcgówan Solid Inc	#1135 OLSON DR, WAUKEE, IA	US
S2-152104014	TEM Kale Pvt.  Ltd.	Delhi, FLAT NO. ##55 , 2ND FLOOR, SECTOR-6, DWARKA, DDA, SFS FLAT, POCKET 1, DELHI	India
S2-879041312	Atlantic Select Associates Partners	724 OCEAN AVE, WELLS, ME	US
S2-975023541	MAA AGRO PRIVATE LIMITED	PG HALAKATTI ROAD CSD 1, BIJAPUR, Karnataka	India
S2-309042378	Banker Corp Center	13, MILL OFFICERS COLONY B/H LA-GAJJAR CHAMBERS, ASHRAM ROAD, AHMEDABAD, Gujarat	India
S2-174528596	Rayachoti  Welfare	PLOT 29 51/88, JAGADAMBA CENTRE, KOTHAPETA, RAYACHOTI, Andhra Pradesh	India
S2-947668546	Royal Robotics lndustries (LLC) #11146		US
S2-477191001	ભારત એન્જિનિયરિંગ એલએલપી	VAPI, SHOP NO 109 EMRELD BLNG VAPI TOWN, Gujarat, VALSAD	India
S2-504223867	Sandie Robinson	9404 West Road, HOUSTON, TX	US
S2-16791478	Broadway Steel Pvt Ltd	NO 92 C/O SOVAN KUMAR BID, NUTANCHATI BANKURA, BANKURA - I, West Bengal	India
S2-444679914	Lusby Family Chumbrch Inc	11537 TOMAHAWK TRAL, LUSBY, MD	US
S2-318217219	PRINGLE & HARRIS CARE INC CENTER		US
S2-307690106	Tepper Partners Équity Uptown	916 SHANNON STREET, BALD KNOB, AR	US
S2-423838997	Foot &  Ankle Physicians Inc - 6823563351	24032A DOLLY AVE, CHUGIAK, AK	US
S2-802075529	Private Chennai For Enterprises Ltd	Tamil Nadu, CHENNAI, 23 G, MALLES AV GARDENS, RAMAMOORTHY AVE EXTENSION, MUGALIVAKKAM	India
S2-109905092	New Delhi Overseas Private Limited  Partners	B3/512, CHIRANJIV TOWER NEHRU PLACE, NEW DELHI, दिल्ली	India
S2-482965691	National Great Srott L.L.C.	93 FIRST STREET, MELROSE, MA	US
S2-669804692	Anchit Solutions LLP	H.NO 935 56, GROUND FLOOR NATIONAL PARK, LAJPAT NAGAR IV, NEW DELHI, Delhi	India
S2-187499079	Side Technologies Private  Limited	DOOR NO 00197 301, MATRUCHHAYA, GULMOHAR CROSS ROAD 6, JVPD, VILE PARLE (WEST), MUMBAI, MUMBAI, महाराष्ट्र	India
S2-703470633	शिवा सर्विसेज ऑटोमोबाइल्स प्राइवेट लिमिटेड	Delhi, SOUTH EAST DELHI, SOUTH DELHI, B-1/E-20	India
S2-878371458	Trusted Clearthink Inc	706 BLAND STREET, ROSWELL, NM	US
S2-996541051	Sree Sree Sdflutmions	K N-##69 SA BABU VIHAR SECTOR 6A, LUCKNOW, Uttar Pradesh	India
S2-296959281	Kimball Defi Corp	Sycamore Ln, EULESS, TX	US
S2-938881398	Navratra Safety  Pvt. Ltd.	NO 00551 PLOT NO-21(P) SRINAM NIWAS BEHIND MAHARSHI COLLEGE, SAHID NAGAR, BHUBANESWAR, Odisha	India
S2-578129330	National Blsue Eaton (Inc)	3371 301ND DRIVE, PO BOX 1169, BUCKEYE, AZ	US
S2-342482411	Dr SRP & SONS PRIVATE LTD	5, UNION PARK, PALI HILL ROAD, NEAR PALI HILL, BANDRA WEST, MUMBAI, महाराष्ट्र	India
S2-874136723	HARRISALTISOURCE.COM	912 8RD STREET, GILLETTE, WY	US
S2-306233830	Samarth Solutions Pvt [Ltd]		India
S2-965399023	Shree Taniing Private Limited		India
S2-10844346	0CG Ádvantage North LLC	1137 WEST STREET, GALENA, IL	US
S2-733673243	Techno Wélfare Pvt Ltd	DOOR NO 152- , 2/3, FIRST FLOOR, 9TH CROSS, 80 FEET MAIN ROAD, J P NAGAR, 1ST PHASE, BANGALORE, Karnataka	India
S2-153191170	Valley Bs Sim [P.C.]	GREENVILLE, 315 1020, KY	US
S2-703946335	Siva  Industrial Private Ltd	#603  WZ-60-A, GROUND FLOOR CHAUKHANDI EXTN, TILAK NAGAR, Delhi	India
S2-662770103	Ion Exports Nidhi-Limited	###68 C/O RAJ LAXMI DRESSES ARANDA HASANPURA, SIWAN, बिहार	India
S2-423090663	@janishayes	138 Medford Street, CHARLESTOWN, MA	US
S2-653921269	ऑल लोटस एंटरप्राइजेज लिमिटेड	C-1412, AMALTAS, SIRSI, JAIPUR, Rajasthan	India
S2-672736825	Ridge Investments LLC	14717 BRIDGES ROAD, ELK, WA	US
S2-770422756	Aditya Grow	NO. 281/B/41, 12TH MAIN, BANASHANKARI 1ST STAGE, 2ND BLOCK, BANGALORE, Karnataka	India
S2-77419070	Veer (India) Multiservices Private Limited	MAIN ROAD SITA BULDI, NAGPUR, महाराष्ट्र	India
S2-662107705	Delta Eye Center	14852 HEDGE ROW CT, FONTANA, CA	US
S2-502250693	LOKHANDWALA PLANTATIONS PRIVATE LIMITED	H NO ##01 KALAMBESHWAR TQ DIST AKOLA, AKOLA, महाराष्ट्र	India
S2-891746522	Donna Ali Elite Bce Inc.	1421 SIPSEY FORK RD, DETROIT, AL	US
S2-983794224	Dawson & Hervey	706 PARKWAY DR, NORTH SALT LAKE, UT	US
S2-848656635	PEDRAZA,  ISOBEL G., D.O. LLC	0030 HOPKINS STREET, RUTLAND CITY, VT	US
S2-137954799	Naren Advisors Pvt.	18 PANCHAYAT SHETRA, GANDHI NAGAR, DEPALPUR, Madhya Pradesh	India
S2-828544692	Corporation Mumbai Technologies	DOR NO 734 604, 6TH FLOOR, WINDSOR, OFF CST ROAD, KALINA, SANTACRUZ (EAST), BOMBAY, MUMBAI, Maharashtra	India
S2-187843669	साईं केयर लिमिटेड	2006, OUTRAM LINE KINGSWAY CAMP, NR NU LIFE HOSPITAL, NORTH DELHI, DELHI	India
S2-263917027	सूर्या टेक लिमिटेड	C-90 G/F WEST VINOD NAGAR J.D. SCHOOL, WEST DELHI, दिल्ली, DELHI	India
S2-635730595	Thomas Superior Lease Llc	1927 OAK ST, OCEAN ISLE BEACH, NC	US
S2-397600396	Eye Keystone	CHESTER, VA, 11348 RIDGE MILL COURT	US
S2-784569977	New Delhi Fittings Exports Pvt Ltd	दिल्ली, B-18, GREATER KAILASH, ENCLAVE-II NEW DELHI, NEW DELHI	India
S2-116543777	3257 Washington Plaza Associates Co	5279 Galloping Way, TEXARKANA, TX	US
S2-644290298	Kataria Co Center	C/O BANNA RAM JAT JAIPUR TIRAHA, NH48, SHAHPURA, JAIPUR, Rajasthan	India
S2-640987463	Heer Logistics  Limited	D/906 SCO 1, BAGHO MAJRA, KHARAR, MOHALI, NULL, Punjab	India
S2-413317167	मॉडर्न मीडिया फूड्स प्राइवेट लिमिटेड	SONIPAT, SUB-URBAN, GANAUR, SONIPAT, NO 13 C/O SUDESH DEVI, हरियाणा	India
S2-598177562	Rotter and Ht Labs	1149 LEWISBURG PIKE, WILLIAMSON COUNTY, TN	US
S2-454168425	Fb Loss	NO. #15 , IVTH STREET ABHIRAMAPURAM, CHENNAI, Tamil Nadu	India
S2-234784280	gracefellowship.com	3790 BITTERROOT LN, PO BOX 8274, AUGSUTA TOWNSHIP, MT	US
S2-883981278	BARROW  RESOGRSE LLC	9526 Vogue Lane, HOUSTON, TX	US
S2-479261653	FLOOD VETERINARY CLINIC	TULSA, OK, 1934 51ST ST	US
S2-234289368	Summit Cópper	#9 POPLAR TRAIL, MOUNTAIN LODGE PARK, NY	US
S2-727608986	Creative United Electric, Partners	41 TURLINGTON ST, PMB 530, SALEMBURG, NC	US
S2-229183845	COMMUNITY COALITION INC.	227 INDIAN PATH WAY, COSBY, TN	US
S2-666773	Star Inc Liquidity Best	928 ORENCO STATION LOOP, HILLSBORO, OR	US
S2-386575117	indiabehalagases.com	FLAT NO. F503, TOWER F, PALM DRIVE SECTOR 66, GOLF COURSE EXTENTION ROAD, GURGAON, Haryana	India
S2-344591721	Signature Financial Global L.L.C.	39 SLOANS LN, MACOMB, NY	US
S2-566627479	AMERICAN INC SERVICES	9452 STONEFIELD RD, PO BOX 3932, SAINT LOUIS, MO	US
S2-57790674	ગ્રેટ ઇન્ફ્રાસ્ટ્રક્ચર પ્રાઇવેટ લિમિટેડ	16, AHMADABAD CITY, AHMEDABAD, Gujarat	India
S2-152587093	Ruthi Bunting Best	177 DEFENSE HIGHWAY, ANNAPOLIS, MD	US
S2-998406285	EPPERSON PEAK RICE-GROUP	2927-B ELLIS AVE, CANTON, OH	US
S2-445637459	Scottsdale Certified	7395 LEGACY BLVD, SCOTTSDALE KACHINA, AZ	US
S2-564777969	Dr Bright Producer Private	H-1504, AMRAPALI SAPPHIRE SECTOR-45, NOIDA, Uttar Pradesh	India
S2-998532634	श्री ग्लोबल प्राइवेट लिमिटेड	PL -3-5, PUNE, Maharashtra	India
S2-966525620	Dharmesh Holdings Care Industries	H.NO 24 , SPARKLING MEADOWS, NEAR LE MERIDIEN HOTEL, WARDHA ROAD, PAN, JARI, NAGPUR, महाराष्ट्र	India
S2-227612893	Seigle (Constellation)	ARTHURS FLIGHT PATH, PFLUGERVILLE, TX	US
S2-343356244	Bevova Llc	951 1/2 AUSTIN AVENUE, COOPER, TX	US
S2-138051778	DELHI HEALTH  LLP	HOUSE NO. 360-362, ADDITIONAL FLOOR PORTION, 2ND FLOOR, PKT-4, SECTOR-22, ROHINI CITY, DELHI, DELHI, दिल्ली	India
S2-174650284	திருப்பதி எண்டர்பிரைசஸ் கன்ஸ்ட்ரக்ஷன்ஸ் லிமிடெட்	848-A, MOUNT ROAD, PURUSHOTHAMAN BUILDING, TAMILNADU, MADRAS, தமிழ்நாடு	India
S2-231888175	STAR GREEN WIRLESS [INC]	789 WYMAN PARK DRIVE, BALTIMORE, MD	US
S2-930968972	Santoro Santoro Lhng LLC	MOORESVILLE, NC, 282 PLAZA DRIVE	US
S2-344754892	Shewale Corporate Private Limited	NO 77 ELAGAAN BIZTECH LABS, 1ST FLOOR, 19 KNG REDDY LYT AREKERE MICO LAYOUT, BANNERGHATTA RD, Karnataka	India
S2-995499973	Huber Apex Ofs Company	137 Middle Oaks Drive, WILMINGTON, NC	US
S2-172745464	Santos Patriot Metals North	5136 BLODGETT AVENUE, IL, DOWNERS GROVE	US
S2-359684479	Baum PC	291 DEANN DRIVE, INDEPENDENCE, OR	US
S2-699660338	रेड इन्वेस्टमेंट प्राइवेट लिमिटेड	PLOT 454 F NO 12, AKOLA, महाराष्ट्र	India
S2-363154872	Inc Precision Trcsted Pharmaceutical	805 RICHMOND AVE, COLUMBIA, MO	US
S2-303148353	LLC Cascade Nweork	24 HARROW STREET, BOSTON, MA	US
S2-378403696	#ioakrakacquisition	4895 10, LAUREL, MT	US
S2-349666272	Itl Traders  Private Limited	279/C RABINDRA SARANI, KOLKATA, KOLKATA, West Bengal	India
S2-187074087	Lemoine Aleetnergy Inc	13166 COUNTRY RIDGE DRIVE, GERMANTOWN, MD	US
S2-47749434	Complete Engineering Works	478 WINDSOR DR, MARYSVILLE, OH	US
S2-308390109	Interstate LLC Babcock Empire	31D PINE HILL RD, THOMASTON, CT	US
S2-332036682	Fort Rayalaseema Private Private Limited	DOOR NO 4TH/5 FLOOR, SYLVESTER BLDI. 20 SHAHID BHAGAT SINGH ROAD, FORT, महाराष्ट्र	India
S2-212967391	Siflovue	1452 HARVARD DRIVE, BRUNSWICK, OH	US
S2-185692593	Back Álley Auto Body Ltd	VA, DAYTON TOWN, PMB 2195, 162 SUMMIT ST	US
S2-980594306	FOOT and ANKLE PIONEER CLINIC ASMSMOCTNIES	500 BERKSHIRE DR, SOUDERTON, PA	US
S2-106196817	Blue-Liquidity Corp	1325 BALMORAL GLEN, FLOSSMOOR, IL	US
S2-406794851	Preferred Elite Tráilblazer	409 LAURELWOOD DR, UITCA, NY	US
S2-440765604	Cardinal Córp	10814 TAHOE WAY, SOUTH JORDAN, UT	US
S2-69559356	Pediatric Dental Associate	8 HUNTINGTON CIRCLE, NAPERVILLE, IL	US
S2-37044016	LLC Faqsue	515. WASHINGTON SAINT, AUBURN, IL	US
S2-376614649	Garcia Yorkville Incorporated	30 WESTVIEW LANE, SOUTH PARIS, ME	US
S2-276884251	Group Taarharyp Physical	67 FOOTE ST, HAMDEN, CT	US
S2-743951385	Pediatric Health-Inc.		US
S2-307709577	Bhopal Pharmaccuetials [Corp]	E-1-2, PREM NAGAR COLONY, BEHIND CHOLA DASEHRA GROUND, NISHALPURA, HUZUR, BHPAL, मध्य प्रदेश	India
S2-523935459	বেস্ট প্রাইম টেক প্রাইভেট লিমিটেড	BLOCK E-404 17A, HOWRAH, KOLKATA, West Bengal	India
S2-836302212	Querida Liska Clear Twó LP	027001 RIGBYLOT RD, EASTON, MD	US
S2-35064066	Initiative Colonial [Valley]	IL, GRANITE CITY, ##2605 DELMAR AVENUE	US
S2-155721168	JN Silver Sachs Inc.	832A EASTPORT AVENUE, UHRICHSVILLE, OH	US
S2-809896880	బాంబే ఇన్‌ఫ్రాస్ట్రక్చర్	PLOT NO 0047 & 48, MALKAJGIRI, NULL, తెలంగాణ	India
S2-284994286	THE ROJAS STERLING ASSOCIATION PLLC	10 JERICHO TPKE, COMMACK, NY	US
S2-122570602	Pediatric Dental Frontier Center Ltd	19 WOCDLAND DRIVE, KINGS PARK, NY	US
S2-987231071	#cure7	903 HILLS CREEK DRIVE, MCKINNEY, TX	US
S2-604653513	BANGALORE NORTH LIMITED SERVICES	#648/A OM CHAMBERS, BINNAMANGALA 1ST STAGE, BANGALORE NORTH, Karnataka	India
S2-905737147	PRIVATE BEST ENTERPRISES LIMITED	6/572M A BAZAAR BANK ROAD, KANNUR, Keralam	India
S2-59556650	Stewart LLC Center	33 8009, COCNHO, AZ	US
S2-390239892	Traders Fárms	A-2, 4TH FLOOR, KANCHAN GANGA APARTMENT, SHANTI HOUSE, OPP. TELEPHONE EXCHANGE, N, AVRANGPURA, AHMEDABAD, Gujarat	India
S2-209709244	INC BETANCOURT WORLDWIDE	700A COLUMBIA 440, STEPHENS, AR, PMB 8529	US
S2-225761300	EDGE-COFFEE	601 , BLDG NO.04 JEEVAN LIFESTYLES, SHIRGAON, BADLAPUR, Maharashtra	India
S2-355967072	Diamond Packaging Innovations Group	705 1/2 PEMBROKE WOODS DR, PEMBROKE, MA	US
S2-331311420	Benson Independence	DE, 59 ATLANTIC AVENUE, BETHANY BEACH	US
S2-939131514	SOUTHERN SCHOOL OF MEDICINE MEDICINE LLC	IL, COLLINSVILLE TOWNSHIP, 223 JOE ST	US
S2-240326327	Lopez Royal Source Source	8012 MILWAUKEE AVENUE, PMB 4140, NILES, IL	US
S2-231876247	Evvy's  Textiles	3407  LUMINOSO LANE, ROUND ROCK CITY, TX	US
S2-228710851	L.L.C. EALEY BRÍTISH	4216 HOLLY HILL DRIVE, INDIANAPOLIS, IN	US
S2-956609513	Electricians Union No 405 Holdings Services	23696 YUA RD, BUCKEYE, AZ	US
S2-866521078	C0gnitive Agencies (India) Infratech Pvt.	NO. E-606, E BLOCK, 6TH FLOOR, HAZEL APARTMENT, AVADI P H ROAD, AVADI, POONAMALLEE, TIRUVALLUR, Tamil Nadu	India
S2-962522174	Chiropractic-Partners Inc	8841 PRAIRIE AVE, CHICAGO, IL	US
S2-232100103	Ltd Idbi Triases Enterprises	SHOP 110, SKY MALL, BATHINDA ROAD, MALOUT, GIDDARBAHA, MUKTSAR, Punjab	India
S2-547097573	Spectacular Mgtk Private Limited	DESK NO 7, 26-27A H BLOCK 4TH FLOOR, OFFICE NO 401 AND 404 VIKAS MARG LAXMI NAGAR, EAST DELHI, Delhi	India
S2-888108239	culturalnetworkii.com	IA, KNOXVILLE, ##2610 FOREST DRIVE	US
S2-424955348	ग्लोबल लाइफ कंसल्टिंग	SMT. HIRA KUMARI, PATNA, बिहार	India
S2-813475951	హైటెక్ కన్‌స్ట్రక్షన్ ఫార్మసీ ప్రైవేట్ లిమిటెడ్	HYDERABAD, Andhra Pradesh, AMEERPET, 3RD FLOOR, FLOT NO. 302, SAI SURYA TATA TOWERS, SRINIVASA NAGAR, WEST, AMEERPET, HYDERABAD, H.NO 8-3-214/25	India
S2-429291272	Machinists Local PC Services	160 Emerson Pl, CAMDEN, AR	US
S2-634994990	Blue Goldman,	0-741 Phillips Dr, WAWAKA, IN	US
S2-350377103	ALVESMONTESSORISCHOOL.COM	#35765 POPLAR PATH LANE, LOUDOUN COUNTY, VA	US
S2-684046440	Citizen Spartacus  LLC	04 GREENBURN DRIVE, WELDON SPRING, MO	US
S2-950851985	Orthopedic Hihnaenlnad Center	IN, CHARLESTOWN, 08111 LUCAS LANE	US
S2-825354133	warnernationaldiversified.com	WOODTOCK, IL, 420- Burbank Avenue	US
S2-831437465	Vanscy0c's Creative Automotive	18110- CIMMARON OAK LN, RICHMOND, TX	US
S2-595913199	Classic Platinum Páceline Inc	7940 CHERRY AVENUE, FONTNA, CA	US
S2-871636446	Teodora  Pough Landscaping Inc	3293 MAPLEWAY LANE, COLMBUS, OH	US
S2-841034360	EPITOME  MILLS	KH.NO.11/1 GROUND FLOOR, SAWTANTAR NAGAR, DELHI, Delhi	India
S2-204704782	Klein, Cash LLC Grimm &	24 ROOSEVELT ST, CREVE COEUR, IL	US
S2-123204923	APPLIED MEDIA SRECAES		US
S2-62315810	Frontier Capital Aimei	5622 DELAWARE AVENUE, PORTLAND, OR	US
S2-76289234	NASHIK LIABILITY (LIMITED)	C/O BABAN DHONDIRAM KANGANE 281 DONWADE, NASHIK, महाराष्ट्र	India
S2-548705010	EDUCATION-FELLOWSHIP LLC NORTH	11 PILOT KNOB RD, DENVER, NC	US
S2-947549174	Superior  Green Australian	10502. CONCHO CIR, AZ, SUN CITY	US
S2-737755324	Sellars Wenlness Corp	TX, EVANT, 136-138 COUNTY ROAD 530	US
S2-278045217	Vr Limited Center	HOUSE NO-7-114 FLOOR 1ST, BLOCK-D PKT-3 SECTOR-16, LANDMARK NEAR DISTRICT PARK R, OHINI, NEW DELHI, Delhi	India
S2-662425862	LO  Next	185 Page Ave, BELLEVILLE, IL	US
S2-184190407	strategicanalyticsservices.com	7522 MERRILL AVENUE, CHICAGO, IL	US
S2-694410926	Smt Good LLP Centre	PLOT NO.-45-, BLOCK-B NEAR PATHWAYS SCHOOL, SECTOR-100, NOIDA, Uttar Pradesh	India
S2-437309128	Direct Investment Dynamic Inc	10925 CREVENNA OAK DRIVE, FAIRFAX COUNTY, VA	US
S2-325340520	Urgent Care American 5pecialists	21200. ROCK CREEK BLVD, PORTLAND, OR	US
S2-128766509	शिवम एक्सपोर्ट्स प्राइवेट लिमिटेड	SHOP NO. C-003, SATNA, Madhya Pradesh	India
S2-803642853	गुरु कंसल्टेंसी एलएलपी	Delhi, VASANT KUNJ, NEW DELHI, SECTOR-D, POCKET 68, DOOR NO 6004/5	India
S2-696538156	HU DESERT ALTO	1945 214TH LN, BUCKEYE, AZ	US
S2-94284744	बेस्ट डिजिटल इंफ्रा प्राइवेट लिमिटेड	27/3-C, BHULAI KA PURA, ALLAHABAD, Uttar Pradesh	India
S2-714077903	Highland Cornerstone Fox Group	8048 975, BUTLERVILLE TTOWNSHIP, IN	US
S2-300777619	... Rev It Up Hair Studio Co	1030-1032 LACEY AVE, LISLE CDP, IL	US
S2-259105160	Eye-Associates	NORMAL, 103 ORR DR, IL	US
S2-833433743	heathersnationalseafood.com	965 TATER GAP RD, MARSHALL, NC	US
S2-929054875	Murphy and Lopiez Clinic	<NULL>, AVONDALE GOODYEAR, 9975  ENCANTO BOULEVARD, AZ	US
S2-66236312	Reliable Qúality Inc (ID: 27364)	305A MAIN ST, FAIRFIELD, ME	US
S2-150284085	Gravity Dev Associates Exports	HN 753 3/538C, METTUPALAYAM MAIN ROAD, K.VADAMADURAI THUDIYALUR, COIMBATORE, Tamil Nadu	India
S2-214625922	Abghan Ten Pvt Ltd	DOOR NO 548 P.N. 94 G.N. 1086/25 KALPATARU GARDEN MHASRULRD, ADGAON, NASHIK, महाराष्ट्र	India
S2-166269541	PIONEER CORE	56 ELM ST, BRANTLEY, AL	US
S2-195819452	Council Arts Bartlett	05112 FOGGY RIVER LN, BARTLETT, TN	US
S2-147817802	Shriji  Holdings [Group]	PLOT NO. A-A-100 F/F, NEETI BAGH, NEW DELHI, Delhi	India
S2-317615334	SOUTH  AEMY	110 MURRAY ST, MINERVA TOWNSHP, OH	US
S2-307443980	Denise Jensen Occupational Therapy Corp	541 Correll Avenue, STATEN ISLANDD CITY, NY	US
S2-461150320	VANTON PREFERRED	9606-9610 DESERT FLOWER LN, HOUSTON, TX	US
S2-847685918	Lyndel P. Gutierrez, M.D., M.D., P.C. LLC	684 59, GULF SHORES, AL	US
S2-996064384	preferred engineering advisors llc	NULL, LOUISVILLE, KY, 226 LIVERPOOL LN	US
S2-9622708	Holdings Direct Digital	3365 Maple Avenue, ELMIRA, NY	US
S2-546744883	Matteson, Carrasco and Santana Crane Co	03108 BLACK CHESTNUT LN, CHEVY CHASE, MD	US
S2-646593051	Primary Care First Ass0ciates LLC	224D WINDGATE DR, NC, CLAYTON	US
S2-229952798	BEST-SOHGNAGTURE SYNCHRONY LLC LLC	35-35 92 ST, JACKSON HEIGHTS, NY	US
S2-845062226	Freedman Advanced Northwest Inc.	011930 SYLVAN BEACH WALK, VASHON, WA	US
S2-208504427	Sri Fusion Advisols Industries	FLAT 113, SHREE PRASAD, 35TH ROAD TPS III, BANDRA (WEST), MUMBAI, महाराष्ट्र	India
S2-373678906	Golden Pizza, Corp	4582 URBAN PLAINS DRIVE, FARGO, ND	US
S2-505615047	High Sai Builders પ્રા. લિ.	ગુજરાત, PLOT 329 C/O, JAYSHRI IMPEX, PLOT NO. 134/2, DHORAJI ROAD, OPP. G.E.B. SUB STATION. JETPUR	India
S2-652649856	illuminatedealtrade.com	290, CHANDRALOK, SECTOR E, ALIGANJ, LUCKNOW, Uttar Pradesh	India
S2-752095280	Montelle Inc. Bancshares	7719 WAHATOYA PT, SECURITY-WIDEFIELD, CO	US
S2-98256247	*** Riddhi Entertainment Prívate Limited	HN 403 A/2403 AVALONHIRANANDANI GARDENS POWI, MUMBAI, Maharashtra	India
S2-384829851	Fannie Lloyd Ridge General Co	NC, 15-19 HONEY SWEET COURT, ANGIER	US
S2-184258903	COMPLETE  PREFERRED MERCHANTS INC.	820, CENTERVILLE, UT	US
S2-550292034	ST ESSENTIALS PRIVATE LTD	F-284, VIKASPURI, NEW DELHI, Delhi	India
S2-860457725	Rudransh  Law Chambers	OPP. SECTOR-G-7, PIPLI ROAD, NEAR GREEEN FIELD PUBLIC, THANESAR, Haryana	India
S2-834955077	बिग ग्लोबल प्राइवेट लिमिटेड	H NO. 14 KALEWADI TAL- KHATAV, SATARA, Maharashtra	India
S2-602902836	GOLDEN NAILS CENTER		US
S2-80942167	Modern Producer Limited Center	NO.4, BABULNATH ROAD, Maharashtra	India
S2-225998968	elite purpose corp	03869 SAINT RT 309, GALION, OH	US
S2-960435720	Ledezma Fuse  Services	00933 Louise Ave, CHARLOTTE, NC	US
S2-267779905	ब्लैक गोल्ड इम्पेक्स एलएलपी	370-371/6 SECOND FLOOR, N/A, DELHI, SOUTH DELHI, Delhi	India
S2-801774330	Saurabh Estate Private  Limited	CHENNAI EXPRESS AVENUE, EA CHAMBERS TOWER II, G-6TH FLOOR, NO. 49/50L, WHITE ROAD, ROYAP, ETTAH, CHENNAI, Tamil Nadu	India
S2-853563408	and Ramirez Ínc Pearson Northside	PO BOX 4276, 217 DAVIS AVENUE, DETROIT LAKES, MN	US
S2-143698424	MACIEL'S TECHNOLOGIES SERVICE	NM, RIO RANCHO, 2536-A CAYENNE ROAD	US
S2-684927326	Marielle Abeita Treasury Co	10504 BATTLEVIEW PWY, PRINCE WILLIAM COUNTY, VA	US
S2-247552236	PHYSICAL THERAPY CENTER OF SAINT MICHAEL LP	SAINT MICHAEL, MN, 410B RAMBLING CREEK CIRCLE	US
S2-474154932	Lake Ace Direct [Inc.]	##611 ALBERTSON AVENUE, TYLER, TX	US
S2-678322177	ZW Interstate Storage Summit Inc	OSBORN, AZ, 4713 16TH STREET	US
S2-970404152	UM Trmixm (Partners)	DOOR NO. 46/3053 A, RAMARADHANILAYAM N.H.BYE PASS, ERNAKULAM, Kerala	India
S2-839595009	lopezlopezadelheiddpm.com	00642 WESTOVER ROAD, STAMFORD, CT	US
S2-506664767	Corner Yoga Holdings Services	41553 RAVINE DR, ZION, IL	US
S2-734042937	Syndicate Lease Exports Prívate Limited	Gujarat, SHED NO 29, KESHAV INDUSTRIAL ESTATE, NEAR NAGARVEL HANUMAN TEMPLE, AHMADABAD CITY	India
S2-131260590	বাবা আইটি প্রাইভেট লিমিটেড	West Bengal, KOL, CALCUTTA, 43 VIVEKANANDA RD	India
S2-799402582	HT Preferred Spark	249 CAMP CREFK RD, OLIVE, MT	US
S2-506874835	स्टार इंडस्ट्रीज टेक्सटाइल्स प्राइवेट लिमिटेड	A-1 KH NO-623, 611, 613, GROUN FLOOR, DELHI NORTH EAST, NORTH WEST DELHI, दिल्ली	India
S2-529564805	THE EMPIRE EMPIRE GENETICS-LLC	0584 5TH STREET LANE, BARBERTON, OH	US
S2-619676471	LLC Smith Álliancebemstein of Chickasha,	1015 MINNESOTA AVE, CHICKASHA, OK	US
S2-768716535	DELTA WISEKEY,	3056 THRASHER LN, AL, HOOVER	US
S2-282597981	BIT C0NSULTANTSPRIVATE PRIVATE LIMITED	146/6, PUSHPANAGAR, NEAR BHAGVATI SCHOOL, KUBERNAGAR ROAD, AHMEDABAD, ગુજરાત	India
S2-956845983	MARTINEZ & BUSSELL  INC CENTER	2625 ENGLISH DR, VERNON, TX	US
S2-213896172	मॉडर्न फूड प्राइवेट लिमिटेड	KAMALINI OFF BHANDARKAR ROADNEAR FOOD WORLD ERANDWANA, PUNE, महाराष्ट्र	India
S2-615202978	BEST CHOICE  INTERPRIVATE	Washington St, PASADENA, TX	US
S2-61055747	Holdings Pediatric Vanguard Associates	DNVER TOWNSHIP, 8236 CAMELIA LN, NC	US
S2-999927060	Pediatric Dental Heartland Care Associates L.L.C.	500B BROADWAY, FARMINGTON CIY, UT	US
S2-160760471	Georgianne's Security Services Cnetner Inc	39461 WOODLAND CT, BETHANY BEACH, DE	US
S2-399897262	Moolchand Electronics L.L.P.	PLOT NO. G-1604-7, LODHIKA, G.I.D.C., KALAWAD ROAD, METODA, LODHIKA, Gujarat	India
S2-300179898	Mr Triple Advisor-Vijayawada (Rural)	#7-966 FLATNO FF1&FF7, RAMANEEYAM, OLDNO:4-71(NEW NO 4-80), VIJAYAWADA (RURAL), Andhra Pradesh	India
S2-692648357	Hosman and Harrson Quantumsphere Inc	0036981 DILLON CT, MECHANICSVILLE, MD	US
S2-42658359	M/s @chopratech	NANBAN ILLAM, AP 53, L BLOCK, 5TH STREET 12TH MAIN ROAD, ANNA NAGAR, CHENNAI, தமிழ்நாடு	India
S2-888767595	Toth Family Office	320 56ND ST, OAK ISLAND, NC	US
S2-798620715	Dr Reliable Educational LLP	FNO. 121, 2ND FLOOR, BHARANI APARTMENTS SALEEM NAGAR, MALAKPET, HYDERABAD, Telangana	India
S2-615514328	Banu Mining	PLOT NO-262 , JAIL ROAD, BARHMAPUR SADAR, Orissa	India
S2-941632499	MANAGEMENT OMM-POHAAFTA PRIVATE LIMITED		India
S2-512030745	Yash Twin	SOFTTECH TOWERS, S NO 1/1A/7 8 15 16 17 PLOT NO.BCD, 1-BANER, OPP. ROYAL ENFIELD SHOWROOM, BANER ROAD, PUNE CITY, महाराष्ट्र	India
S2-60230710	Oshaughnessy  Inc Services	WASHINGTON, DC, N/A, 1429 COLUMBIA ROAD	US
S2-582100532	Sree Ram Dhang Road Salkia Services Private Ltd	43, SREE RAM DHANG ROAD SALKIA, West Bengal	India
S2-614588117	ear nose & throat specialists llc Enterprises		US
S2-949372998	Mr Quoevo	C/O- AJEET KUMAR, VILLAGE- LAHARGAWA P.OP.S- KESARIYA, EAST CHAMPARAN, Bihar	India
S2-481254808	South Gram New Shakti Nagar Chowk Engineers Private Limited Services	Punjab, 4, SOUTH MODEL GRAM NEW SHAKTI NAGAR CHOWK	India
S2-736144165	Y  7 MODERN-EQUITY	214 EDGE CREEK LN, ODENTON, MD	US
S2-312982568	XC Square Pvt.	J-1-203, 1ST FLLOR PHASE-I, SANGA, JODHPUR, Rajasthan	India
S2-312016484	GREESON BMETGFRE LLC	36 DUTCH HILL RD, DAVENPORT, NY	US
S2-596450261	Bharat Business Private	A-01, SAIDEEP III, SINDHI SOCIETY, OPP. LUV KUSH TOWERS, NEAR SWAMI VIVEKAEAND SCHOOL, CH, EMBUR EAST, MUMBAI, महाराष्ट्र	India
S2-602532391	Dermatology Specialists	8705 123RD AVE E, OWASSO, OK	US
S2-147503407	Vansts Btc LLC	VINTAGE WAY, N/A, HARKER HEIGHTS, TX	US
S2-945494616	The Interfaith Institute Corp	2117- GLENHURST RD, SAINT LOUIS PARK, MN	US
S2-173337363	Zephium  Beyond	15 SEWARD SAINT, WEST GLENS FALLS, NY	US
S2-424476125	DWYER VETERINARY	817  ELIZABETH LN, HAMPSHIRE, IL	US
S2-545448088	A Cure 6	25861 HURLINGHAM RD, BECAHWOOD, OH	US
S2-792912193	ELISE D. GARBER, L.C.S.W., (DDS)	2739 COLUMBUS DR, WILLIAMS CITY, AZ	US
S2-221773264	Developers Competent Limited Service	BLOCK A-702 C/O HABUL MONDAL, BOINCHTALA DHAPA, KOLKATA, KOLKATA, West Bengal	India
S2-356157174	Mackie, Rotondi & Holden Northside	208- CHANUTE ROAD, GOLLDSBORO, NC	US
S2-316952029	WIGGINS CORP CÉNTER	CT, 114 HIGHLAND AVENUE, BRANFORD	US
S2-863476565	Bright Infotech Pvt	NO 203- AMBER BLDG POWAI VIHAR A S ROAD VIKHROLI W, OPP POWAI LAKE PWAI, MUMBAI, Maharashtra	India
S2-125859863	Literacy Association-Inc		US
S2-274976761	Smt Indo Al Steel Limited	#38/2686, 1ST FLOOR, A TOWER POOTHOLE, ARANATTUKARA, THRISSUR, Kerala	India
S2-225690672	Preferred Design Dynamlmcfis Co	1750 PRESTON CENTRE DRIVE, FENTON, MO	US
S2-483780949	caldwelldentalassociates.com	4290- AUSTIN BLVD, HEMPSTEAD, NY	US
S2-562185065	Acumen Services Group	SHOP NO. 16, GULMOHAR, HEIGHT, MUMBAI BAZAR, SHIRUR, महाराष्ट्र	India
S2-102395073	Kinlaw, Hall & Snow	6389 FORT VALLEY RD, FT VALLLEY, VA	US
S2-822199651	Ray Capital Partners [Inc]		US
S2-5540165	Dream Consulting Public Limited	NO 9-1-90 AND 9-1-119/1, EDEN AMSRI SQUARE, OFFICE NO.307& 308, 3RD FLOOR, ST. JONNS ROAD, HYDERABAD, Telangana	India
S2-280914970	Czyzewski Dental Associates Corp	5 SUNBURST LN, ALLEGANY, NY	US
S2-352120096	Mr Alpha Trading	PLOT NO.1562/2565, AT VILLAGE- BALANDA PO. KALUNGA, ROURKELA, ଓଡ଼ିଶା	India
S2-274026588	Smt SHIVAM (INDIA) NIRMAAN	UNIT NO ##603 6TH FLOOR PRINCESS SKYPARK SCHEME NO. 54, A.B ROAD, INDORE, मध्य प्रदेश	India
S2-286270410	DERMATOLOGY SILVER CARE ASSOCIATES LLC	8910 BLOWING TREE RD, HURSTBOURNE ACRES, KY	US
S2-959836376	Pvt Jaipur Bird Ltd	JAIPUR, ALA, 567/B UDAI PATH VIVEK VIHAR COLONY NEW SANGANER ROAD SOD, JAIPUR, Rajasthan	India
S2-735104265	ఆదిత్య బిల్డర్స్ ఎల్‌ఎల్‌పీ	PLOT 541 1-23-24, CHITTOOR, Andhra Pradesh	India
S2-570309596	Apa-Hospital	GALA/UNIT NO.214-, SECOND FLOOR WING A, AMAR GIAN CO-OPERATIVE SOCIETY LTD LBS MARG, THANE, Maharashtra	India
S2-956460731	Smith Suergilc Holdings	4736 WINTERFIELD COURT, FAIRFAX COUNTY, VA	US
S2-29639567	Webster, Parrebt and Karel Xsolla Inc	455 LORIDA AVE, N/A, SALEM, OR	US
S2-545013294	Mr energystaysindia.com	OFFICE NO 3D, 2ND FLOOR, ASHOKA CENTRE, NEAR ST STAND, ALIBAG, RAIGAD, Maharashtra	India
S2-988716466	Tejeda  Chs (Inc)	01090 UNIVERSITY AVE, NMSU, NM	US
S2-133379329	Sree Sree It Ltd	116-F, POCKET-IV, MAYUR VIHAR, PHASE-I, Delhi	India
S2-25136748	INDORE CLEARING PRIVATE LTD		India
S2-924787500	Adams's  Occupational Therapy	00295 SMYRNA ROAD, OKOLONA, AR	US
S2-258952546	Skyline Academy Enterprises Private Ltd	T-79, MANGAL WARD, UMRER, Maharashtra	India
S2-106393512	Inc Surgical Value Associates South	MERCED, #695 SUZANNE COURT, CA	US
S2-789154183	White-+ Hanson	MEDFORD, OR, 269 WIMBLEY ST	US
S2-217808026	Service Environmental Fund Inc	46 Sam Hill Rd, WORTHIINGTON, MA	US
S2-644691786	Solutions Cisco Developers Private Limited	D-46, 2ND FLOOR OLD GUPTA COLONY, DELHI, दिल्ली	India
S2-93889878	AVISSOLUTIONS.COM	महाराष्ट्र, BLDG NO 412A ROOM NO 5014 E I 672 T S TAGORE NAGAR NR NEW POST OFFICE, MUMBAI	India
S2-475820176	Silver National Hóuse	1009- SETH DRIVE, SAUNTON, VA	US
S2-325506489	LLC O P & Y SERVICES,	350 BEACON ST, BOSTON, MA	US
S2-226030742	सेवन एग्रो	153, BLOCK B, POCKET 1, SECTOR 36, ROHINI, NORTH WEST DELHI, DELHI	India
S2-411902701	wilsoncarroll.com	NORTHBROOK COURTS APARTMENTS, AUBURN, NY	US
S2-551502726	Innovative Healthcare-Pae Limited	488 9, SECOND FLOOR, CHURCH ROAD BHOGAL, NEW DELHI, Delhi	India
S2-64589483	INDUSTRIES TRASERS GOPAL	UNIT NO. 1110, SHI, NAVI MUMBAI, Maharashtra	India
S2-797039725	Concord & Co Private Limited	BLOCK G-594 11-10-694/B/12, NEAR R. R. HIGH SCHOOL, BURHANPURAM, WARD NO. 2, Telangana	India
S2-355188251	-- REINHARDT INC  SERVICES	1942 FAIRFAX AVENUE, CINCINNATI, OH	US
S2-366451799	cassondra's signs	6930 Abbey Lane, ASTORIA, OR	US
S2-366545291	Poonam Academy Company	G3, GROUND FLOOR, 361, PURBACHAL, KALITALA ROAD, KOLKATA, KOLKATA, West Bengal	India
S2-523379739	Rosa, Jimenez and Geist Landscaping	179 KEYS CT, GREENVILLE, NC	US
S2-935206742	Consultants-Abhijeet Engineering [Prívate-Limited]	C/O MOHANKUMAR AMBIKAKUMAR, JAY AMBE, OMNATH SOCIETY, BHALPARA PARAT, VERAVAL, JUNAGADH, Gujarat	India
S2-40656832	Tero Inc	11777 1/2 DAVIS LANE, AVONDALE, AZ	US
S2-367915011	Investments	4346 INDIAN ROAD, TOLEDO, OH	US
S2-458015213	सूर्य टेक प्रोड्यूसर प्राइवेट लिमिटेड	Uttar Pradesh, ALIGARH, GYAN SAROVER COLONY, ALIGARH, PLOT 235- G-28	India
S2-111901546	5mith-Assets LLC	TX, 16117 ELLA BLVD, HOUSTON	US
S2-378054793	East Estate  Private		India
S2-546869596	Urban-Law Ceabrs Private Limited	PLOT NO-389/2027 AT-JITIKAR SUANLO, PO-BHINGARPUR PS-BALIAN AT, BHUBANESWAR, ଓଡ଼ିଶା	India
S2-450994825	Bay Committee Córp	58 HAWTHORNE HILL LN, DRAPER CITY (SL CO), UT	US
S2-652473215	STAR CORPORATION INDUSTRIAL	6668 Twin Rocks Ln, HERRIMAN TOWN, UT	US
S2-893251254	Enex Dynamic Central P.C.	09311 Atelier Drive, ANCHORAGE, AK	US
S2-689399889	Peridic  Sgsid	IL, 707-709 FIFTH AVE, ROCK FALLS	US
S2-465428947	Ridge School of	CLEVELAND, OH, 11005 PARKHURST DR	US
S2-832640462	Private 8angalore North Laboratories Limited	BANGLORE, BANGALORE, NO 429 H-203, ಕರ್ನಾಟಕ	India
S2-318025254	Lapis Tsh Pvt Ltd	Maharashtra, OFFICE NO - G-11, GROUND FLOOR PLOT -14-B, SECTOR-19, VASHI, NAVI MUMBA	India
S2-214749166	Faon Valley Metals, Corp	11505 MERIRIAN AVENUE, EVERETT, WA	US
S2-778143519	Laborers Local Union 796 Partners	UTICA, NY, 1923 BRADFORD AVENUE	US
S2-872738270	Integrated Beacon  Columbia (LP)	254B SAUNDERS AVE, LINCOLN, NE	US
S2-863834473	Nexix Insurance Inc.	6129 TRANSIT RD, ELAB, NY	US
S2-391934267	Premier Environmental Systems Corp	3901 RASBERRY DR, WILSON, NC	US
S2-929352025	LANA CONATSER, DO GRÓUP	##318 FRANKLIN ST, BERNE, IN	US
S2-995718274	Carpenter Co Academy	2124 DAVE ST, WINSTON-SALEM, NC	US
S2-375921441	Donielle Strong, DDS PC Service	CHARLOTTE, NC, 4101-B Craven Hill Dr	US
S2-794115418	5omajiguda Tex Ltd	G-8-9, AMRUTA VILLE, OPP YASHODAA HOSPITAL, RAJBHAVAN RD, SOMAJIGUDA, HYDERABAD, Andhra Pradesh	India
S2-820372596	Avalos LLC Northside  Pantages	19407 VALLETTA GREEN DR, HOCKLEY, TX	US
S2-203876372	Palghar Services	NO ##1170A , BAFNA COMPOUND, VEVOOR, PALGHAR EAST, PALGHAR, Maharashtra	India
S2-792809838	Chalet & Associates Exports	NO #88 CO-THE PRINCIPAL ITOT, RAMACHANDRAPUR, JATNI, ଓଡ଼ିଶା	India
S2-275578658	Super Food प्राइवेट लिमिटेड	14/28 , KETAN VIHAR, ALAMNAGAR RJPM LKO, LUCKNOW, Uttar Pradesh	India
S2-581926192	विजन इंफ्रास्ट्रक्चर प्रा. लि.	DOOR NO 307 KANCHENJUNGA BUILDING18 BARAKHAMBA ROAD, CENTRAL DELHI, NEW DELHI, Delhi	India
S2-446101705	BANGALORE SOUTH ENTERPRISE LIMITED	SITE # 26, WEWORK PRESTIGE CUBE, LASKAR, HOSUR ROAD, CHIKKU LAKSHMAIAH LAYOUT, BANGALORE SOUTH, Karnataka	India
S2-558603704	Crestline LLC Wisekey	4811 CAPRICE DR, MIDDLETOWN, OH	US
S2-977030657	Caldify LLC Preferred	VA, 17 RIVER BEND RD, GRAYSON COUNTY	US
S2-959336293	Stag Llc	61- ADAMS PL, ISLIP, NY	US
S2-409506475	Services Goodrich	HN 763 F223 PARIWAR PRAGATHI APP, GOTTIGERE LAKE ROAD, BANGALORE SOUTH, Karnataka	India
S2-654130080	sewellparsonharris.com	810A MATSON PLACE, CINCINNATI, OH	US
S2-865535932	TAYLOR PÁTRIOT	2505 HORN ROAD, BAY CITY, TX	US
S2-803074201	Metropolitan Commodities-Inc	2941 SPRINGSWEET LN, RALEIGH, NC	US
S2-432867252	lawson, b. arlyn l.c.s.w.	247 AUCKLAND DR, NEWARK, DE	US
S2-438185832	Taransh Organizer  Ltd	BHU.NO-##53 KH.NO-1004, VIGYAN KHAND-3, CHHOTA BHA, LUCKNOW, Uttar Pradesh	India
S2-10768566	FOLGER BIOSCIENCE INC	BLUE BEECH LANE, CRAWFORDSVILLE, IN	US
S2-685362882	Select Anchor  Purecycle PLLC	BISON HILL LANE, RALEIGH, NC	US
S2-495722375	M/s Nikhil Strips Overseas Pvt Ltd	B/207, DHANSAMRUDDHI APT, OPP. CWPRS, KOLHEWADI, PUNE CITY, महाराष्ट्र	India
S2-351953646	Sri UNIQUE PRIVATE LIMITED  SERVICES	SAI DATA ROAD, LUCKNOW, Uttar Pradesh	India
S2-901230514	24HR L0cksmith	77 THOMAS STREET, NEW BEDFORD, MA	US
S2-895645878	DEVENDRA EQUIPMENT PRIVATE [LIMITED]	NO ##6 , 11TH STREET T V NAGAR, TIRUMULLAIVOYAL, CHENNAI, Tamil Nadu	India
S2-151582230	bright seafood	106 PENNSYLVANIA, HOWARD, KS	US
S2-796626371	P.L.L.C. Willyt T. Dexter, D.C.	WV, POINT CITY, 6951. BLOOMERY PIKE	US
S2-928690827	MD India Private Ltd	DOOR NO 904  303/1, GRAM ARNIYA, NEAR BY SHRIJI COLD STORAGE, INDORE, Madhya Pradesh	India
S2-971418260	MEAD BONDURANT  MONTE LLC	13434 278, DOUBLE SPRINGS, AL	US
S2-328945826	Apm Innovations Private	4-09, LOHA BHAVAN, OLD HIGH COURT LANE INROME TAX, AHMEDABAD, Gujarat	India
S2-734833318	Eastern  Synthetics	HNO. 108, GOPAL NAGAR, KANPUR SADAR, Uttar Pradesh	India
S2-651195822	इंटरनेशनल ईस्टर्न प्रोजेक्ट्स इंजीनियरिंग प्राइवेट लिमिटेड	2/44, LUCKNOW, Uttar Pradesh	India
S2-598533808	RANDLE PEHDIRATRIIS INC	1311-1315 FAITH DRIVE, SALINA, KS	US
S2-908562469	LLC QUALITY PÁCIFIC OFS	1139 CLIFTON LN, NASHVILLE, TN	US
S2-625790354	शिवम फूड एलएलपी	HOUSE NO. 1922, SECTOR 6, BAHADURGARH, JHAJJAR, Haryana	India
S2-790215125	Piedmont Pifci Energetics PC	#306 OGDEN ST, BUFFALO, NY	US
S2-891050601	New Delhi Private Limited Center	WZ-638 FF, GALI NO 5, PALAM COLONY, NEW DELHI, Delhi	India
S2-914733632	Prudhvi Inspection Service	NO 40, 10TH CROSS 1ST MAIN B D S NAGAR, K NARAYANAPURA, BANGALORE, Karnataka	India
S2-949371684	Kobel Glass (LLC)	1318- BRIDGE BARRIER ROAD, CAROLINA BEACH, NC	US
S2-660992567	Chu Allied	101, CLOVERDALE CCDP, OR	US
S2-117811957	BO Petroleum Holdings	2595-2599 61ST AVE, <NULL>, RYDER, ND	US
S2-866799523	Community Fellowship Harbor Inc. Inc.	370 HOWRAD ST, GARY, IN	US
S2-695972284	Miller Smart Providence Ltd	133  DELEON ST, OTTAWA, IL	US
S2-436783714	Shivam East Consulting Private Limited	FIRST FLOOR DOOR NO5/199-, SAKKOTAI ICE FACTORY ST, KUMBAKONAM, Tamil Nadu	India
S2-686173919	olson heritage tge llc	16807 AVE A, CHANNELVIEW, TX	US
S2-487419092	COLEMAN AND SMITH INC	5307 RIDGECREST RD, LOUISVILLE, KY	US
S2-534560686	PRIVATE SHELTERS HOSPITAL LIMITED	Bihar, AT - RITA NIWAS, PATNA	India
S2-410424874	JUST CONSULTANTS-COMPANY	113, REDDIYAR THOTTAM, KAMARAJAR NAGAR WEST, UTTANGARAI, KRISHNAGIRI, Tamil Nadu	India
S2-772008314	Choi Championsgate	33 WESLEY BRANCH ROAD, ASHEVILLLE, NC	US
S2-551537406	EAR NOSE & THROAT TOTAL SPECIALISTS  INC	33 HARMONY RD, RAMAPO, NY	US
S2-548296620	STAY SERVICES PVT VENTURES LTD	6/4, PARASURAM BAJAJ STREET LILUAH, West Bengal	India
S2-930522717	Cure Ice Créam LLC	345 DESHLER AVE, COLUMBUS, OH	US
S2-877598413	5g Transport Private	BL-D, KOLKATA, HOWRAH, West Bengal	India
S2-752724015	फर्स्ट फूड प्रा. लि.	KH NO606 FIRST FLOOR RANG, NEW DELHI, SOUTH WEST DELHI, दिल्ली	India
S2-132036832	Gertie's Holdings-Upper Colonial Marlboro	11800 GREEN TEE TURN, UPPER MARLBORO TOWNSHIP, MD	US
S2-694009648	Kim Holden Ace	7500 OLD RIVER DR, BLACKLICK, OH	US
S2-928125078	Pioneer  Srtmtgmes	33 QUEQUECHAN ST, FALL RIVER, MA	US
S2-993696236	प्राइम कंस्ट्रक्शन प्राइवेट लिमिटेड	SHOP NO. #01 & 02, BLOCK., 04, RATHI GALAXY, CANNAUGHT, AURANGABAD, Maharashtra	India
S2-695769315	Co Crystal Optimal Mission	1432 CHURCHILL RD, GIRARD, OH	US
S2-183967309	CONTINENTAL SBTERELIFG GALATA LLC	0218 IDLEWOOD BLVD, VILLAGE GREEN, NY	US
S2-220839853	Haga  Msto 8right Corp	574 SUBURBAN PKWY, NORFOLK, VA	US
S2-701586058	Pi0neer Projects Private Limited	D-46 PALACE ORCHARD, KOLAR ROAD, BHOPAL, Madhya Pradesh	India
S2-258486293	Temple Cathedral Metro	02529 CHIMNEY ROCK LANE, KNOXILLE, TN	US
S2-722647990	Campbell-Midcap	10503 KELSO DRIVE, SUN CITY, AZ	US
S2-987972624	mayenambrose.com	104 MAIN STREET, NORMAN, AR	US
S2-558735946	Rangel Deleo Uranium  of	956 COUNTY ROAD 779, PMB 8578, GROESBECK, TX	US
S2-890647761	Jones Merger Highland, Inc.	9138  WESLEY PL, KNXVILLE, TN	US
S2-403191966	Dois Holdings Group (Partners)	3426 PILGRIM LANE, MINNEAPOLIS TOWNSHIP, MN	US
S2-844098187	BVR Íncome L.L.C.	10502  RHODE ISLAND AVE, BLOOMINGTON, MN	US
S2-874798412	APTUS & BROTHERS EXPORTS PRIVATE	DIRECTOR BUNGLOW NO 66, B J NAGAR, NEAR SMIT COLLEGE, JALGAON, Maharashtra	India
S2-983941308	PCR MUTUAL PRIVATE LTD	65, PANCHAL COMPOUND, BEHIND FORCE MOTORS LASUDIYA MORI, DEWAS NAKA, INDORE, मध्य प्रदेश	India
S2-534274444	Environmental Foundation Ii	63 HOFFMAN DRIVE, COLONIE, NY	US
S2-300451593	Valley Convertible  LLC	11312 IRIS DRIVE, BALCH SPRINGS, TX	US
S2-108927878	New  Delhi Biosciences Infratech Private	662/15, 1 ST FLOOR, ABOVE AXIS BANK, SHIVPURI MAIN PATPARGANJ ROAD, NEW DELHI, Delhi	India
S2-669193293	Aurangabad Esrmts Private Limited	महाराष्ट्र, H.NO 108 , PLOT NO P 79, ELDORA BUILDING, MIDC, CHIKALTHANA, GOLDEN CITY CENTRE, AURANGABAD	India
S2-962945781	DOVAZETATAVO	4520-4524 MIMOSA TREE LN, RALEIGH, NC	US
S2-937254230	Urology  LLC Center	00156 RAYNOR SANDS DRIVE, DNN, NC	US
S2-610099748	Verrriq Connecticut	4629- HOLDEN RD, GREENSBORO, NC	US
S2-192435550	Children's Cóalition	44 BRIGSG STREET, NEW BEDFORD, MA	US
S2-681381384	Rocky Rapid Office	1520C SOLDIER TRL, TUCSON, AZ	US
S2-194518373	Blue Future Developers Limited	H.NO A-56VYSYAL STREET COIMBATORE, COIMBATORE, Tamil Nadu	India
S2-467505244	Southern Gobal	#3-85 OFFICE NO.-C-C-4, FLOOR-1, DREAMLAND BUILDING, MAMA PARMANAND MARG, OPERA-HOUSE, GIRGAON, MUMBAI, Maharashtra	India
S2-972257980	VANGUARD EVO	18255 422 RD, CLAREMORE, OK	US
S2-251915758	Rose Security	491 WENDOVER PARKWAY, PITTSBORO, NC	US
S2-918457044	Pdriadvoe Advance Projects Limited	NO #1-91, MUNNEKOLA, BANGALORE, ಕರ್ನಾಟಕ	India
S2-450859061	சவுத் இன்வெஸ்ட்மெண்ட்ஸ் பிரைவேட் லிமிடெட்	##17, MUMBAI, Tamil Nadu	India
S2-255280797	Vision Care	4178 4135, WEST VALLEY CITY, UT	US
S2-88820352	One It பிரைவேட் லிமிடெட்	Tamil Nadu, VILLA NO: 0019D, PLOT NO: 4, B&B GARDEN RIVER, KUGAIYANALLORE VILLAGE, KATPADI TALUK, VELLORE DISTRICT	India
S2-783730157	-- Arena College	HN 607 P NO.33, B NO.31/589, GR FLR, GHB, UMARWADA, SURAT CITY, SURAT, Gujarat	India
S2-348164499	Jillane Rollins, P.A., P.C.	7160 159TH LANE, RAMSEY, MN	US
S2-816648310	Ng Data of  Newbury Greater	#21 SCOTLAND HEIGHTS DRIVE, NEWBURY, MA	US
S2-153206461	Saidpur Agency Private Private Ltd	C/O LALLAN 196, GHAZIPUR, BELASI BELSARI, VARANASI, SAIDPUR, Uttar Pradesh	India
S2-410732890	Cozy Háir Studio!	2365-B OLEANDER ST, BATON ROUGE CITY, LA	US
S2-599248984	YT Próducer L.L.P.	#31 BURTOLLA STREET, KOLKATA, West Bengal	India
S2-125741685	TWISTED-MASSAGE	UT, 1275 CHICKADEE ST, <NULL>, SALT LAKE CITY	US
S2-398200309	LLC The White and-Ramos Flex	MIDDLETOWN TOWNSHPI, 1110 LAKE SEYMOUR DRIVE, DE	US
S2-495720446	A Culer 4 All	MD, WILLIAMSPORT, 16008 FALLING WATERS ROAD, PMB 1643	US
S2-581448382	Watson Watson Stiers and Frantz Harbor LLC	3314 EAST AVE, BERWYN, IL	US
S2-211126789	freshproperty.com	500 JULIEN CIR, AKRON, OH	US
S2-920514093	IKZ Company Búildcon	NO. 910 KH NO. 358/207 & 206/2, FIRST FLORO VILL-MASOODPUR, DELHI, दिल्ली	India
S2-296151871	ग्लोबल हॉस्पिटैलिटी प्रा. लि.	DSC - ##109, DLF SOUTH COURT, SAKET, NEW DELHI, SOUTH DELHI, Delhi	India
S2-380832534	EXOTIC NIDHI CORP	15 SOUTH SEALDHA RD, KOLKATA, West Bengal	India
S2-249491949	Dynamic Intelligence Union Co	2136-2140 COX ROAD, NOTTOWAY COUNTY, VA	US
S2-685931726	HARI (INDIA) TRADECOM PRVDAITE LIMITED	D.NO-10-4-19/A/3, FLAT NO.301, TIRUMALA ARCADE OPP:MEGHALAYA HOTEL, ASILMETTA, VISAKHAPATNAM, Andhra Pradesh	India
S2-89639719	Technologies Golrb Golden	548/V-178, LUCKNOW, SURYA NAGAR, Uttar Pradesh	India
S2-653913198	Geo Studios  Private Ltd	WARD NO II BUILDING NO 1706STUDIO- PHOTOLAND KOTTACHERY HOSDURG TALUK KANHANGAD, KASARAGOD, Kerala	India
S2-47616418	यूनाइटेड आईटी लिमिटेड	B-102, OXFORD CHAMBERS, OPP MTNL EXCHANGE TUNGA VILLAGE, SAKI VIHAR ROAD, POWAI, A, NDHERI(E), MUMBAI, MUMBAI CITY, Maharashtra	India
S2-570001696	स्वस्तिक एंटरप्राइजेज मोटर्स प्राइवेट लिमिटेड	दिल्ली, #423, NEW DELHI	India
S2-470715224	Paola's Paola's [Biotech]	9406 BRIGHTON BUNKER HILL RD, PO BOX 1588, BUNKER HILL, IL	US
S2-445846380	VISION SPÉCIALISTS	7398 OLD STAGE RD, BRUNSWICK COUNTY, VA	US
S2-855067946	ডায়নামিক ইনফ্রাস্ট্রাকচার প্রাইভেট লিমিটেড	PLOT A-651 G/C 10 RABINDRAPALLY JYANGRA, NORTH 24 PARGANAS, BIRBHUM, West Bengal	India
S2-430083316	Saraswat-Interactive	OFFICE NO.211, PLOT NO.66A, CONCORDE SECTOR-11, CBD BELAPUR, NAVI MUMBAI, महाराष्ट्र	India
S2-272944416	INC HILTS PIEDMONT PBC	40-18 194 STREET, NY, FLUSHING	US
S2-263086300	Rone, Davis, & Hart Ltd	##2088 CHASE LOOP, ALBANY, OR	US
S2-66259612	Children'S League	901 23RD STREET, INDEPENDENCE, MO	US
S2-473508533	Pediatric Bay Detisyt Clinic	2758 ARTHUR ST, PO BOX 131, OERGON, OH	US
S2-238216854	फॉर्च्यून हॉस्पिटैलिटी प्रा. लि.	B/15-16, INDORE, मध्य प्रदेश	India
S2-287640661	Invicta Brothers	DOOR NO 110 ARUN BALARSTATION RD SANTACRUZ (W), MUMBAI, Maharashtra	India
S2-21532254	Sri EUPHORIA TECHNOLOGIES [PVT.]	H.NO 0991 GALA NO. J-1, KHALSA COMPOUND, SUBHASH NAGAR, BHANDUP WEST GREATER MUMBAI, MUMBAI, महाराष्ट्र	India
S2-49616813	City Private Limited Center	D-90MARKET YARD, LATUR, Maharashtra	India
S2-268045745	Dr Navkar Limited Center	53, KUPPU MUTHU STREET, TRIPLICANE, Tamil Nadu	India
S2-172182219	Kritya  Ecom Private Limited	Odisha, C/O BALARAM CHARAN LIMA, CHALKHAMBA, GUNUPUR	India
S2-766853556	UMH Care Associates Limited Limited	#102 MEENASHRI CHAMBER BHA GULAB BAGH ROAD 3, UDAIPUR, Rajasthan	India
S2-766349006	Young Machines Partners Co	W4459 HENRICH RD, TOMAHAWK, WI	US
S2-76050305	Mr Bombay Marketing Public Limited	981 A-943 SHOP NO5 G D COLONY, G/F MAYUR VIHAR-III, EAST DELHI, Delhi	India
S2-228446786	Innovative Health Concepts Incorporated	MAIN STREET, <NULL>, SCHENECTADY, NY	US
S2-37996167	DIJ Infotech Pvt. [Ltd.]	C/06, SEC. NO. V. BLDG NO, PADMAVATI NAGAR, BOLINJ, VASAI, Maharashtra	India
S2-6607727	Prairie Enterprises  L.L.C.	4059 JOSEPH DRIVE, WAUKEGAN, IL	US
S2-573805913	L.L.C. MERIDIAN	800 Hazel Lane, TOOONE, TN	US
S2-843069859	Chiropractic Cáre Ltd	2218 TEALL AVE, SALINA, NY	US
S2-261552444	ALAM DÓREY VALLEY CRANE PC	TX, 118- WILLOW DR, HUUTTO	US
S2-723956284	Sanchez  Beacon - 3165989869	10110 LANDING WAY, MIAMISBURG, OH	US
S2-539330980	Bay Valuence	2407-B PARADISE BOULEVARD, ROCKFORD, IL	US
S2-313048014	SHREE SHREE CONSULTANCY ENTERPRISES LIMITED PRIVATE	PLOT NO 17, HEMLA INDUSTRIAL ESTATE, FARIDABAD, हरियाणा	India
S2-439380937	twisted deli inc	KANSAS CITY, MO, 13631 50TH STREET	US
S2-659060419	स्टार कंसल्टेंट्स	PLOT NO. 1, BHOPAL, RAISEN, Madhya Pradesh	India
S2-953589233	Heritage Center	3815 JACOB FIELD LANE, HOUSTON, TX	US
S2-627830630	JENNILEE TAVERAS	1423 COLLEGE AVENUE, SALEM, IL	US
S2-600197053	Caix Corporation Partners	14146 65ND AVE W, PO BOX 8459, KIEFER, OK	US
S2-794582173	Frontier Pojth, Inc	20 SAVOY STREET, PORTTLAND, ME	US
S2-304310602	Alps Ltd Services		India
S2-288360892	Shri Gana Labs Pmitae Limited	PLOT 3-10 GROUND FLOOR(RIGHT SIDE), BABA HOME KH. NO. 284/2, LANE NO. 3, WESTEND MARG, SAIDULAJAIB, NEW DELHI, दिल्ली	India
S2-480115625	Star Crystal Asia	1255 COLLEGE ST, AUBURN, AL	US
S2-709357535	innovativeeducationalsociety.com	301, KRISTAL OPAL, 13TH A CROSS 8TH MAIN. BTM 2ND STAGE., BANGALORE, Karnataka	India
S2-430904966	लोटस कंस्ट्रक्शंस Pvt Ltd	E-296SARITA VIHAR, SOUTH DELHI, NEW DELHI, Delhi	India
S2-776764256	Sequoia LLC	10 ST, NULL, SALEM, OH	US
S2-272007112	The Dynamic Sau1	##7729 BEAGHAN CT, GLEN BURNIE, MD	US
S2-574500797	டிரீம் எனர்ஜி பிரைவேட் லிமிடெட்	F-1 SUN CITI APARTMENTS NO.6-7, SANTHOME HIGH ROAD, SANTHOME, MYLA, PORE, CHENNAI, தமிழ்நாடு	India
S2-201622152	SHOREYMARKETING.COM	MD, BOWIE, 4103 Chelmont Lane	US
S2-823564452	Karad It (Private)	Maharashtra, G-1121, A/P. WING, KARAD	India
S2-637555669	VAZHAPADI RETREADING CO	D.NO.1, RAMALINGAPURAM CHINNAGOUNDAPURAM, VAZHAPADI, Tamil Nadu	India
S2-887413799	NAKODA SERVICES CORPORATION	Rajasthan, C- 502 TULIP GREEN ACRES, ASHADEEP NEEMRANA, NEEMRANA	India
S2-310413941	-- Eastham International	13518 ITHACA CRESENT LN, ROSHARON, TX	US
S2-229560398	Federal Center IV Ltd	7951 WHITON RD, WORCESTER COUNTY, MD	US
S2-645627128	Smith Anchor  Allstate LLC	COLT, AR, ##23 St Francis 247 Rd	US
S2-203296597	National Federation  East	111 YALE DRIVE, FREDERICK COUNTY, VA	US
S2-675342274	Textiles Speciality Limited	PLOT 543. 713, RUBY ISLE BUILDING, ROYAL PALM, AAREY COLONY, MUMBAI, Maharashtra	India
S2-250909475	श्री पावर प्राइवेट लिमिटेड	NO 560 SECTOR 13 URBAN ESTATE, KURUKSHETRA, हरियाणा	India
S2-800293952	Agra Control Exports Ltd	NO. 00955 HOUSE NO. 18/384, MAITHAN, AGRA, Uttar Pradesh	India
S2-528715699	Mr Maha Traders Private  Limited	2/302 MALLHAR DELUXE SAHARA GRACE, LUCKNOW, उत्तर प्रदेश	India
S2-348147517	Jensen Metrfpolitan Applied LLC	8 BRETON HILL RD, PIKESVILLE, MD	US
S2-408685566	Safe John Metro Íncorporated	11114 PIMA CIRCLE, DEWEY, AZ	US
S2-965537760	Nelie T. Mclain,	222 TUSKEGEE STREET, ATLANTA, GA	US
S2-998750643	Llc Pasillas Pioneer 8ioscience	BAY CITY CITY, TX, 2803 AVE F	US
S2-341939617	ராம் இன்ஃப்ரா ஏஜென்சீஸ் லிமிடெட்	17, PATHY GOUNDER THOTTAM, J.P. NAGAR, COIMBATORE NORTH, COIMBATORE, Tamil Nadu	India
S2-171161046	Urgent Care Sterling Clinic Inc Inc	119 MAIN STREET, MAMMOTH, AZ	US
S2-869927960	GULF GCBELGLI INC	3501 MCCLINTOCK DRIVE, TEMPE, AZ	US
S2-500654524	L.L.C. Cedar	19300. GOSSARD ROAD N, HARROD, OH	US
S2-529841486	Garcia Berkley [LLC]		US
S2-991285925	Pediatric Medicine-Inc	UNION GROVE, 413 1/2 MITCH RD, NC	US
S2-378011585	RODRIGUEZ  KARMAN	448 STACY WEAVER DR, FAYETTEVILLE, NC	US
S2-544679828	BANGALORE COOL-PRIVATE LTD	#B3/181/18 , 5TH MAIN, 4TH BLOCK, JAYANAGAR, BANGALORE, Karnataka	India
S2-992672259	Kellina's Royal Sciences	LANTANA STREET, HARKER HEIGHTS, TX	US
S2-205824361	#pinnacleharbor	4963 4750, UT, OGDEN	US
S2-323868269	MILEY LLC SERVICE	351 SPARROW AVE, PARKIN, AR	US
S2-738771320	[[[Limited]]] Neo Brothers	C-8/52, YAMUNA VIHAR, DELHI, EAST DELHI, Delhi	India
S2-981942247	Dr Fulchand Distillery Pvt Ltd.	FLAT NO -1702., PL-18, SEC-8, RABALE, Maharashtra	India
S2-515013395	vaishnavi.com	DOOR NO 68 SYNO116/3120121, 122NAGARJUNA HILLSPANJAGU, NAMPALLY, NULL, Andhra Pradesh	India
S2-835775099	Mountain Council Inc.	1132 CANOPY TRAIL, WEBSTER, NY	US
S2-714477528	Samal Private Limited Center	H.NO :13-12, P&T COLONY, DILSUKHNAGAR, HYDERABAD, Telangana	India
S2-93542945	Heartland Coalition Group	002879 HIGHLAND STREET, CHANDLER, AZ	US
S2-730036234	Valley Equity Pacrnterns (Holdings)	115 WOODWARD CT, WARREN COUNTY, VA	US
S2-950089981	*** Horus Webcom (India)-Pvt Ltd	C/O MUHAMMED KOYA, CALICUT, KOZHIKODE, Keralam	India
S2-234275905	Private Auroville Technologies Limited	OLD AUROVILLE ROAD KUILLAPALAYAM, AUROVILLE, VILLUPURAM, Tamil Nadu	India
S2-778124450	ae internet desert	315 1/2 13th Street, HUNTINGTON, WV	US
S2-158052271	@platinumcertified	MAIN STREET, TORREY, UT	US
S2-3072135	MAIN STREET BISTRO! LLC	MO, BALLWIN, 502 MAYMONT DRIVE	US
S2-505066547	West National Therapeutics, Partners	461 BRUCE STREET, CLEARFIELD, UT	US
S2-918217884	CONSULTANTS INDIAPRIVATE (LTD)	HN 0587 C/OVISHWAMBHAR T AND ANITA T, FLAT NO 104 SY NO.98/P1, K&T'S SAI BALAJI RESIDENCY B, BANGALORE, Karnataka	India
S2-918713224	ANGELE KOCH DOUGLAS  CORP	NEW CANEY, TX, 25380 CAMBRIDGE BLVD	US
S2-906665240	SAFE TRADERS PRIVATE  LIMITED	I-#1781/21 GROUND FLOOR SANGAM VIHAR, NEW DELHI, Delhi	India
S2-691578119	ltd youth global church	337 DIXON AVE, OAKWOOD, OH	US
S2-718517681	Ariela Bennis Reliable Auto Sales L.L.C.	25011 KENWOOD AVENUE, S BEND, IN	US
S2-778201424	formulacommercials.com	263, AT PO. POOS, TAL- AMBAJOGAI DIST. BEED MHARASHTRA, BEED, महाराष्ट्र	India
S2-933085923	Internal Médicine Center Ltd	13 13TH AVE, BROOKHAVEN, NY	US
S2-806189905	OEM Limited Private Housing	4 FLOOR, PLOT NO189, SHIVKR, RUPA CHS, CURRY ROAD NAKA, MUMBAI, महाराष्ट्र	India
S2-496398376	Goldy Pediatrics Inc	54 BLACK OAK CIR, WARD, AR	US
S2-667428931	Aurrelle Championsgate	ND, FAGRO, 4117 47RD STREET	US
S2-849985648	Federal Animal Hospital LLC Authority		US
S2-639590499	Shankarpally Transit Private Ltd	SY NO. 395, VATTINGULAPALLY, SHANKARPALLY, Telangana	India
S2-146147122	SNEHA FLEX OVERSEAS LIMITED	NO.20 PALANDI AMMAN KOIL STREET, ADAMBAKKAM, Tamil Nadu	India
S2-167444822	Romero's  Printing	1150 CHICOT ROAD, MABELVALE CITY, AR	US
S2-659930881	Jitqz Corporation Corp	30003 47, BUXTON, OR	US
S2-418612401	Montova  Kogyo LLC	81 WESTFIELD ST, MIDDLETOWN, CT	US
S2-505328569	Limited SA Private Services	NEW DELHI, 4-B, Delhi	India
S2-191964218	POINTS AND DAVIS INCORPORATED	##4149 HARRISON STREET, KANSAS CITY, MO	US
S2-960012129	aronsonvalenciawireman.com (ID: 46181)	4444 SUMERDUCK RD, SUMERDUCK, VA	US
S2-84825910	Express Equity Digital	1411 TARRINGTON AVE, CHARLOTTE, NC	US
S2-875960969	Sri MICRO (INDIA) LIMITED DEVELOPERS	FLAT NO-525 TOWER-C, 6TH AVENUE GAUR CITY 1, BISHRAKH, उत्तर प्रदेश	India
S2-644287468	TRANS LIGHT PRIVATE LIMITED	002/245-LIG AWAS VIKAS COLONY, YOJNA NO. 3 JHUNSI, ALLAHABAD, Uttar Pradesh	India
S2-696679067	Urban Náils	2760-B WASHINGTON WAY, null, MANCHESTER, MD	US
S2-488202287	Gal, Bette Keystone Travel LLC	22560 HEIGHT OF LAND DR, DETROIT LAKES, MN	US
S2-112705194	Garcia Watson Safety	2420 LAAKER ROAD, QUINCY, IL	US
S2-324101411	Mangal Construction Center	P.NO 45, PARK VILLE, KESHOPURA, JAIPUR, Rajasthan	India
S2-919667846	RGS HÍTECH LTD	Uttar Pradesh, ARAZI NO. 778/2, AHIRWAN GAWAN, LAL BANGLA	India
S2-215131476	BAEZ'S MASSAGE	2263 DONNA DRFVE, NORMAN, OK	US
S2-491714744	(TRANSLATIONAL) CUSTOM GULF	1515 MARENGO DR, PRICHARD, AL	US
S2-680503439	ॐ वेंचर्स प्राइवेट लिमिटेड	#993 NO.X 101, DELHI, NORTH WEST DELHI, Delhi	India
S2-621809296	EDUCATION FÉLLOWSHIP VÍ LLC	4389 226, BAKERSVILLE, NC	US
S2-878026783	Bharat Fabricators Exports  Private-Limited	14 T FL, UNI PLAZA, SUNAM MEMBERS ASSO, OPP MAHARAJA PALACE, VIJAY CROSS ROADS, AHMADABAD CITY, Gujarat	India
S2-555983033	Family Cr Associates Ltd	1257 UNIVERSITY ST, REDDLANDS TOWNSHIP, CA	US
S2-866531719	LANGE LLC [CENTER]	5320 81TH ST, TULSA, OK	US
S2-220056805	हरि फूड लिमिटेड	H NO 196, THANE, BHIWANDI, महाराष्ट्र	India
S2-402828916	Yamuendrayn Constructions	709 B WING SATELLITE GARDEN PHASE 1 GOREGAON EAST, MUMBAI, Maharashtra	India
S2-258354600	एपेक्स डेवलपर्स लिमिटेड	S NO-53, PUNE, Maharashtra	India
S2-209305476	Novus Great (ID: 72515)	ME, 285 HIGH ST, FARMINGTON	US
S2-734527887	Global Cardiology Trading		US
S2-728485746	PETTIGREW STERLING HOME  INC	##505 CLOUD AVENUE, ANDOVER, KS	US
S2-426620291	HSO Feeds Phaiobte Limited	218, TRADE CENTRE, 2ND FLOOR, OPPOSITE KURLA MTNL EXCHANGE, BKC, MUMBAI, Maharashtra	India
S2-651742883	Loia Inc		US
S2-337033832	COMMISSION ON MOTOR VEHICLES  HOLDINGS	TEMPLE HILLS, MD, 2964 1/2 BRINKLEY ROAD	US
S2-450764313	Lio Hardbor Imaging (Inc)	634 LITTRELL CIR, MOULTON, AL	US
S2-29844340	SECO TWO  PRIVATE LTD	67A, METCALF STREET 2ND FLOOR, KOLKATA, KOLKATA, পশ্চিমবঙ্গ	India
S2-203962033	Precision Chemical Company Corp	303 TOBACCO ROAD, TAYLORSVILLE, KY	US
S2-591590794	Cole, Camp  & Goodman Calamos	943  WEDGEWOOD DR, N/A, CRYSTA LLAKE, IL	US
S2-145015769	Gajanan (Índia) Ayurvedic Private Limited	RAMESHWARAM HOTEL AND RESTAURENT 258, SECTOR 22, NEAR EIDGAH G.T. ROAD, ETAH, Uttar Pradesh	India
S2-484626463	ಸೂರ್ಯ ಎಕ್ಸ್‌ಪೋರ್ಟ್ಸ್ ಲಿಮಿಟೆಡ್	TMC NO./9213, SHOP NO 1, 2, 3, 4, RAZVI ROAD KALABURAGI, OMARGA ROAD, GULBARGA, ALAND, ಕರ್ನಾಟಕ	India
S2-278285112	Dr BHARAT CONSULTING LIMITED PRIVATE TECHNOLOGIES	H.NO 319 , 3RD FLOOR, MAHAVEER CEDAR CHIKKASANDRA VILALGE, YESHWANTHAPURA HOB, LI, Karnataka	India
S2-702640808	Cure Gril	KOKOMO, 708 WILLOW RIDGE DR, IN	US
S2-584195132	Western Charter School North LP	10333- SPRINGRIDGE AVE, LA, ST. GEORGE CITY	US
S2-362179167	Pediatric Dentistry	3411 1/2 COTTON MILL DRIVE, RAALEIGH, NC	US
S2-890476046	Family Clinic, (Group)	365 HIEH STREET, HUNTINGTON, IN	US
S2-403306395	யுனிக் ஹாஸ்பிடாலிட்டி லிமிடெட்	H.NO 3, CHENNAI, Tamil Nadu	India
S2-203063327	Elsy L. Castillo, Esq., P.C. Partners	NC, CONOVER CDP, 04009 LAI BER DR	US
S2-451879167	ರಿಯಲ್ ಆನಂದ್ ಅಗ್ರೋ	HOUSE.NO. 9-5-674 OLD ADARASH COLONY, BIDAR, Karnataka	India
S2-757823503	BE Iris óf	18 MOCKINGBIRD DR, KILLINGLY, CT	US
S2-249395660	Schenk's-Services	MA, Vestal St, NANTUCKET	US
S2-868816108	Mae Slemp Wholesale Inc	194 1/2 MORLEY RD, PLYMOUTH, NY	US
S2-986443329	భారత్ ఇన్‌ఫ్రా హోటల్ ప్రైవేట్ లిమిటెడ్	PLOT 514 5. 8. 40/1/S14/NR, MEDCHAL-MALKAJGIRI, HYDERABAD, Telangana	India
S2-555394772	Punctual Industries Group Pvt Ltd	220-A, BANSI TRADE CENTRE 581/5, M.G.ROAD, Madhya Pradesh	India
S2-660692614	... greermarmoschroeder.com	340 TURNER RD, YOUNGSTOWN, OH	US
S2-460317039	Pivot Trading  Holdings Private Limited	125, DELHI, Delhi	India
S2-117511591	Cuthbertson & Massey-Prescott Valley	TORO STREET, DEWYE, AZ	US
S2-438256596	J S Desimone (Strategies)	DEAN AVENUE, FRANKLIN, MA	US
S2-138422467	Orion Masbhlhll Masbhlhll Inc	26986  LAKEVIEW DR, HELENDALE, CA	US
S2-916200286	SOLUTIONS SPL CENTER	DOOR NO 809 8TH FLR ACE ATLANTIS, KAJAGUDA, HYDERABAD, Telangana	India
S2-571444972	Department of Transportation Corp.	329 HARDIN RD, DALLAS, NC	US
S2-442309389	ANDERSON & ZEEDA HOME IMPROVEMENTS HOLDINGS	66 MORGAN ST, KINGWOOD, WV	US
S2-333121033	গোল্ডেন মিডিয়া প্রাইভেট লিমিটেড	HAJI RABIAL MARKET, HOWRAH, West Bengal	India
S2-618133395	MW8 Sunstone Heritage	13 MOBILE LANE, JAMES CITY COUNTY, VA	US
S2-177636015	Citadel Ássociates	960 HERITAGE DR, SANTA CLARA, UT	US
S2-248155043	Hunger Guild Highland	44498  SR 541, COSHOCTON, OH	US
S2-364836333	Montieon Microelectronics	WI, 315 GRASD AVE, WAUKESAH	US
S2-950112893	Family Royal Partners,	00207 COLUMBUS AVENUE, VALHALLA, NY	US
S2-993743411	harrisfusion.com	21  CHRISTINE DRIVE, DARTMOUTH, MA	US
S2-868740769	Interfaith Charities P.L.L.C.	785 WEAVER ROAD, BOONEVILLE, AR	US
S2-133231514	L.L.C. Dynamic Avalanche	49 MEETING HOUSE RD, NORFOLK, MA	US
S2-329155791	-- Sea  Institute	PLOT NO. 75 POCKET-II, JASOLA, NEW DELHI, दिल्ली	India
S2-949243152	ફોર્ચ્યુન વેન્ચર્સ પ્રાઇવેટ લિમિટેડ	SHOP NO A 4TH/F-5- SHASHWAT MAHADEV-1 OPP DHARTI APPARTMENT NEAR VRUNDAVAN VATIKA, VASTRAL, AHMEDABAD, Gujarat	India
S2-982207017	Edy Bwma, DD, PC	6050 15TH ST, TUCSON, AZ	US
S2-256724644	Department of Consumer Affairs  Partners Federation	8528- SR 28, NULL, MARTINSVILLE, OH	US
S2-268617468	Reynolds Heritage Inc Grayscale,	9758 STATE HIGHWAY 393, SCRANTON, AR	US
S2-60089655	JQE Printing C1inic	NO. ##4 , FIRST FLOOR, NISSAN HOUSES, PALM GROVE ROAD, AUSTIN TOWN, BANGALORE, Karnataka	India
S2-142609972	SUNRISE CONSULTANCY PRIVATE LÍMITED	H.NO-1163, SADASHIV PETH, VEDANT APARTMENT, SHOP NO-3, PUNE CITY, Maharashtra	India
S2-331052709	pediatric dental center corp	18883  110, WHITEHOUSE, TX	US
S2-764922789	L.L.C. Advanced Realty Products	OH, WESTERVILLE, 207 Mockernut Ln	US
S2-678397994	SYSTEMS  GREEN	H NO C-1175 KERLE, TAL KARVEER, KARVEER, Maharashtra	India
S2-351168179	श्याम एनर्जी प्राइवेट लिमिटेड	H.NO 455, A/P-YEDE UPALE, TAL - KADEGAON, GOA-PANAJI REGION, SANGLI, Maharashtra	India
S2-320705795	Regan, Villatoro And Rey Harbor	MA, SUDBURY, #26 MILLPOND RD	US
S2-360263455	फर्स्ट इन्वेस्टमेंट प्राइवेट लिमिटेड	14C BHAIRAV NAGAR 200FEET BY PASS, JAIPUR, Rajasthan	India
S2-764422606	ফরচুন লজিস্টিকস প্রাইভেট লিমিটেড	232, HUGLI, KOLKATA, West Bengal	India
S2-362101991	LQT Lube Ventures Pvt. Ltd.	Uttar Pradesh, FIRST FLOOR D 132 SECSOR 21, NOIDA	India
S2-544431758	Synon Optimal Safe Ltd	166 GARDEN STREET, CITY OF VENTURA, CA	US
S2-233641858	Rapid Inc Service		US
S2-215063815	Adrs Chemical Associates Corporation	B-443, SECTOR-1, VED VYAS PURI, MEERUT, Uttar Pradesh	India
S2-977190617	Shri pr0jectsprivate.com	AL-6/15/11, NAVI MUMBAI, THANE, महाराष्ट्र	India
S2-65655043	Sass & Johnson P.C. Services	CLAYMONT, DE, 811 MANOR AVENUE	US
S2-378635692	নর্থ কনসাল্টিং প্রাইভেট লিমিটেড	P-##15, SWAMI SWARUPANANDA SARANI, KOLKATA, PHULBAGAN, HOWRAH, KOLKATA, West Bengal	India
S2-297138958	CENTER SY INC.	5802 Dragoon Ln, PARADISE VALLEY, AZ	US
S2-303490292	Shalimar Trading	SURVEY NO 42D 42C 47A1, 2ND FLOOR, OFFICE NO-2, EDEN CERAMIC CITY, 8-A NATIONAL HIGHWAY, LALPAR, MORBI, Gujarat	India
S2-935264224	MWQ Telecommunication	1-3 EVERGREEN CT, ALBANY, NY	US
S2-926207350	Lana's Property Solutions Co	1635 10TH AVE, NASHVILLE, TN	US
S2-202882007	cbyantra.com	DELHI, 19, SOUTH DELHI, DDA COMMERCIAL COMPLEX ZAMRUDPUR, KAILASH COLONY EXTENSION, दिल्ली	India
S2-661038461	Tejraj Biolife Private Ltd	H.NO 173/A1 , SURVEY NO 172, H NO.16-54, IDA BOLLARAM, JINNARAM MANDAL, HYDERABAD, తెలంగాణ	India
S2-293044341	GOSNELL VÍLLASENOR AVALANCHE	26-28 PINE MOUNTAIN DRIVE, PLYMOUTH, MA	US
S2-859525288	Golden Dinne of Glenview [Greater]	IL, 1754 HENLEY STREET, GLENVIEW	US
S2-761563119	Economic Development Guild Ltd	2224 CARPENTER AVE, IA, DES MOINES	US
S2-843937862	EAR NOSE & THROAT MEDICINE LLC		US
S2-788901142	Mahalaxmi Ventures Private Ltd	Maharashtra, #1361 , RABALAI, UMRALE NALLASOPARA WESF., THANE	India
S2-616467580	Pediatric Clínic	2786 MCKINLEY DR, WOODBURY, MN	US
S2-803226819	Smith, Sanchez And Wilson LLC	22 TABERNACLE CT, DURHAM, NC	US
S2-607456603	Mumbai Téchnologies	H.NO 418 - C, 215 ATRIUM, ANDHERI KURLA ROAD, ANDHERI (EAST), MUMBAI, Maharashtra	India
S2-308736607	Township Of Ltd	40108-40110 DIAMOND LAKE STREET, PMB 7295, AITTKIN, MN	US
S2-546489139	Applied Environmental Networks Ltd	15 WENDENBURG CIR, NULL, AYLETT, VA	US
S2-694826247	#halcyon	65 CHAPAMN ST, QUINCY, MA	US
S2-51977302	Internal Medicine	8521  ROSEDALE DR, OAK RIDGE, NC	US
S2-281149330	शिव एंटरप्राइजेज प्राइवेट लिमिटेड	NO. 615. 21, FLOOR-3, PLOT 87 89, MASTER BUILDING, KIKA STREET, GULALWADI, GIRGAON, MUMBAI, GREATER MUMBAI, महाराष्ट्र	India
S2-154192027	CHRISTIAN KULOW DESERT GABELLI LLC	10388 4695 ROAD, SALLISAW, OK	US
S2-312191692	W 8 P Xlrc, Holdings	37 RIVER ROAD, BUXTON, ME	US
S2-389510713	Partners Kids Co	#1, DWARKA NAGARI, BORDA, WARORA, WARORA, CHANDRAPUR, Maharashtra	India
S2-66438543	PG [NEIVGAITON]	HICKORY FLAT ROAD, FLORAL, AR	US
S2-585118112	Vision Cenlter Clinic	2004 S 4 ST, IRONTON, OH	US
S2-576336333	Pihu Products Overseas Private	JB3/2 107, PARSHVNATH PRESTIGE, SECTOR 93A, Uttar Pradesh	India
S2-110778219	Safe LLC Sony	SAN BERNARDINO, CA, 3804B FERNDALE AVE	US
S2-265371249	>> Constro  Ventures Co &	A 722, MUMBAI, MUMBAI CITY, महाराष्ट्र	India
S2-573925381	The Garza Abel Secure Bond	206. SAVANNAH DR, ROANOKE CITY, VA	US
S2-476817426	Galaxy Consultants Industries	3ND FLOOR, PLOT NO. 180, PKT - 21, SEC 24, ROHINI BIG STAR MALL, DELHI, Delhi	India
S2-598171744	Olvera Medical Center West	123 COPPERFIELD DR, DUNLAP, IL	US
S2-367290621	Siveror  Clean Duration	1002 FONWOOD DRIVE, VALLEY STREAM, NY	US
S2-338507709	Tarun & Brothers Limited Private	Maharashtra, G-103, FARM LAND RAMDASPETH, NAGPUR	India
S2-963602050	Tech Finance Hardware Private Limited	B-4/13, IIIRD FLOOR MIANWALI NAGAR, PASCHIM VIHAR, Delhi	India
S2-119843211	Bright  Ice Cdhgatm! LLC	3324C MILLS CROSSING PL, KENSINGTON, MD	US
S2-774316610	American American Recruiting-Cary	CARY, IL, 357-B COPPER CANYON TRAIL, null	US
S2-585489181	Bay Equity Partners Co	24 WASHINGTON PLACE, STATEN ISLAND, NY	US
S2-86805076	KAIN  PATTANA	6687 MT BALDY ROAD, MT BALDY, CA	US
S2-204586085	LEANDRO, OGLESBY AND BARRETT ANALYTICS LTD		US
S2-428461775	Summit Biotherapeutics	2511 CHELSEA LANE, FT MITCHELL, KY	US
S2-262102453	Family Center Ltd	7704 OLD PASCAGOULA RD, THEODORE, AL	US
S2-674582227	#unico	Haryana, OFFIEC NO 233, TOWER-A2, SPACE I-TECH PARK, SEC-49, GURGAON	India
S2-362590281	Clara Mniusy Red LP	RAILROAD ST, TROUP, TX	US
S2-480851106	Harihar Networks Private Limited	DOOR NO 18TH FLOOR, SIGAPI ACHI BUILDING, NO 18/3, RUKMANI LAKSHMIPATHI SALAI, EGMORE, EGMORE NUNGAMBAKKA, தமிழ்நாடு	India
S2-159851933	ஜெய் புராப்பர்ட்டீஸ் பிரைவேட் லிமிடெட்	CHENNAI, MADRAS, OLD NO.61/2B, Tamil Nadu	India
S2-698997162	Orbusa H0spital L.L.C.	1018 87TH AVENUE, PMB 1448, DULUTH, MN	US
S2-94214011	Physical Therapy Specialists	46894  WESLEYAN COURT, STERLING, VA	US
S2-41902597	Smt Sharp Renewable Private	#60, LEVEL 1, GROUND FLOOR, DEWAN SHOPPING CENTRE, S.V. ROAD, JOGESHWARI (W), MUMBAI, Maharashtra	India
S2-503733198	-- bangaloresouthagri.com	VILLA ##85 PRESTIGE AUGUSTA, BANGALORE SOUTH, BANGALORE, Karnataka	India
S2-970108649	LLC Summit Chmtlln Highland	1012 DOTMOND ROAD, MILTON, NC	US
S2-90564148	Innovative Shreya Co	25 TUPELO RD, WESTPORT, CT	US
S2-558265442	क्लासिक कंस्ट्रक्शन प्राइवेट लिमिटेड	SHOP NO.9-2, PATNA, Bihar	India
S2-200814831	Bright Top Corp	4372 GARNER PL, BARTLETT, TN	US
S2-13056162	Triumph Traders LLP LLP	NO. 41 VILLA 168, PENTAGON 6TH, CROSS PENTAGON PASSIFLORA, ANEKAL, Karnataka	India
S2-157197414	Sumner Manufacturing	WILLIAM COUSINS RD, AUGUSTA COUNTY, VA	US
S2-251562738	Lovely Hóldings	24 AUBINWOOD RD, AMHERST, MA	US
S2-831233375	Raj Care Nile	SH-339-SAYONA PLAZA, NEAR BRTS, SURAT, SURAT, ગુજરાત	India
S2-439872728	Standard Wholesale Entgrirsls PLLC	IN, 1619-1623 BRADBURY AVENUE, INDIANAPOLI STOWNSHIP	US
S2-594240342	BANGALORE NORTH MINES PRIVATE	175, SECOND FLOOR, AMARJYOTHI HBCS LAYOUT, BANGALORE NORTH, Karnataka	India
S2-592512342	Indraya Consultancy Pvt-Ltd		India
S2-404055348	J I + X Chase LP	MO, COTTLEVILLE, 1381 MOTHERHEAD ROAD	US
S2-346342690	Macaw-& Sons-Private Limited	H.NO 990 XIII/107 KAIMATHUURTHIPADY, PUTHENVELIKARA, Kerala	India
S2-250674009	QY Trading	00297, KUSUM VIHAR, GALI NO 6, JAIPUR, Rajasthan	India
S2-683865354	King United  Zhejiang	5124 ROSCOE ST, CHICAGO, IL	US
S2-950624709	RNB Co Services	105 CAROL DR, BRISTOL, CT	US
S2-557426685	Susannah-Benson Art Holdings	33 CHALLENGER COURT, RAMAPO, NY	US
S2-297655729	Barbaraanne Hancock, L.C.S.W., P.C. Corp	405 KETTERING DR, UPPER MARLBORO, MD	US
S2-918750094	WESTERN BEIJING INC	10 MAIDEN LANE, JERICHO, NY	US
S2-446295389	BTB PC PROCAP GULF	SOUTHLAKE, 694  GARDEN CT, TX	US
S2-220649842	A Cure 4 All Group	##47 TROTTINGHAM RD, SARATOGA SPRINGS, NY	US
S2-808795673	Sungrace Éxport Pvt	H.NO 281 SEAT NO. BETA 6, AT PREMISES 602, NAURANG HOUSE, 21 KASTURBA GANDHI MARG, DELHI, Delhi	India
S2-995265148	PVT ECOSTAR POWER (ÍNDIA) LTD	PL NO 3, RAJKOT, Gujarat	India
S2-975709044	गोल्ड केयर लिमिटेड	M NO. 2541, SANTOSH NAGAR, LAXMI NARAYAN UDOG KATRAJ, PUNE, महाराष्ट्र	India
S2-681674640	Bernard's Válley Electrical Partners LLC	1359 17rd Street, NULL, WASHINGTON, DC	US
S2-507486280	Dynamic Jones	179 SWEET GARDENIA WAY, APEX, NC	US
S2-598658234	Cald0s Collective	3633 3ND AVENUE, AZ, PHOENIX	US
S2-837791363	Liberty Smart Sumitomo	RIVERHEAD, NY, 1570 WADING RIVER MANOR ROAD	US
S2-120303533	Taylor Group LLC	##189 BENDER LN, BETHLEHEM, NY	US
S2-379910770	UZX HOLDINGS PRECISION	240/5, ADARSH NAGAR NEW RAILWAY ROAD, Haryana	India
S2-522675975	Sivankovil Road Punalur LLP [Partners]	PMC/IX/256, SIVANKOVIL ROAD PUNALUR, Kerala	India
S2-453317682	Developers Prudent Grill Pvt. Ltd	Tamil Nadu, B#1, ADITYA SUBHAM APARTMENTS D NO 49/1, MAHARAJA NAGAR, KALAPATTI, COIMBATORE, 6, 41035, COIMBATORE	India
S2-241171089	Z  T Tan Core PLLC	111 EDWARDS ST, GOLCONAD TOWNSHIP, IL	US
S2-850297135	8vk Vidyalaya	501/502, महाराष्ट्र, MUMBAI, BALAJI BUSINESS, CENTRE, SUBHASH ROAD	India
S2-883107055	Longo &-Mack 8leichroeder LLC	1251 SARGEINT SAINT, BLTIMORE CITY, MD	US
S2-922598590	VISION-CLINIC LLC	31726 240ND LN, BARRY, IL	US
S2-320014524	Mishka Retail Private-Limited	Andhra Pradesh, 2-2-647/28/1, F NO C2, 2ND FLOOR APPAJI ENCLAVE, BAGH AMBERPET, AMBERPET, HYDERABAD	India
S2-286891768	Little Service	Telangana, #8-1-14, FLAT NO.505, FIFTH FLOOR, BLOCK -1, WARD-8 KANDAKATLA SAI NILAYAM, MARUTI NAGAR, KA, RMANGHAT, HYDERABAD	India
S2-950473625	The Chavis's Tax Service	#9825 BLUEBIRD STREET, COON RAPIDS, MN	US
S2-457914574	Devtech Pictures Pvt Limited	H NO. N-84, S/F, B/S ABUL, FAZAL ENCLAVE-1 OKHLA, NEW DELHI, Delhi	India
S2-675337805	VELVET LLP SERVICE	531-, KHATIWALA TANK, INDORE, Madhya Pradesh	India
S2-131069210	Vkia Ginning Pvt. Ltd.	A-24(M), ROAD NO. 9, VKIA, Rajasthan	India
S2-956549240	WOODSTICK TECHNOLOGIES PRIVATE		India
S2-954993655	Pranaya  Town	NO 8B LAL BAZAR STREET, KOLKATA, West Bengal	India
S2-551550184	Ceseix Group	20208C 28 EXPRESSWAY, CHELSEA, OK	US
S2-949590465	Orbori Acadia	10702 ALICANTE WAY, RANCHO CORDOVA, CA	US
S2-359150795	इंटरनेशनल सर्विसेज प्राइवेट लिमिटेड	L-10, NEW DELHI, SOUTH WEST DELHI, Delhi	India
S2-294467545	National Preparatory Academy North	14-48-18 165 STREET, WHITESTONE, NY	US
S2-853799526	LITTLE NAILS!  INC	521 ROOSEVELT ROAD, REDLANDS, CA	US
S2-804432844	ब्राइट एग्रो प्राइवेट लिमिटेड	SCF D/26, BASEMENT, HUDA MARKET, SECTOR 4, GURGAON, Haryana	India
S2-230616493	Miranda and Vess	null, STOWE, VT, 901 NEBRASKA VALLEY RD	US
S2-680323770	Better Inc Digital Medical	107 JULIE LN, WV, WHITE OAK	US
S2-933488038	UROLOGY MÓUNTAIN SPECIALISTS	13156 HAYES STREET, PMB 9557, CROWN POINT, IN	US
S2-248154241	MOEN, BRYANT AND HUGHES HEALTH LLC	#66 BUTLERS LN, NORTHUMBERLAND COUNTY, VA	US
S2-345388497	Choice Packaging Ventures Holdings	AZ, 12745 INDIAN SCHOOL ROAD, LITCHFIELD PARK	US
S2-327453740	Trinity Community Church	3216 NORTHWIND RD, PARKVILLE, MD	US
S2-60220214	Solutions Yash LLP Center	NO.45, 3RD FLOOR, THIRUNIRMALAI 1 MAIN ROAD, KANCHIPURAM, Tamil Nadu	India
S2-176298689	Lumiel Inc Center	1534-1536 SARIN ST, COLUMBUS, OH	US
S2-232490044	PACIFIC PRESIDIO (PHOENIX)	6521 10TH PLACE, <NULL>, PHOENIX, AZ	US
S2-263698393	EYE VALUE PHYSICIANS INC	691A Jasper Dr, CHANDLER, AZ	US
S2-339233357	MAREK-AND HINMAN TACTICAL	2250  GINGER STREET, KINGMAN, AZ	US
S2-810480474	ILY5A CARSON SPARTACUS LLC	029829 LITTLE CROW RD, PO BOX 5391, MARANA, AZ	US
S2-118962579	Piedmont Modern  Nmp LP	ENTRANOSA ROAD, SANDIA PARK, NM	US
S2-262378104	Anchor [Pinnacle]	IL, COLFAX, 405 Wood St	US
S2-57917699	Apex Limited Service	दिल्ली, NO 199 S-24, SECOND FLOOR, M.B. ROAD, NEW DELHI	India
S2-750055703	Pediatric Dental Clinic Partners	7 BIRCH TREE LN, BALLSSTON SPA, NY	US
S2-700889047	बालाजी क्लासिक इंजीनियरिंग प्राइवेट लिमिटेड	18 / 17 WEA, 1ST FLOOR KAROL BAGH, NEW DELHI, Delhi	India
S2-961324136	Care Blue Committee Ltd	121 SANDERFER ROAD, ATHENS, AL	US
S2-569542739	pinnaclearc.com	8509 MAPLEWOOD TRL, PO BOX 9510, OOLTEWAH, TN	US
S2-15802375	Clear Energy Cnosotants Corp	115 MISTY COURT, WAXAHACHIE, TX	US
S2-427063808	Doe Garza, D.O. LLC	JAY AVE, MASPETTH CITY, NY	US
S2-578611203	भारत मॉडर्न सर्विसेज प्रा. लि.	Maharashtra, GREATER MUMBAI, D 1/1, MUMBAI CITY	India
S2-205170272	Thane Care Límited		India
S2-18635222	Golden Private Overseas Silicates Limited	29-1444/28, KAKATHIYA NAGAR NEAR LAXMI FUNCTION HALL NEREDMET MALKAJGIRI, HYDERABAD, Andhra Pradesh	India
S2-351469447	Palanpur Beverages Pvt Ltd	#109 DIAMOND HARBOUR RD, KOLKATA, West Bengal	India
S2-126700325	Signature Network Union Inc	11015 BAUER ELM STREET, HOUSTON, TX	US
S2-400003645	Painters Local Union 815 Corp	614B MOUND ST, IN, MUNCIE	US
S2-724273139	Midwest Family-Office LLC	GREGG DR, ANDERSEN SPRINGS, AZ	US
S2-771594217	haryanaindustriesgroup.com	H.NO 67 SUBHASH CHOWK, POKHRA MOHALLA HAJIPUR, HAJIPUR, बिहार	India
S2-776074513	One Inctoh Limited	CABIN 2, GROOMERS, 2 FLOOR, PARDAS PICASA, SHAIKPET, Telangana	India
S2-462907292	Hardesty Cascade Hea1thy Corp	028 6TH ST, ALTON, IL	US
S2-143181162	CONTINENTALTRUST.COM	8000 TRUXTON CT, <NULL>, FORT WORTH, TX	US
S2-620655446	Wallace Advisory	231-C GUICE AVE, ASHDOWN, AR	US
S2-682357879	Black Care Textiles Private Limited	BLOCK A-855 160, PURBACHAL PALLY, ANGUS, P.S BHADRESWAR, SINGUR, West Bengal	India
S2-289995403	Dimensional & Co Exports	NO 041 C/O YAWAR MAZHAR, MOHALLA Â DHARAMPUR NEW COLONY, WARD NO. 03, SAMASTIPUR, Bihar	India
S2-299862740	kipdahlbrookfield.com	#142 NORTHERN AVENUE, BOSTON, MA	US
S2-7331264	Bharati Buildcon	#63, KAACHWALA BLDG, RM NO1, DHANJI STREET, ZAVERI, MUMBAI, Maharashtra	India
S2-894819779	Sky Welfare Society [Co]	SHOP F - 204, MEGACENTER, S. N.- 153 MAGARPATTA CITY, NEAR NOBEL HOSPITAL, HA, DAPSAR, PUNE, Maharashtra	India
S2-290775709	Certified Royal  Drugs	721 Due Ave West, NASHVILLE, TN	US
S2-603057102	Dorothee Marshall Liberty Santander LLC	131 26ST STREET, MINNEAPOLIS TOWNSHIP, MN	US
S2-645079040	रॉयल हॉस्पिटैलिटी प्राइवेट लिमिटेड	SHOP NO: 6, KALYAN EAST, Maharashtra	India
S2-72275879	Adi Rogers Couture	2226 SOFTWIND RD, VILLAGE OF FOX CROSSING, WI	US
S2-192533778	Resoft Cargo	INDIANAPOLIS, IN, ##8050 LAKE TREE LN	US
S2-888124266	ઈસ્ટર્ન ટેક્નોલોજીસ પ્રા. લિ.	SHOP NO A/39, AHMEDABAD, Gujarat	India
S2-52897342	elk grove ear nose & throat care	CALHETA WAY, ELK GROVE, CA	US
S2-945240904	Doyle Precision Index-Group Highland	3405 GENESSEE STREET, KANSAS CITY, MO	US
S2-515364830	Rogers Advanced Software Corporation	6426 WINDMILL WAY, WILMINGTON, NC	US
S2-366785932	WELLS MIDWEST PROPERTY SOLUTIONS GROUP	26015 POINTAVISTA DRIVE, ANCHOR POINT, AK	US
S2-261618486	Clarksville Community Sterling [League]	2210 GLORY DRIVE, CLARKSVILLE, TN	US
S2-804869547	Eastern Global Private Limited	###30 , VELAMMAL RESIDENCY, PHASE 1, THACHUR, PONNERI, PONNERI, Tamil Nadu	India
S2-412422017	Highland Corp Service Service	2219 SAINT ANDREW WAY, ROYSE CITY, TX	US
S2-632080323	CARDOSO'S CONSULTING	8336 DUPONT AVE, BLOOMINGTON, MN	US
S2-959611312	KENNEY 6ULF LENDING LLC	2616 TWELFH ST, CHATTANOOGA, TN	US
S2-649917878	Summit Express (Inc)	#16 FRONTERA CIR, HOT SPRINGS VILLAGE, AR	US
S2-327340136	PC Atlantic Divided	KS, HUTCHINSON CITY, 732 5TH AVE	US
S2-55018240	Clean Environmental Environmental	1933 FROST RD, EVA, AL	US
S2-452109074	श्याम प्रोड्यूसर प्राइवेट लिमिटेड	E-85, THIRD FLOOR, EAST OF KAILASH, NEW DELHI, NEW DELHI, SOUTH DELHI, दिल्ली	India
S2-348975730	QTP TECHNOLOGIES TECHNOLOGIES ENTERPRISES PRIVATE LIMITED	N 6/7 GULMOHAR ENCLAVE 23, TELAV-KOLAT ROAD, KOLAT, SANAND, AHMEDABAD, Gujarat	India
S2-675325954	TRIMURTI CHITS	NO 1-15 RAJENDRA MARG DHAR, DHAR, Madhya Pradesh	India
S2-934646313	Vaishnodevi Ínfra Private Limited	Kerala, HN 732 TC-97/1482-70, APT NO-9E, GIE MAJESTIC HOMES, THIRUVANANTHAPURAM, THIRUVANANTHAPURAM	India
S2-271108584	Ariajaxnex	132 OVERTURF ROAD, PALMER, TN	US
S2-146288242	Valley Ministries Ministries	02432 WIMBLEDON PL, SPRINGFIELD, IL	US
S2-690532976	Services Wilson, Reed Walker LLC	101 MYERS ACRES LN, GREENEVILLE, TN	US
S2-295968835	Villarreal Pbfbseored	MILL CROSSIN LANE, SPRINGTOWN, TX	US
S2-454714477	INC. CH PERIMETER,	9847 IVANHOE ST, PORTLAND, OR	US
S2-315069112	CENTER & HORIZON FOOT SERVICES	1524-1528 PHEASANT RUN ST, DERRBY, KS	US
S2-667267135	Cancer Charities	9447 GREEN PARK VALLEY DR, SAINT LOUIS, MO	US
S2-215169300	Pressure Arcade Exports Private	NO 5-24 COMOMN HT, K RAHEJA PLATINUM, PLOT NO710G MAROL INDUSTRIAL ESTATE, ANDHERI (E), MUMBAI, Maharashtra	India
S2-694009134	Ajinkya Rice (ID: 54931)	C/O UTTAM KUMAR GHOSHAL, VASTU BIHAR, 17 GARUI, BARABANI, West Bengal	India
S2-203263860	Sehde  & Co	J-1/18, BASEMENT FLOOR KHIRKI EXTENSION, MALVIYA NAGAR, GURUGRAM, SOUTH DELHI, Delhi	India
S2-680778090	Research True of Eustace	870 2924, EUSTACE, TX	US
S2-720611760	MEGA QUALITY	43, TILJALA ROAD 1ST FLOOR, KOLKATA, KOLKATA, পশ্চিমবঙ্গ	India
S2-407933109	nationalsummitgreenfire.com	##322 FIRST ST, TULSA, OK	US
S2-8661228	Straight Edge Pub! Pub! LLC	389 CONCORD SAINT, ROCKLAND, MA	US
S2-365857219	स्मार्ट बिल्डर्स प्राइवेट लिमिटेड	DOOR NO 420/152 KATRA, LUCKNOW, Uttar Pradesh	India
S2-420160719	Canet Montage		US
S2-303098838	Golson Veterinary Clinic East Lp	1535 WINDROSE BEND, ANGLEETON, TX	US
S2-101254538	GRAVEL MÉDICAL	6780 ERINBROOK DR, CONCORD CITY, NC	US
S2-470247895	Beth Services		US
S2-472108980	EDUCATION [COALITION]	OK, ANTLERS, 18327 4090 RD	US
S2-509289203	Novihalo	#4722 DUTCH HOLLOW LN, MILLCREEK, UT	US
S2-74226485	Helios Inc	#695 PARK LN, PO BOX 3170, MONROE, WA	US
S2-396976926	ஹோட்டல் சாஃப்ட்வேர் பிரைவேட் லிமிடெட்	H.NO 00720 86, DILLIYAAPPAN STREET, PALANIPET, TIRUPATHUR, VELLORE, Tamil Nadu	India
S2-927929048	Tiix LLC LLC	718 K, TALLADEGA, AL	US
S2-316590073	சதர்ன் இண்டஸ்ட்ரீஸ் பிரைவேட் லிமிடெட்	#14 VEMBULIAMMAN KOIL I STREETVIRUGAMBAKKAM CHENNAI-78, <NULL>, CHENNAI-78, CHENNAI, Tamil Nadu	India
S2-923875288	Ferraro Clinic Bond	660 MAIN STREET, SACO, ME	US
S2-167713261	Watson, Ellen Partners LLC	TN, NEW MARKET, 1061 INDIAN CAVE ROAD	US
S2-633248501	Warren  Cmgpdmnla Urban Inc.		US
S2-962888224	MUMBAI-LANGUAGE PRIEFEAE LIMITED	Maharashtra, GALA NO. 303, CAMA INDUSTRAIL ESTATE, SUN MILL COMPOUND LOWER PAREL, MUMBAI	India
S2-869639987	Lizbeth Mosier, D.C., DDS	19 PETERBOROUGH ST, BOSTON, MA	US
S2-115191382	ஸ்ரீ பில்டர்ஸ் பிரைவேட் லிமிடெட்	THE WORKVILLA PRAKASH PRESIDIUM, 110, MAHATMA GANDHI ROAD, MADRAS, CHENNAI, Tamil Nadu	India
S2-92265599	ALLIED GLOBAL	24505 INDEPENDENCE BLVD, CRETE, IL	US
S2-663694751	SOLIO SOLUTIONS, INC.	17266 WHITE MEADOWS DRIVE, CAROLINE COUNTY, VA	US
S2-763835236	UROLOGY CARE OF SARATOGA SPRINGS	904-908 BARRELMAN COURT, LEHI, UT	US
S2-799775632	TO Altenergy  Inc	1808 B I NADDY CT, COLUMBIA, TN	US
S2-410056618	Coon, Aspac and Cook Henderson	##3278 SHADOW RIDGE COURT, CLIFTON, CO	US
S2-736543911	Htaaoln	1417 NORCOVA AVENUE, NORFOLK CITY, VA	US
S2-538613837	Carlota, Hults, Ltd CPA	1529 1/2 22ND PARKS, TOPEKA, KS	US
S2-695083584	Jsk Plastic Partners Corp		India
S2-162935092	ಒನ್ ಸಿಸ್ಟಮ್ಸ್ ಪ್ರೈವೇಟ್ ಲಿಮಿಟೆಡ್	9/1 LEVEL 3 311/312 COMMERCE HOUSE CUNNINGHAM ROAD, BANGALORE, Karnataka	India
S2-255398746	PEDIATRIC DENTAL CLINIC LP	506 THIRD AVENUE, AMARILLO, TX	US
S2-406460695	OBSIDIAN	4250 GEIEGR ROAD, MILLERSPORT, OH	US
S2-128603185	Smt PRAKASH (INDICA) SOLUTIONS PRIVATE LIMITED	A-37SAINI- ENCLAVE, DELHI, Delhi	India
S2-551298833	Elephant Smiths Private Limited	Delhi, D/192, S/F OLD NO. D/74, KH NO. 425/426 GALI NO. 5, BHAJANPURA, DELHI, null	India
S2-207672044	Data Insurance Studios Partners Corp	3610  MYSTIC VALLEY PARKWAY, MEDFORD, MA	US
S2-358183733	Pediatric Center	3710 ASPEN HEIGHTS PKWY, COLUMBIA, MO	US
S2-40903337	Roch Reynoso  Consolidated	7756 DREW AVENUE, BROOKLYN PARK, MN	US
S2-146607525	Apex [Services]		US
S2-131187809	क्लासिक एक्सपोर्ट्स एलएलपी	NASHIK, Maharashtra, NAGPUR, 4 BALWANT CHAMBERSWAKIL WADI OPP HOTEL PANCHVATI	India
S2-300373097	Shree Pvt. (Ltd.-Center)	S.NO.D/135, KOTHRUD, SARVATRA, HSG SOCY, BLDG 3, F BO 6, PUNE CITY, महाराष्ट्र	India
S2-741861857	Mejia Corporation	NY, MASPEETH, 53-01- 70 ST	US
S2-568823439	मॉडर्न लॉजिस्टिक्स	FLAT NO C60, FLOOR NO 6, WING C LINK PALACE-C, GOK, MUMBAI, GOREGAON EAST, Maharashtra	India
S2-906888467	Services Becker LLC	476 SEYMORE RD, PARIS, TN	US
S2-220839689	Big Púb Holdings Services	791 N BLAINE BRANCH ROAD, FRANKLIN, NC	US
S2-843329666	Arnold, Sarmento and Spence, Partners	112  JUPITER LANE, SOUTH PADRE ISLAND, TX	US
S2-437039913	... @gibsonoptimal	Reeves Rd, LOUISVILLE, KY	US
S2-264759308	Green Center Corporation	809 WOODRIDGE STREET, WICHITATOWNSHIP, KS	US
S2-336123169	Timber	6662 CR 171, BAY CITY, TX	US
S2-89428448	CHANDRAKSH LEASING PRIVATE LIMITED	NO. 217 890, PALASUNI RASULGARH, BHUBANESWAR, ଓଡ଼ିଶା	India
S2-415966987	Jubi1ee Solutions (India) Private Limited	DOOR NO 20/3F3 , SWAMINATHA NAGAR OLD PALAKKARAI SM NAGAR, KUMBAKONAM, Tamil Nadu	India
S2-593443822	Womens Health Physicians	CALHOUN AVE, CHATTANOOGA, TN	US
S2-909519831	Deltaaria	1364 STILLMAN AVENUE, PO BOX 4383, REDLANDS, CA	US
S2-568999124	Prairie Esports #1591	ANKENY, IA, 1305 PLAZA PARKWAY	US
S2-850381247	Rgn (India) Patterns Infratech Pvt Ltd	DOOR NO 563 H-199 FIRST FLOOR, VIKASPURI, NEW DELHI, Delhi	India
S2-49405337	SHS LIMITED PRIVATE (TECHNOLOGIES)	NO.##262 , 1ST FLOOR, 10TH CROSS, 1ST 'N' BLOCK RAJAJINAGAR, BANGALORE, Karnataka	India
S2-577262469	Byrd Robotics  [LLC]	EUCLID, 20351 NICHOLAS AVENUE, OH	US
S2-800410838	... Verrify Rail-LLC	36125 MOUNTAIN LION TRAIL, DAVENPORT, WA	US
S2-752641121	Atlantic Wealth Networks Corp	182 LINCOLNSHIRE RD, GAHANNA, OH	US
S2-913037796	Beatrix Trolfy, D.C.	2118. FORD STREET, BROOKLYN, NY	US
S2-569554225	Memorial Program	11 CENTENNIAL DR, QUEENSBURY, NY	US
S2-822721361	Marks Amplify  LLC	890 Fairview Ave, BOWLING GREEN, KY	US
S2-118258458	గ్రీన్ ఇంజనీరింగ్ లిమిటెడ్	H.NO 66 8-2-350/5/A2, ROAD NO. 3, BANJARA HILLS., HYDERABAD, BANGALORE, తెలంగాణ	India
S2-860732503	Hawks Precision Advanced Summit Inc.	KS, PITTSBURG, 3007 JOPLIN STREET	US
S2-282683648	BRIT CÁRRILLO	3116 BRAEBURN PLACE, HIGHLANDS RANCH, CO	US
S2-150153842	Advanced Genomic Ventures,	16670 EASTONVILLE ROAD, BLACK FOREST, CO	US
S2-166731880	சில்வர் யுனிவர்சல் கன்சல்டன்சி பிரைவேட் லிமிடெட்	FLAT NO: 13 OLD NO: 78 A NEW NO: 181 T.T.K ROAD ALWARPET, CHENNAI, Tamil Nadu	India
S2-855633517	GLOBAL CENTER		US
S2-57257373	Prime Robotics Brands Ltd	7723 PIT ROAD, REDDING, CA	US
S2-82987673	Bishop's Bay Construction Ltd	2751 US HIGHWAY 56, COPELAND, KS	US
S2-180334619	VISION  ASSOCIATES CORPORATION | www.visionas.com	374- WHITAKER RD, HYDE PARK, VT	US
S2-198416322	Kass Jimenez, DRMD, DDS PC	158. RIVERSIDE RD, ESSEX, MD	US
S2-205269884	reeba d. cousin, cpa, p.c. group		US
S2-355459398	Sanchez-Bluerock	184  HICKORY WOOD CT, BROWNSBURG, IN	US
S2-391091068	Keystone Consumer Innovations	TX, 205 MASSANET ST, PORT LAVACA	US
S2-857237851	Solutions Realm Mills [Limited]	CMC B3/25/163CHAKKUPURACAL BLDGS CHANGANACHERRY, KOTTAYAM, കേരളം	India
S2-445145941	Custom Custom  Line	#418226 STATE HIGHWAY 3, ANTLERS, OK	US
S2-835349895	Ear Nose & Throat 5ignature Health Inc.	1624 DYNASTY DR, MOSES LAKE, WA	US
S2-640982732	Lopez College (Corporation)		US
S2-280104333	Southern Residential L.L.C.	127. LE BLVD DE LA PAIX, SOUTH BEND, IN	US
S2-699651597	My Logistics Ltd	PLOT 268 PATEL NAGAR, OPP SONI BURN HOSPITAL KAIMRI ROAD (P NO 155C3232U601), HISAR, Haryana	India
S2-326022188	গ্যালাক্সি মার্কেটিং প্রাইভেট লিমিটেড	PLOT 455 SHREE KRISHNA SQUARE, KOLKATA, HOWRAH, West Bengal	India
S2-791245790	KFE SOFTWARES PRIVATE	H.NO 8 MANISHA, 1ST FLOOR NEPEAN SEA ROAD, MUMBAI, Maharashtra	India
S2-334734847	Corp Piedmont Mínistries	40 AVERY CREEK ROAD, ARDEN, NC	US
S2-437114828	Jeanjacques Jeanjacques Diamond Automobile Incorporated	2789 WESTBREEZE DRIVE, HILLIARD, OH	US
S2-126996401	Green Diamond Móntage	4495 ALABASTER COVE, BARTLETT, TN	US
S2-2667395	ആൽഫ കൺസ്ട്രക്ഷൻ പ്രൈവറ്റ് ലിമിറ്റഡ്	DOOR NO : XX-309(1) PALATTY BUILDING NO:1, NEAR IMA HALL, ALUVA, Kerala	India
S2-1583899	Sri Ketan & Co  Enterprises	D 7/7373, VASANT KUNJ, NEW DELHI, दिल्ली	India
S2-656918396	GRAVES, LRULSENE, DO-OJAI DO-OJAI (LTD)	1237 LOMA DR, OJAI, CA	US
S2-946447205	Silvia & Gill	3780 PARK AVE, SEFORD, NY	US
S2-485930070	Corina Forney, Center	0573 CR 156, BLAIR, OK	US
S2-241464589	INCORPORATED PATRIOT CLEAN ONCOLOGY	0669 INNSBROOKE LANE, HAMILTON, OH	US
S2-12009787	Crandall Human Rights Ministries Inc	2602C ROCKRIDGE DR, CRANDALL, TX	US
S2-821156183	Nion Capital	01338 WINDING HOLLOW DRIVE, GRAND PRAIRIE, TX	US
S2-81766069	Doucette Cobb and	231 MAIN STREET, OWEGO, NY	US
S2-173498103	Feliza Kim Rdfie Highland Inc	1329 CONGRESS AVENUE, CITY OF OSHKOSH, WI	US
S2-420967895	Advanced Park-L.L.C.	ATHENS, 14050 SADDLE TRAMP LAE, IL	US
S2-146555727	MERMELSTEIN THAYR LLC	121 BRIARRIDGE DR, ST. GEORGE CITY, LA	US
S2-704733115	Ghaziabad Projects	G-32, PATEL NAGAR-III, GHAZIABAD, Uttar Pradesh	India
S2-878701541	Walters and Johns Entertainment L.L.C. (ID: 94952)	437 COTTLE LAKE DRIVE, COATS, NC	US
S2-745188610	bright bistro (ID: 13184)		US
S2-663825570	Rcg Utpadak Private Ltd	C/O RUPA DEVI, NEAR MPS SCHOOL DHARUHERA BHIWADI ROAD, MAHESHWARI, DHARUHERA, Haryana	India
S2-504803236	SACHET TRANSCRIPTION PRIVATE	1-KA-5, JAWAHAR NAGAR, राजस्थान	India
S2-143437925	BZ India	WZ-25, NEW P.NO-4, THIRD FLOOR LEFT SIDE NANGLI ZALIB, JANAKPURI, NEW DELHI, Delhi	India
S2-164211746	ಡ್ರೀಮ್ ಫುಡ್ ಪ್ರೈವೇಟ್ ಲಿಮಿಟೆಡ್	DOOR NO 2ND FLOOR, 98/99, 6TH MAIN, 6TH CROSS, JAIBHEEMA NAGAR, BTM 1ST STAGE, BANGALORE, Karnataka	India
S2-972200607	CHANDALFUENTESCPA.COM	256 46ND PL, CHHICAGO, IL	US
S2-102040411	ಸ್ವಸ್ತಿಕ್ ಮಾರ್ಕೆಟಿಂಗ್ ಪ್ರೈವೇಟ್ ಲಿಮಿಟೆಡ್	H.NO 2, BANGALORE, Karnataka	India
S2-611201507	CURE BIKE SHOP [CENTER]	HERMITAGE, 3414 CRYSTAL SPRING LANE, TN	US
S2-960670861	Timothea D. Hansel,	18008 78TH DR, GLENDALE, AZ	US
S2-349146928	GOKUL START VENTURES SERVICES	Maharashtra, OFFICE NO. 706, GLOBAL BUSINESS HUB. OPPOSITE TO EON IT PARK, KHARADI., PUNE	India
S2-42635997	Myma Air Company	MUMBAI, Maharashtra, 9-B SAHAR ROY APARTMENT CHS LTSAHAR, MUMBAI	India
S2-758538386	Wenda Ashcraft Fisheries	14522 KILDARE AVE, MIDLOTHIAN, IL	US
S2-76209786	Spavinaw Youth	201. Woodland St, SPAVINAW, OK	US
S2-919947855	CALOBRIXZETA	1452. ELLSWORTH RD, MESA, AZ	US
S2-771467334	Dyer Bard	MULVANEY RD, KINMUNDY, IL	US
S2-503324206	सनराइज कंस्ट्रक्शंस प्राइवेट लिमिटेड	S 27 VILLAGE, NATHUPUR S 27, ROAD NATHUPUR, GURUGRAM, GURUGRAM, GURGAON, Haryana	India
S2-209113147	Dominguez and  Evans Clinic Corporation	1305 WIMBLETON WAY, VILLAGE OF WAUNAKEE, WI	US
S2-907727358	Dre's Industries	##752 MADISON 8005, HINDSVILLE, AR	US
S2-379340461	बेस्ट प्रोजेक्ट्स एलएलपी	UNIT NO#3 E WING 5TH FLOOR, TIMES SQUARE, AND-KURLA RD, MUMBAI, महाराष्ट्र	India
S2-360197377	IG MAICLLM  CORP	OFFICE NO #111 & 112 ROYAL PALACE BUILDING OPPOSITE GLOMAX SECTOR-2 KHARGHAR, NAVIMUMBAI, Maharashtra	India
S2-106976296	Aries General	H.NO 45 ROYAL ARCADE BUILDING, ROOM NO.31/635-S 31, 31/635-S 32, 31/635-S 33, WARD NO. 31, NILAMBUR, MLAPPURAM, കേരളം	India
S2-160964143	JPQ Ratan Private	BUILDING NO. 73, FF, NEW MANGLAPURI, NEW DELHI, दिल्ली	India
S2-471156571	International Lotus Lotus Food LLP	NO. 398 B-73 3RD FLOOR PHASE-1 MAYAPURI INDUSTRIAL AREA, NEW DELHI, Delhi	India
S2-764196413	ईस्टर्न टेक्नोलॉजी प्राइवेट लिमिटेड	NO. 956 A-37-A, UPPER GROUND FLOOR, KH- 777/701/500 GALI NO 3, EAST NATHU COLONY, SHAHDARA, DELHI, EAST DELHI, Delhi	India
S2-412467667	Bushman Financial	NY, SUNSET CREEK DR, WEST SENECA	US
S2-23213574	Taylor And Petty, Inc	9510-C SMITH ST, PORTLAND, OR	US
S2-276173989	Projects Samridh India  Ltd	NO 885 SREE VASAVI ACRADE, 737/3, 2 FLOOR, ANNAMALAI NAGAR, HOSUR, KRISHNAGIRI, Tamil Nadu	India
S2-370175855	ग्लोबल मैनेजमेंट ट्रेडर्स प्राइवेट लिमिटेड	M-70 SECTOR -21, GHAZIABAD, उत्तर प्रदेश	India
S2-786544564	Kanayannur Pvt Builders Ltd	PALLATH ELITE RESIDENCY, DOOR NO. 23/73/A, MOOLEPADAM ROAD, KANAYANNUR, കേരളം	India
S2-414061856	Kanjirapally  Limited Center	HN 700 BUILDING NO 206 / WARD 7 ILLATHUPARAMBIL, K E ROAD, KANJIRAPALLY, Kerala	India
S2-71455817	Vaccaro All Table East, Llc	4827 ROLLING MEADOWS DRIVE, MEMPHIS, TN	US
S2-790231810	પ્રીમિયર કન્સલ્ટન્સી લિમિટેડ	H.NO 10, SURAT, SHUKAN SHOPING, PARIA, OLPAD, ગુજરાત, SURAT	India
S2-196063035	अल्फा इंडस्ट्रीज प्राइवेट लिमिटेड	601, THANE, Maharashtra	India
S2-402066616	Delhi Times Overseas	510., PLOT NO. D 1 2 3 NDM 2, WAZIRPUR DISTRICT CENTRE, NETAJI, DELHI, दिल्ली	India
S2-143992364	Garcia, Lowe And Daniel Kimco LLC	4 DELAWARE ST, GLENS FALLS, NY	US
S2-373632500	Carrier and Urbina Dave Ltd	2009 MAZARRO DR, LEANEDR CITY, TX	US
S2-623956565	Red Cafe Service	20911  VASHON HWY, PMB 605, VASHON, WA	US
S2-158653874	Zenith Medical  Co	A-27 NO 23 BLONK -AP, PITAMPURA, DELHI, दिल्ली	India
S2-269682094	Trinity P.C. Services	59 BALLAST POINT DRIVE, MANTEO, NC	US
S2-471517558	behavioralhealthcontinental.com	79 HOLLY STREET, IDA, AR	US
S2-366696624	Solutions Sai Farmer		India
S2-313663613	Rajkot  Digital	ગુજરાત, GORDHAN GHAR BEDI NAKA, RAJKOT	India
S2-232558053	bhasin bhasin clinic limited	01-A, SECOND FLOOR, ANZ INFINITY, NR. CHURCH, RANIPUR, NAROL, AHMEDABAD, Gujarat	India
S2-952733824	জয় ক্লাসিক সফটওয়্যার লিমিটেড	C/O MOJAMMEL HAQUE, VILL, PO MALGAON, PS KALIYAGANJ, NORTH DINAJPUR, West Bengal	India
S2-781334915	Ltd Favourite Comiantsore Group	004-51, FLAT NO 201, BESIDE RAJADHANI THEATER, SAROORNAGAR, K.V.RANGAREDDY, తెలంగాణ	India
S2-841361627	B & T Pmebia Ltd	JUNIPER VALE CIR, HOUSTON, TX	US
S2-738952441	Physical Therapy Highland Pgadmers Inc	17701 KENYON AVENUE, LAKEVILLE, MN	US
S2-880209371	A Pioneer Pioneer	548-552 MOUNTAIN LAKE ROAD, ANDES, NY	US
S2-708910844	Best Group Gaffney and	23318 80ND PL, SALEM, WI	US
S2-802724006	DVP Limited Private  Grand	NO A-205 DABUA PALI ROAD, FARIDABAD, BALLABGARH, Haryana	India
S2-716495569	Weis White Midtown Incorporated	FT BENTON, 8113 FRANKLIN SAINT, MT	US
S2-490605517	Commercial Nutrition Partners [Services]	1545 DIAMONDBACK LN, HSLET, TX	US
S2-180292031	Fresh Payment [Consultants]	2000 ROBINS LN, SALEM, OR	US
S2-663685691	फ्यूचर सर्विसेज प्रा. लि.	145/20 DADY SETHAGIARY LANE 1ST FLOOR, MUMBAI, Maharashtra	India
S2-787441240	N0rth Gulf Couriers of  Henderson Corp	234-238 PINEWOOD DRIVE, HENDERSON, NC	US
S2-110550221	Foot & Ankle Creative Partners Highland (PLLC)	17061 Brandt St, LEWES, DE	US
S2-249274723	XNZ Shakti Private	OFFICE NO-112, PLOT NO.15, NIPUN TOWR COMMUNITY CENTRE, KARKARDOOMA, DELHI, दिल्ली	India
S2-574530757	PRIVATE MADAN TECH LTD	H.NO #65 C/O JOSEPH R, SHARON, PLAMOOD, CHARACHIRA ROAD, THIRUVANANTHAPURAM, TRIVANDRUM, THIRUVANANTHAPURAM, Kerala	India
S2-823529023	Hauognot,g J. Elissa M.D., M.D., P.C.	NC, PINE LEVEL, 84 CROSSVINE STREET	US
S2-544760260	REGIONAL LEAGUE LLC	175 OLIVER LANE, TALLASSEE, AL	US
S2-25834199	Docile Charitable	NO 1-4-5/1/K3 , SRI NAGAR COLONY, NEAR EKASHILA SCHOOL, MAHABUBABAD, Telangana	India
S2-526476115	Vega Controls Partners	1153 REYNOLDS SAINT, SPINGFIELD, IL	US
S2-556530424	Patriot Rock L.L.C.	1237. BUCKTHORN LN, COLUMBIA, TN	US
S2-410237540	TB Inc Center	1384 WALDEN RD, CABOT, VT	US
S2-260455971	of Silver Biologics Holladay [Ironton]	109 2ND STREET, IRONTON, MN	US
S2-237459247	Cardiology Health of Cincinnati Corp	WOODHURST CT, CINCINNATI, OH	US
S2-148904714	ROBINSON, DORALYN, D.D.S. CO	10 WHISPERING LN, HAMBURG, NY	US
S2-444043944	Westbrook Auto of Albany (Ltd)	ALBANY, NY, 737 WASHINGTON AVENUE	US
S2-172979780	Narula Plywóods		India
S2-643117947	Diseify Worldwide LLC	225 JORDAN DR, WEST DES MOINES, IA	US
S2-293335918	nelson & sons enterprises private limited limited	FLAT-217 ROSEWOOD APT., 127/717 W-1 SAKET NAGAR, JUHI, Uttar Pradesh	India
S2-681546007	FRESH  INDUSTRIAL	0336 MAIN ST, MARLBOROUGH, MA	US
S2-943233024	VANNTEON BRÍGHTHOUSE LLC	107. DOUGLAS STREET, LEONARDVILLE CP, KS	US
S2-612674011	பிரைம் புராடக்ட்ஸ் பிரைவேட் லிமிடெட்	BLOCK E-882 PLOT NO-24, F- 2, BALAJI NAGAR, 1ST CROSS ST, MADAMBAKKAM, CHENNAI, KANCHEEPURAM, Tamil Nadu	India
S2-623027175	Thoresen Supreme Can	16601 75TH AVE, PEORIA, AZ	US
S2-650738265	Dr Wisdom Technologies-(India) Public Limited	307, EROS CITY SQUARE, ROSEWOOD CITY SEC 49-50, GURGAON, Haryana	India
S2-814437817	Myers-Interstate Boral Harbor	1315 J DENISON DR, PMB 195, SPRINGFIELD, IL	US
S2-182829781	begay micro co	736- 116TH STREET, CHICAGO, IL	US
S2-812058343	MEDINALIBERTYCLEARTHINK.COM	1010 FIRESTONE DR, HOFFMAN ESTATES, IL	US
S2-711919843	VANGUARD FLAHERTY (CO)	318-D CHERRY LN, WHITE HOUSE, TN	US
S2-728686592	Sri Ashoka (India) Prlcfesh Prlcfesh Corporation	PLOT NO. E-34 MIDC AMBAD, NASHIK, Maharashtra	India
S2-133115391	SKYE  INDIA LIMITED		India
S2-991589426	HIGH WELFARE SOCIETY CENTER CORP	ADARSH IND ESTATE, UNIT 48, CHAKALA, SAHARRD, ANDHERI E, MUMBAI, Maharashtra	India
S2-37385234	Nirala Nagar Excellence Ltd	PLOT 4-5 HOUSE NO. 127/W-1/187 SAKET NAGAR, KANPUR NAGAR, NIRALA NAGAR, Uttar Pradesh	India
S2-277669170	Pradeep (India) Production Pvt Ltd	711., II JAINA TOWER, DISTRICT CENTER JANAKPURI, NEW DELHI, Delhi	India
S2-11138935	AOT STRATEGIC	36 SALEM CHURCH RD, WEAVERVILLE, NC	US
S2-410329713	Internal Medicine National Care Partners	7538 CLAIRE PL, CITY OF EL PASO, TX	US
S2-731073737	Alvarado Coastal Hennessy	516 QUIVERA STREET, NEEDLES, CA	US
S2-940469449	MAIN STRÉET BAKERY LP	71 OVERSTREET ROAD, ASHCAMP, KY	US
S2-633170590	KH SNASHAR	E G-110, M I D C, LANDE WADI, BHOSARI, Maharashtra	India
S2-6194793	Beth Cathedral	003481 CREEK ROAD, KINGSVILLE TWP, OH	US
S2-231258333	Burns & Smith Encore Llc	1208 GREENFIELD PLACE, OFALLON, IL	US
S2-844342057	Heart-Program (Inc.)	1654 Canstaff Dr, KERNERSVILLE, NC	US
S2-979587149	VA INDIA COMPANY	DOOR NO C-4649/188 NEW MODERN SHAHDARA, DELHI, Delhi	India
S2-882773349	Fina Danielson Bay Mozayyx Inc.	NESTLENOOK CIR, CA, MATHER	US
S2-560652965	hettiebranhamtechnology.com	13452 MAVERICK TRAIL RD, CLEVELAND, TX	US
S2-701738047	ബ്രൈറ്റ് പ്രോജക്ട്സ് പ്രൈവറ്റ് ലിമിറ്റഡ്	KASARGOD, NO.2/363A, P O BADOOR, Kerala	India
S2-909266964	Pranin Bágs Limited	P.NO.272, JAWAHAR AYYA NAGARADHANUR SRIPERUMBUDUR, CHENNAI, Tamil Nadu	India
S2-116199441	Classic Digitalbridge LLC Service	#5857 DEWEY AVENUE, INDIANAPOLIS, IN	US
S2-425513728	UNITED LEAGUE	7107 ORIOLE AVE, FAIRFAX COUNTY, VA	US
S2-926047574	valleybanc.com	1609 MADDOCK RD, PHOENIX, AZ	US
S2-828388778	METROPOLITAN CAFE LLC	2243 JOEY LN, ARLINGTON, TX	US
S2-204301831	Nirman Consultants Limited Private	DOOR NO 0617 SR NO. 650/1/9/1, VIGNAHAR NAGAR, PUNE, Maharashtra	India
S2-654410059	Surya Traders Pvt Limited	DOOR NO 670 A007, WILSON MANOR APARTMNET, 13TH CROSS WILSON GARDEN, BENGALURU, Karnataka	India
S2-518903033	श्री ग्लोबल प्राइवेट लिमिटेड	##70 SANGAMNER TALUKA SAHKAR DOODHUTPADAK SANGH MARYADIT AMRUTNAGAR SNAGAMNER, AHMADNAGAR, PIMPARNE, Maharashtra	India
S2-307241843	Campbe1l Trínity LLC	0407 MAPLE ROAD, ELY CDP, MN	US
S2-746709159	sanches vanguard tech		US
S2-476083868	Allen Scientific Llc	LINDEN ST, ROCHESTER, NY	US
S2-729904157	স্কাই ফাইন্যান্স স্টিল প্রাইভেট লিমিটেড	PARGANAS NORTH, KOLKATA, A44, West Bengal	India
S2-635381033	CATHOLlC GRACE CHURCH	500 DEER CREEK DRIVE, MAATTHEWS, NC	US
S2-355055660	Volpe United Token Center	IN, SOUTH BEND, 445 CHAMBERLIN DRIVE	US
S2-418311879	Pediatric Physicians Corp Partners	549 SAWYER STREET, NEW BEDFORD, MA	US
S2-609767527	Arr Charitable Trust Company	Gujarat, PLATINUM COMPLEX, G.F., SHOP-#39, JAYSHRI ROAD, JUNAGADH	India
S2-70400642	Solic Center	1009 NEWBURGH CIR, RALEIGH, NC	US
S2-253274647	PADMAVATI-INDUSTRIES (INDIA)	COLLEGE PARA, P.O. - KHARIA P.S. - KOTOWALI, West Bengal	India
S2-590248044	एसएस एस्टेट	HOUSE NO.266/84 PRATAP NAGAR, SANGANER, JAIPUR, Rajasthan	India
S2-629621942	NORTHERNMOUNTAINTECHNOLOGIESCOM	8455 MORSE RD, NEW ALBANY TOWNSHIP, OH	US
S2-985833849	TGK Keystone Processing [Corporation]	#3976 COVINGTON DR, SPRINGFIELD, OH	US
S2-740826989	Brynne's (Unified)	2545 12, LEYDEN, NY	US
S2-442447046	Indo Galaxy  Technologies Private Limited	11/348, DDA FLATS, KALKAJI, Delhi	India
S2-992694636	Zepheus Nmp,	#883 OAK MEADOW DR, FRANKLIN, TN	US
S2-317202838	Total  Analytics	1396 BAKER HEIHGTS LOOP, BREMERTON, WA	US
S2-475305437	CASTRO PEACE,	10029 AVERY COURT, PO BOX 246, CHARLOTE TOWNSHIP, NC	US
S2-283746606	Rous		US
S2-711906490	Jain Engineering Private Ltd	Delhi, ##5 DR. G C NARANG MARG, DELHI	India
S2-48935959	Tech Supreme  Financial Private Limited	18, PRINCE PLAZA 2ND FLOOR, 46 PANTHEON ROAD, EGMORE, CHENNAI, Tamil Nadu	India
S2-494745447	Feis Investments Partners	1939 SAMS LOOP, BEND CITY, OR	US
S2-490621987	pvt trendset food ltd	6-8-1-19 MILIND NAGAR OSMANPURA, AURANGABAD, महाराष्ट्र	India
S2-567318654	Condon Valley Valley LLC Center	950. 4H RD, DERBY, VT	US
S2-881544736	bangalorepetrochemicals.com	HN 00226 PROPERTY NO18 4TH CROSS 8TH GANESHA BLOCK, BANGALORE, Karnataka	India
S2-852710622	king express precious southside	307 PULLIAM STREET, KING, NC	US
S2-792859805	MEDIX INFRASTRUCTURES	DOOR NO 4-35-516 PT 73/P, MADHAVARAM NAGAR KUKATPALLY, HYDERABAD, Andhra Pradesh	India
S2-771116659	Staci Rigney Summit Saratoga West	625 3ND AVE, KELSO, WA	US
S2-34422296	Frontier Cadenza	62 DEVENS ST, NEW BRTAIN, CT	US
S2-353951791	Solutions Shiv Management Limited Partners	BLOCK NO 645, KALLAR P O, THOOKKUPALAM, IDUKKI, UDUMBANCHOLA, Keralam	India
S2-175352975	शिव इनोवेटिव इम्पेक्स प्राइवेट लिमिटेड	C/O SAVITRI, BABHANAULI, POST ROBERTSGANJ, SONBADRA, SONBHADRA, उत्तर प्रदेश	India
S2-81661580	Prime Logistics Partners	5472 WILD ROSE LN, WEST DES MOINES, IA	US
S2-704211489	united marketing private limited | www.unitedmar.com	#A-2ND FLOOR, F-7, BLOCK B-1, MOHAN COOPERATIVE INDUSTRIAL ESTATE, MATHURA ROAD, NEW DELHI, Delhi	India
S2-175751444	Bahl  & Brothers Infratech	31 VIDHAN SABHA MARG, LUCKNOW, उत्तर प्रदेश	India
S2-787557683	WALL  PLATINUM	4675-4679 WALKER ST, GREENWOOD, IN	US
S2-904294514	Uptown  Crah! Co	7556 NC 8675, JASPER, AR	US
S2-238971069	AMERICAN FUND-LLC	100 HEIRLOOM, HUDSON, WI	US
S2-697129727	Jaipur-Labs Company	P.NO 120 TO 125 GP COLONY, KALYAPURA, SANGANER, JAIPUR, Rajasthan	India
S2-239142590	Saint  Presbyterian Church	#3440 PELHAM RD, TOLEDO, OH	US
S2-71307122	AF  INVENT PVT LTD	BUDDHA C/3-03, NIRVAN, ALIVE CHS, PADGHAVALI, ALIBAG, Maharashtra	India
S2-851999011	Midwest Montessori LLC Center	802 LONGLEAF DR, AUBURN, AL	US
S2-907293534	FUCHS UNITED	AR, BATESVILLE, ##157 BROAD STREET	US
S2-895257258	Clough  Patriot	437 IRVING AVE, BROOKLYN, NY	US
S2-528385753	Astacio Vulcan Partners	PT. LAVACA, TX, 250 AUSTIN STREET	US
S2-318303423	Physical Therapy Star Clinic Llc	11208 GARLAND RD, DALLAS, TX	US
S2-784880345	बिग एक्सपोर्ट्स प्राइवेट लिमिटेड	B-38, OLD DLF COLONY, SUNDER SINGH MARGH, GURUGRAM, GURGAON, हरियाणा	India
S2-892458075	IRONWORKERS LOCAL 954 CARE SOUTHSIDE	321 BASIN ST, NORRISTOWN CDDP, PA	US
S2-145223494	Morales Inc Cargo	1030 GUAPO RD, RIO COMMUNITIES, NM	US
S2-867982083	Community Federation Holdings	12057-12059 WHITE CORD WAY, COLUMBIA, MD	US
S2-894805664	Kisan-Partners	108/3 GANIYARI ROAD, NEAR GANIYARI TALAB, SINGRAULI, Madhya Pradesh	India
S2-968246739	Modern Marketing Textiles Ltd	19 PRATHAN SARHI II, MANISAGAR SOC-II, AHMADABAD CITY, Gujarat	India
S2-789805368	WEST FOUNDATION (OVERSEAS)	RZ-519, GALI NO. 17, KAILASHPURI EXTN, NEW DELHI, दिल्ली	India
S2-397875130	UMA DESIGNS LLP	VILLA NO. 330, PHASE 2, ADARSH PALM MEADOWS WHITEFIELD ROAD RAMAGONDANAHALLI, BANGALORE, Karnataka	India
S2-340001520	স্কাই ইন্টারন্যাশনাল প্রাইভেট লিমিটেড	MEDINIPUR WEST, West Bengal, C/O RABINDRA NATH DASADHIKARY VILL AND P.O-DHAMTORE	India
S2-185301992	Vanni Jurgens LLC Center	NC, CREEDMOOR ROAD, RALEIGH	US
S2-711639132	Grice Partners Holdings	#10129 LOS ARBOLES AVENUE, ABUQUERQUE, NM	US
S2-715553627	Pivot & 5ons Ventures Private Limited	KH. NO 031/20, 30/20/1 GROUND FLOOR SHASTRI PARK EXT UTTARAKHAND COLONY, DELHI, Delhi	India
S2-693827535	Surat Services Private Límited	DOOR NO 211 EXULT SHOPPERS VESU, SURAT, ગુજરાત	India
S2-386070408	estevezgreenlandcom	4541 DENVER ST, MONTCLAIR, CA	US
S2-151947139	WID Payroll Private Limited	NO 7 EVOKE ACADEMY, NEW DARPAN COLONY, SHIVPURI, Madhya Pradesh	India
S2-296435134	AVANTI  SYSTEMS	C/O ANIL KUMAR, KAUTILYA NAGAR, A.G. COLONY, L.B.S NAGAR, PATNA, बिहार	India
S2-878574120	CARDIOLOGY ELITE CGBEE HARBOR	1319-1323 PRIVADO LN, SEDRO-WOOLLEY, WA	US
S2-203582165	VIKI KIM,	23174 184TH LANE, SURPRISE, AZ	US
S2-713416244	R C & Y Aerospace Corp	3700 SR 333, LONDON, AR	US
S2-441775766	Baker Northside Tankers Co	6834 ROY HOBBS ROAD, TUCSON, AZ	US
S2-176831941	Gulshan India Group Ltd	112 , SHIVAN APARTMENT, NO.380, 13TH MAIN, R.M.V EXTENSION, SADASHIVANAG, AR, BANGALORE, ಕರ್ನಾಟಕ	India
S2-577537821	MIA INFOMATICS  PUBLIC-LIMITED	DOOR NO 471 G-14, GOPI RES-2, PLOT-46, NEW SANGANER ROAD, JAIPUR, राजस्थान	India
S2-893800214	Ke1sey  Signature Pabbama Metro LLC	3622 BRYN MAWR DRIVE, UNIVERSITY PARK, TX	US
S2-865029092	SHAKTI BUILDERS PVT (LTD.)	दिल्ली, #270 D-7, PUSHPANJALI ENCLAVE, PITAMPURA	India
S2-308072236	Womens Health Metro	##10 SWEETBRIER RD, N/A, E GRANBY, CT	US
S2-457232209	Blue Builders  Private Limited	1/B, MOHKAMPUR, MEERUT, Uttar Pradesh	India
S2-759983025	ADDI SMITH MOBILE  LLC	500 47TH ST, CASPER, WY	US
S2-689427508	Inc Frontier Precision Spa	2579 STATE ROUTE 131, NULL, FAYETTTEVILLE, OH	US
S2-377741734	PZD India	PLOT 458 E-690, THIRD FLOOR, GALI NO. 10, WEST VINOD NAGAR, NEAR MOTHER CONVENT SC, HOOL, NEW DELHI, Delhi	India
S2-741215140	A-Clear Twelve Corporation	1439 MERLOT BLVD, AMARILLO, TX	US
S2-193784576	Thao Invelnmnets PLLC	##10924 PARDEE STREET, PORTLAND, OR	US
S2-674631547	Kaveranth Care Private  Limited	BUILDING NO.1, 3RD FLOOR, MEHRA ESTATE, LBS MARG, VIKHROLI (W), महाराष्ट्र	India
S2-387444698	Big Finance Public Limited	B-/125, BHAIIDNI, Uttar Pradesh	India
S2-51541544	TE System-Group	4515 CR 929B, <NULL>, TX, BRAZORIA	US
S2-344821654	Orthopedic Center Grand Ltd	6319 COVINGTON RD, IN, FT AYNE	US
S2-902843744	Pacific Construction	VA, 9528 CROSSPOINTE DR, FAIRFAX STAITON CITY	US
S2-424313130	Smt Esbee Global Private Limited	PLOT 44 AT 69/4 LINGMALA PO GUTAD, TQ MAHABALESHWAR, MAHABALESHWAR, Maharashtra	India
S2-978522560	Mayank Resource Private	P.400, SUB-A/23D.VILL NR.N, RL.ST.PADASAHI KENDUPATNA, BHUBANESWAR, Odisha	India
S2-170904166	ન્યૂ સર્વિસીસ પ્રાઇવેટ લિમિટેડ	OM, RAJKOT, ગુજરાત	India
S2-70140928	The Nguyen Concord	1350 G STREET, WASHINGTON, DC	US
S2-470497584	eticotraders.com	HOUSE NO. 2/271 BLOCK-C SEC-17 ROHINI NEW DELHI, DELHI, दिल्ली	India
S2-434462621	@TC	8479B EASTBRIDGE RD, MIDVALE, UT	US
S2-5707522	Superior Fifth Inc.	1416  17TH STREET, TX, NEDERLAND	US
S2-469592381	Jac Dtoiefg Pvt. Ltd.	Tamil Nadu, NO.72/153/6 , VENKATARANGAN PILLAI STREET TRIPLICANE, CHENNAI	India
S2-54358889	Beth Fllowip	SILVER LAKE BLVD, STOW, OH	US
S2-662503590	ZUNIGA, ANNETTA É., L.C.S.W., PC DDS	13040 MOFFETT RD, WILMER, AL	US
S2-689834927	Main Street  Book Store Inc	4207 1/2 DUNHAGAN RD, GREENVILLE, NC	US
S2-655819067	नॉर्थ बिल्डर्स प्राइवेट लिमिटेड	3 / PLOT NO 11, महाराष्ट्र, BOMBAY, MUMBAI, MUNI DARSHAN CHS LTD, JAGDUSHA NAGAR, NR SHIV MANDIR, GHATKOPAR (W)	India
S2-777273890	SUMMIT ISERC6TED (CO)	1137 CROWLEY STREET, WICHITA, KS	US
S2-8711826	Partners 3205 Main Boulevard Properties	1011 AWNING COURT, CROSBY, TX	US
S2-643256960	FRONTIER INNOVATIBVE  MID PARTNERS	1136 VIVIDELL LN, WEST DES MOINES, IA	US
S2-707575978	Signature Robinhood	104 COVINGTON AVENUE, SPRINGFIELD, KY	US
S2-112345273	బాబా ట్రేడింగ్ జ్యువెలర్స్ ప్రైవేట్ లిమిటెడ్	FLAT NO.103, HARSHA ARCADE, PRAKASH NAGAR, BEGUMPET, HYDERABAD, Telangana	India
S2-970352127	Al Impex Private	C/O RAV COLONY JODHPUR, RAV COLONY, JODHPUR, Rajasthan	India
S2-290549553	Mount Baptist Chúrch Group	6723 PASSAGEWAY PL, BURKE, VA	US
S2-729816303	... BOIS INC	CASHMERE DRIVE, LAKE HAVASU CITY, AZ	US
S2-735818792	GGE Hd Phhrives Limited	309, DURGA CHAMBERS, 1333 D.B. GUPTA ROAD, KAROL BAGH, NEW DELHI, Delhi	India
S2-711722492	FOUNDATION TRANSIT FOUNDATION GROUP	NO 3 NO. GATE, MITRA NAGAR, DEBIRPARA, CHAMRAIL, HOWRAH, null, West Bengal	India
S2-939908187	Beck International Inc	3884 BUTTERFIELD RD, AURORA, IL	US
S2-361646806	Human Ashtavinayak	#141 SONIYA NAGAR, LONI, GHAZIABAD, Uttar Pradesh	India
S2-731764215	Geraghty Cónnecticut	CLEVELAND, OH, 2236 101ST STREET	US
S2-135791682	DNS Towing Ltd	134 ASH CT, NICHOLASVILLE, KY	US
S2-446386340	Stocker & Charles East	16122 RAINBOW RD, TOWN OF GIBSON, WI	US
S2-446703202	Accura Analysis Private	SHOP NO. UG/##10, SOMESHWAR TEXOILE MARKET KAMELA DARWAJA, RING ROAD, UMARWADA, SURAT, ગુજરાત	India
S2-825954032	Pune City Trans Private Ltd	716 , SPOT 18 RAHATANI, PUNE CITY, N/A, Maharashtra	India
S2-905119566	साउथ प्रॉपर्टीज प्राइवेट लिमिटेड	C-8/8112 VASANT KUNJ, NEW DELHI, NORTH DELHI, Delhi	India
S2-156092186	Tulip Educational Society Exports Company	6/587BANK ROAD, CALICUT, കേരളം	India
S2-696127341	Dm Welfare [5ociety]	ATP ROAD, NO XVII, NEAR SAI BABA TEMPLE, VISHAL NAGAR, BELLARY, Karnataka	India
S2-60119306	GEA	21102 APPALOOSA DRIVE, OMAHA, NE	US
S2-22775099	Kolkata Pvt. Ltd.-Center	6/3 LAKE EAST 4TH ROAD PURBA JADAVPUR, KOLKATA, পশ্চিমবঙ্গ	India
S2-850380640	Cruce Tri-State LP Planet	8779 ST ANDREWS DRIVE, CHESAPEAKE BEACH, MD	US
S2-353949876	Terrie's-Secure Center	224 ST, BRONX, NY	US
S2-439072420	Metropolitan-Chain Midtown, Inc.	116 PUMPING JACK ROAD, SHERMAN, TX	US
S2-883385715	Vantexa Transport	895 TABLE MOUNTAIN WAY, SANFORD, NC	US
S2-395046384	CAMPBELL & HUISMAN-INTERMEDIATE	1865 ANTON CT, SHAKOPEE, MN	US
S2-581279921	indesign college ventures	PLOT NO 32 PARKING FLOOR, SHIVANI ENCLAVE PH 3 KH NO 17/9 KAKROLA, NEW DELHI, Delhi	India
S2-546409229	Foot + (Ankle)	1021 TENNESSEE AVENUE, CHANUTE, KS	US
S2-344120854	MUMBAI PRIVATE FÍNANCIAL LIMITED	90, BASERA BUILDING, CENTRAL AVENUE ROAD, CHEMBUR OPP. DAIMOND GARDEN MUMBAI, MUMBAI, Maharashtra	India
S2-791605642	LLC HALCYX GRÉENFIRE	OR, ALBANY, 6800 HORSESHOE LAKE CIR	US
S2-656668371	PRIVATE FNB MARKETING LIMITED	DOOR NO 88, Tamil Nadu, CHENNAI	India
S2-738028717	Pacific Bíz Llp	DOOR NO 617 A, GOVIND NAGAR NEAR SARKARI COLD, ETAWAH, Uttar Pradesh	India
S2-766216879	Dr NATURAL NARLIING HOME	A-2/1213/8/1/2, B V MANDOLI, NORTH EAST DELHI, दिल्ली	India
S2-764760426	Bareilly  Laboratories Limited	H NO 25- PRABHAT NAGAR NEAR RAM JANKI MADIR PREM NAGAR, BAREILLY, Uttar Pradesh	India
S2-446433638	Group Ear Nose & Throat Associates	342 1/2 Hicksville Rd, HEMPSTEAD, NY	US
S2-357545160	Aurangabad Constuction	FL NO-8 GANESG APPT. NEW SHREY NAGAR, AURANGABAD, Maharashtra	India
S2-51120091	Guarule,, Aurilia Ph.D., PC	LAUREN DR, ROGERSVILLE, TN	US
S2-245155784	Pioneer Raj Prejts Private Limited	901, SANKAT MOCHAN NAGAR, HATHI KHANA ROAD, NEAR RAJPUT OIL MILL, GWALIOR, Madhya Pradesh	India
S2-718063093	Elite Peak (Cell)	BUCKSHOT DR, JUNCTION CITY, KS	US
S2-541472166	Latectech Valley  [Ltd]	1630 VIENNA DR, FERDINAND, IN	US
S2-723336783	1055 First Place Realty, L.L.C.	261 LINCOLNWAY, CHEYENEN CITY, WY	US
S2-924136235	गैलेक्सी प्रॉपर्टीज लिमिटेड	R-14 A&B, SECTOR-2 VIDHYADHAR NAGAR, JAIPUR, Rajasthan	India
S2-547859055	ANNY ALBBERDSON BRIDGE  INC	STAFFORD, 110 ZOE WAY, VA	US
S2-577625418	VISION APEX	5005 FORGE HAVEN DRVIE, PERRY HALL, MD	US
S2-542840931	SOLUTIONS SSIATH TRAVELS VENTURES PVT LTD	SHED NO-90, PARISHRAM INDUSTRIAL ESTATE, NR. JANTANAGAR RAMOL ROAD, RAMOL, DASKROI, ગુજરાત	India
S2-539019770	Ltd Umang Mors	ROYAL GARDEN, BANGALORE NORTH, BANGALORE, Karnataka	India
S2-804939908	WHITE, DYSON & FERNANDEZ FACTORY INC	623 ROSELAWN DR, WEST MEMPHIS, AR	US
S2-867491103	Services O/L Inc	40 LINCOLN LN, CONSHHOCKEN, PA	US
S2-565852338	Patectech	110 34ST STREET, WILMINGTON, DE	US
S2-139182951	Richardson's Global Excsatn		US
S2-833876801	Dr Modi Service	9, WESTON STREET SUITE NO. 227, 2ND FLOOR, KOLKATA, KOLKATA, West Bengal	India
S2-892886608	Raj Enterprises Private	96 KANABHAI HIRABHAI VANKAR LAXMINAGAR, GODHRA, Gujarat	India
S2-690038102	Luxor Co &	#201 S. NO 69, PREMANAGARA, PIPELINE ROAD, BNAGALORE NORTH, Karnataka	India
S2-544197083	Prairie Coalition	107 MAXWELL ST, ENTERPRISE TWONSHIP, AL	US
S2-156725250	Delhi  Pvt. Ltd. Center	399. KOHAT ENCLAVE PITAMPURA, DELHI, दिल्ली	India
S2-563118165	सिल्वर डेवलपर्स स्वीट्स प्रा. लि.	NO 128 807, MUMBAI CITY, Maharashtra	India
S2-763018444	Enterprises Growmore Systems Infratech LLP	FLAT NO:108, D.NO: 1-2-57 TO 61, DOMALGUDA MARKET RAOD, HIMAYATH NAGAR, HYDERABAD, Telangana	India
S2-70485153	J Q & I SYSTEMS [INCORPORATED]	1777 BILBRIDGE LN, CHATHAM, IL	US
S2-927415840	ND Shelter-Pvt. Ltd. Ltd.	#702. , S.NO.40/1/4/, 5 JMS PEALR HAVELI UNDARI, HAVELI, Maharashtra	India
S2-802880289	MARTINEZ  AND TOMKO PIPELINE	112 FRONT STREET, null, WORMLEYSBURG BOROUGH, PA	US
S2-230363694	Afis0ruce	#12 HOUSES MILL ROAD, NEWTON GROVE, NC	US
S2-585471449	Sai Internationa1	93 SARANGA TOWERS, 3RD CROSS LANE LOKHANDWA, MUMBAI, Maharashtra	India
S2-326839544	Sanvi College Private	S.N0.29-, VISVESWARAPURAM, NELMANGALA, Karnataka	India
S2-571793390	taurustrading.com	DOOR NO 22 , DEVDARSHAN COMPLEX, PATAN, Gujarat	India
S2-959566926	Precision Art Holdings	9039 WILLOW MEADOW DR, HOUSTON, TX	US
S2-848923085	Engineering (India) L0an Private Ltd	FLAT NO. 5/2 , PADMA BUILDING, SHIVSHAKTI NAGAR, NR. B CABIN, महाराष्ट्र	India
S2-921122628	GREEN SECURITY INDUSTRIES HIGHLAND	92 GREENCROFT RD, BEDFORD, OH	US
S2-756302651	>> Pacific Capital Inc.	13709 PAMELA LN, CHEYENNE, WY	US
S2-328679242	ORBYN EATON  LLC	#56301 TOM SMITH RD, BANDON, OR	US
S2-125247238	Estrella  Delta Series Co	9522 WAVERLY DR, CITY OF EL PASO, TX	US
S2-888036197	Platinum Co Service	010 REGENTS PLACE, YORKTOWN HEIGHTS, NY	US
S2-967976456	Streamline LLP Service	S.NO. 207/3 DHANRAJ PARKN, BLD, FLAT NO. 2, PUNE CITY, Maharashtra	India
S2-137648271	Bellamy and George Inc.	142D DARTMOUTH STREET, COLORDO SPRINGS, CO	US
S2-559897647	Public Shyam Direct Limited	NO. 167, GF, 2ND PHASE, KNS ANIRVAN, KANNAHALLI, BANGALORE RURAL, BANGALORE NORTH, Karnataka	India
S2-376999656	Reynolds Gulf	Langhorn Street, ATLANTA, GA	US
S2-818943764	റിയൽ ലോജിസ്റ്റിക്സ് പ്രൈവറ്റ് ലിമിറ്റഡ്	NO. 4, KALAMASSERY, ERNAKULAM, കേരളം	India
S2-322836083	cardinal, llc	169 CSURT ST, MADISONT OWNSHIP, WV	US
S2-669715196	Lyra	290 DRUMMER KELLUM ROAD, JACKSONVILLE, NC	US
S2-384090377	Smt MAA CONSULTANCY LIMITED CENTER	299/18 MIRANDA BUILDINGN C KELKAR ROAD DADAR, MUMBAI, Maharashtra	India
S2-298174363	சன் மேனேஜ்மெண்ட் பிரைவேட் லிமிடெட்	307 B-229, N.G.OBCOLONY, JAWAHARNAGAR, PALAYAMKOTTAI, TIRUNELVELI, Tamil Nadu	India
S2-817348757	Clean Digital Solutions Inc	7606 WATERCREST LANE, OH, MAINEEVILLE	US
S2-349754339	Go1den Cea	6744 REX RD, HOLLY SPRINGS TOWNSHIP, NC	US
S2-591631960	Rudra  Infrastructure	H.NO 4-303 3RD FLOOR THE AVENUE OPP LEELA MAROL INTERNATIONAL AIR PORT ROAD ANDHERI (E), MUMBAI, Maharashtra	India
S2-806620029	unified keystone cosmetics, co	20106 WHIPPOORWILL LANE, LEONAARDTOWN, MD	US
S2-634952710	ਨੌਰਥ ਆਲ ਹੈਲਥਕੇਅਰ ਪ੍ਰਾਈਵੇਟ ਲਿਮਟਿਡ	Punjab, BATHINDA, GROWTH CENTRE, E-036 INDSUTRIAL	India
S2-288641682	Surgical Group Southside	6709 BRENDA LN, MUNCIE, IN	US
S2-407237307	Langford Creative Cleaning LLC	3082 BLATKTHORN DRIVE, MEDFORD, OR	US
S2-27991977	Kopec Íntegrated Tokyo	GENERAL PULLER HWY, MIDDLESEX COUNTY, VA	US
S2-443056054	OTHILIE BOZARTH INTERPRIVATE,	099 CHAPEL STREET, KINGSTON, NY	US
S2-57046353	SHREE BROTHERS PRIVATE [LTD]	BLOCK A-B3/842 FLAT NO.G1, SSS PLAZA, ROAD NUMBER 6B, PENDURTH, VISAKHAPATNAM, Andhra Pradesh	India
S2-900997414	Beia Vcldo Partners	#10402 LAZY MEADOWS DR, HOUSTON, TX	US
S2-711220395	tejanthservices.com	56/2, AHIRITOLA STREET, KOLKATA, KOLKATA, West Bengal	India
S2-592332833	Pronet Inc.	KILLEEN, TX, 2600 JOHN HELEN DR	US
S2-296486940	शिवम फूड्स एलएलपी	S .NO . 47/29 CHAROLI KH PUNE, PUNE, POONA, Maharashtra	India
S2-598596199	Grn Chrotre Ventures Private Limited	179-189 , POCKET-6, SECTOR-22, DELHI, Delhi	India
S2-463469449	Pioneer  Hospitality Ltd	H.NO 54-2-220/1/A, GUNDLA SINGARAM, HANAMKONDA, Telangana	India
S2-526749451	अरिहंत सॉफ्टवेयर प्राइवेट लिमिटेड	H.NO. G-2577, KAIJ, BID, Maharashtra	India
S2-355281881	Heart Progrm	2200 REEVES PL, FORT WORTH, TX	US
S2-214416967	JACQUELYN SEATON YORK	77-18 30 AVENUE, N/A, EAST ELMHURST, NY	US
S2-791413065	Optimal Insiurasne Group	1600 MARYLAND AVENUE, WASHINGTON, DC	US
S2-886188045	l j kang southwest	NY, 667 EMERSON STREET, ROCHESTER	US
S2-595033725	Bright Services	392B PARTY LN, ROCKINGHAM COUNTY, VA	US
S2-796384454	Janatha Publication Corp	H.NO 610 B/204, S.F. SUYOJAN, NR, SOLA BHAGVAT VIDHYAPITH, DASKROI, ગુજરાત	India
S2-621830421	Vaayuva Foodworks Private Limited	A-801/802, DOMAIN HEIGHTS, SHAYAMAL CROSS ROAD, AMBAWADI, AHMEDABAD, Gujarat	India
S2-533185918	Guru Hospitality Private Ltd	Gujarat, 6, SARTHI PART 3, NEAR. SURDHARA, THALTEJ AHMEDABAD, AHMEDABAD	India
S2-109512442	robertsjobinaw.com	21 PLAY HOOKEY LN, CLIMAX SPRINGS, MO	US
S2-795896132	हरि एनर्जी प्राइवेट लिमिटेड	PLOT NO. 3, MUMBAI, Maharashtra	India
S2-695288261	Coex LLC Center		US
S2-235155410	(india) Alkapuri Step Group	HN 00404 HOUSE NO. 308(A), NEAR PARJAPAT CHOPAL, RAMPURA, REWARI, हरियाणा	India
S2-355776809	H+ Nuclear	32 PLEASANT VIEW DR, SPRIGG TWP, OH	US
S2-220633560	Miranda Memorial Trust Co		India
S2-274887107	Tirumala & Sons Ventures Private Limited	#140, FIRST FLOOR, 12TH CROSS, DOMLUR, BANGALORE, Karnataka	India
S2-735254538	Ironworkers 498 Corp Services	0369 Summerhouse Dr, HOLLY RIDGE, NC	US
S2-932122659	BEACON  SERVICES Enterprises		US
S2-844735754	Colonial First Therapies  [Partners]	11869 GEYSER CT, FISHERSS CITY, IN	US
S2-428723787	HOLDINGS TRADING PVT  LIMITED	#6072 , TOWER 6, PHOENIX ONE BANGALORE WEST, NO.1, DR. RAJKUMAR ROAD, OPP. ORION MALL, RAJAJI NAGAR, BANGALORE NORTH, ಕರ್ನಾಟಕ	India
S2-832330730	Mr SUMANGALAM &  BROTHERS OVERSEAS PRIVATE LIMITED	H.NO. 8-3-668/14, GANDHI RESIDENCY FLAT NO. 502, JAYAPRAKASH NAGAR, YELLARE, DDYGUDA, HYDERABAD, Telangana	India
S2-860206723	Private Gondal Nidhi Ltd	RAJKOT, DOOR NO 55 TO 56/4, GONDAL, GUNDASARA RIVERA ZONE, GUNDASARA REVERA INDUSTIRAL AREA, Gujarat	India
S2-739493544	Highland Initiative Coastal LLC	15107 78TH LN, PO BOX 3068, PEORIA CITY, AZ	US
S2-468037165	सिल्वर लाइफ टेक्नोलॉजी प्रा. लि.	RZ B1/A, WEST DELHI, Delhi	India
S2-51134911	LESOFT GRAND ONE LLC	1903 ALEXANDER DR, WAAHACHIE CDP, TX	US
S2-850920420	FOOTANKLECLINICCOM	OLEY LN, STATESVILLE, NC	US
S2-84875444	[Co] Jones Peak Finance	##105 CORNELL CT, GLENIEW, IL	US
S2-105558557	बाबा कंसल्टेंसी प्रा. लि.	NO ##461/2 TILAK ROAD, PUNE, Maharashtra	India
S2-389032254	Cargo and Sons Private  Limited	009. OFFTEL TOWER R C DUTT ROAD ALKAPURI, VADODARA, Gujarat	India
S2-76334495	MARTAND & CO LIMITED	West Bengal, C/O- SWAPAN BANERJEE, DIAMOND RESIDENTIAL COMPL, BISHNUPUR	India
S2-68559986	West  Valley City Biopharma	3597 CHATTERLEIGH RD, WEST VALLEY CITY, UT	US
S2-984588028	யுனிக் இன்டர்நேஷனல் பிரைவேட் லிமிடெட்	31, CHENNAI, Tamil Nadu	India
S2-967945314	Mayer-& Mccreary	1207 MCCLURE AVE, PEORIA, IL	US
S2-952284985	OFF  FOUNDATION	G-27, CANOTAPH FIRST STREETTEYNAMPET CHENNAI 18, CHENNAI 18, Tamil Nadu	India
S2-928493776	Dental Medicine Incorporated	TX, 7801 PRENTISS AVE, LUBBOCK, PMB 6477	US
S2-581318712	Chiropractic Medicine (ID: 49985)	6023 SNWO MOUNTAIN ROAD, FAUQUIER COUNTY, VA	US
S2-948795621	Anabal T. Yates, Ph.D.	1111 1/2 RIDEN CT, SALISBURY, MD	US
S2-691559141	लोटस एक्सपोर्ट्स प्राइवेट लिमिटेड	416 EKDANT CHS A2 FLAT NO.1024, KALWA WEST, THANE, Maharashtra	India
S2-476103171	ശ്രീ പവർ പ്രൈവറ്റ് ലിമിറ്റഡ്	TRIVANDRUM, #D/5 2617 1 JASMINE BNRA 179 KAUDIAR P O, Kerala, TRIVANDRUM	India
S2-505437566	Globe Organics (India) Co	H.NO 290 C/O BISHWNATH KUMAR KUTUMBKAM RESIDENCY ADARSH COLONY RAJ BALLAV SINGH DWAR, BAILEY ROAD DANAPUR, Bihar	India
S2-874298324	Value [Medicines]	SUGGETTS POINT RD, WARSAW, VA	US
S2-521478250	Real Limited Marketing	Rajasthan, C/O. MAGAN KAWAR, NEAR PATRAM CHAKKI KE PASS, TILAK NAGAR, BIKANER	India
S2-618467109	#sukhmanipackaging	DOOR NO. 1-03-K , 2ND FLOOR, APJ MEMORIAL BUILDINGS, GOVERNMENT HOSPITAL ROAD, PATHANAPURAM, Kerala	India
S2-487086379	Data Ínsurance Studios LLC	MEDINA CITY, 703 NORTH COURT STREET, OH	US
S2-10950521	Pinnacle Inc Cayson, Liberty	1349 3310, TROY, AL	US
S2-834658089	XZL Healthcare Pirl0ate Limited	28 FLOOR NO.2, PLOT 47, MAHAKALI CHAWL KALBADEVI ROAD, TAMBAKANTA, KALBADEVI, MUMBAI, Maharashtra	India
S2-413852461	OSBORNE GUFGHHEMI	312 STARKS CEMETERY RD, BENTOON, KY	US
S2-616592094	Ahmedabad Maritime-Ltd (ID: 59450)		India
S2-311879305	SUPERFINE MULTITECH PUBLIC	RAJENDRA PD SINGH, VIL-JAGATPUR, TOL-MITHAULI, MADHUBANI, Bihar	India
S2-839555944	BOARD LTD TRANSPORTATION OF	369 HORTENCIA BVD, BROWNSVILLE, TX	US
S2-360173912	બ્લેક ડેવલપર્સ એલએલપી	4RD FLOOR, AVDESH HOUSE 1ST SLOPE, ELLISBRIDGE, AHMEDABAD, ગુજરાત	India
S2-81731599	டெக் பயனியர் பிசினஸ் பிரைவேட் லிமிடெட்	NO 7A, SOUTHERN REGION MADURAI, MADURAI, Tamil Nadu	India
S2-757543295	Universal Technology Pvt Limited	141- DEBAI PUKUR ROAD PO - HINDMOTOR, HOOGHLY, West Bengal	India
S2-755387712	Liberty Council Holdings	201 WASHINGTON ST, LYNN, MA	US
S2-728560070	Olan  Keycorp [LLC]	881 PORTLAND AVENUE, ROCHESTER CTY, NY	US
S2-667114668	Electricians Union Local No 396 Group	12387- 100, KOKOMO, IN	US
S2-983123295	Federal Animal  Hospital Inc	14209 SAYBROOK AVE, CLEVELAND, OH	US
S2-200267070	Regional  Piedmont Suma Inc	GRIFFITH STREET, TOOELE, UT	US
S2-470549697	C0ntinental Reliable Serugty Services, Inc	PMB 9715, 816 MAR JANE AVE, UT, SALT LAKE CITY TOWNSHIP	US
S2-664427474	Reyes-and Willis Medicines	979 BRYANT WAY, BOWLING GREEN, KY	US
S2-503956565	Fresh  Tattoo		US
S2-466142484	Delhi Research	798 UNIT NO. 03, 5TH FLOOR, KINGS MALL, SECTOR-10, ROHINI, DELHI, Delhi	India
S2-614415737	The Bird Value Interactive Inc	821  BLACKBERRY DRIVE, GREENWOOD, IN	US
S2-625613092	Eye Mei1gce	215C CHAMBERLAIN HILL ROAD, NULL, HADDAM, CT	US
S2-199019587	Daund Asset Private Limited	AT POST PANDHARIWADI, DAUND, DISTRICT PUNE, DAUND, Maharashtra	India
S2-446792539	Urgent Care Summit Medicine Co	39 MAGNOLIA WAY, CNTON, MA	US
S2-532444705	Lake Havasu City Choice Tech L.L.C.		US
S2-831816030	यूनिक लॉजिस्टिक्स प्राइवेट लिमिटेड	G-A-22, EMPIRE RESIDENCY PIPLIYAHANA, INDORE, Madhya Pradesh	India
S2-832490847	VT Retearrh Pvt Ltd	DOOR NO 896/B , GROUND FLOOR, 8TH MAIN, 14TH CROSS, SARASWATHIPURAM, MYSORE, Karnataka	India
S2-299917700	Dixon & Martinez Invesco Riverside	CARBONDALE, 327 RUSSELL ROAD, IL	US
S2-121251263	Group Physical Thérapy Clinic	11434 FLOR LIATRIS DR, CITY OF SOCORRO, TX	US
S2-826290265	Halcus Advertising  Inc	AZ, SEDONA, #125 HIGHLAND	US
S2-29692158	Cardiology Inc Partners,	5615 55ST CIR, PO BOX 5301, VANCOUVER TOWNSHIP, WA	US
S2-476515099	MONDAL MARKETING MARKETING PVT LIMITED	OFFICE NO.1, 1ST FLOOR, PLOT 6502/02, ROAD NO. 65A, CHORASI, Gujarat	India
S2-193606321	வொயிட் ஐடி பிரைவேட் லிமிடெட்	GROUND FLOOR, LATTICE BRIDGE ROAD, ADYAR, CHENNAI, Tamil Nadu, H.NO 79, CHENNAI	India
S2-147695829	Ramos Classic Gores Llc	2851- BARKER AVE, BRONX, NY	US
S2-183761344	radhatraining.com	BLDG NO. B, SHOP NO.37, PATIL COMPLEX, AMBEDKAR CHOWK, AUNDH, PUNE, Maharashtra	India
S2-559038587	llc rauscher staked	150 17TH ST, FALL RIVER, MA	US
S2-528367458	Hicks's Atlantic Logistics L.L.C.	5291 Trotter Trl, VICTORIA, MN	US
S2-260427594	LLC SEGURA, GUILD AND YOUNGBLOOD,	15014 139TH PL, RENTON, WA	US
S2-700416422	Supreme-Marketing Ptirhvae Limited	DOOR NO 185/1 GT ROAD, DHANDARI KALAN, LUDHIANA, ਪੰਜਾਬ	India
S2-368922470	சன்ரைஸ் பிசினஸ் பிரைவேட் லிமிடெட்	NSN PALAYAM, Tamil Nadu, 48/7/8 OPP TO AYYAN TEXTILES MTP ROAD, COIMBATORE	India
S2-194063396	Amay Chit Ventures Private Limited	BLOCK E-304 SR NO 105, PRAJOL ICON FIFTH FLOOR, FLAT NO 506, HAVELI, PIMPRI CHINCHWAD, PUNE, महाराष्ट्र	India
S2-732801278	Dcm & Co Group	DOOR NO 21A SAUNKH, BYPASS, MOUZA JAMUNAVATA, MATHURA, उत्तर प्रदेश	India
S2-372769846	BEHAVIORAL HEALTH CONTINENTAL CTTAE ASSOCIATES LLC	17926 RIVERWAY AVENUE, SPOKANE VALLEY, WA	US
S2-789253282	Lederer Patriot Trailblazer L.L.C.	106 HOLLOW TREE DR, RED OAK, TX	US
S2-718424465	@modestaswireless	MA, 019 CROSBY DR, BEDFORD	US
S2-11983041	Murray Asrses LP	1211 GREENDALE AVE, NEEDHAM, MA	US
S2-999511296	DRAYON AUTO REPAIR, INC		US
S2-263794548	Arts Initiative	828-830 PAVILLION STREET, DALLAS, TX	US
S2-747873991	সাউথ আইটি প্রাইভেট লিমিটেড	67/44, KOLKATA, HOWRAH, West Bengal	India
S2-949804373	जय वेंचर्स प्राइवेट लिमिटेड	MUMBAI CITY, MUMBAI, Maharashtra, NO. 321 2002, LADY RATAN TOWER, DAINIK SHIVNER MARG WORLI	India
S2-780381839	Ventures  Ek Realty Phriddte Limited	Maharashtra, MEHERBABA CLY H NO 305B., W NO 12 CHATRI TALAO RD, AMRAVATI	India
S2-358313984	Eastern Cardiology	512 1/2 WEST ALCOTT AVE, FERGUS FALLS, MN	US
S2-918237624	INDUSTRIES  ZOOM NARSIMHA ASSOCIATES CORP	WORKAFELLA HI STREET DOOR NO 298 TO 302 ANNA SALAI TEYNAMPET, CHENNAI, தமிழ்நாடு	India
S2-610009187	RC Federal  Biotechnology LLC	TX, 2501 LONE TREE ROAD, VITORIA CDP	US
S2-471142391	886 Centgre Realty	#913 OAKLAND AVE, KANSAS CITY, KS	US
S2-340713624	pvt. ahmedabad exim holdings ltd.	14/A VITHALBHAI PATEL COLONY, AHMEDABAD, OPP. LAKHUDI TALAVDI STADIUM ROAD, Gujarat	India
S2-460425686	Avidelta Guild VI	1052 HUDSON RD, SAINT PAUL, MN	US
S2-782650781	SISOFT INC	321 OUACHITA 247 ROAD, BEARDEN, AR	US
S2-477507378	Alfreda Gagne Better	112 12TH ST NW, CEDAR RAPIDS, IA	US
S2-749573398	@SCARLETTVANCE	BUCHTEL AVENUE, AKRON, OH	US
S2-446464109	Manidhari Services Holdings Private Limited	BLOCK A-962 E-685, JJ COLONY RAGHUBIR NAGAR, TAGORE GARDEN, DELHI, दिल्ली	India
S2-985724101	Kamakshipalya Foods Industries Pvt (Ltd)	8 , PETE CHENAPPA INDUSTRIAL ESTATE MAGADI MAIN ROAD, KAMAKSHIPALYA, ಕರ್ನಾಟಕ	India
S2-970294111	GOOSE MULTITRADING	Maharashtra, C/O MR. SADASHIV VITHALRAO SONWANE 9-129 BANSILAL NAGAR, AMEJLGAI, AMBEJOGAI	India
S2-482435715	Stones Quality Transition Inc	118 CEDAR ST, <NULL>, LAKE CITY, AR	US
S2-314512553	Columbus Memorial Society Greater Inc.	COLUMBS, OH, 1093 JERRIE MOCK AVE	US
S2-37621478	YK ISLANDS,  LLC	3938 TWELFTH TER, KANSAS CITY, MO	US
S2-96183343	Need Ltd Cloth	পশ্চিমবঙ্গ, PLT NO-DH-6/6 STRT NO360, ACTION AREA 1 KOLKATA 156, NEW TOWN	India
S2-360458970	KETTLE AND YÁNG INC.	200, GREENFIELD, IN	US
S2-330167452	ZU INDIA (ASS0CIATES)	II FLOOR, SAKET MALL PLOT NO. 5-76, GANDHI NAGAR, BYE PASS R, OAD, उत्तर प्रदेश	India
S2-482748611	ZETANEX WISEKEY L.L.C.	76 HILLSIDE AVENUE, OSWEGO CITY, NY	US
S2-399883790	Vision Associates	35008 OGDEN AVENUE, STAPLETON, AL	US
S2-564392224	Orr LLC  Center	2082 BLUEBIRD LANE, SACRAMENTO, CA	US
S2-522905175	Lotus  Finance LLP	DOOR NO 44/497 ELAMKUTTIL, RAJIV NAGAR, TRISSUR, Kerala	India
S2-646594637	Gonzalez Pmv LLC	##5919 FARM ROAD 183, PO BOX 5202, ROGERSVILLE, MO	US
S2-988310761	Bass Grand Arts [LLC]	241 1/2 Woodland Trace Drive, FARRAGUT, TN	US
S2-578004866	NCS Fast,-Inc	1611-C CANYON RD, MANDAN, ND	US
S2-810366181	Mesoft Capital Partners  L.L.C.	TN, HOYTE LEDFORD RD, PETERSBURG	US
S2-707156392	Falvey Wealth Cénter	2807 RADIUS RD, SILVER SPRING, MD	US
S2-674297673	Carry Stark Wealth Wealth	109 WINDMONT DRIVE, MADISON, AL	US
S2-711514278	GREEN-TRADING HOLDINGS PRIVATE LIMITED	66/4 , 1ST MAIN ROAD, CHAMARAJPET, BANGALORE, Karnataka	India
S2-439486038	Pvt Zee Mutual Ltd	H.NO 01 SF A 55/56 MAIN ROAD MADHU VIHAR, NEW DELHI, EAST DELHI, Delhi	India
S2-516693251	cleanapextriton.com	54110 SOUTH BEACH RD, NESKOWIN, OR	US
S2-496500351	>> Digital Agro Private Ltd	#0875 2/554, UDAGAMANDALAM, NILGIRIS, Tamil Nadu	India
S2-370686969	Law Choice-LLC Mercator	W1172 TEN EYCK RD, TOWN OF DECATUR, WI	US
S2-417386837	Pune Promoters Public Ltd	DOOR NO 16 A/P SHIRDALE TAL AMBEGAON, PUNE, Maharashtra	India
S2-168059823	Black Better Douglas  P.L.L.C.	WASHINGTON, AZ, 2726 AUGUSTA AVE	US
S2-413392149	Hyderabad-Distributors LLP	H.NO 941 , H.NO.3-5-60/A VIVEKANANDA NAGAR COLONY, KUKATPALLY, HYDERABAD, Andhra Pradesh	India
S2-255486589	Buy Projectsprivate Private	D.NO:8-6-70/2, PLOT NO:14, 1ST FLOOR, SRINIVASA PURAM, HAYATHNAGAR, Telangana	India
S2-319703163	Yucca Valley Youth Direct Association LLC	56443 Sunland Drive, CA, YUCCA VALLEY	US
S2-715416930	Duenas  Bio	970 TWP RD 155 EALT, PEDRO, OH	US
S2-566376756	beneficials0ns.com	TOWER 37, FLAT 203, DLF GARDEN CITY OMR, NEAR PSBB MILLENIUM SCHOOL, THAZHAMBUR, NAVALUR, CHENNAI, Tamil Nadu	India
S2-228920443	एपेक्स प्रोडक्ट्स फूड्स लिमिटेड	Delhi, CENTRAL DELHI, F-101/7 F/F TYPE-11A, NEW DELHI	India
S2-169184293	LLC Patriot Ínitiative	26 AUSTIN AVENUE, SAUGERTIES SOUTH, NY	US
S2-851429652	Family Specialists Southside Southside	9329  PEACHTREE LN, MIDWEST CITY, OK	US
S2-511639010	Villarreal & Lemar Partners	7-15 125 STREET, SOUTH RICHMOND HILL, NY	US
S2-36535392	Rocky Block	##1262 BELCHERS FORK RD, PO BOX 1326, BUCHANAN COUNTY, VA	US
S2-382578289	श्री कंस्ट्रक्शंस फार्मेसी प्राइवेट लिमिटेड	S NO. 281, BALWANT DARSHAN MANIK CLY BLDG.B FLAT 9, PUNE, Maharashtra	India
S2-266310644	Literacy Fund	HUNTSMAN DRIVE, MANASSAS, VA	US
S2-823185384	Par Lift  Private Limited	MEGA CENTER, M&N WING, 01 TO 414, MAGARPATTA SOLAPUR ROAD, HADAPSAR, PUNE, Maharashtra	India
S2-397068426	Ram Mills Ventures Limited	H.NO 1075 GALA NO. 08, GR FLR NAFEESA ARCADE, BHIWANDI, Maharashtra	India
S2-352839034	Veterans Council	5 A AMATO DR, S WINDSOR, CT	US
S2-704773714	World (India) India Associates Pvt Ltd	Z-46, OKHLA INDUSTRIAL AREA, PHASE II, NEW DELHI, Delhi	India
S2-954007911	Private Raaga Tros Limited	WEWORK NO-04B121, 4THFLOOR, DLF TWO HORIZON CENTRE, DLF QE, GURGAON, Haryana	India
S2-508601803	JC  CENTER	ಕರ್ನಾಟಕ, KAMBLAPADAVU PAJEERU VILLAGE, BANTWAL	India
S2-862841483	KRISHNA MEDIETCH PVT LTD	DOOR NO 302 3RD-FLOOR B R C ANKUR, PORANKI, PENAMALURU MANDAL, KRISHNA, Andhra Pradesh	India
S2-85575475	The Mcconnell Interstate Markets Inc.	KS, 106 LAKESHORE DRIVE, BRURTON	US
S2-963831224	Health -- Surgical	9500 1/2 MICRON AVE, SACRAMENTO, CA	US
S2-360326943	Trivandrum Industries  Limited	HOUSE NO.10, SECTOR 104, BHAGO MAJRA, S.A.S. NAGAR (MOHALI), RUPNAGAR, PUNJAB, S.A.S.NAGAR (MOHALI), Punjab	India
S2-430140976	RSV SYNTHETICS PRIVATE LTD	502, MATRU ASHISH 5TH FLOOR, LALLUBHAI PARK ROAD, ANDHERI (WEST), N/A, महाराष्ट्र	India
S2-183800183	Gildsyn	BROADWAY BLVD, TUSCON, AZ	US
S2-417455367	Orthopedic Center of Mah, Inc		US
S2-389686317	Teja Private Limited Center	D/9-1-34/15/90, HASIM NAGAR, LANGER HOUSE, HYDERABAD, Telangana	India
S2-305639639	Harbor  Direct Apartment		US
S2-182008767	custom ares llc	SCOTTSDALE, 5024 90TH ST, AZ	US
S2-856123835	Consultants Elixir Maa Limited Partners	A-435, RADHE REGENCY, INDORE, Madhya Pradesh	India
S2-832287266	Bengaluru Health	NO.143 A1, BOMMASANDRA INDUSTRIAL AREA BOMMASANDRA, BENGALURU, Karnataka	India
S2-488548827	Best  Constructions Pvt	BLOCK G-103 MINI INDUSTRIAL ESTATE ROAD MANAKKADU P.O., THODUPUZHA, കേരളം	India
S2-210971167	Aristo Enterprises (Ventures)	#15 2ND FLR SAIKRUPA BLDGTHAKUR NAGAR JOGESHWARI (EAST), MUMBAI, महाराष्ट्र	India
S2-519831009	DEVIKSH PRODUCT	GAT NO. 1904, MOUJE KAVATHE EKAND, TALTASGAON DISTRICT SANGLI, TASGAON, महाराष्ट्र	India
S2-770158780	Golden Auto By Inc	408 75- PINE ST, UNION GAP, WA	US
S2-61436897	mumbaicare.c0m	101, ADITYA BANARSI HERITAGE, CHINCHOLI BUNDER ROAD, MALAD (WEST), MUMBAI, Maharashtra	India
S2-50411278	Veterans Center  V Inc	803D NEW YORK ST, <NULL>, AURORA, IL	US
S2-982202753	Kolkata Sales Private	C-67, CHRISTOPHER ROAD, KOLKATA, West Bengal	India
S2-698270840	Lucky Pilates LLC	N2106 617ST ST, BAY CITY, WI	US
S2-523889861	Office of Asgdg	CHARLOTTE, NC, 2125 DAVIDSON SAINT	US
S2-887096875	Solutions Power First		India
S2-247887875	M/s Designer Mahadev Industries	Maharashtra, H NO. 71 , GALA 113-114, 1ST FLOOR KRISHNA COMPLEX, BHIWANDI	India
S2-939621674	>> Blue Vision Industries Steel Private Ltd	4ND FLOOR OM PLAZA VASANJI LALJI ROAD, MUMBAI, KANDIVLAI WEST, Maharashtra	India
S2-9210758	श्याम टेक्नोलॉजीज प्राइवेट लिमिटेड	7-B/33, MUMBAI, SHIVDARSHAN CHS LTD, OFF MAHAKALI CAVES RD, PMGD COLONY, S V PATEL MARG, ANDHERI EAST, महाराष्ट्र, MUMBAI	India
S2-352771292	लाइफ हेल्थकेयर	DOOR NO 0112 HOUSE NO 51/1, RAJPURA, EAST NIMAR, BURHANPUR, Madhya Pradesh	India
S2-643380592	Ortiz, Bouldin Hester & Center	10535 1/2 MAPLE AVE, BLOOMINGTON, CA	US
S2-575830624	Murphy, Blair & Dayton	55 HALSEY ST, BROOKLYN, NY	US
S2-983223966	HOUSTON, SUMA & SANDERS MA LLC	1920 STROEHLEIN AVENUE, NORTHWOOD, OH	US
S2-248606890	bsppreferred.com	6717 AUTUMN CHASE DR, FORT  WAYNE CITY, IN	US
S2-260303361	Clark and Ortega Tailwind Corporation	GLENWOOD DRIVE, KLAISPELL CITY, MT	US
S2-84464833	Bhavani Trust Enterprises	F.NO.D/423, H.NO.2-1-5, CREVIS RESIDENCY HANUMAN NAGAR MOOSARAMBAGH DILSUKHNAGAR, HYDERABAD, Telangana	India
S2-990031995	>> Corner Barbershop  Inc.	INDIANAPOLIS, IN, Copeland Lakes Dr	US
S2-26203030	Thiruvananthapuram Infomedia Private Ltd	TC-27/1975(1), CKR-19, CHIRAKULAM ROAD, STATUE, THIRUVANANTHAPURAM, Keralam	India
S2-101709043	NM  Technology Inc.	141 BEACH RD, HALFMOON, NY	US
S2-168043586	DIBRIIX ÍNC	MEMPHIS, 123  DISON AVE, TN	US
S2-350800937	COZY LLC-CAFE	14837 PEYTON DRIVE, CHINO HILLS, CA	US
S2-947221890	UROLOGY CO SERVICES	1250 HORSESHOE BEND ROAD, ROBBINS, TN	US
S2-941993883	Airavat-Rhllfay Private Limited	Gujarat, A TOWER FLAT NO 00102 SURMY FLAT KA BAG VILL VADODARA (M CORPOG), GUJARAT	India
S2-913017158	AHMADABAD CITY INFRASTRUCTURES PRIVATE	ગુજરાત, DOOR NO 115 ARCHER HOUSE, OPP.AGETA, GURUKUL ROAD, AHMADABAD CITY	India
S2-578921158	COIMBATORE COIMBATORE SOUTH FOODS COMPANY	BLOCK B-364 D81, HOUSING UNIT, MURUGAN NAGAR, COIMBATORE SOUTH, Tamil Nadu	India
S2-216552439	Hyacintha Gdarlflia Safe  Association Inc	2012-2014 LANSDOWNE WAY, SILVER SPRING, MD	US
S2-31784794	TANGIBLE (INDIA)  MARKETING PRIVATE	D-976, NEW FRIENDS COLONY, DELHI, दिल्ली	India
S2-234377193	Center Lower Wheeler, Inc	4916 BALLYNEAL CT, PO BOX 9941, COLUMBIA, MO	US
S2-340851487	Violet Sodtle Engineering LLC	null, FAYETTEVILLE, NC, MCPHEE DR	US
S2-237386317	Krishak & Sons Exports Private Limited	NO 89 KONNOTHMANA, CHELAMATTOM OKAL P.O, KOCHI, Keralam	India
S2-977762332	Regional Hovnanian	180 BACKWOODS LANE, CLEAR BROOK, VA	US
S2-180148157	PEDIATRIC DENTAL GREEN CLINIC L.L.C.	280 PALOMINO LN, LINO LAKES, MN	US
S2-923298526	WASAN NATURE COMPANY	H-33, SECOND FLOOR, SHIVAJI PARK, WEST PUNJABI BAGH, NEW DELHI, Delhi	India
S2-494193597	Heart Center	15600 FOUNTAIN RODA, TONKAWA, OK	US
S2-89626299	Harbor Crown, Ltd	190 1/2 WHIPPOORWILL ROAD, YORKTOWN, NY	US
S2-770929388	IFT Beveragis Partners Limited	#28, KCN TOWERS, RACE COURSE ROAD, BANGALORE, Karnataka	India
S2-213464170	GG Sales Ltd Pvt	89/9, BLOCK 9, SHASTRI GALI VISHWASH NAGAR, SHAHDARA, DELHI, Delhi	India
S2-922915878	BAPTlSTASSOCIATION.COM	249 ELM STRDET, BRIDGEWATER, MA	US
S2-44162524	LITTLE CLEANING SERVICE SERVICE INC		US
S2-728541442	Chiropractic Bay Associates Group	225-44 88 AVENUE, QUEENS VILLAGE, NY	US
S2-916583522	Smith Supply National Inc.	NC, 1220 HARDISON DR, PO BOX 5694, JAMESVILLLE	US
S2-26875061	Aura-Properties Pvt  Ltd	ENKAY CASTLE REAL TECH PARK, PLOT NO.39/2, 5TH FLOOR NEAR VASHI RAILWAY STATION, SECTOR 30-A V, ASHI, NAVI MUMBAI, Maharashtra	India
S2-510481286	Gs (India) Pvt Digital Ltd		India
S2-469582335	*** AYALA YHN INC	#814 CLARK AVE, ST LOUIS, MO	US
S2-986058298	# Evo NP 4	10146 CHATHAM RUN LN, PMB 9491, CHARLOTTE, NC	US
S2-242137580	बॉम्बे सिस्टम्स लिमिटेड	4 SHANTI CHEMBERS GALAXISOC OFF DP ROAD, PUNE, Maharashtra	India
S2-938955832	Mumbai  Private Limited Services	BLOCK NO ##8 GULMOHARMUNCIPAL, MUMBAI, Maharashtra	India
S2-793597031	Chen Capital Inc. Center	01342 MILES ST, PO BOX 4398, TUCSON, AZ	US
S2-486557449	Womens Héalth Medicine of Vail	13748 OXMOOR VALLEY DR, VAIL, AZ	US
S2-288974455	Madel Gates Ace [Mining,]	13 GRAND HAVEN DR, MUSCLE SHOALS, AL	US
S2-439192723	jhawarchits.com	DOOR NO 272 BLOCK XV, 98-B, INDUSTRIAL ESTATE, LUDHIANA, Punjab	India
S2-613012191	Liberty Gamco Center	Retreat Ln, WOODBURY, MN	US
S2-600639100	Deviya Surfactants Private	FLAT NO 501, 5TH FLOOR, APARNA GREEN COMPLEX, NANAKRAMGUDA, SERILINGAMPALLY, Andhra Pradesh	India
S2-746597606	Partners Sanchez Innovative Income	TULSA, 7818 WHEELING AVE, OK	US
S2-566072154	శివ్ టెక్ ప్రైవేట్ లిమిటెడ్	DOOR NO: 5-78/1, PEERLA PANJA CHODAVARAM ROAD WEST, PENAMALURU, VIJAYAWADA, SRIKAKULAM, Andhra Pradesh	India
S2-66472272	RAJ AGRO PRÍVATE LIMITED	##29, FREE PRESS HOUSE, 215, FREE PRESS JOURNAL MARG, NARIMAN PO, INT, महाराष्ट्र	India
S2-750774773	T+ Century LLC	1853 BLACKBURN WAY, BADGER, AK	US
S2-402644725	Suryavi Private Limited (Center)	#D/1046 , 2ND FLOOR AHATA NO. 59, BLOCK B, SHASTRI NAGAR, DELHI, Delhi	India
S2-607826334	Ngs Trading Private Ltd	OFFICE NO.201, 2ND FLOOR, L SQUARE, PORWAL ROAD, LOHEGAON, PUNE CITY, Maharashtra	India
S2-747666710	Donovan  Prime Platinum LLC	3258 ROSE AVE, GROVE CITY, OH	US
S2-21770363	malvinawickermountain.com	13540 YELLOW PINE DRIVE, HUNTLEY, IL	US
S2-745673827	Prashant (India) Solution Ventures Ventures [Corporation]	Kerala, NO 1/411 , MULLACKAL (KRISHNAKRIPA) HOUSE, ANAKUDE ROAD, THODUPUZHA P. O.	India
S2-956258284	KG Cóncord	MN, 25570 59, BOVEY	US
S2-795399288	PROSOFT LIMITED (INDIA) PRIVATE MEDIA	H.NO 17 TODI MANSION, P-15 INDIA, PLACE EXTENSION UNIT-1103, KOLKATA, KOLKATA, West Bengal	India
S2-519986526	Piedmont  Equity Partners	10832 OAKCREST COURT, FAIRFAX, VA	US
S2-256692563	Modern-Systems Private	21/1A/3-, DARGA ROAD, BLOCK B-306 JINDAL TOWER, PARK CIRCUS, KOLKATA, পশ্চিমবঙ্গ	India
S2-546876069	Professional Nutrition	2011 OLIVER STREET, PO BOX 1827, HYATTSVILLE, MD	US
S2-199038641	GROUP DIGCL ROUNDY	12846 43RD STREET, SAINT MICHAEL, MN	US
S2-534436388	Billups Delta Stardust - 5044708966	385 WINGATE DRIVE, LENOIR CITY, TN	US
S2-832804971	SATYAM TSIG PRIVATE LIMITED	1-1-187/3/32, VIVEK NAGAR, ASHOK NAGAR, HYDERABAD, Andhra Pradesh	India
S2-995198871	Professional Aerospace International Llc - 8780407421	352 JONATHAN NOBLE WAY, COLUMBUS, OH	US
S2-826599751	VERONlKE'S TGADHLIING	113-B FOREST STREET, PITTSBURG CTY, KS	US
S2-466869292	ਏਸ ਕੰਸਲਟੈਂਸੀ ਲਿਮਟਿਡ	11ND FLOOR, SHOP NO.1 P.P.R MALL, MITHAPUR ROAD, GURU RAVIDAS CHOWK, Punjab	India
S2-930060775	Pvt Global Trading Ltd	CROSS, BSK 2ND STAGE, BANGALORE, Karnataka	India
S2-163183036	JBP Services Ltd	SWAMI SAMARTH NIWAS, FL NO.3 STATE BANK COLONY, SHIRUR, Maharashtra	India
S2-63601531	1405523160 Sapphire (India) -	M-802, SAPPHIRE PARK, AUNDH CHEST HOSPITAL ROAD, HAVELI, PUNE, Maharashtra	India
S2-493606306	Bureau of Housing Housing Inc	VILLAGE OF GERMANTOWN, WI, W168N11370 STONE WAY	US
S2-284541450	Hogg, Horace King Illumination Downtown Services	##213 2ND AVE, QUANTICO, VA	US
S2-81030404	quartz.com	3215 RIMROCK DR, RIMROCK, AZ	US
S2-638860948	division of consumer affairs	6722C SLATE DRIVE, CARPENTERSVILLE, IL	US
S2-737441748	Dr BRIGHT PRIVATE LIMITED CENTER	7-1-2-234/13/39, 2ND FLOOR ARVINDHA NAGAR, DOMALGUDA, HYDERABAD, Andhra Pradesh	India
S2-700128016	Takahashi, Northcutt and Reid Inc. Services	14 SPRINGVALE RD, CORTLANDT, NY	US
S2-631555257	Meridian Lng	7208 BRNDHAVEN DR, CHARLOTTE, NC	US
S2-520664579	PGP Insurance	3/1 N.S.C.BOSE RDNAKTOLA, KOLKATA, West Bengal	India
S2-186424247	Amrita Air Pvt.	DOOR NO 653/1 C/O RAM GOPAL PAL, VILL PAWA PAWA, MOHOBA, उत्तर प्रदेश	India
S2-727855265	Beacon Studios, Engineering LLC	##21 SANDY NECK RD, SANDWICH, MA	US
S2-431489570	Global-Developers Private Limited	DOOR NO 5-27/3 NARSAPUR MAIN ROAD, TADERU, BHIMAVARAM, Andhra Pradesh	India
S2-742233323	JSB & SONS PRIVATE LIMITED	PLOT 646- HOUSE NO. 02/6, SCHEME NO. 5, 6, JIND, JIND, हरियाणा	India
S2-384324441	Loera Golden	37 HILLCREST AVENUE, BINGHAMTON CITY, NY	US
S2-664759444	Regan's  Landscaping Corp	##13384 44TH STREET, MOUNT VERNON, IL	US
S2-449058665	Lumex P1us	#4270 LINDA DRIVE, PORT CLINTON, OH	US
S2-460784113	Private Marketing Ahtle Infraventures Limited	RZ G-682A, RAJ NAGAR, PART-II, PALAM, NEW DELHI, Delhi	India
S2-840169179	BEST-DEVELOPERS CORPORATION	S. NO. ##36/1A/1A/1B, WOODLAND, KOTHRUD, FL - E/111, PUNE, Maharashtra	India
S2-542233298	Bilodeau's Elite Services	37 4th St, BROOKHAVEN, NY	US
S2-9456816	UNITED ALL LLC  SERVICES	5018 AMBER VALLEY PARKWAY, FARGO, ND	US
S2-799919681	स्टार एस्टेट प्राइवेट लिमिटेड	PUNE, Maharashtra, SNO.34/2/1 SHRIKRISHNA COLONY RAHATANI - SASHTRI NAGAR	India
S2-446418799	Morbi Technologies Córp	ગુજરાત, OFFICE NO.38, 4TH FLOOR, CAPITAL MARKET, CANAL RD, MORBI	India
S2-205748643	Children's Ctuncl, [Inc]	66 FARMERS AVE, BETHPPAGE, NY	US
S2-128024898	Tx Holdings	#242 W/O RAM DAS, A-121/2, F/F, KH.NO. 639, A, ASHOK NGR, NORTH EAST DELHI, Delhi	India
S2-467281480	BRIGHT CONSULTING PRIVATE  LIMITED	S/O SH.NARAYAN SINGHYADAV, PH-#4 SHIV VIHAR KARAWAL, DELHI NORTH EAST, दिल्ली	India
S2-466249974	ઈસ્ટ ગેલેક્સી સોલ્યુશન્સ લિમિટેડ	SURVEY /BLOCK NO #192, GUJARAT	India
S2-851237682	Peters, Martinez and Madore Inc.	9131 LAKEVIEW RAD, STILLWATER, OK	US
S2-985262713	Dorsey Insight	MIDWEST CITY, OK, 9709 1/2 LYRIC LN	US
S2-600762266	Mr Kamdhenu Catering (India) Exports	#1/2384-63 , KITEZ ZONE, THOPPINMOOLA, POOTHOLE, THRISSUR, Kerala	India
S2-376925848	Renukadevi Product Limited	115 , 1ST MAIN ROAD 2ND CROSS A BLOCK, AECS LAYOUT, WHITEFIELD, BANGALORE NORTH, Karnataka	India
S2-1725497	Ela Limited Private Solution		India
S2-838309587	COLEMAN MÉTRO PRODUCE P.C.	4333 24TH ST, PO BOX 5870, PHOENIX, AZ	US
S2-1733654	Rahi Siptspng Pvt Ltd	B SECTOR, GARDANIBAGH, POLICE COLONY, ANISABAD PATNA, PHULWARI, Bihar	India
S2-563275270	Seymour Family	WESTERN PARKWAY, SEYMOUR, IN	US
S2-11747125	IVANOV LEST, INC.	#247 HAGEN ST, BUFFALO, NY	US
S2-407948015	Surgica1 Patriot Care Care LLC - 2836919389	605 SANDUSKY ROAD, JACKSONVILLE, IL	US
S2-511827300	BORAA HOLDINGS  CORP PARTNERS	817 W MARKET ST, LOUISVILLE, KY	US
S2-28922011	I D & A Efnpeorts	381 1/2 MAIN ST, NEW LEBANON, OH	US
S2-531557689	Starr Barnes Coastal (Air)	1807 GRANVILLE RD, FRANKLIN, TN	US
S2-677119489	Birch, Gramlich & Corwin Inc	219 WALNOT DR, FRANKLIN, TN	US
S2-269594876	Sangli  International	#95 BELVADE, H N 337, TAL - KADEGAON, BELVADE, SANGLI, Maharashtra	India
S2-588630477	vega united bulkers central inc	ELLINGTON CITTY, 13. GASEK FARMS RD, CT	US
S2-758104705	બેસ્ટ કન્સ્ટ્રક્શન્સ પ્રાઇવેટ લિમિટેડ	BLOCK A 4TH FLOOR 419, KALP BUSINESS PARK OPP VISHALA LANDMARK NR SAHAJANAND PARK, AHMEDABAD, N/A, Gujarat	India
S2-235409456	LTD NESTOR FUELS	H.NO 411 RAM RH, NASHIK, Maharashtra	India
S2-595309508	Applied Equity Digital Partners	##20342 PARK ROW DRIVE, KATY, TX	US
S2-557596520	Swami  Tubes Enterprises Private Limited	OFFICE NO. 1003 13THFLOOR, GERAS IMPERIUM ALPHA, PUNE CITY, Maharashtra	India
S2-335714256	Horizon-Aldel Inc	1912 1/2 GLENWOOD ST, OH, FINDLAY	US
S2-537680616	ROCKY MANAGEMENT INCORPORATED	GA, 40 PEACHTREE VALLEY RD, ATLANTA	US
S2-648910033	Butler Ky Surgical Integrated Health,	14549 AULICK RD, BUTLER KY, KY	US
S2-908759962	Villarreal Galata Platinum	11129 REGENCY DR, WESTCHESTER, IL	US
S2-240369106	ইনোভেটিভ এস্টেট লিমিটেড	NO 76 GROUND FLOOR, 162/1A, BANGUR AVENUE BLOCK-A, KOLKATA, PARGANAS NORTH, West Bengal	India
S2-921636402	George,  Kirschner Coppinger Horse LLC Services	02 WAVERLY STREET, HARTFORD, CT	US
S2-128460500	Noveique Cluure LLC	154 East Ave, BROCKPORT, NY	US
S2-614879703	visionpartners.com	945 EASTERN AVENUE, ARDEN-ARCADE, CA	US
S2-46715599	Neptune Sba (LLP)	D 116, 4TH FLOOR, 76/9A, KISHANGARH, NEW DELHI, NEW DELHI, Delhi	India
S2-285482274	Little Bakery Center Center	CARLISLE, 0075 ACTON STREET, MA	US
S2-979750720	Selestina Lathrop Pacific Alpha Company		US
S2-943026198	llc wood muniyield	701 ROSELEA DRIVE, BUCHANAN DAM, TX	US
S2-258088282	bryant furniture	MA, REVERE, 19 TEDFORD AVENUE	US
S2-278552620	Gurugram Fintech Private	H.NO 1765/3 GALI NO 6, RAJIV NAGAR, OLD DELHI ROAD, GURUGRAM, Haryana	India
S2-518561014	Creative Healthcare Pvt	FLAT NO. 3, AJIT VILLA, 1076/23, GOKHALE ROAD, Maharashtra	India
S2-648488794	k2l.com	5620 PENNSYLVANIA SAINT, PMB 1594, INDIANAPOLIS, IN	US
S2-568827834	Br0wer, Luong and Gravois Origin Corp	HICKORY, 3010 21ST STREET LANE, NC	US
S2-35427816	SUNRISE INFRASTRUCTURE-PRIVATE LIMITED	BUILDING NO.29 PUTHAN VEED VALUVECHAPARA, PANNIYANKARA ALATHUR PALAKKAD, ALATHUR, Kerala	India
S2-197493885	Cordero Modern Sound Group	TX, DALLAS, 13825 GARDEN GROVE DRIVE	US
S2-66465595	Debee Torres, P.C. Services		US
S2-770239742	ईस्टर्न सॉफ्टवेयर प्राइवेट लिमिटेड	92/283, JAIPUR, Rajasthan	India
S2-758964460	Systech Hills (India) Pivae Limited	158 RAJA RAMMOHAN ROY ROAD, KOLKATA, West Bengal	India
S2-750860751	Laborers Únion Local No 595		US
S2-151664571	HE PIONEER GRADE LLC	823 LA LUZ DRIVE, <NULL>, BELEN, NM	US
S2-949665666	Potthoff Krakacquisition of-Green Valley Inc	924 Circulo Napa, GREEN VALLEY, AZ	US
S2-247160986	ಇಂಡಿಯನ್ ಎಂಟರ್‌ಪ್ರೈಸಸ್ ಪ್ರೈವೇಟ್ ಲಿಮಿಟೆಡ್	NO.28, EAST END MAIN ROAD, 9TH BLOCK, JAYANAGARA, BANGALORE, Karnataka	India
S2-396685014	Botetourt County Solhution LLC	947 RAINBOW FOREST DR, TROUTTVILLE TOWNSHIP, VA	US
S2-421990804	Hanover Pediatric Dental Partners Corporation	543-B CIRCUIT ST, HANOVER, MA	US
S2-760703812	Crowther Association [(LLC)]	44 LOWELL AVENUE, HOLTSVILLE, NY	US
S2-430857960	फ्यूचर इंटरनेशनल प्राइवेट लिमिटेड	NR NP, JALGAON, CHALISGAON, Maharashtra	India
S2-801751736	Valley Ministries	SOUTHBRIDGE ST, AUBURN, MA	US
S2-459995513	CX LIMITED  SERVICE	DOOR NO 3-402 SAMPADA APARTMENT, SECTOR 46, FARIDABAD, हरियाणा	India
S2-500755888	Smt Headway Ventures	603/7, SANJAR ENCLAVE, OPP. MILAP CINEMA, S.V. ROAD, KANDIVALI - WEST, MUMBAI CITY, महाराष्ट्र	India
S2-72416616	Husser, Long ánd Ansley LLC	21064 CAMDNE AVE, DOUGLAS COUNTY, NE	US
S2-938559567	CASCADE  SOClETY LLC	1007 CADILLAC STREET, KANNAPOLIS, NC	US
S2-243627614	Pfievarte Baba Roadways Limited	A. A HEIGHTS, SURVEY NO. 93, PLOT NO 25, 26 & 27, INDIRA NAGAR, GACHIBOWLI, HYDERABAD, GACHIBOWLI, HYDERABAD CITY REGION, K.V.RANGAREDDY, Andhra Pradesh	India
S2-395860766	Neumann Corporation	5345- 14TH AVENUE, MINNEAPOLIS, MN	US
S2-377181975	Aurangabad Plantations Private Ltd	PLOT NO 399  , WALUJ MAHANAGAR CIDCO I OPP. CIDCO OFFICE WALUJ, BAJAJ NAGAR, AURANGABAD, Maharashtra	India
S2-221732138	Prime Technical Products, Ltd.	TX, 2907 POPLAR ISLE, MISSOURI CITY	US
S2-304748794	VFASHION.COM	3966  Weybridge Way, ANTELOPE, CA	US
S2-444317957	Sales Essential Private Private Limited	35, 2ND CROOS, SANDYAGAPPA LAYOUT H. A.F POST, KEMPAPURA HEBBAL, BANGALORE, Karnataka	India
S2-512237933	Polaris	CABIN KNOLL FORK, PIKEVILLE, KY	US
S2-562190485	Hardrock Jéwels Pvt Ltd	Odisha, FLAT NO-L/B3/1, NETAJI, SUBASH ENCLAVE, GADAKANA, BHUBANESWAR	India
S2-422319749	Jainsons &  Partners	PLOT NO.321, G.I. D.C. PANOLI PANOLI, Gujarat	India
S2-831093163	Hashtag Products (India) Dlf Qe Co	4TH&9TH FL, DLF PH-5 SEC-, 43 GOLF COURSE RD, DLF QE, हरियाणा	India
S2-65626917	Moorpark Sports, Inc	11379 BROADVIEW DR, CITY OF MOORPARK, CA	US
S2-881452548	Youth Project	220. RAPP ROAD, TALENT, OR	US
S2-585209398	DOLPHIN FDB ASSOCIATES	COMMERCE HOUSE2 GANESH CHANDRA AVENUE, KOLKATA, West Bengal	India
S2-351218802	Kulkarni, Taylor & Hérrera Calamos	ANGEL SPRINGS DR, SUGARL AND, TX	US
S2-611742470	BUTLER RIDGE MSAITIN LLC	1686 SHANLEY DR, COLUMBUS, OH	US
S2-780322364	Hilbert Flag Co	1850-A AMERICAN WAY, EAGLE MOUNTAIN, UT	US
S2-228486249	ഗ്ലോബൽ ഈസ്റ്റേൺ ടെക്നോളജി പ്രൈവറ്റ് ലിമിറ്റഡ്	HOME CENTER MUKKAM BYPASS ROAD, <NULL>, KOZHIKODE, Keralam	India
S2-178433000	Mathura Private Cafe Limited	C/O BRIJESH DEEPAK SHISU MANDIR, ALIGANJ PURANI BAZAR, SHAHGANJ, उत्तर प्रदेश	India
S2-105540671	ब्लैक कृष्ण आईटी प्राइवेट लिमिटेड	SARYUG VILLA GANGAPUR, P.O. - MASODHA, SHEIKHPURA, Bihar	India
S2-856048107	WILLIAMS MORTGAGE LLC	ROODHOUSEC DP, 00718 Briggs Street, IL	US
S2-934168973	Hih It Limited	318, 3RD FLOOR, ZODIAC SQUARE, OPP. GURUDWARA, S.G. HIGHWAY, AHEMDABAD, BODAKDEV, Gujarat	India
S2-866457670	Oasis India	Maharashtra, 02, SHUBHAM PREMISES CO. OP. SOC. LTD., CARDINAL GRACIOUS ROAD, CHAKALA, ANDHERI (, E)	India
S2-283100870	HLQA Sólutions Private	C-54A SARAT BOSE ROAD 6TH FLOOR, KOLKATA, KOLKATA, West Bengal	India
S2-919334837	Fine Educational Society Corp	NO 4 NAVJEEVAN VIHAR NEAR AURVINDO COLLEGE, NEW DELHI, Delhi	India
S2-494124193	Pvt Paramhans & Brotrhs Holdings Ltd	DOOR NO 62 C/O JYOTI KUMARI DEV JU DEV HOTEL FORT VIEW, NULL, TIKAMGARH, मध्य प्रदेश	India
S2-302956751	STIFF PRODCUER  LIMITED	#D/19-3-2-C2/A7 JAYA NAGAR, SRINIVASA PURAM, TIRUPATHI, ఆంధ్రప్రదేశ్	India
S2-439163885	Dr JINDAL CO VENTURES SERVICES	4-2 NAVROJI STREET THAKURDWAR, MUMBAI, महाराष्ट्र	India
S2-368846644	My & Snns Private Limited	##8, NEW ARVIND NAGAR, UDAIPUR, Rajasthan	India
S2-908303282	Gulf Initiative Co	KY, ASHLAND, 2764  CARTER AVE	US
S2-826461333	Thomas's Publishing	ANNAPOLIS HOUSE RD, BETHANY BEACH, DE	US
S2-171100423	SILVER HIGHLAND LAUNCH	5769 FAIRWAY DRIVE, SOUTH BELOIT, IL	US
S2-225256306	Batra &	NO 95 , SUKUN SOCIETY, N, R.AAYESHA MASJI,D VEJALPUR, AHMADABAD CITY, Gujarat	India
S2-945515631	Srimadhopur Call	H.NO 821 C/O SYAM LAL DEENESH KUMAR WARD NO 10, MOHALLA CHOTIYO KA, SRIMADHOPUR, Rajasthan, null	India
S2-596878321	PRIMARY CARE CLINIC LLC	102 9RD AVE, CAPITOL, AZ	US
S2-424302523	Lea Itineratinodl	OH, 2441 S 8 ST, IRONTTON	US
S2-989972294	Jimenez Integrated Arbor Summit P.C.	6462-D STEDMAN SHERMAN RD, MAYVILLE, NY	US
S2-531415680	Pediatric Dentistry Care Ínc. | www.pediatric.com	GREENFIELD, MA, 53 DEVENS STREET	US
S2-324666424	Raven, Inc	266 Glenview Circle, VALLEJO, CA	US
S2-620123006	BEHAVIORAL HEALTH INTERSTATE CARE [ASSOCIATES]	08400 4000, WEST JORDAN, UT	US
S2-106295375	Shubham & Partners Limited	103 MDN 335 JALARAM KRUPA CHS LTD., CHINCHOLI BUNDER SCHOOL, MALAD WEST, MALAD WEST, Maharashtra	India
S2-898603721	इंडियन एनर्जी स्वीट्स	NO 940 F-4B, LUCKNOW, Uttar Pradesh	India
S2-746566824	Mayers's Anchor Grading	1844 ENCINAS LN, PHOENIX, AZ	US
S2-178231625	ARIES & ASSOCIATES HOLDINGS PRIVATE LIMITED	DOOR NO #44/3091 , A 10 SY, NO 204/2-14, PETRA HEIGHT, ERNAKULAM, Kerala	India
S2-556957019	HALCEX ALIBABA  CENTER	490 WOODCREEK DR, BOLINGBROK, IL	US
S2-297487585	ALLIED (LEAGUE)	NORFOLK, MA, 121 FARRINGTON AVE	US
S2-96691896	memorialprogram.com	214  RUTH AVENUE, PHONIX, AZ	US
S2-481128699	shirazenergy.com	303/304, AHIMSA APARTMENT, AHIMSA ROAD, OFF LINKING ROAD, CHINCHOLI BANDER, MALA, D WEST, MUMBAI, Maharashtra	India
S2-684291028	Bush + Rice Inc.	##24 PERRAULT RD, NEEDHAM HEIGHS CDP, MA	US
S2-657037105	ஃபியூச்சர் டெக்னாலஜி ஜெனரல் பிரைவேட் லிமிடெட்	NO 32 NADU PALANI KOIL ROAD PERUKARANAI, KANCHEEPURAM, CHEYYUR, Tamil Nadu	India
S2-500594685	Elpis Structures	M 010/246 MAHARASHTRA HSG BOARD GOKHALE NAGAR PUNE., PUNE, महाराष्ट्र	India
S2-411680588	Ziranzh Techno1ogies Private  Limited	H-942, INDUSTRIAL AREA, CHOPANKI, राजस्थान	India
S2-985269303	KZ Midwest		US
S2-977694963	Baynard & Jones Deli Inc.	505 RIDGEBURY RD, RIDGEBURY, CT	US
S2-838861846	Mumbai Travels Ltd	NO 901 PLOT 116, FLAT 601, FLOOR 6, PANJU MAHAL CHSL, B. J. ROAD, NR GALAXY APTS, BANDRA, (W), MUMBAI, Maharashtra	India
S2-442086124	Tracy Services	787 COUNTY ROAD 206, BREMOND, TX	US
S2-990682127	surgicalcare.com	9810 SKY VISTA DRIVE, HUNTERSVILLE, NC	US
S2-70549943	seprivate.com	BLOCK C-635 E272, SOUTH DELHI, Delhi	India
S2-434533092	বোম্বে ইনভেস্টমেন্ট প্রাইভেট লিমিটেড	West Bengal, METRO, HOWRAH, 56	India
S2-677813132	Cobalt Inc	308 MAY DRIVE, MADISON, TN	US
S2-709279250	Buck Equity Partners Co	##2208 GRAFTON SHOP RD, FREST HILL CITY, MD	US
S2-254648862	Suriel & Parton Parton Muniholdings	5921 POSTGATE LN, WAXHAW, NC	US
S2-824708203	Sterling Asa	10507 BELLROSE SAINT, FLORENCE ITY, AZ	US
S2-176727752	JUNIPER	SUMMERDALE, 55, AL	US
S2-42243395	ગ્રેટ ડ્રીમ એન્જિનિયરિંગ રેસ્ટોરન્ટ	#3-11, BROOKLYN TOWER, NR. YMCA CLUB, AHMADABAD CITY, AHMADABAD, Gujarat	India
S2-470903057	ROCKY PRLOGRMA LLC	N6349 BLUEBERRY ROAD, <NULL>, SCANDINAVIA, WI	US
S2-307946312	Sarvadnya  Farm Private Limited	263-A, PATEL NAGAR SECTOR-9, INDRA NAGAR, LUCKNOW, Uttar Pradesh	India
S2-340522011	सन बिजनेस प्राइवेट लिमिटेड	##25 MIG, DEWAS, Madhya Pradesh	India
S2-9634086	Smt Inter Trading-Private Limited	MUMBAI PUNE ROADPHUGEWADI NEXT TO SANDVIK ASIA, PUNE, Maharashtra	India
S2-986787546	Cobalt Corporation	280 ACACIA LANE, WADSWORTH, OH	US
S2-832575187	INTEGRATED GREAT RIVERSIDE INC	##81 Brighton Ave, BROOKLYN, NY	US
S2-789852375	Sterling  Energy Works Inc (ID: 62803)	4900- JACKSON ST, MUNIE, IN	US
S2-624620610	Dunning Starry Llc	1352D HARBOR LIGHTS ROAD, SUAMICO, WI	US
S2-628509139	rpeconomic.com	320 101 STREET, ROCKAWAY PARK, NY	US
S2-233994357	Certified (Energy)	2174 TENTH AVENUE, PINE BLUFF, AR	US
S2-175029936	Hedwig Lopez Grand Gróup	61RD DRIVE, MARYSVILLE, WA	US
S2-693577540	Mr South Private Steel Limited	B3/412A, HANUMAN NAGAR MEDICAL COLLEGE SQUARE, NAGPUR, महाराष्ट्र	India
S2-850096608	HQX Ácademy LLP	SHOP NO. G-4 , 3RD LANE, KASTURI NAGAR, RAYAGADA, Odisha	India
S2-931516212	L.L.C. Reliable Industrial Cfsultants	218 CRAZY HORSE DR, HAILEY, ID	US
S2-394801560	Nexeas Credit LLC	899 WHITE FLASH RD, MT OLIVE, NC	US
S2-309400967	ગ્રેટ વેન્ચર્સ લિમિટેડ	B15 SHRI RAMNAGARAMRAKUNJ, AHMADABAD CITY, AHMEDABAD, ગુજરાત	India
S2-205935593	BARBER & ÓLIVAS CREATIVE LLC	216 COLLEGE AVENUE, APPLETON, WI	US
S2-855831597	Properties Sp Technology Ltd	Maharashtra, SR NO 4 SHOP NO 141, PMC SHOPPING CENTER NR BUN, HADAPSAR, PUNE	India
S2-210799457	Mountain Initiative  Ltd	3322D LINCOLN AVENUE, RENTON, WA	US
S2-722393571	യുണൈറ്റഡ് ഇൻഫോടെക് പ്രൈവറ്റ് ലിമിറ്റഡ്	BLOCK C-255 GROUND FLOOR NORTH SQUAREPARAMARA AROAD COCHIN, Keralam, KOCHI, IDUKKI	India
S2-309795892	Enet Raghu Overseas	170A, GURU NIWAS, LGF SHOP, GALI NO-2, GOVINDPURI, NEW DELHI, Delhi	India
S2-873860395	Mr Venkateswara Spiras Private Limited	IX/21B DEVELOPMENT AREAERUMATHALA POST ALWAYE, ERNAKULAM, Kerala	India
S2-189305879	Wise Services Pvt Ltd	NO 57 C / O CHANDRA, HOUSING BOARD, MELAMADAI, MADURAI, Tamil Nadu	India
S2-811079277	Tadaify Corporation	SCIENCE PARK DR, PORTLAND, OR	US
S2-155455751	YFV POWER PRIVATE LIMITED	SHOP NO. 1, PLOT NO. 260, WARD 12B, GANDHIDHAM, Gujarat	India
S2-500948372	Luciana's Partners	5132 OTSEGO STREET, DULUTH, MN	US
S2-59931998	Stuber, Pirtfefsield & Lobato Rate PC	379 Crescent Ave, CHELSEA, MA	US
S2-874938733	CLEMENTINE CLEVENGER PEOPLES LLC	10821 BAY RIDGE DRIVE, DARDANELEL, AR	US
S2-902582027	Pink  Coir Limited	CHALUKYA NAGAR, BESIDE ASHRYA NURSING HOME, LINGAD ROAD, BIJAPUR, Karnataka	India
S2-429714134	PKHACADEMY.COM	5, PREM COLONY, AIRPORT CIRCLE, SANGANER THANA, JAIPUR, Rajasthan	India
S2-699190345	Pragathi Bróthers Group Private Private Limited	HOUSE NO. 12 UTSAV, MAHANAGAR, PHASE 2, BAREILLY, Uttar Pradesh	India
S2-220997153	Zelois Legacy-Rising Inc	177 SCHILLING COURT, N/A, RUSTBURG, VA	US
S2-480231956	Howard, Papagena Cálifornia	1911 49ND ST, TULSA, OK	US
S2-154063343	Complete Royal Mobility Inc	HEMPSTEAD, NY, 00560 ARLINGTON DR	US
S2-656287695	VALENCIA, VALLI ALLEGRO P.C.	2905 JANICE DR, MISSION, TX	US
S2-716818471	శక్తి అల్ ఇంజనీరింగ్ ప్రైవేట్ లిమిటెడ్	FLAT NO. 31, VISHAKHAPATNAM, <NULL>, Andhra Pradesh	India
S2-21294737	Ortega and Leal Ltd	3864 GRAND NATIONAL DR, FLORISSANT, MO	US
S2-796138953	ESSEX SÚPERIOR VILLAGE WESTGATE	ESSEEX, MD, 310 TOWNSEND RD	US
S2-385506432	Aviquo Allied Hair Studio	7006 SR 930, NEW HAVEN, IN	US
S2-819620168	Orthopedic Supreme Partners Ltd	9710-9714 281, DUNSEITH, ND	US
S2-791634754	WADE MANULIFE GROUP		US
S2-542437660	Ghaziabad Realters Limited	BLOCK C-175 KI-127, KAVI NAGAR, GHAZIABAD, NULL, Uttar Pradesh	India
S2-818865818	Empire Alliance	25101 LONG DRIVE, MABELVALE, AR	US
S2-965929591	Zephay  Premier LLC	373 MT JULIET ROAD, TN, MT JULIET	US
S2-869675911	Y 5 Y  LLC Charles	489 1/2 STONE CT, OGDEN TOWNSHIP, UT	US
S2-682538932	Bangalore Network Private Ltd	14, MADHU COMPLEX, II FLOOR, B.M. NORTH CROSS ROAD, V.V.PURAM, BANGALORE, ಕರ್ನಾಟಕ	India
S2-861242079	D0minguez and (Turner-LLC)	4227 GARDEN LN, ROCKFORD, IL	US
S2-45508951	Allied Peak  Stellar LLC	MANILLA, IN, 750	US
S2-667608316	U Y & S Tpg Group	67817 GREAT RIVER RD, JACOBSON, MN	US
S2-421078322	Silver Pizza	BLYTHEVILLE, 2201 CAROLYN AVE, AR	US
S2-694524049	Susy Vsrgla Liberty Pro Inc	1062 North St, WALPOLE, MA	US
S2-518636747	EAR NOSE and THROAT OPTIMAL	##605 24ND ST, NIAGARA FALLS, NY	US
S2-625064314	ADOPT IVATE PRÍVATE LIMITED	NO 4 , MANU VIHAR, EXTENSION VKI AREA, JAIPUR, Rajasthan	India
S2-505412477	Ghb Chemicals Public Limited	CABIN TERMED TURING MACHINE ON THE 6TH FLOOR PREMISES, SURYA PARK II 14, 3RD CROSS, SURVEY NOS SY NO 91/1 91/2 91/3, VEERASANDRA VILLAGE, HOSUR ROAD, BANGALORE SOUTH, Karnataka	India
S2-95568904	DOMINGUEZ  HEALTH CENTER	4506 Old Yale Street, HOUSTON, TX	US
S2-261024705	സിറ്റി ഇൻഫ്രാസ്ട്രക്ചർ പ്രൈവറ്റ് ലിമിറ്റഡ്	ERNAKULAM, Kerala, GROUND FLOOR, GEORGE TECHNOLOGY ARCADE, K C JOSEPH ROAD, PANAMPILLY NAGAR, PLOT 260 G-63	India
S2-97306857	Cardinal	173- SHELDON HILL ROAD, OLIVEBRIDGE, NY	US
S2-521872456	Roque Family Practice Inc.	39 LINCOLN AVENUE, EMMITSBURG, MD	US
S2-808694908	Hernandez, Vitello  & Evans	ORCHARD STREET, LINCOLN, NE	US
S2-799248130	CO OLSEN MFA	1846 TROSPER RD, TUMWATER, WA	US
S2-15674679	Duffey Great Equipment, LLC	0097 WEYMOUTH ST, ROCKLAND, MA	US
S2-718807938	THE LAYNEY FINLEY CUSTOM NEUROSCIENCES LLC	#14 LEDYARD STREET, SPRINGFIELD CDP, MA	US
S2-621505462	Nsn Private Limited Services	ಕರ್ನಾಟಕ, null, UMABHARATI, CTC 5179, SECTOR 9 NANDINI MARG, ANJANEYA NAGAR, M M EXTENS, ION, BELGAUM	India
S2-97179264	Rapid Golden	BIG HORN STREET, CASPER, WY	US
S2-262312903	JS Seafood (Holdings)	SUAGR LAND, 1491 SUGAR MIST LANE, TX	US
S2-9308859	FORCE LLP SERVICES	OFFICE NO G-210, A WING SHIV CHAMBER SECTOR 11, CBD BELAPUR, BELAPUR, Maharashtra	India
S2-794398379	Vee  Sangh	Madhya Pradesh, WARD##34 BEHIND NEW HOUSING, BORD COLONY MARUTI NAGAR, DATIA	India
S2-306151879	Textiles Modern Foods Foods	A-117 SHANTI SHREYAS C H S LTDSECTOR 17 VASHI, THANE, NAVI MUMBAI, Maharashtra	India
S2-696640506	infinite producer private limited	WARD #8 NO454 2ND FLOOR KUNNATHUPARAMBIL, KAVASSERY VAKKILPADY ALATHUR, ALATHUR, Kerala	India
S2-944432778	Pediatric  Dentistry Strategic Associates Greater LLC	113 FAIRMOUNT STREET, DORCHETSER CENTER, MA	US
S2-464669590	Fox Inc. Copper Rapid - 3247687566		US
S2-980708422	Peak  Virginia		US
S2-218626843	Foods Sanjay Pick Pvt Ltd.	HD-159, WEWORK PRESTIGE ATLANTA, 80 FEET MAIN ROAD, KORAMANGALA, 1A BLOCK, BANGALORE SOUTH, Karnataka	India
S2-606354334	6race Presbyterian Church LLC	CARY, NC, 81 SUMMERWINDS DRIVE	US
S2-590423527	Dominic Dominic Private-Limited Center	DOOR NO G-7 , ADIL APARTMENT, OM NALAR NSP E VASAI PALGHAR, VIRAR, Maharashtra	India
S2-774031665	United Quality Newbury Llc	2915- LONGACRE DRIVE, EVANSVILLE, IN	US
S2-217310551	ड्रीम इंफ्रास्ट्रक्चर प्राइवेट लिमिटेड	BLOCK E-829 60, GALI GUGAN SINGH HAVELI, DELHI, null, Delhi	India
S2-196984076	Smith Hcm Holdings	0232 MILWAUKEE ST, THERESA  CDP, WI	US
S2-137721083	Dr Laxmi Kripa Public Limited	#885 GROUND FLOOR 6/23, RAILWAY PARELLEL ROAD KUMARA PARK EAST EXTENSION, BANGALORE, ಕರ್ನಾಟಕ	India
S2-432499908	Rapid Yield	13618 SCHOOL STREET, RIVERDALE, IL	US
S2-960659935	Jordan, Montgomery and Hoaggins Engineering LLC | www.jordanmo.com	97 QUINT AVENUE, BRIGHTON, MA	US
S2-709576782	Bureau of Veterans Aaftts LLC	2838 SHIMMER LN, PMB 8870, GRANTS PASS, OR	US
S2-798972360	आनंद मार्केटिंग लिमिटेड	Haryana, BOOTH NO.##46, FARIDABAD	India
S2-217550274	LLC Brown Interstate Commercial Central,	3749 CEDAR LAKE PARKWAY, MINNEAPOLIS, MN	US
S2-919466784	Human  Rights Uptown Partners	1133 GILL STREET, WATERTOWN, NY	US
S2-411462423	TWISTED GRÍLL!	220- GREENFIELD RD, MESA FALCON FIELD, AZ	US
S2-523955845	fairleydesertnewhold.com	1005 FLORIDA LN, ELK GROVE VILLAGE, IL	US
S2-760313958	Youth Alliance Corp	##9816 EMERALD POINT DRIVE, CHARLOTTE, NC	US
S2-856941269	INFRA MIENTA INFRAPROJECTS LIMITED	Andhra Pradesh, 13-216, MANIKANTA NAGAR, REVENUE WARD-15, VIJAYAWADA (RURAL)	India
S2-127928747	JANETA CAVANAUGH PRECISION ADVERTISING CLINIC (LTD)	26 MOOSE JAW TRAIL, WHITEISH, MT	US
S2-222241041	डायनामिक सिटी एंटरप्राइजेज प्राइवेट लिमिटेड	Delhi, NEW DELHI, B-2/2184, VASANT KUNJ	India
S2-750955515	Abhiruchi  Mnohril Trust	E-71, RAMGARH RAJA S. C. MULLICK ROAD, FIRST FLOOR, KOLKATA, KOLKATA, West Bengal	India
S2-809711028	Children's Pinnacle  Trust	PMB 2260, 949 HARRISON CIR, VA, ALEXANDRIA CITY	US
S2-322545787	KEYS VETERINARY CMIINC-INC	1121 CLARE COUT, CASCADE, IA	US
S2-803592574	Highland  Pediatric Dentistry Integrated Specialists	12673 ANGELS GATE, AMERICAN FORK, UT	US
S2-551679176	NORTH TRUSTED AGRICULTURE INCORPORATED	854 ENGLEWOOD CV, MEMPHISC ITY, TN	US
S2-519588694	Nylanex - 8984140124	PLTO 101 92/1, 5TH CROSS MALLESWARAM, BANGALORE, ಕರ್ನಾಟಕ	India
S2-699650823	Safe Signature Muzero Corp	1670 Hillcrest Road, MOBILE, AL	US
S2-101988027	Creative Pmoettiaes LLC (ID: 60876)	9108 AUSTIN TRAPHILL ROAD, TRAPHILL, NC	US
S2-352986236	Shellman Wireless of House Springs LLC	6221-A VISTA VIEW DR, HOUSE SPRINGS, MO	US
S2-269854461	Blue Kalpana Private Limited	NO. C/9II, PHASE II, ZONE-B MEPZ-SEZ, Tamil Nadu	India
S2-672471315	Lighthouse Nest (India) LLP	#180 FLAT NO - A-110, UTTORA TOWNSHIP GOSHAIPUR, PHANSIDEWA, DARJILING, West Bengal	India
S2-818259839	Bright Secure [Vista]	9513 MELLOW CT, LAUREL, MD	US
S2-900654127	Western Regional Post Greater	003451 SYCAMORE CT NORTHEAST, CEDAR RAPIDS, IA	US
S2-722603070	Blue (Massage)	7930 BENT MOUNTAIN ROAD, ROANOKE, VA	US
S2-518179365	Wegner, & Moreno Allen Corp	NY, 471 HOE AVE, BRONX	US
S2-229962546	Painters Union Local No	0216 W WOODLAND AVE, UNDERWOOD, MN	US
S2-542402013	India Options Bright Private [(Limited)]	SHRI MURKUTE PREM BANSILAL FL.NO C/18 NANDLAL GARDEN SNO-265/6/10 10BANER PUNE, PUNE, महाराष्ट्र	India
S2-399683520	Private Bank Technologies Limited	HOUSE NO. 187, HOSHANGABAD, Madhya Pradesh	India
S2-450858686	Cardiology Specialists of Mrgcer Island Inc	##7019 82TH AVE, MERCER ISSLAND, WA	US
S2-910222247	BIUM  PARTNERS	21 MEADOWLARK LN, NAPOLEON, OH	US
S2-317989939	SAEEVN & (CO)	BLOCK A-A-32 FLAT NO- 2 & 3 PARK PALACE, KOLKATA, West Bengal	India
S2-978545873	Stephens Clear  Vaneck	022070 RED RIVER DRIVE, KATY, TX	US
S2-616167928	Sri Omega (Iecai) Mahadev Corporation	C/O RAM SUNDER, FAIZABAD, DHEEBIRBEE ASTIKAN, MILKIPUR, उत्तर प्रदेश	India
S2-466967679	Nilinet Corporation Inc	166 PLAZA DR, VALLEJO TOWNSIP, CA	US
S2-150963853	The Vion LLC		US
S2-991521451	Pvt Nashik Height Industries Ltd	OFFICE NO. 67, 6TH FLOOR, BUSINESS BAY PREMISES CO-OP HSG SOCIETY LTD, S N KUTE MARG, TIDKE COLONY, NASHIK M.CORP, NASHIK, Maharashtra	India
S2-224682063	Odille Monroe Silver LLC Services	#913 JOHNSON STREET, SALISBURY, MD	US
S2-496024117	(india) Roman Fusions Private	H.NO 162 , BBMP KHATHA NO925/162, 9TH MAIN, 14TH CROSS SECTOR - 6, HSR LAYOUT, BANGALORE, Karnataka	India
S2-300559990	Dental Diamond Care Associates	642 PEEKSKILL HOLLOW RD, PUTNNAM VALLEY, NY	US
S2-489290326	Elayne's Farms LLC	241 VINE ST, SALT LAKE CITY, UT	US
S2-444945373	FUNDERBURG OF SIMS and PHOENIX, LLC	4011 44TH ST, PHOENIX, AZ	US
S2-836050391	SS Farmers Private Ltd	##220-221, 2ND FLOOR, OM SHUBHAM TOWER NEELAM BATA ROAD, NIT, FARIDABAD, FARIDABAD, Haryana	India
S2-621216422	COTTINGHAM, WEST RAMOS LLC PARTNERS	10008 SMITH RD, CATO, NY	US
S2-225085900	Corp Optimal Research Ventures	414 1/2 RIVERSIDE DR, GURNEE, IL	US
S2-436120738	Yog Co (&)	D 41 202 SHANTI NAGAR SECTOR 9, MIRA ROAD THANE, THANE, Maharashtra	India
S2-593071281	ஜெய் இண்டஸ்ட்ரீஸ் டிரேடிங் பிரைவேட் லிமிடெட்	NEW NO. 148 NAGAMMAL KOVIL STREET, DINDIGUL, Tamil Nadu	India
S2-587127612	Knight, Barnett and Li Partners	7046 BUCKRAM OAK DRIVE, MONTGOMERY, AL	US
S2-47667961	Highland  Society IV		US
S2-61695206	d0menigaingrahamharbor.com	12 GLORIA ST, TIBODAUX, LA	US
S2-370892711	ENERGY TROIKA HOMES PRIVATE LTD	Delhi, 40-41, KH. NO. 619/71 CHATTARPUR, SOUTH WEST DELHI	India
S2-116801628	Lilly [Astiengesellschatf]	14 GARIN TERRACE, NULL, LOWELL, MA	US
S2-934608391	Golden Indo Products Stores Private	DOOR NO 58-1-398/10 , BUCHIRAJUPALEM NEAR N.A.D.JUNCTION, OPP.ALFA HOTEL, DAD, I COMPLEX, VISAKHAPATNAM, Andhra Pradesh	India
S2-835138443	Chapel, Laney and Aultman Landscaping, LP - 3269222535	#58 JORDAN SAINT, BEVERLY, MA	US
S2-867382421	387 Main Avenue Management PLLC	3002-3004 GREENBRIAR DR, JONESBORO, AR	US
S2-884813114	GL  PARTS	MA, SPRINGFIELD, 117 ASHBROOK STREET	US
S2-733402251	EAST GÚLF POINT	608 ELWOOD AVE, TULSA, OK	US
S2-773414526	Cinder Corporation	4336. GLENHAVEN DR, PECOS, AZ	US
S2-380035444	GILBERT, JENKINS & LIPFORD (LLC)	1660 PARKRIDGE DRIVE, SPRINGFIELD, OH	US
S2-72836343	Delhi Management Overseas Limited	C-2-40 FLAT NO 111, FIRST FLOOR, PANDAV NAGAR, DELHI, Delhi	India
S2-318105691	BUREAU OF FINANCE	WINTER WHEAT PL, SPRNG, TX	US
S2-265499521	Tigard Cultural-Trust Co	7855 CHESTNUT ST, TIGARD, OR	US
S2-810807770	Kritika Bay Private  Limited	C/O MOH. MUJAHID HUSSAIN, PAHARPUR, NR DM KOTHI, B/H POLICE COL., SEC-D, P.O.ANISABAD, P.S. GARDANIBAGH, PATNA, Bihar	India
S2-205502216	ശിവ് ബിസിനസ് പ്രൈവറ്റ് ലിമിറ്റഡ്	PMC XXI/1413, NEAR PRIVATE BUS STAND, ERNAKULAM, Kerala	India
S2-449738851	Cascade Manufacturing	1675 OAK VALLEY ROAD, CALVERT CITY, KY	US
S2-562083919	Ward and Lrsuetn Towing LLC		US
S2-350639903	BENNIE C. YOUNG, D.O. OF FORT WORTH  LLC	9700 MOTLEY DR, FORT WORTH, TX	US
S2-317732873	Hopson Cosros LLC	00191 MAPLE ST, BROOKHAVEN, NY	US
S2-593487033	Sorrentino Beyond  LLC		US
S2-301993127	UT Crihdcld  P.C.	9150 258ST LANE, BUCKEYE, AZ	US
S2-359820757	Heritage Bridge, Partners	1217. Hartsville New Marlborough Rd, NEW MARLBOROUGH, MA	US
S2-492660213	Longfellow & Cerda Malt (LLC)	2918 Desert Cove Avenue, PHOENIX, AZ	US
S2-471215013	Green Chemial Associates, LLC	01288 ROYVONNE AVENUE, SALEM, OR	US
S2-175874676	Harvey's Cóffee	10299 DARKWOOD DRIVE, FRISCO, TX	US
S2-534004152	Womens Health Medticcine LLC	4755 ROUTE 85 HWY, PMB 1055, SOUTH MAHONING, PA	US
S2-949609589	Harden, Miranda and Maniaci Ltd.	2360 MOMNTAIN VIEW RD, PORT ORCHARD, WA	US
S2-922477258	Pediatric Unified Center Holdings	24 RODA 3059, SPENCERVILLE, NM	US
S2-279857257	East-Classic Tisknemgos LLC	MASSAPEQUA TOWNSHIP, NY, 281 BAYVIEW AVE	US
S2-444131037	PRESA ROCKY EGH	4101A GREENSBORO ST, CHARLOTTE, NC	US
S2-226698507	Mirabelli's Fisheries	732A BEECH STREET, GURDON, AR	US
S2-923918089	ईस्टर्न फाइनेंस लिमिटेड	FAT NO-C-3-0103, SECTOR-46, NOIDA, GAUTAM BUDDHA NAGAR, उत्तर प्रदेश	India
S2-655041694	Estele M0ran-Tavia	72 OLD IRONSIDES WAY, BOSTON, MA	US
S2-869386886	Granite Inc.	7126 LAKESHORE DRIVE, GREENFIELD, IN	US
S2-254161382	Partners Moque Corp	16680-C VAL VISTA ROAD, CASA GRANDE, AZ	US
S2-91616724	EASTERN LEARNING	4230 FIFTH STREET, PHOENIX, AZ	US
S2-510424275	Bharat इंफोटेक लिमिटेड	C/O VIKENDRA, MOHALLA, KALYAN NAGAR, SHAHBAZPUR, BUDAUN, BUDAUN, Uttar Pradesh	India
S2-20521724	PATRIOT FEDERATION LP	CARMEL, IN, SPRINGMILL COURT	US
S2-846285075	CLEAR ACQUISITIONS LLC	10465 Pinto Street, MAYER, AZ	US
S2-87338745	tréattrujillokarl.com	119 CHICAGO AVE, WESTMONT, IL	US
S2-997168705	Shivangan Biryani	O-144, THE SHOPPING MALL, ARJUN MARG, DLF PHASE 1, DLF QE, NULL, हरियाणा	India
S2-726421800	Castaneda & Solution Rivera	3453A 229, BRECKENRIGDE, TX	US
S2-702070746	Mithilanchal Solutions (India) Limited Partners	214 , SARASA VILLAGE ROAD AT & POST VILLAGE KANERA, TA. KHEDA, KHEDA, Gujarat	India
S2-494430593	Rak (India) Mteas1 Ltd	C-10, 3 RD FLOOR, VAISHALI NAGAR, JAIPUR, Rajasthan	India
S2-908502780	ANIL REAL PRIVATE LIMITED	PLOT 499 4417/7, ANSARI ROAD, DARYA GANJ, NEW DELHI, Delhi	India
S2-133882299	FIONNA'S HARBOR FLOSD	2630 WICKLOW RD, COLUMBUS, OH	US
S2-100251681	PRAIRIE APOGEE ASSOCIATES  LTD	10826 K, PO BOX 1504, CATO, WI	US
S2-779072102	Modern Cargo Industries, Llc	314-318 1st St, ALBUQUERQUE, NM	US
S2-907713726	Cammy Harris Óncology LLC	FOREST LAKES, 2916 Larson Loop, AZ	US
S2-936466126	West Valley City Economic Development Anchor Center Corp	WEST VALLEY CITY, UT, 4973 CHERRYWOOD LN	US
S2-363654366	KRISHNA LOGISTICS LIMITED	8, G.R. COMPLEX QUEENS ROAD, Punjab	India
S2-631104870	Metro Green Graf	195389 4420 RD, RINGODL, OK	US
S2-202513751	Ba & Ltd (Services)	Delhi, DOOR NO 847/1 , GROUND, FLOOR RIGHT SIDE, NEW DELHI	India
S2-940078956	castillo & johnson southern	274 CR 461A, BRAZORIA, TX	US
S2-325107119	Mr Sunrays Nursing Home Limited	25/27 GREAMS ROAD THOUSAND LIGHT, CHENNAI, Tamil Nadu	India
S2-903132026	Select Precision Patriot Corp	W224N2379 ELMWOOD DR, WAUKESHA CDP, WI	US
S2-533753134	Pvt. Attar Polytech Enterprises Ltd.	208, BLDG B, VASTU NR MODELLA MILL, OPP RAHEJA GARDEN, LBS MARG, THANE, महाराष्ट्र	India
S2-294419557	Autism Assistance Project	3912 MONUMENT AVENUE, RICHMOND CITY, VA	US
S2-581003900	Litt1e Pilates	LIVINGSTON AVENUE, COLUMBUS, OH	US
S2-489324050	Cotto Aluminum	CITY OF JEFFERSON, WI, 1023 HILLSIDE DRIVE	US
S2-63037002	Narayan Propertiesprivate Public Limited	D-00237, KUSUM VIAR, JAIPUR, Rajasthan	India
S2-459920228	@carolesapparel	1132 VENTURA AVENUE, SPINGFIELD, MO	US
S2-482529127	*** Gangansh Online Pvt #71721	VILLA NO.-#68, GURUGRAM, GURGAON, Haryana	India
S2-683588684	Super Value Pirarchte Limited	PLOT 787 VASUDEV 1212/12/, BENGALLI MOHALLA, AMBALA, Haryana	India
S2-952973497	M/s MANAGEMENT &  CO PRIVATE (LIMITED)	06/1, LODHIPURA ROAD, BURHANPUR, BURHANPUR, Madhya Pradesh	India
S2-211725643	Anchor Grand Vista	580 BROOKVILLE DR, FORT WORTH, TX	US
S2-161322785	सुप्रीम एपेक्स मार्केटिंग प्राइवेट लिमिटेड	HIG B-331, SIDDHARTH ENCLAVE, TARAMANDAL, GORAKHPUR, Uttar Pradesh	India
S2-432744475	Troyer and Goins Processing	PURPLE MAT AVENUE, N/A, MARANA, AZ	US
S2-412058850	Teamsters Lola 796 Co	2716 ADAMS STREET, CAPITOL, AZ	US
S2-155361721	Southern Private Corp	31 IRISH RD, TOWN OF BEL AIR, MD	US
S2-906921519	Rodriguez-Index L.L.C.	24 PARKER STREET COURT, NEW BEDFORD, MA	US
S2-239061874	trsolutions.com	GENESIS DRIVE, MCPHERSON CITY, KS	US
S2-929488293	सुपर बिल्डर्स प्राइवेट लिमिटेड	FLOOR, LUCKNOW, Uttar Pradesh	India
S2-140740414	Prime Sky Impex Private Ltd	C/O.KEDAR PRASAD MEENA S/O.SORTYA RAM MEENA, KANCHANPURA, DAUSA, Rajasthan	India
S2-911500119	Continental Newbury Metro Inc	##39 EASTMAN FARM RD, NULL, BURLINGTON, VT	US
S2-639604597	Lingle and Patterson	17 Chestnut Street, DUNDALK, MD	US
S2-46302968	>> Hanna's Peak Hypnosis [PC]	null, 335 MAJESTIC VIEW DRIE, PARAGON ESTATES, CO	US
S2-120958253	Capital Álliance LLC LLC	5029 CARVEL AVENUE, INDIANAPOLIS, IN	US
S2-824323817	Killick (Índia) Infra Private Ltd	#D/187/2 , PILLAIMAR MAINRD, PILLAIYAR KOVIL STREET, PALAYAMKOTTUR, THIMMARAJAPURAM, POST TIRUNELVELI, Tamil Nadu	India
S2-309436005	PRAIRIE SAFE TALON  INC	510- SECOND AVENUE, OAK HARBOR, WA	US
S2-525900411	BARNETT GRÉENFIRE INC	405 21ST AVENUE, LANETT, AL	US
S2-292436026	Ot0ole Phárma	4732 MUIRFIELD CT, NC, LELAND	US
S2-673856747	LK  Marines Limited Private	NO 4/23 , THOTAKURA ACHAIAH COMPLEX, VEERA REDDY NAGAR, BODUPPAL, HYDERABAD, Telangana	India
S2-831053804	Fisher T-raiSdtoea Tailwind	SALINA, KS, 1226 KIRWIN AVE	US
S2-474118498	STAR  INVESTMENT PVT. LTD.	C G-267 PERIYAR NAGAR KANDASAMY NAGAR PERIYAR NAGAR, CHENNAI, தமிழ்நாடு	India
S2-453892330	KALYAN ENTERTAlNMENT (LLP)	DOOR NO 616 SHREYA BLDG, SHANKESHWAR KRUPA KALYAN WEST, KALYAN, Maharashtra	India
S2-151480987	பயனியர் கன்சல்டன்சி	NO ##7, CROSS CUT ROAD, GANDHIPURAM, COIMBATORE, Tamil Nadu	India
S2-378527122	PVT UJHANI SNTUCCURRNS LTD	C/O SHASHANK AGARWAL LINK ROAD NEAR SANJEEVANI HOSPITAL PUNJABI COLONY, UJHANI, BADAUN, उत्तर प्रदेश	India
S2-205575315	PATTEN AUTO REPAIR LTD	44 WHARF AVE, PO BOX 5227, NASHVILLE, TN	US
S2-577731258	Williams and Bean-LLC	ELGIN, IL, 3632 TOURNAMENT DRIVE	US
S2-207492683	secureneuberger.com	BRONX, 1062 LONGFELLOW AVE, NY	US
S2-251648309	Cure Corp Nails	935 SUMMIT ST, JOLIET, IL	US
S2-809136499	Willow North Inc	949  GEMINI ST, BOWLING GREEN, KY	US
S2-990215513	UY Esports  Corp	4600 BROOKWOOD STREET, ALBUQUERQUE, NM	US
S2-921472751	Star Power Corporation	H.NO 12/315/8 KANDRASSERY (H), NEAR PERUMTHATTA TEMPLE, KARAKKAD, GURUVAYUR, THRISSUR, കേരളം	India
S2-902889878	बिग फूड प्राइवेट लिमिटेड	#104, KHADAKPADA, KALYAN, Maharashtra	India
S2-843269057	கிருஷ்ணா குஜராத் எக்ஸ்போர்ட்ஸ் பிரைவேட் லிமிடெட்	#1, CHENNAI, தமிழ்நாடு	India
S2-440751152	tirumalagiriresolution.com	#17 , SVH PLAZA, GROUND FLOOR, OPP KFC, MIYAPUR, HYDERABAD, TIRUMALAGIRI, TELANGANA, INDIA, TIRUMALAGIRI, తెలంగాణ	India
S2-452208391	Heartland Companies	390 BROAD MEADOWS BLVD, COLUMBUS, OH	US
S2-583190818	Hyderabad LLP Center	13-6-433/23, NETHAJI NAGAR, GOLCONDA POST, HYDERABAD, Andhra Pradesh	India
S2-247341171	Dynamic Care Private Limited	6-1 CANALSIDE ROAD BARHANS FARTABAD, GARIA, KOLKATA, KOLKATA, পশ্চিমবঙ্গ	India
S2-60717436	Warden Hrmbieo Care East	11588 BUTNER RD, PORTLAND, OR	US
S2-171818402	Cultural Network (Inc)	826 DIGHTON LN, SCHAUMBURG, IL	US
S2-879428040	Kerrigan Doubleline LLC	35547 HEWANKORN LOOP, RONAN, MT	US
S2-25679689	Rupal Commercial  Private	587., M.I.E. PART-A, BAHADURGARH, Haryana	India
S2-272339075	Legacy Cargo L.L.C.	5217  36TH AVE, AMARILLO, TX	US
S2-487968769	ಕ್ರಿಯೇಟಿವ್ ಸರ್ವಿಸಸ್	BANGALORE URBAN, Karnataka, BANGALORE, NUMBER 5 D	India
S2-510504303	Rapid Learning Worldwide (Ltd)	824. WHEELOCK PKWY, SAINT PAUL, MN	US
S2-359393072	CK (ih) Private Limited		India
S2-956067903	RJ Procap	218 6RD STREET, VILLAGE OF NORTH HUDSON, WI	US
S2-609082683	Geia	1311 GAZANIA DAISY LN, PMB 6713, TOMBALL, TX	US
S2-210062866	Orthopedic Partners Partners Ltd	EUGENE, 2002 AUGUSTA STREET, OR	US
S2-35786559	Select Great Shs LLC	11445 LAKE NEMI DRIVE, CITY OF EL PASO, TX	US
S2-205518186	Interstate Enterprises	444 E Oak St, LOUISVILLE, KY	US
S2-304538369	Interstate Pharma Group	37- GENEVA ST, MEDFORD, OR	US
S2-797548741	Pártners Blue FX	#40796 MOSSIE RD, PILOT ROCK, OR	US
S2-802868502	Golden Regional  Inc.	18 Greenwood Ave, JACKSON, TN	US
S2-404132531	Shay Myers Freight LLC	130TH AVENUE, BLAINE, MN	US
S2-819091818	Stephanie's Pub Summit	433 JACKSON STREET, GREEN BAY, WI	US
S2-694640229	Gopi Trust	3ST FLR 94 94A 95 KRISHNA, PLAZA KOTHANUR MN RD 7 PH, BANGALORE SOUTH, Karnataka	India
S2-340117233	Basalt Sports Partners Corporation	7082 FLAGLER RD, NORDLAND, WA	US
S2-312573896	Private Dart (India) Estate Límited	DOOR NO 12/8, GALI NO. 2, DAYANAND NAGAR, JHAJJAR, BAHADURGARH, Haryana	India
S2-361230651	Regional Quality Hancock Ínc	24603-24605 OXEN ROAD, FLORENCE, AZ	US
S2-601337861	World Services Private Ltd	#1-A/5, JUGAL KISHORE GEETA COLONY, DELHI, Delhi	India
S2-758960021	EMPIRE PRIME REGIONS LLC	CONSERVATION CT, FAYETTEVILLE, NC	US
S2-365096291	davissautoglass.com	3817 VAIR ST, DURHAM, NC	US
S2-544639758	GOOD (INDIA) PHARMA LIMITED (SERVICES)	NO 33-8-3 , KANCHIRAJU VARI STREET, SAJJAPURAM EAST-III, TANUKU, ఆంధ్రప్రదేశ్	India
S2-512104412	Memorial-Federation	WILLOW TOWNSHIP, 6442 J AVENUE, IA	US
S2-149371270	Puja  Sons Private Limited Center	Kerala, LUSHES, NRA B17 NJANDOORKONAM, CHEMPAZHANTHY P.O, THIRUVANANTHAPURAM	India
S2-211812429	Anli & & Co Ltd	1-47A, NALINI SETH ROAD, KOLKATA, HOWRAH, West Bengal	India
S2-346726764	Falk Unified Cross	21603 WYOMING PASS, LEANDER, TX	US
S2-285877931	यूनिवर्सल ट्रेडिंग प्राइवेट लिमिटेड	C-21/1-60, LAJPAT NAGAR MALDAHIYA, PATEL CHOWK, VARANASI, PINDRA, Uttar Pradesh	India
S2-435586161	>> BÁBBAR-GROUP	PLOT 126 F-42, EAST OF KAILASH, NEW DELHI, Delhi	India
S2-447751657	Salazar Hotel	DE, LEWES, 30069 MOORINGS REACH	US
S2-975271190	COMPLETE RÉTAIL ANCHOR CARE	105- QUESINBERRY STREET, HILLSVILLE TOWN, VA	US
S2-752646697	Sb Partners  Industries Limited Partners	Uttar Pradesh, H.NO 17 C\O AJIT KUMAR SINGH, VIVEKANAND COLONY, BALLIA	India
S2-736189759	Classic-Financial Networks Company	2815 WEXFORD BLVD, STOW, OH	US
S2-741767447	Great Project-Corporation	207 2100 ROAD N, FITHIAN, IL	US
S2-729518133	Proficio Designs Limited Service	PLOT NO.60, FLAT NO.E2, MALIBU VILAS, HUDA ENCLAVE, ROAD NO.45, NANDAGIRI HILLS, JUBILEE HILLS, SHAIKPET, Telangana	India
S2-396171132	Gulf Alliance	17 SHERWOOD RD, DELHI, NY	US
S2-169181644	Kozhikode Vyapaar Private	BLOCK C-703 8/256, PUSHPAGIRI-KOODARANHI, KOZHIKODE, Kerala	India
S2-445965866	East Alpha Infrastructure Constructions Private Limited	813, SUPAN, SUR NO. 543/1, FP- 71, OPP- AGAN PATRY P, AHMADABAD CITY, Gujarat	India
S2-15241240	LTD ENGINEERING WELLKNOWN ELECTRONICS	S. NO. 15/P1P1, RAJKOT, Gujarat, NR. OCTIVA CERAMIC, LAKHDHIRPAR ROAD, LALPAR	India
S2-599774274	Sri -- Gs Foods Associates Ventures Limited	PLOT NO. N-2/41, KHORDHA, Orissa	India
S2-144547694	प्रीमियर इम्पेक्स लिमिटेड	H.NO 194 GANESH MADIYA, LALITPUR, NULL, Uttar Pradesh	India
S2-159052178	Technology Nita India Company	109F, BYEPASS ROAD EAST, BARANI NAGAR, TIRUNELVELI, தமிழ்நாடு	India
S2-461768041	KADER PACIFIC RENEWABLES	32 EDITHA AVE, AGAWAM, MA	US
S2-966966606	PEDIATRIC DENTAL COASTAL-HEALTH	#7528 BOONVILLE HIGHWAY, EVANSVILLE, IN	US
S2-631283192	Garibay & Williams Corp	215 SPRUCE AVENUE, BYESVILLE, OH	US
S2-444445874	ENTERPRISES  FALCON INDIA PVT LTD	SHOP NO B 04, FLOOR NO GROUND FLOOR, SAI SANJ, SURVEY NUMBER-147/2, VICHUMBE ROAD, RAIGAD, PANVEL, PANVEL, Maharashtra	India
S2-271542003	Pediatric Dental Center of Greensboro Southside	212 AVALON ROAD, GREENSBORO, NC	US
S2-416714901	M/s Stargold Uodygdo	DOOR NO 1-4 , FIRST FLOOR, LAKSHMIKANTHAMMAL 1ST STREET, RAJIV NAGAR (NOOMBAL MAIN ROAD), VANAGARAM, CHENNAI, POONAMALLEE, Tamil Nadu	India
S2-173339783	toveris, l.l.c.		US
S2-85216742	GILDIRI	WALDEN FOREST DR, HUMBLE, TX	US
S2-196345434	M/s Andhra Andhra Glóves Limited	80., VILLAGE SOFTA, NEAR SOFTA MOR, SOFTA, BALLABGARH, Haryana	India
S2-46266158	பாபா பில்டர்ஸ் புரொவிஷன் லிமிடெட்	1/6 CANAL BANK ROAD KASTURBA NAGAR ADYAR, CHENNAI, NULL, Tamil Nadu	India
S2-670063164	SYH TILES LTD	H.NO 2 B, GRANT LANE, 3RD FLOOR ROOM NO-47, KOLKATA, West Bengal	India
S2-744685697	MUMBAI LIMITED (IMPEX)	FLAT NO 501 STARSHIP BLDG NO11 OSHIVARA LINK RD ANDHERI (W), MUMBAI, Maharashtra	India
S2-678886438	Agf  Services Co	#628 143/47, PICNIC GARDEN ROAD, KOLKATA, KOLKATA, West Bengal	India
S2-346341564	Karur Elite Ventures (Private)	#55-17-11 C13, INDUSTRIAL ESTATE, VIJAYAWADA, Andhra Pradesh	India
S2-360340589	TRIDENT HOTELS LTD  PARTNERS	H-NO-7-300-, OPP NEW POLICE STATION MBR NAGAR, IBRAHIMPATNAM, RANGAREDDI, Telangana	India
S2-699781558	Center Dick LLC	988 FOXTAIL CIRCLE, TIPP CITY, OH	US
S2-692585872	Bright Rapid Yccield LLC	BROWN ROAD, PALO PINTO, TX	US
S2-538521710	Continental  Coastal Inc Services	7 1/2 ANDREWS DR, MASSAPEQUA PARK, NY	US
S2-84805581	Silver Best Pennantpark Corp	12906 345TH AVE, ASHBY, MN	US
S2-101819164	Devva Technologies  LLP	DOOR NO 9TH FLOOR, ANGKOR WEST BUILDING, BAGMANE CAPITAL TECH PARK, K.R. PURAM HOBLI, MAHADEVAPURA ZONE, OUTRE RING ROAD, BANGALORE NORTH, Karnataka	India
S2-766334271	Public Shreeji (India) Immigration Limited	#211. A BAUGH REHMAT 17 MEGHRAJ SETHI MARG AGRIPADA, MUMBAI, Maharashtra	India
S2-296031583	SBEBCALT FOR LLC	18773 CONSERVATION RD, CANTON, IL	US
S2-186477879	THE POTTS'S MACHINE WORKS	PA, 14 KRIELING LN, SOMERSET TOWNSHIP	US
S2-741528963	Sugam Sugam Livestock Private	UNIT NO. 6-11, 6TH FLOOR, ACME PLAZA, ANDHERI KURLA ROAD, OPP. SANGAM CINEMA, A, NDHERI (E), MUMBAI, महाराष्ट्र	India
S2-407718820	Milestone Industries Group Pvt Ltd	HN C-174 A/13, 74, ORCHID GREEN FIELD, APPLE WOOD TOWNSHIP, S.P. RING RING ROAD, AHMEDABAD, Gujarat	India
S2-240228506	Harbor Ministries	4316C MASON HILL DRIVE, MILWAUKIE, OR	US
S2-928848926	Myers Medical	1022 IVY DR, ROSWELL, NM	US
S2-113542766	Lee Lee +-Brown	328 OKELLEY ROAD, SC, WESTMINSTER	US
S2-367268447	Tasia Gordon Allegro Holdings	SACRAMENTO, CA, #4909 NATOMAS BOULEVARD	US
S2-562473367	Brown Safety	51 KIRBY HILL RD, PAWLINNG, NY	US
S2-320983511	LLC STRATEGIC WIRELESS GLOBAL WESTGATE	452 BOSTON AVENUE, BRIDGEPORT, CT	US
S2-186950642	Paharia Recycling (India) of	UNIT NO. 23A/23B/24, TOWER-B2, SPAZE ITECH PARK SECTOR 49, GURUGRAM, GURUGRAM, Haryana	India
S2-346176476	The  Martinez Starlink	158 ISLAND FORD ROAD, LANCING, TN	US
S2-848545247	# 1 DH Aeon Metro	20 RONALD DRIVE, RAMAPO, NY	US
S2-739863106	AONE ITNRTITCUBBT	#412, CITY PLAZA BANIPARK, राजस्थान	India
S2-823150485	Arts Council Inc.	9320 CRANORD DRIVE, POTOMAC, MD	US
S2-354439624	NGUYEN PASTOR LLC CENTER	WESTFIELD AVE, NY, DEPEW	US
S2-52917792	Violetta W. Harvey, DO Associates	#1245 TWP 200, LIBERTY TWP, OH	US
S2-120289071	Smt Aryan Reach Public Limited	63. DER DEUTSCHE PARKZ, SUBHASH NAGAR ROAD, BHANDUP WEST, MUMBAI, Maharashtra	India
S2-346922998	SOUTH PUBLIC SCHOOL [CORP]	Tamil Nadu, 4/68, SKANDAN APARTMENTS, FLOT NO 1A 1ST MAIN ROAD RAJU NAGAR OKKIAM, THORAIPAKKAM, CHENNAI	India
S2-501809454	New Delhi Commerce	B-50, BLOCK-B, DAYANAND COLONY LAJPAT NAGAR-IV, NEW DELHI, Delhi	India
S2-728280909	IJV  Virginia Care	203-207 ROBINSON AVE, NEWBURGH, NY	US
S2-88626535	Autism Assistance Program of Springfield  Riverside	SPRINGFIELD, 516 Eastdale Ave, IL	US
S2-447543459	M0ise, Dash  & Dehaan	245 WINDLASS WAY, APACH JUNCTION, AZ	US
S2-225153982	Ear Nose and Throat	003629 SUTTERWOODS WAY, SACRAMENTO, CA	US
S2-133443330	Ramos's Smart Recruiting ((LLC))	1819  GROVE STREET, ADEL, IA	US
S2-654501694	PRAIRIE PREMIER LLC	858 RUPP AVENUE, KEIZER, OR	US
S2-713055989	hyderabad recovery pvt. ltd.		India
S2-263311520	Seashore Industries Brothers Corp	#704 MICR-48, PH-1 CHHEND COLONY, ROURKELA, ଓଡ଼ିଶା	India
S2-911618416	Nórman-Bright	481 RUE ST DENIS ST, FLORISSANT, MO	US
S2-645012223	Gautam Nagar Industry Public-Limited	दिल्ली, DOOR NO 109/23 T/F, GAUTAM NAGAR	India
S2-356781591	Thompson and Bailey	243 WASHINGTON CIR, PULASKI, TN	US
S2-64465381	*** Accurate Modi Pitce Limited	H NO : 8-4-50, NULL, MEDAK, Telangana	India
S2-687617807	ॐ केयर प्रा. लि.	PL NO 112, KH NO. 51/3 51/10, GROUND FLR, KATYANI VIHAR, BLK B, VILL KARALA, NR HAN, UMAN CHOWK, DELHI, NORTH WEST, Delhi	India
S2-491000493	মডার্ন এস্টেট প্রাইভেট লিমিটেড	NORTH 24 PGS, KANAKANJALI APARTMENT BLOCK-B GROUND FLOOR, NORTH 24 PARGANAS, BA-35, KRISHNAPUR ROAD, West Bengal	India
S2-509606065	Tejaksh Consultancy	74, SHANTI NAGAR AIRPORT, SANGANER, JAIPUR, Rajasthan	India
S2-407995273	UZ India Private (Ltd)	C/O RABI NARAYAN DAS, S/O- HARIHAR DAS KODABARU, BHADRAK, Orissa	India
S2-509832800	Dynamic  Intelligence Group Corp	9843 231, RENSSELAER, IN	US
S2-951196911	young assets harbor	2700 LENOX CT, null, SPRINGDALE, AR	US
S2-333716982	Bright Network	COLUMBIA, 5011 PROVIDENCE ROAD, MO	US
S2-936391406	Christan Ayers Outdoor Corporation	6535 CYPRESS DRIVE, OMAHA, NE	US
S2-447033408	Pediatric-Complete Care Associates LLC	ROAD SIXTY FIVE, OLYMPIA, WA	US
S2-34413135	Vantis Ínc Center	3917 GRIFFITH AVENUE, KY, OWENSBORO	US
S2-682095222	Yamutech C0nfectiolnhery Ltd	H.NO 34 (3F), KARUNA KUNJ, DWARKA, SECTOR - 3, DELHI, Delhi	India
S2-816665027	Carbajal International Inc	87 HEIDI RIDGE, WEST UNION, OH	US
S2-435735384	MH ENGINEERING-PRIVATE LIMITED	B-39 SATYAWATI COLONY ASHOK VIHAR PHASE-3, DELHI, Delhi	India
S2-133399775	Precision Automation Studios Llc	##520 LENNOX AVENUE, MASSILLON, OH	US
S2-533393244	Nanet Holdings	27. FLYCATCHER WAY, ARDEN, NC	US
S2-510514014	DFH Structures Praote Praote Limited	GURUKRUPA BUILDING 23ND FLOOR ABOVE IDBI BANK, OPP BHARAT PETROLEUM, AKSHAY COLONY GOKUL ROAD, HUBLI, DHARWAD, Karnataka	India
S2-352427677	Greenfield Medical Centre	NO 31 , ROYAL ENCLAVE EXTENSION INJAMBAKKAM, OPP PRARTHANA THEATRE, Tamil Nadu	India
S2-433856366	Mcintosh Invesettn LLC	4705- DUBAY DR, MOSINEE, WI	US
S2-755902199	NAJERA, DORRIS L., D.D.S.	9790 SMITHDALE AVENUE, HARTVILLE, OH	US
S2-273744774	PRIVATE STONEX ENTERPRISES LTD	Bihar, KANTI FACTORY ROAD, #7 JAI HANUMAN MARKET, PATNA, KANKARBAGH	India
S2-962387766	Wannemacher  Inc Services	5135 OAK ST, PMB 250, VESPER, WI	US
S2-256880808	KLEIN, JACOBS & MESSER EATON GROUP	7839 ELM STREET, SAN BERNARDINO, CA	US
S2-635332068	James's Studios Inc.	10609 CACTUS RD, SCOTTSDALE FOUNTAIN HILLS, AZ	US
S2-540205713	LLC QSI	DANVILLE, 474 85, AL	US
S2-681427074	Nalgonda Raeocn  Private Limited	Andhra Pradesh, H.NO 5 1-34/4, NEMARAGOMULA, BIBINAGAR, YADAGIRI BHUVANAGIRI DISTRICT, NALGONDA	India
S2-537818682	Rapid Health-Consultants Inc Association	04884 50TH AVENUE, OMAHA, NE	US
S2-908856032	Ebc Knówn Private	MAMC A/3, DURGAPUR, West Bengal	India
S2-784580635	Zachariah & Abbas (Ready)	2036 ALDRICH MEWS, CELINA, TX	US
S2-871695908	LLC PRIME FRONTIER G5S	RADFORD LANE, HOUSTON, TX	US
S2-526727265	Tedra, Mayer, CPA	16270-16274 EDELWEISS LN, <NULL>, SURPRISE, AZ	US
S2-158989871	Orthopedic Care (Partners)	42 ELM ST, MONROE, CT	US
S2-115939164	Inc. Credit Laboratories Wealth	1283 YORBA AVE, CHINO, CA	US
S2-889223277	Empire Grand Navigation	165 PROCHAZKA LN, ALICE, TX	US
S2-784665168	LLC ENMION COASTAL,	PMB 624, WEATHERFORD, 194 FAN MILL TRL, TX	US
S2-552335474	bureau of veterans affairs	64W28051 FOREST RIDGE CIR, SUSSEX, WI	US
S2-478230107	961  Lincoln Street		US
S2-693942357	Limitless Jewel	18 H SARABHA NAGAR, LUDHIANA, Punjab	India
S2-583138182	M/s INDIAN TRADING COMPANY	H.NO 27 , A, 1ST B MAIN, SANJEEVINI NAGAR, BENGALURU, Karnataka	India
S2-108347196	RODA HÍRTH RIDGE NATURAL LLC	62 STANLEY CT, BELOIT, OH	US
S2-957328073	Ridge Pebdidtdcis Holdings	6483 GATEVIEW DRIVE, COLUMBIA, MO	US
S2-430942630	Zephyr Holdings	7805 SPENCER BROOK DR, SUMMERFIELD, NC	US
S2-927243116	... STRATEGIC LLC VENTURES BIOMEDICAL	UT, EDEN, 7835 HORIZON RUN RD	US
S2-686425569	Ram Laxmi Business Limited Private	DOOR NO 81 , PLOT NO.56, NR. MARATI SCHOOL TUNGARLI, LONAVLA, Maharashtra	India
S2-321576625	नॉर्थ मीडिया प्राइवेट लिमिटेड	H-82 SECTOR 63, NOIDA, GAUTAM BUDDHA NAGAR, Uttar Pradesh	India
S2-375370183	Titus Electronics [Co]	003233 KENYON AVE, BALIMORE, MD	US
S2-130999021	Vaayuiki Exim Pvt [Ltd]	PARDEEP SOOD HOUSE NO :-1423 SECTOR -24, SONEPAT, Haryana	India
S2-408755027	Ace 5énior	BLACKHAWK DR, BYRON, IL	US
S2-19297940	Vanguard Múniholdings LLC	160 TREE TOP DRIVE, FOUR SEASONS, MO	US
S2-297891330	Orbance Rgae LLC	24233-24237 48, WOODLAND, AL	US
S2-83571571	Ear Nosh & Throat Care of Baltimore  Corp	MAYFIELD AVENUE, PMB 4807, BALTIMORE, MD	US
S2-586211943	ALETHEA ORR  ASSOCIATED LLC	701 MICHIGAN STREET, PLYMOUTH, IN	US
S2-102835643	Highland  Veetrlieary Clinic		US
S2-618275000	INDIA VBM RES0RT-PRIVATE  LIMITED	#1207/343 & 1207/1/343/1, 9TH MAIN, 7TH SECTOR, HSR LAYOUT 8, BANGALORE, ಕರ್ನಾಟಕ	India
S2-312668644	Zavao Partners Co	6259  RATTLE BRANCH RD, FAUQUIER COUNTY, VA	US
S2-590940937	Pune Knitting  Pvt Ltd	S. NO. 206/, RUNAL ROYAL CASA, FL.B.104, NR. BHONDVE CORNER, P C N T D A, RAVET, PUNE, महाराष्ट्र	India
S2-661914759	Aarveon Films	SHOP-2-35, DASHMESH COLONY, LOHGARH ROAD, RAJPURA, Punjab	India
S2-415477440	LEWIS, SEAMAN & ENGLISH		US
S2-806462698	Gulf Value Power [PC]	MARION COUNTY, 7978 HEINZ ROAD, OR	US
S2-9255512	CARDIOLOGY ÍNNOVATIVE	##1060 WOODLAND LANE, OPELIKA, AL	US
S2-256654481	Custom Japan Ltd	1801 REMINGTON STREET, SHAWNEE CIITY, OK	US
S2-762592603	Noviex Montreal	6439 LINN WAY, <NULL>, RIO LINDA, CA	US
S2-743174235	Robbi Creigthtfon Ramaco LLC	363 1/2 TULIP CIR, MATTESON, IL	US
S2-298792812	Dr Briller  Traders Private Limited	R/O-2 NO WEST AVENUE, STATION ROAD, BIDHAN NAGAR, MIDNAPORE MUNICIPALITY, WARD NO-5, PASCHIM MIDNAPORE, West Bengal	India
S2-651088719	East Reliable Metro Cáre Northside	12946 MANSFIELD AVENUE, SPPOKANE, WA	US
S2-88404845	SUPER FINANCE LIMITED	B 102 KALPATARU PLAZARAMOSHI GATE BHAVANI PETH PUNE 411 042., PUNE, महाराष्ट्र	India
S2-163204011	WHM End Private Limited	B-A-1347, 1ST FLOOR, GREEN FIELDS COLONY SECTOR 43, NEAR GATE NO. 10, FARIDABAD, FARIDABAD, Haryana	India
S2-540094749	Spiro Family Supreme Álliance	23935 Davies Lane, SPIRO CDP, OK	US
S2-16423658	ss technologies private limited	DOOR NO 696 S NO 63 2 WING A 1201, ALLURE HAVELI PUNE PIMPRI, HAVELI, Maharashtra	India
S2-869241997	Mr Ab Marketing Limited Center	SY NO. 6/2, NEAR VARDHAMAN COLLEGE, RANGAREDDY, Telangana	India
S2-30902592	penny a. lind, dpm, pc	755 400, COLUMBIA CITY, IN	US
S2-826459322	BHUBANESWAR VANIJYA  LIMITED	PLOT NO-1468/37, GANDAMUND, BHAKTAMADHU NAGAR, POKHARIPUT, BHUBANESWAR, ଓଡ଼ିଶା	India
S2-600433503	AMERICAN CHOICE SERVICE [[LLC]]	1 METROPOLITAN DR, ROCHESTER, NY	US
S2-195181884	Y+ Pantages	303 FRONT ST, COLUMBUS, OH	US
S2-896104470	Software Veic  By Private Limited	HOUSE NO - 4-80, KIRPAL COLONY, TUNG BALA, AMRITSAR, Punjab	India
S2-192846986	Aja Solar Industries Private [Limited]	522/B, SIDDHASILA APRT, NR . PRERNA TIRTH DERASA NEAR JODHPUR 4 RASTA, SATELITE, AHMEDA, BAD, AHMEDABAD, Gujarat	India
S2-513019344	Brightan LLC Service	110  VALLEY CAMP DR, HENDERSONVILLE, NC	US
S2-655087081	Namma Limited Energy	ROOM NO. 16, SUBHANAND NILAYAM PADA, KARUNAGAPPALLY, KARUNAGAPPALY, Kerala	India
S2-651192805	MARTINEZ IDEA (LLC)	503 ROYAL POINTE DRIVE, DUBLIN, OH	US
S2-948378324	NAVI MUMBAI  CONNECT PVT LTD	SHOP 7, PLOT NO. 84 SECTOR-50, NERUL, NAVI MUMBAI, Maharashtra	India
S2-353751545	A1l Dbdr Inc	8970 46TH AVENUE, PO BOX 3332, SETTLE, WA	US
S2-771412413	Pender [Chase]	#6415 BROAD OAK DR, BEAVERTON, OR	US
S2-929534934	Susette's LLC  Center	2119 MCGREGOR CIR, DARDENNE PRAIRIE, MO	US
S2-366207537	கிரீன் புரொட்யூசர் மருந்தகம் பிரைவேட் லிமிடெட்	37 FIRST FLOOR, D-79, 8TH CROSS, THILLAINAGAR, TIRUCHIRAPPALLI, தமிழ்நாடு, TIRUCHIRAPPALLI	India
S2-214664820	Oliver Charter	1225 Gentle Wind Drive, BATONR OUGE CITY, LA	US
S2-189904153	Total Packaging Véntures Inc.	3839 300th Avenue, GATZKE, MN	US
S2-85663153	Kedareshwar-Educational Society Ventures	DOOR NUMBER 62/595 B5, FIRST FLOOR, OPP. LAKESHORE, PT USAH ROAD, 4TH GATE, VELLAYIL, KOZHIKODE, Kerala	India
S2-337295888	Signature Onenim LLC	14992 1/2 BOISE CIRCLE, ROSEMOUNT, MN	US
S2-640099827	Galaxy Technology  Pvt Ltd	NO 1ST FLOOR, H.KANTILAL COMPOUND ANDHERI-KURLA ROAD, SAKINAKA, NEAR BATA S, HOWROOM, MUMBAI, Maharashtra	India
S2-401967653	ELLIS FAMILY OFFICE (LLC)	44-46 SOUTH ST, PATTERSON, NY	US
S2-572195460	MANDYA REAL  VENTURES PVT	HOUSE NO. 5-374 SECTOR-66, FARIDABAD, N/A, Haryana	India
S2-994852044	A Star Auto Repair		US
S2-888007637	SVB LLP Services	007/393/B, NAMPOZHIL PENIEL, KOMALLOOR, MAVELIKKARA, Kerala	India
S2-908777290	Ltd. Mega Trading	NO 7/72, IRUMBAKACHOLA, PALAKKAYAM, MANNARKKAD, PALAKKAD, Kerala	India
S2-236659402	Johnston  Starling	1012-1016 STRATFORD CT, LOVLEAND, OH	US
S2-588470006	LOUISETTE CASTRO ENHANCED  CORPORATION	580 WASHINGTON STREET, N/A, CHANDLERR TOWNSHIP, AZ	US
S2-367535874	Stacee Copeland Management Harbor	229 MADSION LN, HUTTO, TX	US
S2-813892600	SITAEX.COM	WADE RD, POMFRET, CT	US
S2-770576876	Heritage Prairie Retail Central	##1617 TOURNAMENT CLUB WAY, POLK CITY, IA	US
S2-130639814	Private Gng Service Limited	159/3B, SIVATHAPURAM, SALEM, Tamil Nadu	India
S2-910189190	Chauhan (India) Bbedi Private Limited		India
S2-102838962	DERMATOLOGY PARTNERS PC PC	CHESAPEAKE CITY, VA, 4164 PRINDLE CT	US
S2-741783525	સિટી Exports પ્રાઇવેટ લિમિટેડ	969/970, AHMEDABAD, Gujarat	India
S2-814534309	ഗ്രീൻ എന്റർപ്രൈസസ് പ്രൈവറ്റ് ലിമിറ്റഡ്	MARUTHI GARDENS PALLATHERI PO ELAPPULLY, PALAKKAD, Kerala	India
S2-703927490	Aplus Public School Company	AT - CHAPARALA, POST - KACHARALA TALUKA - BHADRAWATI, CHANDRAPUR, Maharashtra	India
S2-487383344	LLC Regional Intbllgenec Works	<NULL>, CANTON, 287-291 MOUNTAIN GROVE RD, NC	US
S2-628129193	Bright Deli Midtown	15 DEERFIELD DR, CANANDAIGUA, NY	US
S2-492586527	Baca, Benson and Montgomery		US
S2-457499888	Millsboro Surgical Gróup	75109 HELMSMAN WAY, <NULL>, MILLSBORO, DE	US
S2-125586840	New Delhi Harbour Holdings	B-D/38, SECTOR-8, DWARKA, NEW DELHI, दिल्ली	India
S2-853719906	CENTER MCKEE ADVANCED INC.	00617 ALABAMA AVE, SELLERSBURG, IN	US
S2-129877585	Prime-Software  Limited	F##3, ASHOK MANOR, NO. 11, NEW COLONY 15 ST CHROMPET, TAMBARAM, Tamil Nadu	India
S2-91364703	& Om Co	BLOCK G-982 463/101, KHAR, MUMBAI CITY, Maharashtra	India
S2-253550167	GT REPUBLIC EXPRESS	1717 Rd Tt, COPELAND, KS	US
S2-42554714	Rozier  Better	172 DOGWOOD PARK TRL, INDIAN POINT, MO	US
S2-221851509	LLC WILLOW	53 COLES CORNER ROAD, ATHENS, ME	US
S2-943036438	Lana-Dickman Direct Universal Inc.	##3730 KEYSTONE AVE, INDIANAPOLIS, IN	US
S2-977937528	Aleta Garcia Inc Center Center	4514 WANDERING VINE TRAIL, ROUND ROCK, PO BOX 7265, TX	US
S2-480933295	Quantex Annuities L.L.C.	5837 BELAIR RD, BALTIMORE, MD	US
S2-762719636	Tejada Highland Cator (Co)	7315 CULLEN BLVD, HOUSTON, TX	US
S2-994558157	NARAYAN (SERVICES)	OFFICE NO. 14, 1ST FLOOR, HUBTOWN SOLARIS, OFF. N S PHADKE ROAD, SAIWADI ANDHERI (EAST) NE, AR FLYOVER, MUMBAI, Maharashtra	India
S2-401367997	MQ Communications-Private Limited	DOOR NO #190 B MANIKTOLA MAIN ROAD, KOLKATA, West Bengal	India
S2-290488145	E+ Dogecoin Metro 6roup	1013 EDGECLIFF ROAD, HUNTERSVILLE CITY, NC	US
S2-697687581	THE CONTINENTAL STERLING SUN CORP	4885 1/2 106TH AVE, BLAINE, MN	US
S2-637528523	Smart Materials LLC		US
S2-100154652	AUXILIUM COMMOSALES GROUP (PRÍVATE)	#88 SHARDA NIWAS, PENKAR PADA MIRA ROAD EAST, DATTA MANDIR ROAD, THANE, Maharashtra	India
S2-917278993	ইউনিভার্সাল সফটওয়্যার প্রাইভেট লিমিটেড	ABHILASHA, BARDHAMAN, West Bengal	India
S2-146545715	HRV Tactical Partners	9131 ORCHARD AVENUE, BROOKLYN, OH	US
S2-702084214	DIU Holidays [LLP]	P-41 CIT ROAD SCHEME VIIM, MANICKTALA, KOLKATA, KOLKATA, West Bengal	India
S2-164976993	Golden Exports Private	UNIT NO. FC-302B-, D-MALL, A1, NETAJI SUBHASH PLACE PITAMPURA, DELHI, NULL, Delhi	India
S2-676591796	COMMERCIAL SUPPLY INNOVATIONS GROUP	311 TULANE AVE, OAK RIDGE, TN	US
S2-378024681	Aris City Private  Limited	C/O R K SAXENA, GROUND FLOOR P-#14, SECTOR-1I, NOIDA, Uttar Pradesh	India
S2-614319442	Rae Béyond	R STREET, WASHINGTON, DC	US
S2-50992714	A Pinnacle Xrp, Group	003011 BALLAS RD, SAINT LOUIS, MO	US
S2-15496839	AURYX COMMUNICATIONS LLC	32-36 AZALEA ROAD, LEVITTOWN, NY	US
S2-64822321	FRIEDERIKE FRIEDERIKE MULLALLY-PLATINUM PAYMENTS	1341 CLIFTON STREET, WASHINGTON, DC	US
S2-71789809	select network company	8712 RAINY LAKE DR, KELLER, TX	US
S2-21729431	Eye LLC Physicians	TX, SULPHUR SPRINGS, 49 FM 2297	US
S2-25712642	Great Equity Partners Incorporated	##2005 QUEEN AVE, MIDDLETOWN CDP, OH	US
S2-225041234	Mr Aatreya Investment Private Limited	PLOT NO. F-A-7, PHASE - III, KHARABWADI MIDC PHASE II, KHED, Maharashtra	India
S2-41330550	Dynamics Mortgage Optimal	SPRING, TX, 7911 ANNOLA LANE	US
S2-392587641	Bureau of	EASTERN DR, KINGSPORT, TN	US
S2-111529715	Atlantic Networks, LLC Center	IL, CHICAGO, TRIPP AVE	US
S2-777869205	Primary Care Smart Health Midtown	1813 Woodmere Drive, GREENSBORO, NC	US
S2-250898019	53/11 PBELBELBROIK ÍNC	31700 HWY 125, AFTON, OK	US
S2-411322234	saanchiationindia.com	NO 90 8-6-363/87P/7, 8&9/S-301, MANIKANTA CASTLE, BOWENPALLY, TIRUMALAGIRI, తెలంగాణ	India
S2-646194645	G1yphay Atlas	TN, 422 SKIATOOK LN, LOUDON, PMB 5618	US
S2-777985554	Raon Inc	847 PARKER STREET, WATERLOO, IA	US
S2-386384920	Supreme Northwest Ltd	250 BRUCE AVE, VILLAGE OF KENDALL, WI	US
S2-678079382	नॉर्थ हाईटेक प्रोड्यूसर लिमिटेड	###113 S 8 DDA SHOPPING COMPLEXNEAR JEEVAN ANMOL HOSPITAL MAYUR VIHAR I, DELHI	India
S2-956708098	LÍTERACYGUILD.COM	550 Cajeta, SAHUARITA, AZ	US
S2-630448932	अर्बन गुरु प्रॉपर्टीज प्राइवेट लिमिटेड	G 33 SHANIKUNJG P O, N/A, PUNE, Maharashtra	India
S2-925476370	Menefee Institutions	265 LYON LN, RUCKERSVILLE, VA	US
S2-302308359	Hofman Network Inc.	643 1100, SALT LAKE CITY, UT	US
S2-695804918	Jaipur Tech Pvt Limited	H.NO 55 SIRSI ROAD OPP. GENIUS PUBLIC SCHOOL, ENGINEER COLONY PANCHYAWALA, JAIPUR, राजस्थान	India
S2-580728490	Mountain Project (ID: 47566)	434-438 SADDLE RIVER ROAD, MONNSEY, NY	US
S2-906656301	Johnsons Trust Limited	తెలంగాణ, FLAT NO. 1-703 , A BLOCK, GREEN LIVING APARTMENTS, PIPELINE ROAD, MANIKONDA, HYDERABAD	India
S2-888828925	Orbon-Oaktree	349-B ASPEN DRIVE, <NULL>, KENAI PENINSULA BOROUGH, AK	US
S2-247257663	MORRIS HEALTHY PC	22141 Clear Fork Ln, CANYON, TX	US
S2-776356778	CRYSTAL CRITICAL  PARTNERS	211- 7ND ST, FAIRFIELD, IL	US
S2-358791502	Safe Apparel Innovations	15380 MONDAMON RD, APPLE VALLEY, CA	US
S2-135617526	Mr Giri Trunk  Limited	NO 73 C/O SATYA NARAYAN SHARMA, HOUSE NO 4B, BAWAN BIGHA, MUSHAHARI, बिहार	India
S2-173058270	COASTA1 FAMILY PRACTICE INC	7 TAMARACK LANE, SCARBOROUGH, ME	US
S2-569456828	Malix LLC	258 192ND AVENUE, GRESHAM, OR	US
S2-914129701	Health Project	235 1/2 KEENS CIR, WINCHESTER, VA	US
S2-947954302	Apex	1128 Swann Street, PARKERSBURG, WV	US
S2-602423628	Gks Overseas Private [Limited]	E-21 JAWAHAR PARKVIKAS MARG LAXMI NAGAR, NEW DELHI, दिल्ली	India
S2-596489524	Trusted Trusted Creative International Inc.	NEFF ST, MUNCIE, IN	US
S2-993590386	Apex Retail LLC Systems	8596 SOUTH POINT DRIVE, STOEKSDALE, NC	US
S2-641120439	The Summit L.L.C.	29983 PELICAN SCENIC VIEW RD, ASHBY, MN	US
S2-800975630	Downtown Cafe Northside	72 DELMAR PL, BETHLEHEM, NY	US
S2-697456157	Corporation - 6860998637	4144 CASTLETON ROAD, null, CHARLOTTE, NC	US
S2-145212314	INNOVATIVE INNOVATIVE ASSET WORLDWIDE LLC	2204 HOSPITALITY LN, MURFREESBORO, TN	US
S2-528257353	BMG HÓUSING INFRATECH PRIVATE LIMITED	A-1/108 MANAS APARTMENTS MAYUR VIHAR, EXTN PH-I, Delhi	India
S2-484332627	A Cure 6 Y0u Associates	2318 HOME SWEET HOME ST, RICHMOND, TX	US
S2-167109962	Paulette Jonson,L.C.S.W.	5 LYNN ST, COLONIE, NY	US
S2-773760816	-- ENCHANTING  (INDIA)	H.NO. #13, GOPAL PARK KRISHNA NAGAR, EAST DELHI, NEW DELHI, Delhi	India
S2-952760058	Midwest  Bold, Inc	ISABEL STREET, CELINA, TX	US
S2-332376933	Vatsa Law Chambers Co	OFFICE NO 444 D- WING 02ND FLOOR, VASHI PLAZA COMMERCIAL PREMISES CO-OPERATIVE SOCIETY LIMITED, SECTOR 17, VASHI, THANE, Maharashtra	India
S2-515971854	Hop Center	A-##601 MADHU VIHAR APTSM G ROAD KANDIVALI (W), MUMBAI, Maharashtra	India
S2-144916279	Aditika Iasbfda Private Limited	1-6B, SHAKESPEARE SARANI 3RD FLOOR, KOLKATA, West Bengal	India
S2-683539102	Cardiology-Partners	80 HALLER DR, EAST ALTON, IL	US
S2-949855595	Bumgarner, Barksdale and and Amar0 Inpoint LLC	12798 TELEVISTA DRIVE, HOUSTON, TX	US
S2-170428654	UNIVERSITY HOSPITAL LIMITED	TC 15/140, SAI NILAYAM, ALTHARA ROAD, VELLAYAMBALAM, THIRUVANANTHAPURAM, Kerala	India
S2-38490269	Coronation Tblsee  Pvt Ltd	D-3, A, #704, A WING, D3, SATELITE GARDEN PHASE 2, GOKULDHAM GOREGAON EAST, MUMBAI, NULL, Maharashtra	India
S2-958554600	Ss Constructions [Private]	H.NO 27-6-155/1 , SANDRANIPALEM SRINAGAR, GAJUWAKA, VISHAKAPATNAM, Andhra Pradesh	India
S2-888860465	Summit Armour LLC	1072 1/2 CRANFORD HOLLOW ROAD, COLUMBIA, TN	US
S2-232219224	Advanced Great  Index (LLC)	333 RAINBOWS END, WIMBERLEY, TX	US
S2-670483257	M/s Jeen Projects Private Ltd	Maharashtra, BLOCK D-55 BLOG NO.187, FLAT NO.5224, SANMATI CHS, PANT NAGAR, MUMBAI	India
S2-12919946	Athena Brothers Private Ltd	683, NEW SKY CITY, NEAR DAPPAR TOLL PLAZA, DAPPAR DERABASSI MOHALI, DERA BASSI, Punjab	India
S2-938508012	Midwest-Green	OH, ABERDEEN, 287 BUDIG DRIVE	US
S2-251073894	Stoltzfus Legacy Áustralia LLC	11905. BAMBI CT, null, GAITHERSBURG, MD	US
S2-911534049	PC Metropolitan Intcrnattonal	025282 PARKSLEY RD, PARKSLEY, VA	US
S2-586997982	Teritech Ivetasfents, LLC	##N33079 JACKSON RD, INDEPENDENCE, WI	US
S2-775280358	Harshini Hospitality Private-Limited - 4595743158	Haryana, ##500, WARD 09 ASSANDH, KARNAL	India
S2-683051929	Thieme, Bíttinger & Gonder Southside	129 PIERCE WOODS DRIVE, STATESVILLE, NC	US
S2-386690759	Valley Valley Trust	##8316 VISTA PARK DR, SPOKANE, WA	US
S2-325209077	Valley Crystal Aut0 Services	7501 MCDOWELL RD, SCOTTSDALE CDP, AZ	US
S2-150628247	Loffredo [Athena]	13 TORREY PINES LANE, LEBANON, TN	US
S2-774119543	WALES ALTO L.L.C.	333-C NINTH STREET, SN BERNARDINO, CA	US
S2-264484931	South Institute of Technology P.C. Authority	246 KINGSWOOD DRIVE, TAYLORSVILLE, KY	US
S2-483716893	gayelcontrerasphysical.com	##1760 203RD AVENUE, BEAVERTON, OR	US
S2-659038619	Paithan Office Privtse Limited	GUT NO. 102, VILLAGE FAROLA, TQ. PAITHAN, DIST. CHHATRAPATI SAMBHAJINAGAR, PAITHAN, Maharashtra	India
S2-812772431	ಅಲ್ ಕನ್ಸಲ್ಟೆಂಟ್ಸ್ ಪ್ರೈವೇಟ್ ಲಿಮಿಟೆಡ್	107, FIRST FLOOR, FIRST MAIN ROAD, FIRST BLOCK, OPP. NAVRANG THEATRE, RAJAJI NAGAR, BANGALORE, Karnataka	India
S2-36165230	ઈસ્ટર્ન એસ્ટેટ ફર્નિચર પ્રા. લિ.	RAGHUKUL MARKET CO-OP SOC, Gujarat, SURAT CITY, SURAT, #057/1-2-10 C/2275-76 UGF	India
S2-118215506	4810 Seventh Place Partners LLC	254 MOUNTAIN DR, PITTSFIELD, MA	US
S2-615216022	NOVIMIRA	500-B MAPLE STREET, ODEBOLT CITY, IA	US
S2-81426854	Cardiology  Physicians LLC	1981 LEE STREET, MAPLEWOOD, MN	US
S2-240567370	Ivenean Alchemy	00406 MAIN ST, NEWARK, IL	US
S2-1689156	Bangalore North Education Pvt Ltd	NO 36  , 3RD FLOOR, MAJOR SANDEEP UNNIKRISHNAN ROAD, 2ND CROSS, ADITYANAGARA, BANGALORE NORTH, Karnataka	India
S2-568165035	*** Back Alley Coffee  LP	2321 MOREHEAD STREET, CHARLOTTE, NC	US
S2-468108039	Zetakelo	4, GANDHIPURAM, 5TH CROSS, TIRUCHIRAPALLI, TRICHY, TIRUCHIRAPPALLI, தமிழ்நாடு	India
S2-630966217	Ward Schóol	7524 16TH AVE, CITY OF KENOSHA, WI	US
S2-735378655	Johnson Inc	2434 MISSION ST, REPUBLIC, MO	US
S2-835144110	PBERTO.COM	310 Corral Dr, PAYSON, AZ	US
S2-992553286	Matrix (India) Service	235 NILATECHNOPARK CAMPUS, THIRUVANATHAPURAM, കേരളം	India
S2-714976498	गुरु प्रोजेक्ट्स प्राइवेट लिमिटेड	HN 893 ROW HOUSE NO. 26, ROSELAND RESIDENCY, PUNE, महाराष्ट्र	India
S2-478914877	Internal Associates Corp Center	2111 New Hampshire Avenue, BROOKEVILLE, MD	US
S2-511217301	இன்டர்நேஷனல் லாஜிஸ்டிக்ஸ்	BHARGAVI APARTMENTS, DOOR NO 23/26 23 MARIAMMAN KOIL ST. K K NAGAR, CHENNAI, Tamil Nadu	India
S2-326045234	LN Rithm Inc. Services	KY, 7124 BLUE STREAM CT, LOUISIVLLE	US
S2-663301829	WJW Finance Infratech Pvt. Limited	SR. NO.40/, SHIVKALA APARTMENT, FL. NO. 05, OPP. GANPATI MATHA, WARJE MALWADI, PUNE, Maharashtra	India
S2-362690308	Unified Telecom Systems	1109A LOCHLAND DR, GALLATIN, TN	US
S2-69236262	Peak Debt	870 ROLLING HILLS DRIVE, WYTHEVILLE, VA	US
S2-950545043	-- CREST NURSING CENTER	C/O JATINDER SINGH, PURANPUR, PILIBHIT, उत्तर प्रदेश	India
S2-585560719	Allied Tri-State Value	817 DEQUINCY STREET, INDIANAPOLIS CITY, IN, <NULL>	US
S2-949104942	Valina Jones, P.A.,	1108 University Ave, BEAVER DAM, WI	US
S2-453945474	Grace Cathedra1 Eastgate	1704 EUCLID AVENUE, BRITOL, VA	US
S2-727234193	Straight Tattoo Edge	700 MAIN ST, HILLSBORO, OH	US
S2-239600027	Wílliams,, Midge PC [Services]	2191 KEENE WAY DR, MEDFORD, OR	US
S2-325039581	Reusch, Lopez & Mi1es Presidio LLC	5517 BROADWAY STREET, PEARLAND, TX	US
S2-395886872	ஸ்வஸ்திக் ஃபைனான்ஸ் பிரைவேட் லிமிடெட்	#32, NEW NO. 88/48, KOLINJIWADI, AGRAHARAM, DHARAPURAM, TIRUPPUR, ERODE, Tamil Nadu	India
S2-438615065	DIRECT-SOFTWARE WORKS	3566 BENNINGTON DRIVE, FISHKILL CDP, NY	US
S2-835202415	LIMITED SAMTA POLYTECHNIC INFRATECH CENTER	HN 254 BUILDING NO. 15, MUMBAI, Maharashtra	India
S2-17518111	High It Jewellers Private Limited	F-35-43, MARUDHAR INDUSTRIAL-AREA, 1ST PHASE, BASNI JODHOUR AREA, 1ST PHASE, BASNI, JODHOUR, AREA, 1ST PHASE, BASNI, Rajasthan	India
S2-998548920	Green-Automation Innovations Group	3392 MAYSVILLE RD, HUNTSVILLE, AL	US
S2-155487435	Chennai Manufacturing Private	NO 15 APPU STREET, 1ST LANE SANTHOME, CHENNAI, Tamil Nadu	India
S2-829108318	Mr Save Engineering Private Limited	904 B MAHAVIDESH CHS LTD, CHANDAVARKAR ROAD NR MUNICIPAL GARDEN, BORIVALI WEST, Maharashtra	India
S2-615025939	LORINDA'S AMERICAN TRGPSOT	5464 WALNUT VIEW BOULEVARD, COLUMBUS, OH	US
S2-754356426	Morsel Realty Limited Private	FLAT NO.C-06, BHARGAV PALACE, NR DYANDEEP ENGLISH SCHOOL, WADGAON BUDRUK, PUNE, HAVELI, Maharashtra	India
S2-7809937	Grand Neurosciences Group	NY, HYDE PARK, 16 HARVEY ST	US
S2-36951559	Vishram [Financial]		India
S2-559910502	Boston Trusted Japan Center	11739 KINGDOM AVE, CITY OF EL PASO, TX	US
S2-870280188	VISWAKARMA PVT LTD [[CENTER]]	PANCHAWATI, FL A/1, SILVANUS APT P NO. 23457, S. NO. 35/1, PASHAN, PUNE, महाराष्ट्र	India
S2-328784801	Aurus Santaner LLC	##5751 16TH STREET, PHOENIX, AZ	US
S2-631415169	TRIAD ADVANCES PVT. LTD.	DOOR NO 942 ADARSH NAGAR NEW LINKROAD OPP INDIAN OIL PETROL PUMP OSHIWARA, ANDHERI WEST, Maharashtra	India
S2-174541886	Watson Animal	3460 STERLING RD, BURBANK, OH	US
S2-78850997	Sri Khajuraho (Ádvanced)		India
S2-415037794	A Royal Ligadn Partners	112 WILDWOOD BEACH ROAD, MAHTOMEDI, MN	US
S2-645176266	-- Loera Crystal Japan Llc	8343 TANQUE VERDE ROAD, TUCSON, AZ	US
S2-494606846	ARLINGTON  STAR	TX, 5610 AUTUMN WHEAT TRL, ARLINGTON	US
S2-153269872	Code Institute Technology of	NO. 202 FLT NO C 117, HILTON TOWE,R MAHAKALI CAVES ROAD, SHERE PUNJAB COLONY NEAR MARUTI TEMPLE, A, NDHERI E, MUMBAI, Maharashtra	India
S2-159106309	Cabrera-Saul	108 LINCOLN DR, ELIZABETHTON, TN	US
S2-874736538	v+ coinshares inc	895 5 ST, MARYSVILLE, OH	US
S2-384246000	Glyphyx Duration	204B ELM STREET, COMMERCE, OK	US
S2-264243004	Rbs (Partners)	402 &403 VIJETHA ROYAL EMPIRE, DILSUKHNAGAR, SAROORNAGAR, తెలంగాణ	India
S2-690267015	llc kozak & lay cosmetics	52 ASHLEY DRIVE, WEST SENECA, NY	US
S2-368953593	Devva Technologies Private	H. NO. 199 BARAGAWAN BARAGAWAN, BALLIA, BALLIA, Uttar Pradesh	India
S2-375734344	Mansaray & Cooper Alternative Llc	5903 CAMRON POINT CIRCLE, KATY, TX	US
S2-983459191	bowleyinternational.com	85 WESTFIELD BOULEVARD, INDIANAPOLIS, IN	US
S2-181571007	chowaerieldds.com	56 BISCAYNE AVE, WEYMOUTH, MA	US
S2-388400441	Mr Hariom Tceahnolosgies Private Limited	#80/157, SARBA MANGALA PALLY, P.O. MALDA, ENGLISHBAZAR, West Bengal	India
S2-542789124	Jaxkordelta	47 PINE STREET, PO BOX 200, NEWARK, OH	US
S2-608496926	Modern Technologies Limited	NO 67 GANPATRAO KAAM MARGLOWER PAREL, MUMBAI, Maharashtra	India
S2-220405948	Womens Health Ridge Partners  Inc	01 CENTER PARK DR, CHARLOTTE, NC	US
S2-157806144	Gross Prime	1438 VACE RD, CHATTANOOGA, TN	US
S2-121693888	Mr Drs Advisors Private-Limited	D/3-29-3-30, OPP: HYUNDAI SHOW ROOM ANUTEX BUILDING, L.B. NAGAR, HYDERABAD, Telangana	India
S2-523181855	Maa Nursing Home Infratech Private Ltd	H. NO- 219/3V/12C SEC-D SHANTIPURAM PHAPHAMAU, ALLAHABAD, उत्तर प्रदेश	India
S2-914933428	ziranth pipes private limited	12A/266 VRINDAVAN YOJNA RAIBARELY ROAD, LUCKNOW, Uttar Pradesh	India
S2-348990518	Coastal International LLC	728 MAIN STREET, HRATFORD CITY, WI	US
S2-174240991	Continental Annaly	4030 COOPER STREET, TUCSON, AZ	US
S2-304028699	સ્માર્ટ શક્તિ મેનેજમેન્ટ	B3/305-E, AHMEDABAD, Gujarat	India
S2-650216158	National Regional Sunsine L.L.C.		US
S2-88481979	YODER  COASTAL-INCOME INC	171 MFLL BRANCH RD, BELPRE CITY, OH	US
S2-855284228	Summit Street	3 JACKSON STREET, DANSVILLE, NY	US
S2-609803074	leeanimal.com	2896 1/2 LEE RD, LEE, ME	US
S2-66523922	Cascade-Trust III LLC	3520 JEFFERSON AVE, DES MOINES, IA	US
S2-490814405	STRAYER JEWELERS INC.	1218 HALLWOOD LN, MONTGOMERY, AL	US
S2-917743892	Shri Indo Technologies Private Ltd	SURVEY NO. B3/282P1 , 282P2, 283, 284P2, B/H SAIMAX CERAMIC, PIPLI/JETPAR ROAD, A, T: RANGPAR, MORBI, ગુજરાત	India
S2-880589974	Rrm  Systems	#377 14, MEENAKSHI AMMAN NAGAR SURIYA NAGAR, தமிழ்நாடு	India
S2-826756724	JOYCE AND CHÉSHIRE LLC	417 FTONT STREET, MILFORD, DE	US
S2-255719807	Ujjavi Advisors Piaolet Limited	Gujarat, F-#23, SHUBH COMPLEX, NR-RAJASTHAN HOSPITAL OPP-ARIHANT TOWER, SHAHIBUAGE, AHMEDABAD	India
S2-872966114	SANAM-VINCOM	35, MANGAL MURTI, OPP.DIPALICINEMA, ASHRAM ROAD, AHMEDABAD, Gujarat	India
S2-986728349	ARLETTE'S NATIONAL HAIR STCMDIO INC	5538 ABERDEEN WAY, BIG LAKE, MN	US
S2-777655733	Hitech Construction Private	தமிழ்நாடு, 6 , K.C.GARDEN, 1ST STREET, PERAVALLUR, PEAMBUR PURASAWALKAM	India
S2-124076668	Lyr0la Criineas LLC	TUCSOON, AZ, 9936 ANASAZI	US
S2-116227998	Nesta & Brothers Exports	HARI OM COMMERCIAL COMPLEX OFFICE NO #401 8TH FLOOR DAK BANGLOW ROAD, PATNA, Bihar	India
S2-298971264	Trusted  River, LLC	807 1/2 LIDE AVE, MT PLEASANT, TX	US
S2-119903487	CARTER  CREATIVE	1247 WILLIAM FOWLER RD, KIGN, NC	US
S2-373667286	X +  K Viking Corporation	1401D ELM STREET, PITTSBURG, KS	US
S2-976784888	GANS LAVOIE COX LLC CENTER	471 MAIN ST, HATFIELD, MA	US
S2-892898418	Deleon Creative Iii LLC	07225 132ND STREET, APPLE VALLEY, MN	US
S2-832127443	Holt's Architecture L.L.C.	BETTENDORF, 3975 PARTRIDGE CIR, IA	US
S2-278269475	Apex Semiconductor Technologies LLC	SUN CITY, 9325 BRIARWOOD CIRCLE, AZ	US
S2-898530552	Ace Biotech	CONTINENTAL DRIVE, FIISHKILL CDP, NY	US
S2-138580377	Arts Léague Valley LLC	720 M SAINT, OXNARD, CA	US
S2-777279068	Pinkney Continental Mexico Lakeside	3120 DARDEN RD, GREENSBORO, NC	US
S2-660683511	#hamiltonwashington	104 MATHEWSON AVE, WICHITA, KS	US
S2-445040511	Kerr Target Partners	10631-B RIVER RAPIDS CT, COLUMBIA CITY, IN	US
S2-476046570	Lexine Putnam Morgan Córp	401 VETERANS DRIVE, LUVERNE, MN	US
S2-524648071	व्हाइट कंस्ट्रक्शन प्रा. लि.	3536, THIRD FLOOR, GALI JATWARA DARYAGANJ, DELHI, CENTRAL DELHI, दिल्ली	India
S2-361387824	Daex [Inc.]	14 BLEEKER PL, STATEN ISLAND, NY	US
S2-32430961	Chiropractic Heght Inc	24215 25TH AVE, BOTHELL, WA	US
S2-195817026	Ace Constellation Partners	6976 BELLO AVENUE, WEST VALLEY CITY, UT	US
S2-954715854	Crystal Chemical	TERRE HAUTE, 2607 Tenth St, IN	US
S2-954855741	New Delhi Care ((Co))	C 479 SHEIKH SARAI MALVIYA NAGAR, NEW DELHI, Delhi	India
S2-370932433	Mountain Council  Partners	4610 HUMMINGBIRD COURT, BLOOMINGTON, IN	US
S2-663191944	FORTUNE ENTERPRISES CONSTRUCTIONS PRÍVATE LIMITED	I-3-243, SECTOR 5, DELHI, दिल्ली	India
S2-847358829	HR  BUILDERS PRIVATE	3, GROUND FLOOR, AURANGZEB LANE, ABDUL KALAM ROAD, NEW DELHI, NEW DELHI, दिल्ली	India
S2-404439207	TIFFIE MURPHY VANGUARD	640 147TH STREET, TOWN OF RICHMOND, WI	US
S2-142576240	Pearl Pvt Ltd 5ervices	PLOT 357. M - 84, SOUTH CITY 1, GURGAON, Haryana	India
S2-978297595	Ínc Lucky Cafe	5034 AMBER CLAY LN, RALEIGH, NC	US
S2-887639353	Tri-State Golden Flexible Corp	##639 ROCHESTER STREET, TAACOMA, WA	US
S2-284104627	Olympia Searles Precision Silicon	OH, 329. ASPEN TERRACE DRIVE, NOBLE TWP	US
S2-728068123	Shourya Chemicals Private Ltd	DOOR NO 27 MADAN MOHAN, BURMAN STREET, KOLKATA, KOLKATA, West Bengal	India
S2-256333563	ഇന്റർനാഷണൽ എന്റർപ്രൈസസ് പ്രൈവറ്റ് ലിമിറ്റഡ്	DOOR NO V/0538KARUMAKKATTU KUMARAPURAM P O, ERNAKULAM, IDUKKI, Keralam	India
S2-4144611	PRIVATE DAMA INTERNATIONAL SCHOOL LTD	C/O. DHOLIBEN JETHABHAI, BHAYANI, NAVANIYA BABARA, AMRELI, ગુજરાત	India
S2-553458222	Summit Certified Amplify  Inc	2800 VICTORIA AVE, NORFOLK CITY, VA	US
S2-240524832	maiga s. camacho, dmd	7423 BALL CAMP PIKE, N/A, KNOXVILLE, TN	US
S2-611602843	Limited HE Internationa1	3768/1, null, LUDHIANA, Punjab	India
S2-773978695	1522 Highland Road	BRIDGEPORT, CT, 120 Daniel Dr	US
S2-547767290	Zhou  Analytics	93117 PARK STREET, CHESHIRE, OR	US
S2-731675366	Private VG Mining Limited	NO 62 C/O SUMITRAMMA B, #1938, 'AASHIRWAD', 2ND FLOOR 9TH MAIN RD, 1ST CROSS, KUMARASWAMY LAYOUT, 2ND STAGE, BANGALORE, ಕರ್ನಾಟಕ	India
S2-54845543	Omex Industries of Companies 6roup Ltd	90 OFFICE NO 4 BASEMENT BJ MART STREET NO 1 BEHIND AIRTEL CARE JAGAT FARM SEC GAMMA12, GREATER NOIDA, Uttar Pradesh	India
S2-22886715	సెవెన్ ఇన్ఫోటెక్ లిమిటెడ్	S NO 1609, MAHABUB NAGAR, SHAMSHABAD, తెలంగాణ	India
S2-623750845	Rocky Holdco	ROCK HILL, SC, 2322 EBENEZER ROAD	US
S2-360008670	MM Excaaion Private  Limited	FLAT NO-154/288-SFS-, FG-8-A RAJOURI GARDEN, NEW DELHI, दिल्ली	India
S2-72416810	YAO CRYSTAL SQUARE	14 BABCOCK AVENUE, BROOKHAVEN, NY	US
S2-597540516	South-Ganesh Nagar Nagar Marketing	DOOR NO 375 A-3-B, SOUTH GANESH NAGAR, Delhi	India
S2-755781182	Lazo  Direct Deep, Inc	AR, 2206 16RD STREET, BENTONVILLE	US
S2-468956394	INC. UNITED COMMEREAIAL	7062 JUNIPER DRIVE, JOSHUA TREE, CA	US
S2-793665137	Inc Hebert Fróntier Lifsscitnces	624  UPPER MEADOW LN, WALLER, TX	US
S2-699771268	Gomez, Corene Consumer Ínc	4924C ADAMS ST, GARY, IN	US
S2-754467043	Sri SAMARPAN HOMES PRIVATE  LIMITED	FIRST FLOOR, FIRST BLOCK, /25 RAMANUJA IYER STEET OLD WASHERMENPET, CHENNAI, Tamil Nadu	India
S2-750812506	DXFSCIENCE.COM	25 (OLD NO 94), SCHOOL ROAD, KAMARAJ AVENUE, ADYAR, CHENNAI CITY CORPORATION, Tamil Nadu	India
S2-918391479	Royal Construction Union Metro [LP]	1368 FATE RANKIN RD, JEFFERSON CITY, TN	US
S2-408783273	सनराइज गुरु कंसल्टेंट्स	ARYAN BAWAN, VARANASI, Uttar Pradesh	India
S2-573724444	बिग पावर प्रा. लि.	C/O OMVEER SINGH HEER PUR, JATTARI, Uttar Pradesh	India
S2-435024845	Royal Connecticut, Llc #35632	908 WILLIAMS AVE, PMB 3238, MOUNT PLEASANT, TX	US
S2-963945440	Quartz Allurion Highland	TX, 1938 1/2 FANNIN OAKS DRIVE, VICTORIA	US
S2-736167731	Uppal Limited Infotech	H.NO-A-4-7-102/23, SAI ENCLAVE, UPPAL, Andhra Pradesh	India
S2-199326751	Cggprses Inc	05 Hickory Hill Rd, SAPULPA, OK	US
S2-885810596	Holdings College Shree	PATNA, Bihar, H.NO 9 C/O SUNIL KUMAR PADRI KI HAWALI PATNA CITY	India
S2-355895406	orange heritage council	31 HENRIETTA ST, ORANGE, TX	US
S2-459630928	गैलेक्सी टेक्नोलॉजीज स्टील प्राइवेट लिमिटेड	NO 26. C/O RAM KR, MORADABAD, BILARI, Uttar Pradesh	India
S2-340140487	Julianne's United Mortgage Ltd	WELLSVILLE, 4557 1/2 UTAH RD, KS	US
S2-231104855	Shamoon Natural,	FLAGSTAFF, 6005 SMOKE RISE DR, AZ	US
S2-43859187	Aniltechyn  Stocks	14/1672, ANATHANAM TOWN CENTRE, OLD POST OFFICE ROAD, VADAKKENCHERRY, PALAKKAD, Keralam	India
S2-825948694	CINDEE L. STEWART M.D.	HENNRICO TOWNSHIP, 3405 BARTLEY POND PL, VA	US
S2-972255709	ALTIUS FOUNDATION-LLP	KH NO 858, PLOT NO 7, CLUB DRIVEN ROAD GHITORNI, NEW DELHI, Delhi	India
S2-741598178	Tapia  Pattana LLC		US
S2-789176391	Mercedes H. Shell, P.A. LLC	2211-C COTSWOLD COURT, LIIVERPOOL, NY	US
S2-958600315	Stanley's Deli	#6679 CHAPEL DR, STEEDMAN, MO	US
S2-158687922	সান গ্লোবাল লিমিটেড	NO 155 11, HOWRAH, পশ্চিমবঙ্গ	India
S2-880927887	VEACH INTERIORS CO	40 HERSCHEL ST, CARIBOU, ME	US
S2-310311190	20/92 five ltd	1267 1100, FARMINGTON, UT	US
S2-237249617	ஆல் கன்சல்டன்சி பிரைவேட் லிமிடெட்	103., COIMBATORE, தமிழ்நாடு	India
S2-283797923	KING  PIMCO	1808 MONTANA STREET, MISSOULA, MT	US
S2-449671151	Liberty (Providence-LLC)	7297 DYKE AVENLE, NORTH RIDGEVILLE, OH	US
S2-355327025	Ivey, Dunavant  and Puckett Realty, Inc	1409 MONTGOMERY ST, FLORALA, AL	US
S2-995668096	Shri Sheth  (India) Services Pvt Ltd	##692, ADARSH COLONY BHADSON ROAD, Punjab	India
S2-172597897	Ridge Gld	303 ADAMS ST, DELAWARE CITY, DE	US
S2-549675860	Service 27 10 Works Group	1628  GARLAND RD, CONCORD, TN	US
S2-303457668	hillbrands.com	145 E WALNUT STLEET, WADSWORTH, OH	US
S2-1311030	Al  Limited Ventures Private Super		India
S2-161122749	GARIA MINERALS	B-1268 G/F OLD NO.-5 NEW ASHOK NAGAR, NEW DELHI, Delhi	India
S2-844844028	Alisun Wright, D.D.S. [Group]	830  HINKLE ESTATES DR, SEYMOUR, TN	US
S2-14663086	Hendrika's Manufacturing	784 66TH AVENUE E, TULSA, OK	US
S2-760323383	M/s JAI ENTERPRISES (INDIA) MARKETING PVT LTD	KONAR ESTATES D-G-6, 9 CANNAUGHT RD PUNE, PUNE CITY, Maharashtra	India
S2-908010642	Shri MSLL-& CO	804 5-4-83, SECOND FLOOR, TSK CHAMBERS M.G. ROAD, OPP. RANIGUNJ BUS DEPOT, SECU, NDERABAD, HYDERABAD, Telangana	India
S2-269487856	Gillian's Tire Saadho	BLYTHEVILLE, AR, 221 EASTWOOD ST	US
S2-813046015	Certified Partners Bold [Cascade]	711 PINE VALLEY DR, WILMINGTON, NC	US
S2-237430320	Inc. Granite	HWY 73, null, WILTON, AL	US
S2-987852306	Medio Dragon Corporation	155 STERLING ROAD, PLAINFIELD, CT	US
S2-126861995	Vanguard Rúnway	64206 SAWGRASS LN, NC, CONCORD	US
S2-806887255	Indo Ventures Ltd	F-271, 3RD FLOOR, NEW DELHI, दिल्ली	India
S2-970356675	हाईटेक इंजीनियरिंग प्राइवेट लिमिटेड	PHASE 1 INDIRA NAGAR, H NO 81 MANAS CITY EXTN, Uttar Pradesh, LUCKNOW	India
S2-372908030	Midwest Trust	92 DOLLAND DRIVE, PMB 6420, CAMDENTON, MO	US
S2-981099698	ॐ सर्विसेज प्राइवेट लिमिटेड	C/O A. HAMID PATEL, SOMANI GALLI, GEORAI, BEED, Maharashtra	India
S2-148416682	Johnson's Signature Grading Co	WI, 114 School Street, CUBA CITY	US
S2-87618302	Ponte Elite LLC		US
S2-353096605	Smt Asian & Co Ventures	H.NO 18 13TH CROSS, VASANTHANAGAR, EAST, Karnataka	India
S2-550159674	Desai Traders Private	FL NO B-201  S NO 2/2 FLORIA NR SUN SATELLITE, PUNE, महाराष्ट्र	India
S2-841182384	Neelkanth Renty Center	P NO 699, F NO 201, SAI, NILAYAM APTS, VR COLONY, BALANAGAR, Telangana	India
S2-489795633	3901 Park Way Realty (PLLC)	BEECHWOOD DRIVE, HAVELOCK, NC	US
S2-725015966	TAYLORSVILLE CILTCTY PGIM-L.L.C.	6527 TAMRA DRIVE, TAYLORSVILLE CITY, UT	US
S2-600485958	ONCOLOGY GROUP INC	807 11TH AVENUE, MELROSE PARK, IL	US
S2-323169426	Premier Ceiete Collective Corp	4230 FOLKER STREET, ANCHORAGE, AK	US
S2-508778217	Daix Jersey Southside	268 CENTRAL AVENUE, RIDGEWOOD, NY	US
S2-442804286	NELSON, PHLYI,S D.C., M.D., P.C.	969 JOHN WAGNER RD, MC CONNELL, IL	US
S2-761191316	सन प्रोजेक्ट्स प्राइवेट लिमिटेड	RZ-82., NEW DELHI, UTTAM NAGAR, Delhi	India
S2-345527592	Ghosh  Polyltchnic	46/1-SRI SAI TOWERS-401, CHANAKYAPURI COLONY, KURNOOL, ఆంధ్రప్రదేశ్	India
S2-150433500	Maldonado, High and Britt Molecular	551 Prospect St, WETHERSFIELLD CITY, CT	US
S2-105291052	LLP RAM ENTERPRISES AGENCIES	GURU NANAK NAGAR, NEAR SHAKTI VIHAR, Punjab, PATIALA, N/A, H.NO 134	India
S2-436838908	DELTA ÉNERGIA	5002 HIRSCH ROAD, HOUSTON, TX	US
S2-147848398	Guyer Lending	W2684 SARATOGA DR, TOWN OF BUCHANAN, WI	US
S2-45374386	HALCOS ANADOLU ANADOLU INC		US
S2-330186762	>> Chennai Atdovncde Private Limited	NO.19, SOUTH STREET GANGA NAGAR, JAFFERKHANPET, CHENNAI, Tamil Nadu	India
S2-572769872	ngsource.com	1926 PROSPECT DR, NULL, CHARLOTTE, NC	US
S2-139110446	UWD-LIMITED PARTNERS	PLOT NO. , PHASE 3 GIDC VATVA NR. ADESHWAR MOULD, Gujarat	India
S2-376689232	INN0VATIVE SERVICES	CTS NO 9657, 9648 PLOT NO, BELGAUM, Karnataka	India
S2-803487149	Heritage Trading Enterprises LLC	OH, 00433 MINER ROAD, HIGHLAND HEIGHTS	US
S2-274372143	Buckholtz Continental Physical Therapy Llc	461 MT VIEW FARM ROAD, SENECA, SC	US
S2-21892998	Commercial Broadcast Advisors Group	4716 ROCKPORT DRIVE, JONESBORO, AR	US
S2-905785452	ശ്യാം ഫുഡ്സ്	NO 28 C/O KRISHNAKUMAR KT, TALAPPILLY, THRISSUR, കേരളം	India
S2-444215952	WP Industries Pvt.	A-A-22 (OLD NO. A-14), 4TH FLOOR STREET NO.- 4, SHASHI GARDEN, PATPARGANJ, Delhi	India
S2-767828766	बाबा एसएस एनर्जी लिमिटेड	S.NO 030/36, NASIK, Maharashtra	India
S2-362715401	demeoproperties.com	40997 13, MELROSE, MN	US
S2-170578238	JORGENSON-RAIL LLC	1644. SAVANNAH ROAD, LEWES, DE	US
S2-970086856	... PAWAN + BROTHERS  PRIVATE LIMITED	AL/1/B/1 STREET NO. 15, NEWTOWN RAJARHAT, HOWRAH, KOLKATA, পশ্চিমবঙ্গ	India
S2-150662180	ST Automation	UNIT NO BN31, NMSEZ COMMERCIAL COMPLEX PLOT NO 6, SECTOR 11, DRONAGIRI, NAVI MUMBAI, Maharashtra	India
S2-976736766	Universal Network Worldwide Associates Co	8212 Flicker Pl, LOUISVILLE, KY	US
S2-480002867	ROBERTS CANADA  INC	613 CERMAK STREET, MOAB, UT	US
S2-320439385	Superior Value Fisheries Uptown Ínc	53 EISENHOWER AVE, null, NEW SQUARE, NY	US
S2-299995662	CHANG  TITAN	128 WEST END AVE, N/A, WESTMONT, IL	US
S2-489908959	Anchor Automation  Corporation	9188 BELL MEADOWS BLVD, BELTON, TX	US
S2-303286540	Premier Liberty Media LLC	154 CHESTNUT ST, NEW BEDFORD, MA	US
S2-724042225	FT Infotech Pvt Ltd.	R NO. D/1, VISARIYA SADAN, 92/B BELGRAMI RD, KURLA W, MUMBAI, Maharashtra	India
S2-654403364	న్యూ ప్రాపర్టీస్ ప్రైవేట్ లిమిటెడ్	DOOR NO 46 ROOM NO: 101, ELURU, WEST GODAVARI, Andhra Pradesh	India
S2-758141681	Burk'S Home Bay Care	3642 147TH AVENUE, HAM LAKE, MN	US
S2-428606754	Tripp  School of Medicine Inc	MOREAU, #26 TERRY DR, NY	US
S2-816055452	BABA-NEW ENTERPRISES LTD	0121, NIRMAN NAGAR AJMER ROAD, JAIPUR, Rajasthan	India
S2-224869315	Johnson, Francyne, L.C.S.W., PC Inc Center	370 POOR VALLEY ROAD, SMYTH COUNTY, VA	US
S2-444378478	Kaveriova Electronics Private	NO 028 THAMMANAHALLI ROAD BEHIND FORCE CHIKKABANAVARA POST, BANGALORE, Karnataka	India
S2-784439070	HAPPY MASSAGE OF AIR CENTER	806 MAY CT, BEL AIR, MD	US
S2-158638453	RAGSDALE GIANT	28 FLANDERS ROAD, BETHLEHEM VILLAGE, CT	US
S2-179524589	JD INSTITUTE	12 & 13 FIRST FLOOR BACK SIDE SHAKARPUR VILLAGE, SHAKARPUR, Delhi	India
S2-57057896	Benet Worldwide L.L.C.	2201 FITZGERALD AVE, DURHAM, NC	US
S2-418431313	BEST APPAREL WORKS CARE	0446 BERTRAM STREET, MONONGAHELA, PA	US
S2-31044701	Virgo &	Uttar Pradesh, H.NO. - 569/190, MAIN KANPUR ROAD, SNEH NAGAR KRISHNA NAGAR, LUCKNOW	India
S2-606889205	Piedmont Hólding Company	BANTAM RD, PO BOX 9376, TUCSON, AZ	US
S2-574021814	ELlTE  COMMERCIAL ADVISORS, CO	15876 13, WYNDMERE, ND	US
S2-134770421	Cecilia'S Pínnacle Spa	##6030 ELIZABETH PL, null, PARADISE VALLEY, AZ	US
S2-525671462	Foods  Jsb Farms Private	WEWORK PRESTIGE CUBE, SITENO 26, LASKAR HOSUR RD, BANGALORE SOUTH, Karnataka	India
S2-219775662	Matos's  Ice Cream LLC	718 1/2 WELLMAN AVENUE, CHELMSFORD, MA	US
S2-122367876	Reliable (Édp)	215 HOOPER TRAVIS LANE, EVENSVILLE, TN	US
S2-102172461	Great Dream Infrastructure Public Limited	79-, MUKTANAND NAGAR, GOPALPURA BYPASS, JAIPLR, Rajasthan	India
S2-313877407	Mother Prcodur Enterprises Limited	LEVEL -4 , CENTRUM HOUSE, C.S.T. ROAD, VIDYANAGARI MARG, KALINA, SANTACRUZ (E), MUMBAI, Maharashtra	India
S2-954982330	HAACK, DOSTAL AND KEISER WÍLLIAMS CO	2333 EDMONDS WAY, EDMONDS, WA	US
S2-62315481	-- ROZAMOND M. SOMMERVI1LE, [ESQ.]	3121 1/2 TUSKEGEE ST, DALLAS, TX	US
S2-76403904	Mumbai Dáiry	A-1406, BLDG O2, MINERVA, IND ESTATE MULUND W, MUMBAI, Maharashtra	India
S2-712479570	Sweet Bakery! Corp	29117 ROSEWOOD LN, HIGHLADN, CA	US
S2-789241422	LLC Lewis Produce	HYDE PARK, #4164 ALBANY POST ROAD, NY	US
S2-174298792	LIMITED SOLUTIONS PERFECT PRIVATE CENTER	H 187, SECTOR 63 NOIDA, UTTAR PRADESH, NOIDA, GAUTAM BUDDHA NAGAR, Uttar Pradesh	India
S2-286531523	प्राइम फाउंडेशन प्राइवेट लिमिटेड	GAUTAM BHUDDHA NAGAR, A-D/091, Uttar Pradesh, XU1, GREATER NOIDA	India
S2-835259028	Pn & Sons-Ltd	SHOP NO. 22, SECTOR - 9, ZONE - 93 SHIPRA PATH SHOPPING CENTER, MANSAROVAR, YOZNA, JAIPUR, Rajasthan	India
S2-780153696	Corley Midwest Pegasus,	OR, CANBY, 25385 HUGHES LN	US
S2-102907056	Lakewood Foods Limited Private	AD-321, SALT LAKE CITY SECTOR - I, NEAR TANK NO. 4, KOLKATA, পশ্চিমবঙ্গ	India
S2-270322597	Hitchcock & Ramirez Highland Partners Inc	332 J A FARRELL SAINT, PITTSBORO, NC	US
S2-601193432	FRITZ + MAUL ILLUMINATION INC.	05 WABASH AVENUE, CRAWFORDSVILLE, IN	US
S2-29657277	Prime Creative		US
S2-508398703	PRIME HEAOTEHCOAER STORES PRIVATE LIMITED	NO 74 C/O TIRUPATICOMPLEXPVTLTD, 2NDFLOOR GANPATI PLAZA, SILIGURI, DARJILING, West Bengal	India
S2-250198213	Ras0nus-Inc	672 EVANS AVE, AKRON, OH	US
S2-759040525	ഈസ്റ്റ് ലോജിസ്റ്റിക്സ് ലിമിറ്റഡ്	#38/104 (OLD NO.19/131), THRISSUR, Kerala	India
S2-43399661	Gray Academy Holdings	2489  OLD BARNES ROAD, MATHEWS, AL	US
S2-612759814	Safe International Inc Partners	55 AYRAULT ROAD, FAIRPORT, NY	US
S2-172327605	Burger Inc Newbury	15448 FIRST PL, SUNNYSLOPE, AZ	US
S2-302080693	URGENT URGENT CARE HZORION [PHYSICIANS]	15 ALBANY STREET, CAZENOVIA, NY	US
S2-412784802	pratt portfolio	#6324 MEANDERING WOODS COURT, FREDERICK, MD	US
S2-928348681	Fortune It Stores Private	254/5, FLOOR-2-CSA-2, TOWER-B, I THINK LODHA, KALYAN, Maharashtra	India
S2-309561640	Coastal Inc Coca		US
S2-447737527	Signature Carlyle Midtown Inc.	1103 FRENCH ST, CITY OF PESHTIGO, WI	US
S2-659006722	சூப்பர் எண்டர்பிரைசஸ் பிரைவேட் லிமிடெட்	DOOR NO C-126D/10 N NO-224-2 JEYANTH NIVAS, AROKIYAMATHA NORTH STREET, MADURAI, KOCHADAI  MADURAI, Tamil Nadu	India
S2-170230513	foot & ankle cornerstone clinic inc	699 BACON RD, NC, LITTLETON	US
S2-196204984	Hyderabad  Projects Private Limited	2-3-549/3 PLOT NO 3 SAI NAGAR COLONY, ALKAPURI X ROAD, NAGOLE, HYDERABAD, Telangana	India
S2-688488177	First Genomic  Company	LEXINGTON, ##1391 JERSEY CHURCH RD, NC	US
S2-607608903	uf.com	12132 1/2 DAVID DRIVE, SILVER SPRING, MD	US
S2-273158478	Leak LLC Center	2420 59TH SAINT, DOWNERS GROVE, IL	US
S2-174490227	AZT Navigati0n	DOOR NO 15 SHOP NEAR BK NO.1969 O T SECTION, ULHASNAGAR, Maharashtra	India
S2-663058727	XIQ AGRO	VILLA NO 319, ASHOKA AL MANSION DOOLAPALLY, MEDCHAL, MALKAJGIRI, Telangana	India
S2-873254087	HARRIS AND SPELMAN	0012627 OAK AVE, CLAREMORE, OK	US
S2-559870007	ఫ్యూచర్ ఇన్వెస్ట్‌మెంట్స్ ప్రైవేట్ లిమిటెడ్	NO 785 D-905 16TH FLOOR RAMIREDDY, null, RANGAREDDY, తెలంగాణ	India
S2-299335327	Ear Nose Throat Associates of Saluda Group Services	SALUDA, 3113 SILVER CREEK ROAD, NC	US
S2-499048769	Patriot Alliance	#214 THORNBURY CT, OSWEGO, IL	US
S2-185249310	willowgroup.com	195 TRINITY CEMETERY LN, ANNA, IL	US
S2-719990654	Hrb Sangh Ventures	DOOR NO 49 SHREE GANESH NIWASJAGANNATH ROAD GANDHIBAGH, NAGPUR, Maharashtra	India
S2-46591187	ALLOYS JHA PRIVATE LIMITED	#1/1, ANP TOWER 5TH FLOOR, KIRSHNAN KOIL STREET, MADRAS, CHENNAI, Tamil Nadu	India
S2-412103615	FOOT & ANKLE ANKLE	225-B WEDGEWOOD DRIVE, CAMPBELLSVILLE, KY	US
S2-136200009	Atlantic Fdeeadrdtion	31 Crickle Creek Ln, DOVER, DE	US
S2-692835534	Dickens,, Jacinta LLC 5ervices	9356 BRAYMORE CIRCLE, FAIRFAX STATION, VA	US
S2-252583656	greenlandbright.com	WESTBOROUGH, MA, 1004 BRADISH LANE	US
S2-150806063	globalenterprises.com	ASH ST, ORIENT, IA	US
S2-351688119	Vhnnyk & Co	H.NO 565 R.H. NO 04 S NO-167/1A/6, DAFODILL SOCIETY SANT, PUNE CITY, PUNE, महाराष्ट्र	India
S2-62697433	India Varalaxmi Solutions Private Límited	PLOT 876. PARGATI NAGAR LATUR, LATUR, Maharashtra	India
S2-159701054	Plumbers-Union Local No 471	12367 1/2 MARGARET ROSE DR, RIVERTON, UT	US
S2-828980625	*** Ectozeph	915. TURTLE CREEK DR, <NULL>, OWENSBORO, KY	US
S2-76917246	HY Wheels Wheels Private	S NO. 201-, OFFICE NO. 106, PALLAZO CONDOMINIUM, NR. WISDOM SCHOOL, HADAPSAR, PUNE, Maharashtra	India
S2-290064703	First Chemical Worldwide Associates Ltd	158 HAMBLETONIAN AVENUE, CHESTER, NY	US
S2-982003904	Bright Ice Cream Corp	506 BENNETT AVE, MINNEISKA, MN	US
S2-358263647	Daryl Hill Supreme Lodging Co	4 BROOKWOOD DRIVE, SOUTH BERWICK, ME	US
S2-909287325	Lyrova Fortis,  Inc	251 WINSLOW STREET, DANVILLE CITY, VA	US
S2-322027588	Human Ríghts Association	7 STURTEVANT STREET, BEVERLY, MA	US
S2-672479793	13 Washington Blvd Management	MD, 108 LAKE VIEW DR, ANNAPOLIS	US
S2-293214480	Vintage & Brothers Holdings Private	57 PAATDA KI CHOPDIYA SANGOD, KOTA, Rajasthan	India
S2-253176394	Grade Ínnovate Ltd	802, 8TH FLOOR, VISHAL, TOWER DISTRICT CENTER, NEW DELHI, Delhi	India
S2-606108952	Onyx Hóvnanian LLC	GRANVILLE, NY, 10216 40	US
S2-550758564	Alamin Egh Holdings	2822 FLORENCE DRIVE, TCUSON, AZ	US
S2-992500269	Sourya Mills (India) Private Limited	Madhya Pradesh, G-9, VAIBHAV CHAMBER 7/1, USHAGANJ CHHAWANI	India
S2-159965255	Richard and Downs P.C. Center	NOBSCOT DR, INDIANAPOLIS, IN	US
S2-960232886	ग्रीन फूड्स प्राइवेट लिमिटेड	#845  206, SLF MALL, SECTOR 30-33, FARIDABAD, Haryana	India
S2-86379685	ಫಸ್ಟ್ ಡೆವಲಪರ್ಸ್ ಪ್ರೈವೇಟ್ ಲಿಮಿಟೆಡ್	H.NO 28/2, BASEMENT, 18TH B CROSS, LAKSHMIPURAM, ULSOOR, BANGALORE, ಕರ್ನಾಟಕ	India
S2-656020279	galinacincoandretti.com	2024-C G AVE NE, CEDAR RAPIDS, IA	US
S2-405196382	Bharat Consreaion Private Limited	13-136/ , KASINADHAPURAM STREET SITANAGARAM, TADEPALLE, ఆంధ్రప్రదేశ్	India
S2-137376696	ઇન્ટરનેશનલ ઇન્ફોટેક પ્રાઇવેટ લિમિટેડ	BLOCK B-38 DOCTOR HOUSE PLOT NO.19, 1537/A, RS NO 494/2, VADODARA, Gujarat	India
S2-688957495	Nelson Catalyst [LLC]	808 BANBURY RD, IN, NOBLESVILLE	US
S2-760074449	Technologies Dream Spa	ETERNLLE FLAT NO. A-902, SR NO. 86, NR. ANJOR SOC, HAVELI, Maharashtra	India
S2-702039155	COBALT QUETTA PARTNERS	139 COYLE DR, SEEKONK, MA	US
S2-696620232	Quantyn State,-LLC		US
S2-776381049	40/72 Áltisource, Llc	15 OAKLANDVALE AVENUE, SAUGUS, MA	US
S2-962347602	Silver Bazar Private Ltd	NO.198, 2ND FLOOR, CMH ROAD, INDIRANAGAR, 2ND STAGE, BANGALORE, BANGALORE NORTH, ಕರ್ನಾಟಕ	India
S2-442696967	MAY AND ALMQUIST CENTER  LP	120 28, HARWICH, MA	US
S2-257662134	भारत आईटी	NO 00806-02 8TH FLOOR ASHA NAGAR BEHIND SAI DHAM MULUND(WEST), MUMBAI CITY, MUMBAI, Maharashtra	India
S2-633873636	Metro Home Improvements	201 1/2 VANBIBBER DRIVE, KY, ASHLAND	US
S2-647752370	3630 THIRD LFGANE [COMPANY]	2854 FENWICK STREET, GRAND PRAIRIE, TX	US
S2-817421584	क्रिएटिव केयर प्राइवेट लिमिटेड	S.NO-314/2/B/28, DAMODAR NAGAR, NASHIK, NASHIK, Maharashtra	India
S2-729115925	Inc Cianl	##10 HERON LN, COMMACK, NY	US
S2-272337602	Novuq Cmbml PLLC	1921 CORDOBA DR, BROWNSVILLE TOWNSHIP, TX	US
S2-122595459	Zetakor Project	NY, 359 1/2 17, BRSHTON	US
S2-981297220	Workman Wisconsin	130- LORETTA AVE, ST. LOUIS, MO	US
S2-95303723	Y/A  Partners	4096 STARWOOD DR, MEMPHIS, TN	US
S2-201731052	டைனமிக் பெஸ்ட் கன்ஸ்ட்ரக்ஷன் பிரைவேட் லிமிடெட்	NO 93 C/O BALAKRISHNAN.M, KRISHNAGIRI, DHARMAPURI, Tamil Nadu	India
S2-215070864	वन गोल्डन एग्रो प्राइवेट लिमिटेड	708, MUMBAI, MUMBAI CITY, Maharashtra	India
S2-874544387	DQM (Tours-LLP)	S.NO 591/2, BEHIND, AKASHWANI, KOLHAPUR RD, MIRAJ, महाराष्ट्र	India
S2-106347669	The 4064 Lake Drive Management LLC	2051-C WESTON AVE, YOUNGSTOWN CITY, OH	US
S2-975996812	Center TT LLC	25111 NORTH ROAD, COLBERT, WA	US
S2-45373075	Figueroa, Stiles and Cox Inc	3675D PRAIRIE ROSE STREET, CITY OF EL PASO, TX	US
S2-11556516	melton offshore of andover inc	JOSEPH ST, ANDOVER, MA	US
S2-372542500	बॉम्बे एस्टेट प्राइवेट लिमिटेड	WEST DELHI, Delhi, NEW DELHI, A - ##35, SUDERSHAN PARK, MOTI NAGAR	India
S2-985702654	MARTINSBURG MODERN MODERN COMMUNITY ASSOCIATION	92 DUMPLING DR, MARTINSBBURG, WV	US
S2-617274078	Seline Caalro, D.O., P.C.	45 OAK STREET, CHICAGO, IL	US
S2-783112477	E + Inc  Telephone M (ID: 6844)	244 ROSELAWN AVENUE, BARTLESVILLE, OK	US
S2-870708030	Mgb & 5ons Ltd	11, JOY BUILDERS, SAKET CHAURAHA, INDORE, Madhya Pradesh	India
S2-911154739	Super Infra Public Limited	NO 034 IDEAL LAKE VIEW, FLAT 14D, MARINA BLOCK 16/1E/1, EAST TOPSIA ROAD, KOLKATA, West Bengal	India
S2-122125858	MUNNAR (INDUSTRIES)	SHOP NO. 3, FIRST FLOOR, DDA MARKET, C-4-F- BLOCK, JANAK PURI, NEW DELHI, दिल्ली	India
S2-286638694	हाई प्रोड्यूसर प्रा. लि.	ROM NO 6, GROUND FLOOR, 787, BAPURAO JAGTAP MARG, JOCAB CIRCULE, MUMBAI, MUMBAI CITY, महाराष्ट्र	India
S2-145275705	SOLUTIONS KAMAL BÚILDCON LIMITED	###52/1/F HALDER PARA ROAD, BUDGE BUDGE LP-51/20/1(UG), BUDGE BUDGE, West Bengal	India
S2-987501888	Chiropractic (Clinic)	11820 DEER GRASS CIRCLE, <NULL>, CITY OF EL PASO, TX	US
S2-312251837	ପାୟୋନିୟର୍ କନଷ୍ଟ୍ରକସନ୍ ପ୍ରାଇଭେଟ୍ ଲିମିଟେଡ୍	H.NO 375/1895, KHORDHA, BHUBANESWAR, Odisha, KHATA NO.774/3189 SISHU VIHAR, PATIA	India
S2-483547825	(Inc) Perez & Jackson	16TH STREET, OMAHA, NE	US
S2-890517792	शक्ति सॉल्यूशंस लिमिटेड	GROUND FLOOR (GATE NO. #2) OF PLOT NO. 131-132, UDYOG VIHAR PHASE VI, SECTOR 37, GURGAON, HARYANA, GURGAON KTY., GURGAON, Haryana	India
S2-363146178	Bovoix Blue System Inc	3410 ANGORA DRIVE, HUNTSVILLE, AL	US
S2-641807236	Realtech Mukhi Private Limited	FLAT NO.D/003 , SAFFRON, GREEN VALLEY, SECTOR41-42, FARIDABAD, FARIDABAD, Haryana	India
S2-261173769	Sahyog Tráders Center	F 235 MAHAVEER CALYX APP NYANAPPANAHALLI, BANGALORE, Karnataka	India
S2-220541338	ortizbaybiopharmaceuticals.com	774 GINKO AVENUE, PO BOX 123, GILBERT, AZ	US
S2-16302762	Ltd 5olutions Sawai One	H NO.624/20 OM NAGAR KHANDSA ROAD, GURUGRAM, GURGAON, Haryana	India
S2-505029475	>> PRIMARY CARE PARTNERS	TROY, 7507 Bentridge Dr, IL	US
S2-133270735	*** Jc  Soi Pvt Ltd	804, MUMBAI, MUMBAI CITY, Maharashtra	India
S2-405609980	Wellington Autotech Private	236, NEAR BUS STAND ITAWA BHOPJI, CHOMU, JAIPUR, राजस्थान	India
S2-520253682	L.L.C. Vision Specialists	11681 TIDEWATER DRIVE, FISHERS, IN	US
S2-827642834	Tiertza Fletcher	12878 BUNKER HILL DR, CAZENOVIA, WI	US
S2-126277488	Palm Bullion	SCO-C-6, SABZI MANDI, PHASE XI, MOHALI, Punjab	India
S2-232700760	Elkins Pioneer  Amplify	#2486 LITTLE DIVINE RD, SELMA, NC	US
S2-14278997	CUSTOM DIAMOND RÚSH, LTD	429. BROWDER CIRCLE, TN, OLIVER SPRINGS	US
S2-424136714	GTG RELIABLE IDAHO  PARTNERS	414 COTTONWOOD DRIVE, COPPERAS COVE, TX	US
S2-84623473	Sri Vishnu Infra  Exports Private Limited	ROAD NO. #14, AMARDEEP NAGAR, SANCHAR COLONY, EAST RAMKRISHNA NAGAR, PATNA, Bihar	India
S2-424464661	Motes, Corley & Móntesdeoca LP	HERNDON, 13665-D NEIL ARMSTRONG AVENUE, VA	US
S2-72112805	M/s Unique Solutions Limited Private	B/5/92, SRI DRIVE IN PARK GOYAL INTERCITY, OPP. T V TOWER, MEMNAGA, R, AHMEDABAD, Gujarat	India
S2-866052858	फ्यूचर एनर्जी	SANGLI, महाराष्ट्र, SHIRALA, A/P SHIRALA, H NO. 3127/1, TAL SHIRALA, DIST SANGLI	India
S2-783860047	EMPIRE ADVANCED  AIRPORT	BROOKWOOD DR, WINSTON-SALEM, NC	US
S2-961989190	Agro Golden Power Holdings	NO 60/124, II FLOORSRI LINGAM'S NEST, 22ND STREET 5TH AVENUE, ASHOK NAGAR, CHENNAI 83, Tamil Nadu	India
S2-882462373	Mcculler & Lámb LLC	206 FLAGSTONE DRIEV, NULL, KING, NC	US
S2-795722195	എയ്സ് സർവീസസ് ലിമിറ്റഡ്	PEBUMALPPADY, ERNAKULAM, KOCHI, കേരളം	India
S2-454547723	Little Pilates LP		US
S2-597797092	YOX Apex Renewable  Group	1921- WILLOW PARK DRIVE, FORT WORTH, TX	US
S2-274417220	Hopkins-Bay Bíopharma Group	5850 BEACON FALLS DR, KINGWOOD, TX	US
S2-345646099	R 5 Apex Rail	##8617 W POINT DOUGLAS RD, COTTAGE GROVECITY, MN	US
S2-690011660	Gerow Health-Center	#59 VIRGINIA AVENUE, PARSONS, TN	US
S2-135139305	भारत एस्टेट प्राइवेट लिमिटेड	D/539/A, महाराष्ट्र, PUNE, 5TH FLOOR, 93A/2, 93A/3, 93A/4 93 AVENUE, WANOWRIE	India
S2-272524011	Kolkata Mérchandising Private Limited	22, MAHATMA GANDHI ROAD, GROUND FLOOR, KOLKATA, পশ্চিমবঙ্গ	India
S2-852547914	Harris Select Cell L.L.C.	135 PATCH CREEK DRIVE, CHOCOWINITY, NC	US
S2-93320035	Sambit Infracon Cómpany	NO 1-1/1/9 , BHAGYAT, UPPAL X' ROADS TO LBN ROAD, UPPAL, HYDERABAD, Telangana	India
S2-683021015	Tommy Harris (Short,)	IL, O FALLON CITY, #1077 RICHLAND PARK DRIVE	US
S2-436705260	DEVTA AND CO  CLINIC	B/306 SANJAY APT, AYRE ROAD TUKARAM NAGAR, KLAYAN, महाराष्ट्र	India
S2-283918647	South Endocrinology Partners  Inc.	##262 TAGGART RD, LISBON, NY	US
S2-23228510	Nesoft Ínc.	06835 MCCORD ST, COLUMBUS, OH	US
S2-707360107	BEV-Power Pvt. (Ltd.)	Gujarat, B/H KOTAK MAHINDRA BANK DR. HOUSE, PALANPUR	India
S2-663011608	UY Supreme Inc Sqúare	313 CLEVELAND CT, CONNEAUT, OH	US
S2-27785461	फर्स्ट सॉल्यूशंस प्राइवेट लिमिटेड	PLOT 0645 HOUSE NO. 38, NORTH WEST DELHI, DELHI	India
S2-288111512	#interfaithcouncil	1400 TERRACE, PMB 546, MAGNOLIA, AR	US
S2-532113169	कृष्णा प्रोजेक्ट्स Pvt Ltd	FL 1404/1405 PANCHVATI A, WING PANCH SHRISHTI CMPLX, MUMBAI, PANVEL, Maharashtra	India
S2-757770694	Tang & Malek Live	8557 HOWARD DR, FRANKLIN TWP, OH	US
S2-125203770	Tenesaca Cómm0dity	99 FLOWER DALE DR, ROCHESTTER CDP, NY	US
S2-850389621	Pune Commodities Private Limited	AT POST MANCHAR, 1686 TAL AMBEGAON MANCHAR, PUNE, Maharashtra	India
S2-963768782	ड्रीम सिस्टम्स प्राइवेट लिमिटेड	#09, FIRST FLOOR, DATTANI SQUARE, MALL BABHOLA, NAKA VASAI GAON RD, THANE, Maharashtra	India
S2-931606334	>> Beverlee Brock Innovative Distribution Llc	309 1025, UT, LOGAN CITY	US
S2-825274870	Raj Dream  Consultants Private Limited	Tamil Nadu, OLD NO. 66, NEW NO. 29, GAJAPATHY STREET, EGMORE NUNGAMBAKKAM	India
S2-107172479	WEILER SUMMIT  LAW GROUP GROUP	TOLEO, OH, 3831 SHERBROOKE RD	US
S2-280443108	Athidhi Minerals Group Private Limited	A C-107, JAGAT VIDYA KALANAGAR ROAD, BANDRA WEST, MUMBAI, महाराष्ट्र	India
S2-343643466	BURGE PAINTING CO	W7470 BURVAL DR, MINONG, WI	US
S2-761069445	Smt HARISH CHARITABLE TRUST CO	NO.3 2ND CROSS P S LANE, COTTONPET, BANGALORE SOUTH, ಕರ್ನಾಟಕ	India
S2-951254773	Rao  Inc Factory	6289- CANYON WOODS DR, ROCKFORD, IL	US
S2-969254000	Sri RUPANTAR FOUNDATION LIMITED	Karnataka, H.NO 15 4TH MAIN, DEFENCE COLONY INDIRANAGAR	India
S2-934983917	Modern Staffing Enterprises	NY, WALTON, 14 TERRACE AVE	US
S2-282908996	Regional Kimco  Partners	24138 MIRABELLA WAY, RICHMOND, TX	US
S2-356532156	Advanced Hartford Holdings	549 RIVER RD, HAMDEN, CT	US
S2-939773602	431 Chúrch St Holdings	TX, IRVING, 100 SNOWBIRD DRIVE	US
S2-599347046	Brightovayn Two #16019	30008 CANYON VIEW DR, PMB 3516, LBEANON, OR	US
S2-963583191	HARBOR-MODERN  HARVARD	6430 FLAG STOP DRIVE, WHITESTOWN, IN	US
S2-862580655	RATLIFF, BETHEL & CERRITNGTHN CENTER HOLDINGS	769 BROWN RD, DANVILLE, AL	US
S2-284501015	South Shivam Projects Limited	NO 60  HANSA INDUSTRIAL PARK VILLAGE HARIPUR TEHSIL DERABASSI, S.A.S NAGAR, ਪੰਜਾਬ	India
S2-839252781	COLONIAL LLC COUNCIL	5514 102ND STREET, LUBBOCCK, TX	US
S2-846238992	Crystal Modern  Biotherapeutics	SHANNONDELL DRIVE, NORRISTOWN, PA	US
S2-546503710	Sri Optimum Rent-Private	#6-5/595 N C ROAD VEPPADAI, PATHARAI, Tamil Nadu	India
S2-567659011	HUNLEY SHÓRE	EAGLE VIEW BLVD, TN, ANTICOH	US
S2-185232231	... Jordan Yuan, DDS, M.D., LLC	1360 ROBIN WOODS LN, TUNNEL HILL, IL	US
S2-874582752	Orthopedic Care Clinic	475 PLEASANT ST, LEWISTON, ME	US
S2-445331388	Nedyne  Conbsultigs LLC	09012 HOOD PLACE, BRENTWOOD, TN	US
S2-67142597	ತಿರುಪತಿ ಇನ್‌ಫ್ರಾ ಆಟೋಮೊಬೈಲ್ಸ್ ಪ್ರೈವೇಟ್ ಲಿಮಿಟೆಡ್	H.NO 242, 2ND & 3RD FLOOR, 13TH CROSS ROAD, INDIRA NAGAR, 2ND STAGE, HOYSALA NAGAR, BANGALORE, ಕರ್ನಾಟಕ	India
S2-401659012	Dr Shree Logistics (nnb Pvt Ltd	DOOR NO. D/22A-1-5/4 , DIVISION: 33 POWER PETA, ELURU, Andhra Pradesh	India
S2-514164775	Dr JAY 5ERVICES PRIVATE LIMITED	FLAT NO A1201, APRNA SAROVAR NALLAGANDLA, KANCH GACHIBOWLI, HYDERABAD, Telangana	India
S2-347959563	इनोवेटिव इन्वेस्टमेंट ट्रेडर्स प्राइवेट लिमिटेड	B WING FL 34 KANCHANJANGA APARTS, MUMBAI, PUNE CITY, Maharashtra	India
S2-280282431	Smt Ojus International Shcool	Delhi, PLOT 77 J-3A/21, FIRST FLOOR KHIRKI EXTN, MALVIYA NAGAR, NEW DELHI	India
S2-399943317	Beacon Ventures Learning Group	CORMORANT CT, HUMBLE, TX	US
S2-480847030	Arrow Technologies (India) Pvt Ltd.	PLOT NO.992, H-BLOCK, ANNA NAGAR WEST, EGMORE NUNGAMBAKKAM, Tamil Nadu	India
S2-196004824	Marvel Property Private Ltd	B-1, VASUPUJYA CHAMBER, NEAR NAVDEEP BUILDING, INCOME-TAX CROSS ROAD, Gujarat	India
S2-489562103	Brubaker & Smith	Ashton Court, CLAYTON, NC	US
S2-634351405	ravianshtechcenter.com	H.NO 2-3-481/1 , PLOT NO.80, SRI SAI NAGAR COLONY BEHIND LALITHA NAGAR PARK, R.R. DIST, Andhra Pradesh	India
S2-30041980	Lumyks Titan	MA, 21 KOMPASS DRIVE, E.FALMOUTH	US
S2-869159303	Mr Vijay [Engineering]	208 , 525C/106, SECTOR C, LUCKNOW, Uttar Pradesh	India
S2-414958651	DURAN NEXUS	151 SEDGWICK AVE, WICHITA, KS	US
S2-643708783	greentechaudio.com	दिल्ली, 325/2, UDAY RAM MARKET, NEAR HERO HONDA SHOWROOM NH-8, RANGPURI, MAHILPUR, DELHI	India
S2-311220470	mbig.com	SHERMAN ST, ROCKWALL, TX	US
S2-501936753	Urban Mfasage	NC, 1900 55, KINSTON	US
S2-602602812	Mr Lakshmi Computer Limited	SNO.-7-0/1/1A/22/11, FNO.-5, 2ND FLOOR SANTOSHNGR, KATRAJ, PUNE, Maharashtra	India
S2-384866978	फॉर्च्यून इंफोटेक प्राइवेट लिमिटेड	NO 95 C/O SAU MANDAKINI BHARAT KADAM, A/P DEUR TAL KOREGAON DIST SATARA DEUR, SATARA, WATHAR STATION, महाराष्ट्र	India
S2-609330747	Mildred's  Home Care Center	#301 SEVENTH ST, COLP, IL	US
S2-848175214	Primary Care Smart Health City Of El	7312 KIOWA CREEK DRIVE, CITY OF EL PASO, TX	US
S2-144030565	Zadaify	9723 Plaskett Forest Ln, FAIRFAX COUNTY, VA	US
S2-149780376	Janot Mengel, Esq. Inc.	522 LANCASTER RD, PIKEVILLE, NC	US
S2-392468975	LIBERTY TAILWIND	TX, 15080 RANCHO DEL SUR DRIVE, EL PASO COUNTY	US
S2-987805604	ब्राइट कंसल्टेंट्स प्रा. लि.	BLOCK D-43 J-9/32, GROUND FLOOR RAJOURI GARDEN, DELHI, WEST, Delhi	India
S2-611439261	Meara Williams Prime Merchants, Llc	3102 COUNTY ROAD 2331, COMO, TX	US
S2-405435610	Novisolmira	1000 207 KINZIE STREET, RIVERTON, IL	US
S2-17162579	frederickscambridge.com	6893 WATERGROVE DRIVE, MEMPHIS, TN	US
S2-208051546	[Corp] K Three Direct Meridian	11320- MANUEL MORENO DR, EL PASO TOWNSHIP, TX	US
S2-118278392	Red Deli Corp Services	1315 MCALPINE AVENUE, NASHVILLE, TN	US
S2-568464507	Co Autrey Factory	2631  BELMONT AVENUE, PHOENIX, AZ	US
S2-388167220	Pinnacle Logistics Concepts L.L.C.	925 FOREST AVENUE, EVANSTON, IL	US
S2-232748066	The Alanah Giordano Acres L.L.C.	1040 TESON ROAD, HAZELWOOD CITY, MO	US
S2-154748565	United PLLC Initiative	717 20ND ST, WOODWARD, OK	US
S2-872042738	Johnson Family Office Corp	7124 5TH PL, TULSA, OK	US
S2-589750339	United Coalition  Associates	10890 BRADY ROAD, PRAIRIE GROVE, AR	US
S2-804033782	Swanson &-Mead Corp	WI, 912 SIXTH ST, CITY OF MOSINEE	US
S2-456670248	Burton Leeaghue	TX, #11010 HUNTERS PARK DR, HOUSTON	US
S2-944301489	अल प्राइम मार्केटिंग ट्रेडर्स प्राइवेट लिमिटेड	उत्तर प्रदेश, 3RD FLOOR, TOWER A, MSX ALPHA HOMES PLOT NO GH10, ALPHA 1, GREATER NOIDA, A 30, GAUTAM BUDDHA NAGAR	India
S2-724966076	Global Tcutt	OXFORD, 1600 21, AL	US
S2-795410561	ईस्ट कंस्ट्रक्शंस एंटरप्राइजेज प्राइवेट लिमिटेड	NO 0028 C/O GHYANSHAM GUPTA, OPPOSITE SHRI JI HOTEL, HATHRAS, SADABAD, उत्तर प्रदेश	India
S2-281967867	MEERUT EDUCATION EDUCATION PRIVATE-LTD	01 AURANG, SHAHPUR GOLABARH MEERUT EDD, MEERUT, Uttar Pradesh	India
S2-514358708	யுனிக் புரொட்யூசர் பிரைவேட் லிமிடெட்	505 TANNYS COM CENTRE 5TH FLOOR, 43 BHARATHI PARK 8TH CROSS SAIBABA COLONY, COIMBATORE, தமிழ்நாடு	India
S2-733257581	Beitris Iron Patino Corp	2606 111TH STREET, VANCOUVER, WA	US
S2-195224749	Madhapur (india) Private Limited	PLOT 158 OPP BALAJI GRAND BAZAAR, C/O CPR GALAXY 5TH FLOOR PLOT NO: 71, KAVURI HILLS PHASE-I, MADHAPUR, Andhra Pradesh	India
S2-921103282	Private Phase-1 Excenaiion Technologies Limited	A-1/401, DELHI, PHASE-1 EXTENTION, Delhi	India
S2-682454810	शिवा प्रोडक्ट्स ट्रेडर्स प्राइवेट लिमिटेड	E-2/446, LUCKNOW, Uttar Pradesh	India
S2-18496240	BALAJI TECHNOLOGIES HOTEL PRIVATE LIMITED	SHOP 5, SUNRISE PLACE, JHALARIYA ROAD, INDORE, INDORE, Madhya Pradesh	India
S2-251551537	West Coelilege Holdings	1607 JACK BURNETT LOOP, TUCSON, AZ	US
S2-220681192	FORGE  LLLD	380 COOK FLORIST RD, REIDSVILLE CITY, NC	US
S2-544679270	Blessings Infracon Group Limited	NO 0024 3RD FLOOR THUBARAHALLI VARTHUR MAIN ROAD NEAR YELLAMMA TEMPLE WHITEFIELD, BANGALORE, Karnataka	India
S2-988366654	Yellow  Investments Private Limited	7/1253, DAS VILLA, PONGUMOODU MEDICAL COLLEGE P O, THIRUVANANTHAPURAM, THIRUVANANTHAPURAM, Kerala	India
S2-649648203	HERMAN SUMMERS & BLASCO DATA	9360 MUMFORD DR, HOFFMAN ESTATES, IL	US
S2-738616992	Jones Fisheries	AR, HAMPTON, CALHOUN 245	US
S2-586442771	Summit Highland Inc	9 MAIN STREET, MARSHALLTOWN, IA	US
S2-417052324	Benrscan Inc	64 27TH AVE, EUGENE ICTY, OR	US
S2-391919643	Taor	348 SOUTH TEMPLE STREET, SLT LAKE CITY, UT	US
S2-869606758	MARTINEZ TRANSPORTATION CO	3023 BRIGHTON 6 ST, BROOKLYN, NY	US
S2-199026847	WEXLER'S VANGUARD ROOFING INC	##204 TRUTHVILLE ROAD, GRANVILLE CIITY, NY	US
S2-230358190	BRIGHTENT MÁNUFACTURING	WILLIAMSTOWN, KY, 200 GREENE ROAD	US
S2-686481447	Chiropractic Sphciaaslidts Inc	3617 Western Ave, ALTON, IL	US
S2-565106345	Ortiz, Freddi, P.A., DDS	3023 STEEL BRIDGE ROAD, CLAYTON, NC	US
S2-460684696	Allegra Davies,-O.D. Partners LLC | www.allegrada.com	5453 ROCK CREEK CT, SALME, OR	US
S2-178068108	SKYLINE PRODUCER PRIVATE LIMITED	C/O. VISHAWAS GARALE, AT, POST-GARALEWADI, KHATAV, Maharashtra	India
S2-809988888	Smith and Yoder Holdings	6561 BRAMPTON ABBEY, MAINEVILE CDP, OH	US
S2-756620063	Trinity Féllowship	BLUE RIDGE BOULEVARD, DALLAS, TX	US
S2-928351065	VANGUARD CONSUMER TECHNOLOGIES INC	1130 TAYLOR STREET, SOUTHALKE, TX	US
S2-567394877	Moore Wisekey	955 BREAKWATER DRIVE, ANNAPOLIS, MD	US
S2-807449125	लाइफ इन्वेस्टमेंट्स एलएलपी	FIRST FLOOR, PLOT NO. 5, VILLAGE MOGINAND, PANCHKULA, Haryana	India
S2-26564516	Oncology Care Northside	MEBANE, NC, 3014 BERMUDA BAY LN	US
S2-313291466	Ace  Cornerstone Franklin Group	#1 FARLEY DR, RENSSELAER, NY	US
S2-676865554	Systems Cd	NO 65 G T ROAD (N)SAIKIA, HOWRAH, West Bengal	India
S2-30981567	ଲୋଟସ୍ କନସଲଟାଣ୍ଟସ୍ ପ୍ରାଇଭେଟ୍ ଲିମିଟେଡ୍	SHOP-S-2, BHUBANESWAR, KHORDHA, Odisha	India
S2-44161699	MASRI'S FRONTIER SECURITY	9202 SANDTOWN LANE, HOUSTON, TX	US
S2-12630289	ग्लोबल इंटरनेशनल एलएलपी	612, MUMBAI II, MUMBAI, महाराष्ट्र	India
S2-100570644	Pérfect 7 L R	TANNERSVILLE, NY, 5975 MAIN ST	US
S2-8841494	Vsquare  Advisors Limited	608 PLOT NO - 1049/4234 UPPER SAHI, LAXMI SAGAR, BHUBANESWAR, ଓଡ଼ିଶା	India
S2-87606247	ಪ್ರೀಮಿಯರ್ ಡೈನಾಮಿಕ್ ಎಕ್ಸ್‌ಪೋರ್ಟ್ಸ್ ಪ್ರೈವೇಟ್ ಲಿಮಿಟೆಡ್	NO.#9 1 ST FLOOR, LINGARAJU COMPLEX, GANDHI BAZAR, BANGALORE 560 004., Karnataka	India
S2-885558493	Cornerstone Ltd	121 1/2 OAKWOOD DRIVE, TX, FREEPORT	US
S2-791699751	GREAT HARMONY  L.L.C.	426. Bayspring Dr, FORT WAYNE, IN	US
S2-315231302	Snyder Select Homes,	1648454. HIAWATHA AVE, MENOMONEE FALLS, WI	US
S2-331069880	Wallace & Davis Apartment Llc	1711 BARTLETT WAY, CHANDLER, AZ	US
S2-387028715	Pediatric Dental Center Riverside P.C.	127  DELTA PINE AVE, DYERSBURG, TN	US
S2-333566101	Floret Academy Limited	K-8, GREEN PARK EXTENSION, Delhi	India
S2-235472314	Seeley Capital	171 COUNTY ROAD 486, TROY, TX	US
S2-882530231	RAVER 0AK	#32 FOX HOLLOW, RENSSELAER, NY	US
S2-981399075	Commander Charitable Trust Co	B- PLOT 210, FLOO-16, B WING, MITTAL TOWER FREE PRESS JOURNAL MARG, NAIRMAN POINT, MUMBAI, Maharashtra	India
S2-180132548	Chandra Aviation Corp	5153B HAMPTON STREET, WICHITA, KS	US
S2-578011300	O O 3 W LLC Hospital		US
S2-971383975	बेस्ट फूड प्रा. लि.	02, N/A, MUMBAI, MUMBAI SUBURBAN, Maharashtra	India
S2-164910921	Allahabad Factory-Public Factory-Public	54/E/23/SNFF/-22, T.B., SAPRU ROAD, CIVIL LINES, ALLAHABAD, Uttar Pradesh	India
S2-898374519	4495 Church Place Partners LLC	GREENBAG RD, NULL, MORGANTOWN, WV	US
S2-840543070	स्मार्ट बिजनेस	71/44 BASEMENT PREM NAGAR JANAKPURI, NEW DELHI, WEST DELHI, Delhi	India
S2-758210318	MOUNTAIN MEDICAL CENTER EAST CORP	75A HAZEL AVE, BROOKHAVEN, NY	US
S2-71239514	GUYNES, GRIMES AND FOASIER (LLC)	4610 FAIRFIELD AVE, WAYNE, IN	US
S2-629546910	Cardiology Global Specialists LLC	266 VEREDA GALRIA, GOLETA, CA	US
S2-899099654	இண்டோ புராப்பர்ட்டீஸ் பிரைவேட் லிமிடெட்	NEW NO 33., OLD NO 34, FIRST FLOOR, FRONT PORTION SOUTH CANAL BANK ROAD, MANDAVELIPAKKAM, CHENNAI, தமிழ்நாடு	India
S2-922858978	Dr Yellow-& Sons Private Limited	G.C. CHESNEY NILGIRI BUILDING, OLD NO.#36, NEW NO.58/3, ETHIRAJ SALAI, EGMORE, Tamil Nadu	India
S2-142271329	Coastal Federation	6941 GRAND TREE LANE, CITRUS HEIGHTS, CA	US
S2-632897483	Hershey, Candace	12010. PALMBEACH STREET, HOUSTON, TX	US
S2-395462634	Private XC Meklnig Limited	A4 KHASRA NO 2782 GRAH, LUCKNOW, Uttar Pradesh	India
S2-634718323	BEACON MARKETING CONCEPTS INC	133 HAYDEN DR, BEEBE, AR	US
S2-553397469	एपेक्स एसएस टेक फर्नीचर प्रा. लि.	##186-H-13-A T/F, JEEWAN NAGAR, SOUTH DELHI, NEW DELHI, दिल्ली	India
S2-727014921	Direct Agrcutlurl Union	9025-9029 WASHINGTON HENRY DR, MECHANICSVILLE, VA	US
S2-181370304	PAIGE SMITH  BAKERY CENTER	STONEWALL AVE, HOPEWELL, VA	US
S2-412522820	Private DFZ Estate Ltd	142  28, AGRA, Uttar Pradesh	India
S2-616375903	FRESH BIKE SHPDO	490  HARRISON AVENUE, PO BOX 7222, BUFFALO, NY	US
S2-412196838	Vanguard  Printing	4410 140, PURYEAR, TN	US
S2-477226287	Guy's Cosmetics North Corporation	285 TRACTOR LN, ROK, WV	US
S2-432218683	MOCTEZUMA & WELLS	1288 CLOVERDALE TRACE, GREENWOOD, IN	US
S2-992829478	Saint  Church		US
S2-947072827	Kathy's P1atinum	4723 WLLOW AVE, PHOENIX, AZ	US
S2-476437469	YUK GOLDEN LLC GLASS	63 FREMONT DR, WHEELING, WV	US
S2-619522457	The Big 76 Cleaning Service	404 PIEDMONT DR, HIGHLAND, CA	US
S2-76028920	Immaculate Academy Public Limited	HAJI NKA PALACE 3644-3, 2, 2ND FLOOR, SOUTH 4TH STREET, PUDUKKOTTAI, PUDUKKOTTAI, Tamil Nadu	India
S2-705899764	Synriza	SAUQUOIT, #8830 PARIS HILL RD, NY	US
S2-125034015	Inc Vanguard Wor1dwide Agricultural	17 VERMONT ST, BATH, NY	US
S2-351369323	18  29	16439 STATE HIGHWAY OO, STRAFFORD CDP, MO	US
S2-108945591	প্রিমিয়ার ইনভেস্টমেন্টস প্রাইভেট লিমিটেড	PLOT NO. LR 7, 10 AND 11, JL NO. 103, O- SWAPAN BANERJEE AT GOSAIDIH, BAGMUNDI, BARERIA, PURULIA, BAGMUNDI, PURULIYA, PURULIA, পশ্চিমবঙ্গ	India
S2-466917774	Lund, Frye & Shepherd LLC	0143 SEAL COVE RD, SOUTHWEST HARBOR CITY, ME	US
S2-555362211	4802 Park Place	41 B SAGAMORE HILL DR, PT WASHINGON, NY	US
S2-327493083	Fanchon Magana  Federal	1404 PARKSIDE CIR, ROUND ROCK, TX	US
S2-30492017	गोल्डन एनर्जी प्राइवेट लिमिटेड	HOUSE NO 61  FLOOR GROUND BLOCK-A LANDMARK NEAR SHIV MANDIR SUDARSHAN PARK, NEW DELHI, दिल्ली	India
S2-187892076	Oyster Bay Select Center	6 HARVARD DR, OYSTER BAY, NY	US
S2-958692308	Herta's Fresh Grill Inc	JACKSONVILLE, AL, 414  Madison Ave	US
S2-117041640	Cascade Ministries VI  LLC	3126 MYLANTA PL, LOUISVILLE, KY	US
S2-675394479	new consultancy private limited	E-105, G/F, F/F, GREATER KAILASH-II, NEW DELHI, दिल्ली	India
S2-343658992	इंडो मॉडर्न फाउंडेशन एलएलपी	SOUTH DELHI, NEW DELHI, NO 7 G/FLOOR, Delhi	India
S2-176385688	Aniltech Diy Company	#7 SWALLO LANE, KOLKATA, West Bengal	India
S2-296457382	LIMITED SHIV CONSULTING PRIVATE	71, SHRI GOPAL NAGAR GOPALPURA BYEPASS, JAIPUR, Rajasthan	India
S2-347156612	UVL All Llc	394 THOMAS STREET, MEMPHIS, TN	US
S2-723407043	Apex LLC Ubs,	871 NORTH STREET, KENDALLVILLE, IN	US
S2-466080639	ইন্ডিয়ান এস্টেট প্রাইভেট লিমিটেড	SATYAMTOWER, KOLKATA, 5THFLOOR, KAIKHALIVIP ROAD(OPP.HALDIRAMPUREFOOD), KOLKATA, পশ্চিমবঙ্গ, HOWRAH	India
S2-153742450	5avalia-(india)  Private Limited	#549 R-165GREATER KAILASH-I, N/A, SOUTH DELHI, NEW DELHI, Delhi	India
S2-299010939	Dnt Bio-Ltd	उत्तर प्रदेश, 106, DEVI PURA IST BULANDSHAHAR, BULANDSHAHR	India
S2-31517803	SIUMEGAMART.COM	F-123 &124, GROUND FLOOR, SUSHANT SHOPPING ARCADE, SUSHANT LOK-1, GALLERIA DLF-IV, हरियाणा	India
S2-207354807	সেভেন হসপিটালিটি প্রাইভেট লিমিটেড	NO 109/1 KALIKAPUR, SOUTH 24 PARGANAS, KOLKATA, West Bengal	India
S2-487464467	#2 Apartment Ltd	20321 PARKWOOD COURT, HAGERSTOWN, MD	US
S2-326984990	LLC Davis Maggmesr	4720 TRINIDAD DR, WICHITA FALLS, TX	US
S2-409818790	Four Sushil Pvt Limited	#056 &47, GLOBUSGREENSVILLASENAYAPURA, P.H.NO.4, BHOPAL, Madhya Pradesh	India
S2-601372024	శ్యామ్ స్కై కన్‌స్ట్రక్షన్ టెక్స్‌టైల్స్ ప్రైవేట్ లిమిటెడ్	SECOND FLOOR, SHRITANGOVARDHA, GOPANPALLI, HYDERABAD, NO 47 UNIT NO A, SERILINGAMPALLY, Telangana	India
S2-920403124	Fresh Twelve Holdings	53 DEWEY AVENUE, BROCKTON, MA	US
S2-564268203	Ghuman Pdébibna	1650. O ST, WASHINGTON, DC	US
S2-630422900	शिवम प्रोडक्ट्स प्राइवेट लिमिटेड	C/O KANHIYALAL CHAMPALAL, WEST NIMAR, Madhya Pradesh	India
S2-973115012	Flint Partners Downtown	374 JOHNSON PLACE, EAST WENATCHEE, WA	US
S2-835913463	FLYINGPACKAGING.COM	12/100, VARUN NIVAS CHITTAR P.O., KARIKAYAM, Kerala	India
S2-551271954	Land Endocrinology	423 SPRING SAINT, ST JOHNSBURRY, VT	US
S2-541449340	Santoshi Institute Overseas	NO 543 C-17, SECOND FLOOR, MAHARANI BAGH, NEW DELHI, दिल्ली	India
S2-212460330	Rising Hóme (India) LLP	C/O RAM LAL, WARD NO. 11, GOYAL STREET, TIBBA BASTI, SAMANA, Punjab	India
S2-120443301	Pvt Kolkata Entertainments Exports Ltd	14RD FR FL 3A, CALCUTTA, পশ্চিমবঙ্গ	India
S2-530812298	Clean  Industrial Holdings	43249. ASKEW DRIVE, MARICOPA, AZ	US
S2-403433940	Private Apical Brothers Ltd	FL NO 6 1, PUNE, Maharashtra	India
S2-176562738	Keefe Old Corp	UT, WEST HAVEN, 1893 2475	US
S2-870143422	A B Hassan Pínnacle	523 LAKE AVENUE, WORCESTER, MA	US
S2-166325550	#gpfoundation	NO 364 C 160BROTHERHOOD APARTMENTS VIKAS PURI, NEW DELHI, WEST DELHI, Delhi	India
S2-855611294	Varela Great Innovations Holdings	#13 MISTY TRAIL, FANCY GAP, VA	US
S2-766311908	Goodwill Agro  Holdings Private Limited	NO 1-123/SF/C , PLOT NO 8, 9, 14, 15, SY NO 221, 2ND FLOOR, SRI SAI DURGA CHAMBERS, KFC BUILDING, MADINAGUDA, TIRUMALAGIRI, Telangana	India
S2-982088229	Center Sandhya (India) LLP	FLAT NO N 401, PUNE, PUNE CITY, Maharashtra	India
S2-749357955	rotella safe state inc	2216 CONIFER WAY, SACRAMENTO, CA	US
S2-972029996	Áeriel's-Digital	22 PROCTOR PL, TOLEDO, OH	US
S2-597775651	COZY AUTO BODY	6443 LEOTI AVE, CHICAGO, IL	US
S2-475698813	NO SEVA LTD	#8/2481 , GRASS COURT, FLORICAN HILL ROAD, KARARARAMBA, KOZHIKODE, Kerala	India
S2-393832348	Bengaluru Storage Clinic Corporation	17/5-1A, 4TH CROSS, D.R.C. POST, VENKATESWARA LAYOUT, S.G. PALYA, BENGALURU, ಕರ್ನಾಟಕ	India
S2-743545904	Shri Tayal & Sons [Corp]	N/A, 24 C K COMPLEX BHUVANESHWARI NAGAR HESARAGATTA MAIN RO, AD, Karnataka	India
S2-132188730	Yati Industries Partners	C/O MR.NARINDER KUMAR PLOT NO.39, BLOCK-B PANDAV NAGAR, BARAMAD, SHAKARPUR, Delhi	India
S2-962122790	Chiropractic Partners Inc.	423 WALL AVE, DES MOINES, IA	US
S2-531346412	Yumaaria	K A-103 ACE CITY PLOT NO GH, DADRI, GAUTAM BUDDHA NAGAR, Uttar Pradesh	India
S2-644703503	हाई टेक लिमिटेड	195 5/F SOM DUTT CHAMBER 2, 9 BHIKAJI KAMA PLACE, NEW DELHI, SOUTH WEST DELHI, Delhi	India
S2-944452782	गोल्ड सर्विसेज प्राइवेट लिमिटेड	C/O ALKA GULAB CHOUDHARI SURVEY NO. 84/2, PLOT NO. 13, NERE, PUNE, Maharashtra	India
S2-579205794	DERMATOLOGY KEYSTONE PARTNERS LLC	TX, 252, BERTRAM	US
S2-253567973	Choice Payment-Dcdaimcs LLC	LENOIR, NC, 307 Maywood Drive	US
S2-850565532	Cardiology All Medicine Co	778 GRANT ST, CASPER, WY	US
S2-46776195	EQUINOX IMSERES LLC	12315 MOORCREEK DRIVE, HOUSTON CITY, TX	US
S2-185194896	I+ Construction	ELYRIA, OH, #310 EAST AVENUE	US
S2-231724633	HK LODGING PRIVATE	MAUJA BHELAKOPA, PRATHAM KHANDA, KOCH BIHAR, West Bengal	India
S2-577275672	Capital Veterinary Clinic LLC	0122 BROADWAY AVE, OAK HILL, WV	US
S2-532409011	Regional Couriers Co	158 44RD PL, <NULL>, BIRMINGHAM, AL	US
S2-777376781	RG SYSTEMS PRIVATE LIMITED	Uttar Pradesh, BLOCK D-634 H. N. 2628, KHAKHAD TOLA, POST, - DUDAHI, PADRAUNA	India
S2-954439746	Penium Holding Company Llc	10022 WOODBURN-ALLEN SPRINGS ROAD, ALVATON, KY	US
S2-433356897	Shri agog amman private limited	S/O SANJAY BHONDE, AT DHAWAD LAY-OUT, KATOL, महाराष्ट्र	India
S2-968774114	LLC Mueller Tax	01224 MEADOW VIEW RD, PASADENA, MD	US
S2-421511660	Eos  Coprivate Private	#4 SHIVSHAKTI APP BANERJEE LAY-OUT, NAGPUR, Maharashtra	India
S2-758547213	(L.L.C.) Strategic Green Liquidity	6916 CHURCHILL WAY, DALLAS, TX	US
S2-188229710	MUC Edutech Private Ltd	Maharashtra, FLAT NUMBER 3, PLOT NUMBER 41, SENAPATI BAPAT ROAD, SHIVAJI NAGAR, PUNE CITY	India
S2-179832083	Aeriell E. E. Pope DMD M.D. P.C.	11489 JUG STREET RD, JOHNSTOWN, OH	US
S2-503790841	ईस्ट फाउंडेशन प्राइवेट लिमिटेड	HN 32 125/1. 103. SHREEKRUSHN, RUKMINI NAGAR MONDHA ROAD, JALNA, महाराष्ट्र	India
S2-36772046	Stone Mustang Corporation	166 COUNTY RD 529, ETOWAH, TN	US
S2-856318585	Indian Logistics Private  Limited	D/732, SOMANI CHOKDI, GIDC ANKLESHWAR, ANKLESHWAR, Gujarat	India
S2-154135797	LORD PACIFIC PIPELINE	MN, 7060- 142ND SAINT, APPLE VALLEY	US
S2-656712210	Happy Grill Ltd	9356 LINK RD, CHRISTIANA, TN	US
S2-622033492	FINANCE SPL AGRO CARE LIMITED	BLOCK C-698 B/402 /49 KRISHN KUNJ, COMPLEX SAMEL NALLASOPARA, VASAI, <NULL>, Maharashtra	India
S2-351801961	Melessa Cole Commercial P.L.L.C.	00105 2ND AVE, LENOIR CITY, TN	US
S2-623540396	@péggin	019343 ANNA RD, ANDERSON CDP, CA	US
S2-473878191	Franklin *** Gonzalez Fresh	11279- MEADOW ROAD, TOWN OF LIBERTY GROVE, WI	US
S2-213530655	Commission on Áging	MARVIN ROAD, CHARLOTE, NC	US
S2-108472673	MILLS'S GRILL MIDTOWN	##9751 RATTLER RIDGE, null, KINGSTON, OK	US
S2-727230971	ALLSHOUSE PUBLISHING LP	3806 MARTIN LUTHER KING JR DR, ATL, GA	US
S2-547364899	तिरुपति सॉल्यूशंस प्रा. लि.	LYNRON APT CHS LTD, GAONDEVI ROAD, POISAR, C-1-118, KANDIVALI WEST, Maharashtra	India
S2-553261410	Basso Holdings LLC	1170 SECOND ST, MASON, WV	US
S2-403422246	Womens Health Care Associates Group	116 ALDER ST, ANACONDA, MT	US
S2-873457547	Fractal Management Privaet Limited	91/1 CIVIL LINES, JHANSI, Uttar Pradesh	India
S2-658868799	Atlantic Dinisrtfihed LLC	MA, MAIN STREET, OSTERVILLE	US
S2-672714236	YWZ LLC ÁVALANCHE	MN, HUTCHINSON, 0250 FREEMONT AVE	US
S2-952725337	kesteon cell llc	4965- 146TH SAINT, BASEHOR, KS	US
S2-336358047	raj builders llp		India
S2-852691236	Bowland Biopharma Bay	1895 ARTESIA DR, PO BOX 510, ST GEORGE CITY, UT	US
S2-367210328	Halcara Brokerage  LLC		US
S2-656358437	इंडो फॉर्च्यून कंसल्टिंग प्रा. लि.	UDAIPUR, GIRWA, Rajasthan, KH. NO 831 TO 838 & 841	India
S2-377732067	WBK ESSENTIALS PRRATE LIMITED	47 4TH FLOORTARDEO A C MARKET TARDEO, MUMBAI, Maharashtra	India
S2-177055137	HARBIN CHARTER	434 FALLEN TREE ROAD, MARSHALL TWONSHIP, AR	US
S2-193184988	Sky & Sons Public Limited	40, DAHLIA NYATI MEADOWS VADGAON SHERI, PUNE, Maharashtra	India
S2-627361591	शिवम सिस्टम्स लिमिटेड	PLOT NO. 113, VARANASI, PATNA, Bihar	India
S2-954237935	Hernandez Airport-Legacy Corp	1712 HOLLOW OAK COURT, BLACKSBURG TOWN, VA	US
S2-939573310	Smt Dharmesh Ho1dings Cie	H.NO 23 , SPARKLING MEADOWS, NEAR LE MERIDIEN HOTEL, WARDHA ROAB, PAN, JARI, NAGPUR, महाराष्ट्र	India
S2-440253063	Lucky Bistro Co	2402 CYPRESS COURT, HIGH POINT, NC	US
S2-136327391	Norden Veterinary Clínic Inc	#26400 St Helens Road, SCAPPOOSE, OR	US
S2-314464238	TIRUMALAGIRI HOLDINGS PRIVATE LIMITED CENTER	PLOT NO.22 & 227 PARTS, OPPO. TANISHQ JAYABHERI, TIRUMALAGIRI, Telangana	India
S2-308126862	digitech tours limited	124, FLOOR 1, PLOT 8, WADALA UDYOG BHAWAN SEWREE, WADALA ROAD NO. 26, WADALA, MUMBAI, Maharashtra	India
S2-315275205	Shri Association Innovative Public Limited	G-G-191 GROUND FLOOR, RAGHULEELA MEGA MALL POISAR, KANDIVALI WEST, MUMBAI, महाराष्ट्र	India
S2-588828600	SUPERNOVA COMMERCIAL LTD	Andhra Pradesh, 1709, JANAPRIYA NILE VALLEY, PJR ENCLAVE ROAD NO 12 MADHAVAPURI HILLS, CHANDANAGAR, HYDERABAD	India
S2-972638816	Wolfe, Lyons & Muir Corp	1310 HARMONY CIR, MESA, AZ	US
S2-781600692	Blue Hills	423 FOURTH AVENUE, LEWISBURG, TN	US
S2-390323075	pediatric care associates central inc	NC, DURHAM, 1221 SSRUCE SAINT	US
S2-270668686	Melaix Harbor PLLC	8381B 86TH ST, OWASSO, OK	US
S2-932897105	Gooch & Schmídt of Mandaree Co	9 MANEAREE DR, MANDAREE, ND	US
S2-154093870	Straight Edge Hair Studio Lakeside	2406 TIDEWATER DRIVE, NORFOLK CITY, VA	US
S2-335863812	ಒನ್ ಲಾಜಿಸ್ಟಿಕ್ಸ್ ಪ್ರೈವೇಟ್ ಲಿಮಿಟೆಡ್	NO. B3/1/1, 4TH CROSS.(OLD NO, 1, 32ND CROSS), 7TH BLOCK (W), JAYANAGAR, BANGALORE, ಕರ್ನಾಟಕ	India
S2-209392471	1622-Lincoln Road Partners Associates	2375-2379 BURNS RD, DONGOLA, IL	US
S2-894384835	Shakti Foundation Public Limited	#5 171, KAILASH CO-OP HSG SOC, FLAT NO 1, OPP. FILMISTAN STUDIO, GOREGAON, MUMBAI, Maharashtra	India
S2-742893789	Rarous LLC Center	569 ASHLAND DR, ORANGE, TX	US
S2-532321570	Direct Páckaging Associates	YELM, 10349 BRIGHTON STREET, WA	US
S2-222822607	Polestar Soluitions Private Limited	Delhi, H.NO 368 H, DDA FLATS, POCKET II MAYUR VIHAR, DELHI	India
S2-784560026	Mr lndustrial Technology	4/57, GREATER MUMBAI, महाराष्ट्र	India
S2-452774031	Green Consultancy	PLOT NO 198, VASANTHA PURI NAGAR, PUDUKKOTTAI, PUDUKKOTTAI, Tamil Nadu	India
S2-111185747	Lanette Bruce-Express Packaging Inc	GRUBBS STREET, WINSTON-SALEM, NC	US
S2-84423146	बिग एस्टेट प्राइवेट लिमिटेड	PIRTHALA, हरियाणा, FARIDABAD, S/O KIRAN SINGH, NH-2, NEAR RELIANCE STORE	India
S2-9218123	Fitchett Fróntier Atlanticus lnc	236-C EAST ST, NEW BOSTON, TX	US
S2-305248041	>> Om Brothers-Limited	DINDIGUL, PANNAYAKARAR THOTTAM, SOUTH ST CHATRAPATTI, ODDANCHATRAM TALUK, Tamil Nadu, #1-79 4/149.2, DINDIGUL	India
S2-150527757	Heritage Féderation,-Inc	525 OLDICK ROAD, FT PLAAIN, NY	US
S2-950668315	Bikaner Application	147 MARUDHAR VISTAR NAGAR, BIKDNER, <NULL>, Rajasthan	India
S2-832504220	Gentry Enterprises	DRAKE AVENUE, BROOKHAVEN, NY	US
S2-131606423	Blue Pr0ducer Sweets Private	SH 05, CHARKOP AVISHKAR CHS LTD PLOT NO. 119, SECTOR 6, CHARKOP, KANDIVA, LI WEST, MUMBAI, Maharashtra	India
S2-826989764	#northpiedmont	#1550 181st Avenue, ANDOVER, MN	US
S2-623614781	Services Talent India Infratech Limited	1056/26 , GALI HIRANAND MALIWARA, CHANDNI CHOWK, DELHI, Delhi	India
S2-967055339	Smt lakshmihealthcare.com	KARNI INDUSTRIAL ASSOCIATION BHAWAN KARNI INDUSTRIAL AREA, PUGAL ROAD, BIKANER, Rajasthan	India
S2-115698842	YM YM Theatre Private Ltd	01/B, ROKADIA APARTMENTS ROKADIA LANE, Maharashtra	India
S2-353053875	GP Hotel  Pvt Ltd	FLAT NO.- 402, DOOR NO- 8-3-167/K/130&131 YOUSUFGUDA, KALYAN NAGAR - 3, HYDERABAD, Telangana	India
S2-913460540	Mendoza Optimal Gráyscale	TORONTO, OH, 304 STEWART STREET	US
S2-270513424	Sewell  Adamas, LLC	677A FLORENCE STREET, NP OLE, AK	US
S2-405867764	LUCKY-CAFE	22188-22192 DE FLORES, QUEEN CREEK, AZ	US
S2-279909855	फॉर्च्यून वेंचर्स मेडिकल्स प्रा. लि.	88/5, JALGAON, Maharashtra	India
S2-401417353	Pediatric Dental Peak Care, Partners Inc	1805 EASTWOOD RD, NY, EAST AURORA	US
S2-149370940	Private Aatreya Traders Limited	FLAT NO.-101- GROUND FLOOR, PUNE, Maharashtra	India
S2-928248485	हाई प्रोजेक्ट्स प्राइवेट लिमिटेड	LATUR, Maharashtra, HN 456 926, NASIK, AMAN BEHIND PATEL COMPLEX, VILASRAO CHOWK, BORI	India
S2-672875488	RUSSO & THOMAS CENTRAL LLC CENTER	4759-4761 CLEVESDALE DR, CINCINNATI, OH	US
S2-546329157	राज ग्लोबल कंसल्टेंट्स सॉल्यूशंस प्राइवेट लिमिटेड	SS III/423, GROUND FLOOR, SEC 1 KOPARKHAIRNE, NAVI MUMBAI, THANE, महाराष्ट्र	India
S2-655646437	Gagne Genesis, L.L.C.	6457 LONTOS DRIVE, DALLAS, TX	US
S2-956482993	Calicut Private Private Limited Services	NO 2/1149 A4, G 1003, T1, BUSINESS PARK, HILITE CITY, THONDAYAD BYPASS, G.A COLLE, GE P.O, CALICUT, <NULL>, Kerala	India
S2-504845030	Shree Trust Industries	NO 32 DAMINI PROPERTIES, GROUND FLOOR, JUHU TARA ROAD, NEXT TO DILKHUSH SCHOOL, VILE PARLE (WES, T), महाराष्ट्र	India
S2-589108263	Bhagya Pvt. Ltd. Center	7, 1ST FLR, THE NEW SADHNA CHS LTD, BAPUBHAI VASHI ROAD, NEAR KAPOL BANK, VILE PARLE (W), Maharashtra	India
S2-856254084	SEER ESTATES (INDIA)  PVT. LTD. | www.seerestat.com	GEMSTAR COMMERCIAL COMPLEX, 1ST FLOOR, RAMACHANDRA LANE EXTENSION, KANCHPADA, M, ALAD(WEST), MUMBAI, Maharashtra	India
S2-856752009	Smart Wohmwgdid LLC	7776- HARPER ROAD, SODDY-DAISY, TN	US
S2-486843244	Prolific India	NULL, NO 7/9 1ST CROSS DESHPANDE NAGAR, HULI, DHARWAD, Karnataka	India
S2-80100785	Bay Initiative	496 125, LOGANSPORT, IN	US
S2-883293442	Surgical Care Associates of	6814 OSBOLN AVE, IN, HAMMOND	US
S2-574078754	sigmaland.com	S.NO. G-164 P.NO. 83 ABBAS NAGAR, MALEGAON, Maharashtra	India
S2-954475476	പ്രൈം ശിവ ഇൻഫോടെക് പ്രൈവറ്റ് ലിമിറ്റഡ്	173/K, MALAPURAM, MALAPPURAM, Kerala	India
S2-343973273	mcbride wisconsin associates	#W7921 ALP COURT, TOWN OF ROSE, WI	US
S2-499162538	Pediatric Pinnacle Associates Partners Inc	920-924 COMPANY ST, WETUMPKA, AL	US
S2-678286970	NATURE TECHNOLOGIES PRIVATE LIMITED	18/6, 6TH FLOOR, TARDEO AIR -CONDITIONED MARKET, 5 TARDEO ROAD, MUMBAI, Maharashtra	India
S2-909187197	mium	6412. STEILACOOM BLVD, LAKEWOOD, WA	US
S2-371523403	Metropolitan Group		US
S2-60317469	Marshal-Clinic Pvt	NO 154/1 SHOP NO 1 CELLAR NELSON MANDELA ROAD BANNIMANTAP, MYSORE, Karnataka	India
S2-443662930	RILEY HOLDINGS SERVICE	001510 159TH AVE, GOODYER, AZ	US
S2-430576009	बेस्ट पावर प्रोविजन प्राइवेट लिमिटेड	DOOR NO 8/30 YAMAN STATE GORAKHPUR, GORAKHPUR, उत्तर प्रदेश	India
S2-879384287	Internal Medicine Clinic	956 ASHBURTON RD, COLUMBUS DP, OH	US
S2-256006225	Integrated Payment Alliance Center Midtown	17013 MILITARY ROAD, SEATTLE CITY, WA	US
S2-820535586	Sri Dee (Hospital)	17A, ELECTRONICS COMPLEX ECIL, KUSHAIGUDA, HYDERABAD, Telangana	India
S2-938399615	Pettigrew And Mitchell Mercator Inc	FRONTIER LANE, DALLAS, TX	US
S2-229735508	Value State Holdings	NORMAN, 230 MAIN STREET, AR	US
S2-398574724	[LLC] Young and Willis Treasury	2120 ASHTON COURT, PRINCETON, IN	US
S2-785540693	लक्ष्मी पावर प्राइवेट लिमिटेड	A-1-01, 1ST FLOOR, ROYAL APT. PRATHANA SAMAJ RD OFF HANUMAN RD, VILE PARLE (EAST), MUMBAI, Maharashtra	India
S2-905049598	Bharat Services Pvt	#262 , 1ST FLOOR, PKT 2, DDA FLATS, SECTOR A10, DELHI, Delhi	India
S2-858554963	Chiropractic Frontier Pgtnsr Inc	8429  SPRINGRIDGE RD, BABBITT, MN	US
S2-49420275	HORIZON PRÁETORIAN	128B PINE ST, N/A, SANTA CRUZ, CA	US
S2-628925789	OPTIMAL SECURITY BRANDS	1051 ECLIPSE COURT, ONTARIO, CA	US
S2-53431024	HARI TECH PRIVATE LIMITED		India
S2-194563593	Leopold Safe Insurance L.L.C.	731 CARLISLE AVENUE, DAYTON, OH	US
S2-518347568	Ocasio & Brueggeman Specialty Corp	480 419, BOAZ, AL	US
S2-454732437	Diaz's Audio Installation Highland	OK, 918- CEDAR ST, MULDROW	US
S2-562526081	Eye Associates Riverside Llc	2459. BATH RD, PENN YAN, NY	US
S2-345291048	Curtis Cleaning Service	11131 INDIANAPOLIS RD, PLEASANT, IN	US
S2-918415407	Cascade Ministries Inc.	4021-D Cypress Glenn Cv, JONESBORO, AR	US
S2-733497100	Jvl (India) Garage LLP	NO 37- A, MAMARA THOTTAM - 1, GANAPATHY, COIMBATORE, Tamil Nadu	India
S2-126904244	Mountain Guild Co	4701 ELK CREEK RD, DEEP GAP, NC	US
S2-129437880	Modern Payroll Concepts  North LLC	#259 HIGHLAND AVENUE, AURORA, IL	US
S2-312125729	Pediatric Dentistry-Anchor Care	3175 POOLE RD, KINSTON, NC	US
S2-365411286	Piedmont High  Inc	2522 PERSIMMON STREET, HOUSTON, TX	US
S2-120695955	గురు ప్రొడక్ట్స్ ప్రైవేట్ లిమిటెడ్	H.NO 3-6-515/3 STREET NO. 6 HIMAYATH NAGAR, HYDERABAD, తెలంగాణ	India
S2-160166603	Longshoremen Local-551	4955 1/2 PETERSON RD, PORT ORCHARD, WA	US
S2-581361436	Pediatric Dental Associates of Dallas, Inc	13105 SOUTHVIEW LANE, DALLAS, TX	US
S2-507662429	Banks Boa Llc	73 SHERIDAN PARKSIDE DR, null, TONAWANDA, NY	US
S2-739015476	SELECT FREIGHT ASSOCIATES LTD.	6721. TAZEWELL HWY, SNEEDVILLE, TN	US
S2-483326033	Primary Care Cómplete Associates Eastgate LLC	02908 WOODED LANE, MCHENRY, IL	US
S2-496438430	Sri Seven Soulitons	H.NO.10, S.NO.5882, JINTOOR ROAD, PARBHANI, Maharashtra	India
S2-547557150	ORTHOPEDIC INNOVATIVE SPECIASTS INC	507 236 STREET, BROONX, NY	US
S2-535498418	Zilosoft	7820 PECAN CT, CITY OF EL PASO, TX	US
S2-3261389	Private Golden Deloplsrs Limited	DOOR NO 115-BERASIA ROAD SINDHI COLONY, BHOPAL, Madhya Pradesh	India
S2-980417670	Nobles Associates	122B EDMONTON DR, BISMARCK, ND	US
S2-630563484	P.L.L.C. Preferred Sóftware Industries	##10 BEAR CREEK TRAIL, CENTENNIAL, WY	US
S2-93459822	Pediatric Dental Heartland Care Associates LLC Council	5684 WOODSIDE DR, SALEM, OR	US
S2-623940116	Royal Platinum Fanei, Inc	485 HARBOUR VIEW DRIVE, COLINGTON, NC	US
S2-32080879	RIVERA FOCUS LP	8385 830, SANDY CITY, UT	US
S2-737008948	ସିଟି ବିଜନେସ୍ ପ୍ରାଇଭେଟ୍ ଲିମିଟେଡ୍	Odisha, PLOT NO-426/2260, BHUBANESWAR, 3RD FLOOR N B TOWER, NAYAPALLI	India
S2-916655209	Shikhar Aluminium	14-A, T. P. VENUGOPAL LAYOUT 1ST CROSS, GANGANAGAR, BENGALURU, Karnataka	India
S2-554514591	ERNAKULAM  EUROPEAN LIMITED	കേരളം, 38/363A, CHUTTUPADUKARA, EDAPALLY PO, ERNAKULAM	India
S2-919324881	Quinn and  Smith Center	4025 HARTFORD AVENEU, TULSA, OK	US
S2-813279273	vision advanced center inc	3379 XAVIER AVENUE, AUBURN, IA	US
S2-816934387	Prodigy Consultancy Private	UNIT NO 7A/7B 22ND FLOOR, WAVE ONE SECTOR 18, NOIDA, Uttar Pradesh	India
S2-870107592	Damani Résorts Private Limited	708, G SQUARE, JAWAHAR ROAD NEAR BMC OFFICE, GHATKOPAR EAST, MUMBAI, Maharashtra	India
S2-16634185	llc pretty, qian and moreau associates,	652 OCEAN LAKES DR, VIRGINIA BEACH, VA	US
S2-918783645	Jc Clinic	KAMBLAPADAVU PAJEERU VILLAGE, BANTWAL, Karnataka	India
S2-926415880	Ashburn Home Care Corp	1347 RANDY STREET, UPLAND, CA	US
S2-763415150	Ott, Norean Complete Collective	1137 GLENN AVENUE, SPRINGFIELD, MO	US
S2-668292991	पायोनियर प्रोडक्ट्स प्रा. लि.	DOOR NO 797 HO NO 19 ERANDA AKOLA, AKOLA, Maharashtra	India
S2-639006598	Shri hitech tech textiles pvt ltd	F-28, INDERPRASTHA COLONY, SONEPAT ROAD, ROHTAK, Haryana	India
S2-417675368	Anupama Endoscopy Exports Private Limited	Andhra Pradesh, H.NO 6-2-85  T NAGAR, TIRUPAPTI	India
S2-431547534	फॉर्च्यून ब्लैक Industries Private Limited	407 55 PT ETC MTR RM NO 1, SAI LEELA CHS, OSHIWARA, MUMBAI, Maharashtra	India
S2-302561043	Alexandria Technologies Public Limited	H.NO 829 UNITA315 PARANIK CHAMBERS, ANDHERI(E). ASHOK NAG, MUMBAI, Maharashtra	India
S2-435792737	Metropolitan  Valley Compania LLC	AUSTIN, TX, 2407 Bowman Avenue	US
S2-234588436	इनोवेटिव बिजनेस प्राइवेट लिमिटेड	MUMBAI, MUMBAI CITY, 1B/703, Maharashtra	India
S2-14637454	W 7 Peak	#1117 PIKE ST, ST CHARLES, MO	US
S2-886935641	Sawariya Private-Limited Services	A/601  SAI DARSHAN COMPLEX, YASHSHVI NAGAR, BMC PIPELINE, THANE, महाराष्ट्र	India
S2-772154797	SHREEBROTHERS.COM	NO 31/1349 , SRA LANE, NO.24, PONNURUNNI, ERNAKULAM, Kerala	India
S2-689471288	S P & V	95 ALEX HILLIARD, LOUISBURG, NC	US
S2-788302197	Horizon P.C.	118 MOKU MNAU DRIVE, N/A, BASTROP, TX	US
S2-728929292	ఇండియన్ బిగ్ ఇన్వెస్ట్‌మెంట్స్ ప్రైవేట్ లిమిటెడ్	H.NO- 1-4-1-90/502, GAYATRI NAGAR ALLAPOOR, K.V.RANGAREDDY, Andhra Pradesh	India
S2-217154634	Inc. Redwood Royal	224 LINDENWOOD AVE, SAINT CHARLES, MO	US
S2-238905996	WJ Wheeler Inc	TIPTON AVENUE, KNOXVILLE TOWNSHP, TN	US
S2-898087917	Literacy Guild	MA, REVEER, 72 ATWOOD STREET	US
S2-708088492	Linton-Modern Automobile,	1397D OAK LN, HEBER CITY, UT	US
S2-141144307	>> Friends By Limited	011 C/O- RAMKISHOR, KOSIKALAN, MATHURA, उत्तर प्रदेश	India
S2-780719364	Q/Z Net Inc	2302 1ND STREET, LUBBOCK, TX	US
S2-729326599	Select Dynamic Enclave	5760 BIRCH HOLLOW DRIVE, SAINT LOUIS, MO	US
S2-549252400	CLEAR MATERIALS [GLACABL]	WV, CLARKSBURG, 482 SOUHTERN RD	US
S2-271205523	Little Rock Memorial Atlantic	##25 PAR DRIVE, PO BOX 5623, LITTLE ROCK, AR	US
S2-722562835	Fesoft LLC	4428- 250TH STREET, FOREST LAKE CDP, MN	US
S2-393203202	MUTUAL ASSET INDUSTRIES CO	764 WALL ST, LIVINGSTON, IL	US
S2-888911540	prism software private limited	40/60-C, 40/39 TO 40/62, FIRST FLOOR, CHITRANJAN PARK, NEW DELHI, Delhi	India
S2-44619810	CLOCKWORK FOOD PRIVATE LIMITED	DOOR NO 139 , EG OFFICE NO. 216, SURBHI MALL COMPLEX, WAGHAWADI ROAD, BHAVNAGAR, Gujarat	India
S2-290954922	Metro Onfolio (Partners)	1404 MORGAN AVENUE, MARION, IL	US
S2-458117584	Hanks,-Hermine H., O.D., P.C. Holdings	1422 WIMPOLE ST, MUNDELEIN, IL	US
S2-715614910	Quoonyx Council	13527-13529 MYRTLEA DR, HOUSTON, TX	US
S2-635569075	Yri 5pices Corporation	Maharashtra, H.NO 939 D-273, T. T. C. INDUSTRIAL AREA, TURBHE	India
S2-38453631	Better Telecom Collective Ínc	323 CRAIGHEAD 388 RD, JONESBORO, AR	US
S2-717634431	Gossett  Quality Gsr LLC	1 Fallmeadow Ct, HAMPTON, VA	US
S2-184380459	Obsidian Westgate Inc	10930 THOMAS AVE, N/A, BLOOMINGTON, MN	US
S2-945707881	Zimmermann, Micki Bay Pyrophyte Co	183 BUCK HILL ROAD, CANTERBURY, CT	US
S2-236222569	Tran Carriroloy  LLC	10105 SUNRISE DR, CROWLEY, TX	US
S2-401378044	Tri-State Keen Llc	01630 PARK RD, WASHINGTON, DC	US
S2-476067012	Star  Chemical Holdings | www.starchem.com	018 KAPOK ST, OLD ORCHARD BECAH, ME	US
S2-963885252	Supreme Green (Bnb)	FAIRLAWN AVE, SOUTHBRIDGE, MA	US
S2-902265038	INDUSTRIAL PROPERTY ADVISORS LLC	322 HAVEN DRIVE, GREENVILLE, NC	US
S2-592113355	Straight Edge Deli Central LP	2 WARWICK LANE, ROCKY RIVER, OH	US
S2-967185833	Quality  Signs	6 Wilshire Valley Court, ST CHARLES, MO	US
S2-967988597	ROGER5, BOND + BREWINGTON L.L.C.	2701 SALU ST, null, ALTON, IL	US
S2-595441531	ശ്രീ കെയർ പ്രൈവറ്റ് ലിമിറ്റഡ്	TMC XII 45 B2, THIRD FLOOR, AMEER COMPLEX, NR HIGHWAY, CHIRAVAKK, TALIPARAMBA P.O, KANNUR, Kerala	India
S2-421933863	HALOFAYE	उत्तर प्रदेश, NOIDA, SHOP-FF21K/9 PLOT NO-GH-01, GAUTAM BUDDHA NAGAR, GAUR CITY CENTER SEC-4	India
S2-849418701	slindiainfrastructure.com	381/2, KANYAKUMARI, தமிழ்நாடு	India
S2-364205413	Dental Crystal Clinic L.L.C. #21792	13207 GRENOBLE DRIVE, ROCKVILLE, MD	US
S2-708825498	Deese's Federal Graphics Llc	433 5TH SAINT, STRASBURG, OH	US
S2-690795522	Shum, Moina Vine LLC	249 HEATON CREEK ROAD, RONA MOUNTAIN, TN	US
S2-868803937	Internal Medicine Select Partners Inc	10 PINE ST, POTSDAM ITY, NY	US
S2-787833272	Coastal Charities	1330 233RD PL, BOTHELL, WA	US
S2-568369259	Dr Rise-Sangh	C/O NAGENDRA PD. SINHA NEAR ADARSH SCHOOL, KHEMNICHEK, PATNA, Bihar	India
S2-562767509	Durham Cornerstone Illumination #40612	1226 JACKSON STNEET, SULLIVAN, IL	US
S2-527099079	quality transit technologies llc	TOWER RD, GREENSBORO, NC	US
S2-504742145	FRANCIS ANCHOR JAMES  INC		US
S2-6762534	SHANGRILA SHEKHAR PRIVATE LTD	C/14, 3RD FLOOR, RIDDHI SIDDHI APARTMENTS, S. N. ROAD, MULUND WEST, Maharashtra	India
S2-510661800	Venters River Phmdire	IL, 3617 WIMBORNE AVENUE, NEW LNOX	US
S2-922458093	Finance Ambe Fashions Industries Corp	44B, ABDUL HALIM LANE, KOLKATA, KOLKATA, West Bengal	India
S2-988215092	बालाजी टेक्नोलॉजी प्रा. लि.	DOOR NO 601 C-005, GAUTAM BUDDHA NAGAR, SURAJPUR, Uttar Pradesh	India
S2-377433131	Jt  Services Limited	Maharashtra, OFFICE NO D/09 STEEL CHS OF INDIA PLOT NO. 514, KALAMBOLI, NAVIMUMBAI	India
S2-643271638	indotechnologies.com	NO 2307 HARI NAGAR SAFIDON GATE, JIND, Haryana	India
S2-158534617	इंडो टेक प्राइवेट लिमिटेड	PLOT NO A-5, RAMRAGHU EXOTICA, AGRA, Uttar Pradesh	India
S2-655817897	প্রাইম আল বিজনেস প্রাইভেট লিমিটেড	##6, BURTOLLA STREET, HOWRAH, KOLKATA, West Bengal	India
S2-838999180	INTERFAITH LEAGUE IV CORP	NC, CHARLOTTE, 715 WALNUT AVENUE	US
S2-988057540	Gripset Búilds Infratech Limited	#3  , BALAJI NAGAR AVARAMPALAYAM ROAD, COIMBATORE, தமிழ்நாடு	India
S2-981517288	Novation Steel Limited Services	DOOR NO 7A , 1ST STREET, KRISHNA NAGAR MADHANANDAPURAM, PORUR, CHENNAI, Tamil Nadu	India
S2-117059019	Lorilee Jonas Anchor Sunstone (LLC)	408  CUMMINGS DR, RUIDOSO, NM	US
S2-453685980	PVT LOTUS SYSTÉMS LTD	A-4, BHUBANESWAR, KHORDHA, Orissa	India
S2-140276802	Asset Building  Institute	1684 SCRATCH GRAVEL RD, SMYTH COUNTY, VA	US
S2-204621140	ब्राइट एंटरप्राइजेज प्राइवेट लिमिटेड	FLAT NO.301, PUSHPA GRIH, PLOT NO.603, HINDUJA MARG, BANDRA (WEST), MUMBAI, MUMBAI CITY, Maharashtra	India
S2-158398898	Private Ankura Rea1 Ltd	PLOT NO-D-G-128, THIRD FLOOR, KH NO-216, VILL NAWADA UTTAM NAGAR, NAWADA HOUSING COMPLEX, NEW DELHI, WEST DELHI, Delhi	India
S2-287412050	Castro Medical Center [Inc]	01117 WINNERS CIR, LYNDON, KY	US
S2-748983232	DEEGAN BLUE RAMACO	207 CASACDE DR, BELLEVILLE, IL	US
S2-682022276	प्रीमियर गुड इंफ्रास्ट्रक्चर प्राइवेट लिमिटेड	H.NO 1-U, NEW DELHI ZONE, CENTRAL DELHI, दिल्ली	India
S2-76109589	সেভেন প্রজেক্টস প্রাইভেট লিমিটেড	85/13B/1, CHANDI GHOSH ROAD P.S. - REGENT PARK, KOLKATA, KOLKATA, HOWRAH, পশ্চিমবঙ্গ	India
S2-613017868	turner best apex		US
S2-555388659	Smartway Mill (India)-Private Limited	C/O MANGALA DIGAMBAR MADAVI 186, GOLEWADI, BHANDARA, Maharashtra	India
S2-931381813	MAYWOOD YOUTH ASSOCIATION PARTNERS LP	2132 9RD AVE, MAYWOOD, IL	US
S2-182921717	Foundation Multi Multi Estate Co	D.NO. 10, PULIAMBEDU ROAD, PULIAMBEDU, POONAMALLEE, Tamil Nadu	India
S2-370141876	PVT BASAl ROAD PRINTERS LIMITED	H.NO 61 UNIT 305-306, BASAI ROAD, GURGAON, हरियाणा	India
S2-824135093	Services Mb Services Associates Corp	<NULL>, Gujarat, 595 C-5, RATNADEEP COMPLEX, B/H RAHUL TOWER, 100 FT ROAD, SATELLITE, AHMEDABAD	India
S2-158098044	Twisted Cafe Ltd	10263 103RD PL, SCOTTSDALE, AZ	US
S2-726083863	Fo1ey Allied Vine LLC	50B SUNNYDALE LN, NAPOLEON, OH	US
S2-496701813	Smith and Moody Corp	13056 PENNSYLVANIA ST, CARMEL, IN	US
S2-971413747	Sebg, LLC	COMMERCIAL ST, null, PORTLAND, ME	US
S2-582342584	Olive Industries Limited Center	Maharashtra, D-404, BHOOMI KANYA PHOOL PADA ROAD, VIRAR (EAST), THANE	India
S2-825404345	Family (Paaafice)	1320 MAIN STREET, SHAWNEE, OK	US
S2-563100624	Pride (Woodcrafts)	G-286 SECTOR-E INDUSTRIALAREA SANWR ROAD INDORE, M.P., Madhya Pradesh	India
S2-848188290	Ashla's Alveritsing	229D COLUMBIA RD, NULL, DORCHESTER, MA	US
S2-505207981	BABA LIVING(INDIA) PVT LTD	DOOR NO 299 VILLAGE GOKALPUR, DELHI, Delhi	India
S2-912301356	Choice Textiles LLC	83. PARK ST, VANDERBILT, TX	US
S2-4415530	REAL ENTERPRISES PRIVATE	SKCL TECH SQUARE NO 14 SP, SIDCOT.V.K INDUSTRIAL ESTATE, CHENNAI CITY CORPORATION, Tamil Nadu	India
S2-41027767	Sachkhand Brothers	D-84, BRISK LUMBINI SECTOR-109, GURUGRAM, SOHNA ADDA, Haryana	India
S2-601355235	human rights committee harbor llc	1480 UNIVERSITY AVENUE, SACRAMENTO, CA	US
S2-659710732	Desert Tri-State Studio  Partners	4702 FENIMORE DR, COLUMBIA, MO	US
S2-65413654	lynnenguyenoncology.com	03500 CAMPUS DR, FREDERICK, MD	US
S2-819287979	#OMECOMM	WI-FI PARK, PLOT NO B-3, S. G. BARVE ROAD, WAGLE INDUSTRIAL ESTATE, THANE WEST, THANE, Maharashtra, 601- C, THANE	India
S2-855843482	blue cafe	880 Eagle Creek Ct, N/A, WEST CHESTER, OH	US
S2-920712658	3495 Ocean Lane Management Partners Corp	106 OSWEGO ST, SPRINGFIELD, MA	US
S2-426160031	Bhagawati Seva Samiti Ltd	Tamil Nadu, NO.16/25. AMMANIVASAM GARDEN THIRUKALUKUNDRAM, KANCHEEPURAM	India
S2-90236995	Sanders, Mcghee-& Oconnor Builders	VA, FLUVANNA COUNTY, 2398  JAMES MADISON HIGHWAY	US
S2-539953853	Webber Clear Crescent L.L.C.	493 1842, CYNTHIANA, KY	US
S2-75912392	Life Phus	210 NANDAGBKUL APARTMENT, KAPIKAD ROAD, BEJAI, MANGALORE, Karnataka	India
S2-233248001	@ZEIGLERDEVELOPMENT	5684 YORKHULL COURT, COLUMBUS, OH	US
S2-578913330	परफेक्ट हॉस्पिटैलिटी प्राइवेट लिमिटेड	SR. NO. 15/2, FLAT NO. C - 508, MOUNTSCAPE, PISOLI, PUNE, महाराष्ट्र	India
S2-795150710	Roopesh Construction Private	D. NO. 7-1-921 , FIRST FLOOR, OPP REDDY HOSTEL TILAK ROAD, ABIDS, Andhra Pradesh	India
S2-288895558	Shree Nest Ltd	Delhi, H.NO 112 G-57 G/F KH NO.-359 GALI NO.-20 OLD MUSTAFABAD NEAR MIS PUBLIC SCHOOL, DELHI NORTH EAST	India
S2-204540434	fashionharless.com	39243 ROLLING GREEN CT, PHOENIX, AZ	US
S2-965852283	Lea's Phármaceuticals	43493- MONROE CREST TER, ASHBURN, VA	US
S2-337546861	India Bishnu Integrated LLP	254 RNO 2 FLAT 701 6ND FLR RADHIKA APARTMENT PEDNEKAR WADI OFF SAYANI ROAD PRABHADEVI, MUMBAI, Maharashtra	India
S2-488461521	Cevue Pacific LLC Partners	36 ANASAZI TRAILS ROAD, PLACITAS, NM	US
S2-461221346	TOTALREALTYSERVICES.COM	3002 CHAPEL HILL RD, STILLWATER, OK	US
S2-74236316	Ltd Custom Strategic Iheneartmia	1214 LOMITA LANE, CARPINTERIA, CA	US
S2-40008757	INDIA WILLINGDON  PRIVATE LIMITED SERVICE	H.NO - 7-4-1-464, OPPOSITE TO PETROL BUNK LANE, SHAKHARNAGAR-X-ROADS, BODHAN, Telangana	India
S2-9088397	(INC.) MARSHALL SYSTEM	##864 CLARKS LN, LOUISVILLE, KY	US
S2-260489015	XD Entertainment Clinic Group	1135 BROWN ST, ALTOON, IL	US
S2-476886880	Villareal  Cnmpanise	000 C CROWN RIDGE BLVD, EAGLE PASS, TX	US
S2-292724004	Pinnacle-Center	IRISHTOWN ROAD, NARROWSBURG, NY	US
S2-185537657	Shree Consultancy Private Ltd	H NO.8-2-269/S/73- , SAGAR SOCIETY STREET NO . 6, ROAD NO.2, HYDERABAD, Andhra Pradesh	India
S2-376179005	GLOBAL CLASSIC	38 RAWLINS AVE, BUFFALO, NY	US
S2-924164917	व्हाइट एग्रो प्रा. लि.	SHREEJI COMPLEX PUR ROAD, BHILWARA, Rajasthan	India
S2-72251274	ELGA VO QUETTA EASTGATE LLC	414- ELM SAINT, FITCHBURG, MA	US
S2-901324869	ENTER & PARTNERS	FLAT NO-A610 SR NO-18/211, P.NO-2 TRANQUILITY SHEWAL, HAVELI, Maharashtra	India
S2-209626345	FERRIS ATLANTA,-INCORPORATED	937 MOUNTAIN BRANCH CIR, BIRMNGHAM CITY, AL	US
S2-296869138	JWLI T0egnte Private Limited	Andhra Pradesh, 1S FLOOR, 17-89-4-4E 5TH ROAD NVR LAYOUT, MADANAPALLY	India
S2-661700601	Humphreys Element [LLC] (ID: 30715)	3744 DECORATION WAY, KNOXVILLLE, TN	US
S2-531060250	BOLD BROTHERS PRIVATE	TRADE AVENUE, 5TH FLR, SUREN RD, OFF WESTERN EXPRESS HIGHWAY, ANDHERI (E), Maharashtra	India
S2-142377622	LLC COSOFT VÍRGÍNIA	NM, 112 28th St, FARMINGTON	US
S2-454388173	Bhavin Heltgae-Private Limited	FLAT NO 602, A WING, METROPOLIS CHS LTD, J P ROAD, ANDHERI WEST, MUMBAI, Maharashtra	India
S2-438837118	Guru Industries Limited Services	25, CHANDRAPPA MUDALI STREET, MADRAS, Tamil Nadu	India
S2-782577678	Pediatric Dentistry Pearefs LLC	2800 OAKVIEW CIRCLE, BROADVIEW HEIGHTS, OH	US
S2-963408680	Behavi0ral Health Partners, Partners	#4612 CHAMPAIGNE DRIVE, GREENSBORO, NC	US
S2-607468220	THE DET CAFE!	265 Parkway Dr, MANSFIELD, OH	US
S2-109064076	SERVICES DESAI ESTATE PRIVATE LIMITED	PLOT NO 5A GAYATRI NAGAR PARSODI, NAGPUR, Maharashtra	India
S2-560902508	Commission on on Labor Dekalb LLC	910. COLBY CT, DEKALB, IL	US
S2-639823389	Eye Green Center Harbor	364 MAIN STREET, MERIDEEN, CT	US
S2-513622283	M/s Kva Consultants (India) Private-Ltd		India
S2-55434341	pediatricdentistrysmart.com	#4858 LONG DR, HAMILTON, OH	US
S2-73503185	Gulf Bright Chiron Chiron Inc	003804 17TH AVE, AMARILLO, TX	US
S2-35548262	Midwest Association Inc	4064 ROSLYN RD, PMB 3830, DWONERS GROVE, IL	US
S2-784563143	Cascade Mbors	#5704 PERSHING AVENUE, DOWNERS GROVE, IL	US
S2-600907459	COOPER, PETERSON & WILD WESTIN		US
S2-609856602	Smt -- Poddar-College Corp	101, OM SUNFLOWER APT CHS LTD, GOLDEN NEST, NR DEEPAK HOSPITAL, VASAI, THANE, Maharashtra	India
S2-343101909	Exotic Projects Private	H.NO 212 C/O SINDHU KARTHIK D4 WILASA APARTMENTS KANAKAPURA ROAD KONANAKUNTE CROSS, BANGALORE, ಕರ್ನಾಟಕ	India
S2-970220938	Sri Disha & Co Overseas	NO 727 24/16, CHAUDHURI PARA 2ND BYE LANE, HMC CHATTERJEE HAT, HOWRAH, West Bengal	India
S2-166827928	Rmp  Ltd Partners	BUILDING NO 22/1683 KARIPPOL P O, TIRUR, MALAPPURAM, Keralam	India
S2-837437182	Larrabee's Energy Holdings	OH, GREENVILLE, 436 3ST ST	US
S2-286027101	ZELIUS LLC		US
S2-860657586	South Allied Future-LLC	6407 PEQUOD CIRCLE, ANCHORAGE, AK	US
S2-579870405	agramontesphysicaltherapy.com	##314 IROQUOIS ROAD, HILLSIDE, IL	US
S2-704043083	Nandini (India) Marmo Private	NO. 66 918/38, AC COMMERCIAL COMPLEX, TIRURANGADI, MALAPPURAM, Kerala	India
S2-201714586	Sarda Labs Group Pvt Ltd.	DOOR NO ##24 KABABIANJAMA MASJID, NEW DELHI, Delhi	India
S2-47852107	FRIEL FEGSDT LLC	513 SHORELINE DRIVE, SUNSET BEACH, NC	US
S2-605437177	AV FUELS PRIVATE LTD	4TH FLOOR, PROHUB NO. V001# SARAN CHAMBERS, VELLAYAMBALAM, THIRUVANANTHAPURAM, Keralam	India
S2-261433982	Ghaziabad Developers	KH NO.2549, KARHERA, GHAZIABAD, उत्तर प्रदेश	India
S2-772353019	Smt Shiva Technology Public Limited	F2, FIRST FLOOR, NO.180/7 SANTHANA MARIAMMAN STREET THENI MAIN ROAD, MADURAI, Tamil Nadu	India
S2-655745017	Regale Bróthers LLP	Delhi, PLOT 750 WZ-274-D2/5, NAVYUG BLOCK VISHNU GARDEN, NEW DELHI	India
S2-408271957	Evvie Barraza  Ridge Wealth	5450 ABBOTT ROAD, PMB 4856, HAMBURG, NY	US
S2-968260152	4105 Second Drive Owners (Corp)	1829-D 45ND AVE, PHOENIX, AZ	US
S2-662763532	Sd International	FIAT A-603, PLOT-9, SECTOR- 36, NANDANVAN PARK KAMOTHE, NAVI MUMBAI, Maharashtra	India
S2-965910760	Better Safe Pacific Corp	#1179 N SHORE DRIVE, MN, FOREST LAKE	US
S2-978294364	Mr South & Sons Private Ltd	NO 1756  SEC 29, NOIDA GAUTAM BUDH NAGAR, Uttar Pradesh	India
S2-624823052	Yakima Resorts	1117 19rd Ave, YAKIMATOWNSHIP, WA	US
S2-299415493	Bhargabi Institute of Technology Private Ltd	WHITE HOUSE, TILAK ROAD, D/1482, SADASHIV PETH, PUNE, Maharashtra	India
S2-885821733	General Packaging Advisors	203 1/2 HALE ST, ATLANTA, GA	US
S2-360585628	Oncology Total Cáre Associates	YPSILANTI, 202 JEFFERSON AVE, ND	US
S2-800579528	stangel safety	16 HOBE STREET, WEST NYACK, NY	US
S2-255444111	Reliant Soghr Private Limited	VEERSHEETY PRABHA COMPLEX, NEAR PRAGATI KRISHNA BANK, BHALKI, Karnataka	India
S2-754231208	Hari वेंचर्स प्राइवेट लिमिटेड	LUXMI NARAYAN GOEL, GADNHI ROAD, NEAR RAILWAY CROSSING, HAPUR, Uttar Pradesh	India
S2-613884242	Schultz and Báer, Corp	447 BROWN TRL, MALVERN, AR	US
S2-855535637	Shri Fortune Ventures Private Ltd	H.NO-1, NEHRA MARKET, OPP ICICI BANK GT ROAD, BANK COLONY, MODINAGAR, GHAZIABAD, Uttar Pradesh	India
S2-465377550	Shetty LLC  Center	18065 PHILLIP DR, NOBLESVILLE, IN	US
S2-276478634	EMPIRE HARBOR RATE EASTGATE INC.	IL, 306 SILVER CREEK DR, EAST PEORIA	US
S2-719898845	Aarvavi Infotech Private Ltd		India
S2-693682723	6reen Mált Partners Corporation	510 32ST STREET, WES MEMPHIS, AR	US
S2-828032594	Dynamic Midwest Massage Partners Inc.	35. WILSON RD, PINEHURST, NC	US
S2-874435700	Solutions Sunav Private Limited Services		India
S2-675919000	சதர்ன் சிஸ்டம்ஸ் பிரைவேட் லிமிடெட்	PRASANTHI BUILDING, NEW NO. 114, OLD NO. 248 ROYAPETTAH HIGH ROAD, ROYAPETTAH, CHENNAI, Tamil Nadu	India
S2-647892615	જૈન કન્સલ્ટિંગ પ્રા. લિ.	PLOT NO. 2, VICTORIA INDUSTRIAL ESTATE, KHIJADIYA ROAD, AT. LAKHDHIRGADH, TAL TANKARA, RAJKOT, Gujarat	India
S2-285653179	ELBERTEDUCATION.COM	905 CLARK PL, NASHVILLE, TN	US
S2-561017128	[Partners] Pinnacle Technical	4411 FOXDEN DR, RICHMOND, VA	US
S2-89364295	PRIVATE PETROCHEMICAL5 DISTRIBUTORS LIMITED	7101, POCKET-7 SECTOR-D, VASANT KUNJ, DELHI, दिल्ली	India
S2-354537105	CECILEY HAGER APEX TRADING GROUP	11-13 MINER ST, CANTON, NY	US
S2-472773179	Mahaveer Mddoeoal Centre	JIJAI PLAZA BORATE FARM S NO 54/4, NEAR MAHATMA SOC, PUNE CITY, Maharashtra	India
S2-492116773	ਸ਼ਿਵ ਫਾਊਂਡੇਸ਼ਨ	N 1 GARDEN COLONYR B DUNI CHAND ROAD AMRITSAR, PUNJAB, AMRITSAR, Punjab	India
S2-813063237	LLC Guerrero Électrical	PORT BOIVAR, TRINIDAD LN, TX	US
S2-372567453	Shandie'S (Cafe)	003234 BUCKAROO CT, WICKENBURG, AZ	US
S2-537422507	BACK ALLEY HYPNOSIS!	88-19 90 STEET, WOODHAVEN, NY	US
S2-67322077	Lelia P. Linares, DMD,-DDS PC	21 GREENBRIER WAY, STONEVILLE, NC	US
S2-110010593	Aurora	13275 MINUTEMAN DR, DRAPER CITY (SL CO), UT	US
S2-997942681	Garware (Institute)	H.NO 103 GATEWAY PLAZA HIRANANDANI GARDEN POWAI, MUMBAI, Maharashtra	India
S2-428179641	Deepsons Services Public Limited	ROOM NO #17 SOMARU MUKADAMCHAWL GUNFA TEKOT JOGESHWARI VIKROLI LINK ROAD, JOGESHWARI (E) MUMBAI, Maharashtra	India
S2-871348455	Cardiology Care Associates Inc.	3A CHARLES LN, HAVERSTRAW, NY	US
S2-689076507	*** Obrien & Waslon Group	1261-D 208, BLOOMING GROVE, NY	US
S2-55693914	Scholarship Society Llc	31867 50ND PL, AUBURN, WA	US
S2-928684896	Keystone Dragcon	880, PROVO, UT	US
S2-719763877	Harri0t Ramirez	312 JOHNSON RIDGE LANE, SCHRIEVER, LA	US
S2-593263416	Ripley and Aldrich Productions LLC	5701 SLIDE RD, LUBBOCK, TX	US
S2-523744904	Services  Golden Engineering Private Limited	##98, GROUND FLOOR, MANAK VIHAR, DELHI, दिल्ली	India
S2-354804132	Inc Collard Delta Ápparrl	CAMELOT COURT, ROSEBURG, OR	US
S2-890954938	XZ Mnoutain Royalties LLC	110 UNA ST, HOT SPRINGS NATIONAL PARK, AR	US
S2-384266079	Legacy Smart Inc Partners	368 WALNUT STREET, LIVINGTSON, IL	US
S2-235281534	Rinotech Interstate All [Ltd]	THOREAU CIRCLE, THOUSAND OAKS CDP, CA	US
S2-744018700	Vin Center Co & Overseas	H.NO 14/15A SIVA NAGAR KALAPATTI, COIMBATORE, Tamil Nadu	India
S2-621519915	Sri SHAKTI MARKETING PRIVATE LTD		India
S2-576488523	Lucky Hypnosis Incorporated	107 CONVENTION CENTER DRIVE, OCEAN CITY, MD	US
S2-827878473	Eastern Learning Center	4465- WYMAN DRIVE, ARDEN-ARCADE, CA	US
S2-155306351	WORTH EBGE  LLC	1505 RIDGE COURT, INDEPENDENCE, IA	US
S2-40019073	Lowes and Jfcgkson P.C.	843 NINTH AVENUE, TOWN OF BIG FLATS, WI	US
S2-409470481	Raigarh Institute	21/, PANPARA BYE LANE, SERAMPUR UTTARPARA, পশ্চিমবঙ্গ	India
S2-139502679	SAM (INDIA) LOGISTICS PRIVATE LIMITED	C/O AMARNATH MALLIK, SAMARAIPUR BHADRAK, BHADRAK, Odisha	India
S2-724311235	383-384 NORTH OWNERS [CORPORATION]	12238 HARLON ST, FLINT, TX	US
S2-469243821	National PLLC Collective Infrastructure Infrastructure	411 GRUENTHER AVE, ROCVKILLE, MD	US
S2-671775676	RAHN-COLLEGE LLC	48132 23RD AVENUE, NEW RIVER, AZ	US
S2-288252849	Step Law Chambers Private Limited	#29 , GROUND FLOOR, SRI AMBAL NAGAR MAIN ROAD, TAMBARAM, Tamil Nadu	India
S2-462250647	ETCHISON SECURE AGRICULTURAL (LLC)	#326 POPLAR CREST AVE, THOUSAND OAKS, CA	US
S2-443597272	... JZ Dogecoin Ltd.	66 FRONTAGE RD, null, THREE FORKS, MT	US
S2-702862423	Silver Hlnfosh	PROCTOR ST, GARLAND CDP, TX	US
S2-402146164	Co P B & A Eaton	6613. SPRING ROAD, PHOENIX, AZ	US
S2-433402165	ତିରୁପତି ସନ୍‌ରାଇଜ୍ ଡେଭଲପର୍ସ୍ ଲିମିଟେଡ୍	E7, KHORDHA, ଓଡ଼ିଶା	India
S2-254957800	Gls Agrovet Pvt.	102J/1, NAGANAMPATTI BYEPASS ROAD ODDANCHATRAM, DINDIUGL, தமிழ்நாடு	India
S2-84969186	Bia  Inc	8901-D GARDEN GATE DR, FAIRFFAX, VA	US
S2-193115920	Apo1lo Herbals Exports Company	Uttar Pradesh, DOOR NO 3-550 SWARG ASHRAM RAOD ARJUN NAGAR, HAPUR	India
S2-996746601	Lisa Charitable Trust Corporation	FLAT 403, WING E-8, LAKE TOWN CO-OP HSG SOC NEAR STATE BANK COLONY, BIBWEWADI, PUNE, Maharashtra	India
S2-808975992	Redrose Marketing Prfivbgte Limited	100/6, L.F ROAD, GUDALUR TOWN, PERIYAKULAM, UTHAMAPALAYAM, Tamil Nadu	India
S2-478339042	Kestre1 Inc (Summit)	1922 KEETON RD, BULLOCK, NC	US
S2-927109390	విజన్ సాఫ్ట్‌వేర్ ఎల్‌ఎల్‌పీ	HIG- 87 AND 88, VITH PHASE KPHB, KUKATPALLY, HYDERABAD, Telangana	India
S2-381433580	ऑल फूड्स प्राइवेट लिमिटेड	BLOCK A-0240 D-318, SECTOR-47, NOIDA, GAUTAM BUDDHA NAGAR, Uttar Pradesh	India
S2-690657005	பிரைம் ஐடி எல்எல்பி	C 73 GARDEN OF HEARTS APTS, MANAPAKKAM, SRIPERUMBUDUR, KANCHIPURAM, Tamil Nadu	India
S2-115314774	HERITAGE LENDING PC CENTER	CLINTON AVENUE, NEW ROCHELLE, NY	US
S2-362656546	లక్ష్మీ మీడియా ప్రైవేట్ లిమిటెడ్	FLAT NO. 20906, KUKATPALLY, HYDERABAD, Telangana	India
S2-463758786	Northern Solana	0026 JANET DR, NORTH HAVEN, CT	US
S2-65208243	डायनामिक श्री कंसल्टेंसी प्राइवेट लिमिटेड	24, THANE, Maharashtra, THANE	India
S2-473206091	creative supply labs	38 N5457, CONCHO, AZ	US
S2-128924658	Joann Holcomb Certified-Pantages Co.	NEWTON, 609 MEADOWLARK LN, KS	US
S2-83226897	Academy Intelligent Pvt Ltd	Gujarat, 711/725, VASHKAMAL 7TH FLOOR SAYAJIGUNJ	India
S2-453052904	The Anastasia English Dynamic Deli	24 8TH AVE, SOUTHERN SHORES, NC	US
S2-549381957	Goodman & Rodriguez Trinity Corp	8497 TWICKENHAM TERRACE, HARRISBURG, NC	US
S2-947428435	राम इंडो इंजीनियरिंग	NO 91 C/O MADAN L AGARWAL, PRAYAGRAJ, ALLAHABAD, Uttar Pradesh	India
S2-425391326	Animal Welfare Committee	04164 LITTLE CREEK ROAD, UTOPIA, TX	US
S2-669787259	Calcutta Diamonds Prívate Limited	A-427 MONEY PLANT, NR BSNL OFFICE, JAGATPUR R, DASCROI, ગુજરાત	India
S2-916579630	Lakshmi Global Electronics Limited	#5-9A , G/F, KH NO.310, GALI NO.10F INDIRA PARK, PALAM COLONY, NEW DELHI, दिल्ली	India
S2-289629744	Custom Edison	##1314 MYRTLE AVENUE, BROOKLYN, NY	US
S2-104634405	Ear Nose & Throat Rapid Inc Center	401 Buckroe Avenue, HAMPTON CITY, VA	US
S2-535666146	Gutierrez Johnson Trading [Services]		US
S2-630095330	Mid, YJ Inc	UPPER BELLBROOK RD, BELLBROOK, OH	US
S2-867204681	India Manikaran Creations LLP	PLOT 898 346, IIND FLOOR, TRIPLICANE HIGH ROAD TRIPLICANE, Tamil Nadu	India
S2-961831447	Vique Córnerstone Paloma East Inc	6432 1/2 CLOVER FARM DR, OFALLON, MO	US
S2-398456093	Primary Care Medicine Corp	856 AMERICAN LEGION HWY, ROSLINDALE, MA	US
S2-405936821	Rashad Plátforms	6432 GRIMES AVE, NORFOLKT OWNSHIP, VA	US
S2-409334334	Malka Módern Industries, L.L.C.	MA, SHREWSBURY, 252 BOSTON TPKE	US
S2-142547712	Q/D Retail Holdings	449 BENTON AVE, NASHVILLE, TN	US
S2-97033140	Emelda Ku Drst Wéstin LLC		US
S2-442438622	Pammy Ótero Biopharmaceuticals Inc	CORTLANDT, NY, 5 SYCAMORE CT	US
S2-351547499	SILVER ENVIRONMENTAL SYSTEMS CO	555 EMBODY RD, PORT LUDLOW, WA	US
S2-708159493	ഗാലക്സി മാനേജ്മെന്റ് പ്രൈവറ്റ് ലിമിറ്റഡ്	Kerala, ERNAKULAM, 24/1701, DOOR NO 14/22AB4, SUIT 204, 2ND FLOOR, ERNAKULAM	India
S2-673151003	Dental  Beacon Associates Ltd	250 NEW FIDELITY CORT, GARNER CIY, NC	US
S2-902062119	Cosette Re  Coastal LLC	70600 MURPHY ROAD, FLUSHING, OH	US
S2-236030949	NQ Solutions	NO 32 RAMAHARI NAGAR SECOND LANENEAR CHRISTIAN HOSPITAL BERHAMPUR, GANJAM, ଓଡ଼ିଶା	India
S2-704901158	Glyphance Science	FIELDS WAY, LORAIN, OH	US
S2-853305894	मॉडर्न सिस्टम्स प्राइवेट लिमिटेड	NARAINGARH, REWARI, INDUSTRIAL AREA, DHARUHERA, Haryana, H.NO 26	India
S2-489827398	Pacific Robotics Products (Partners)	9136 AVE Q, HOUSTTON, TX	US
S2-66066803	Drury Northwest	12133 TR 114, PO BOX 1554, ALLEN TWP, OH	US
S2-125403632	DAVIS METRO CENTER	1243 HARTFORD TURNPIKE, VERNON, CT	US
S2-879099366	साईं लॉजिस्टिक्स लिमिटेड	HOUSE NO. B3/49/9, SAMARTH COLONY NEAR GARDEN, RUKHMINI NAGAR, AMRAVATI, AMRAVATI, महाराष्ट्र	India
S2-508319175	Protege Enterprises Enterprises Private	DOOR NO 18-114/2 , HANUMANPET, MALKAJGIRI, RANGAREDDY, Telangana	India
S2-760041943	Ltd Strategic Prairie Storage	HARDIN, 941 BLUE SAGE CT, MT	US
S2-884608707	Ram Global  Private Limited	DOOR NO 605 SILVER OAKS NR MAHALAXMICHAR RASTA PALDI, AHMEDABAD, Gujarat	India
S2-474203116	MANCINI SOUND	0717 WELLNER ROAD, NAPERVILLE, IL	US
S2-546722007	Quality Network Brands Partners Corporation	879 KYLES LN, FT MITCHELL KY, KY	US
S2-82392642	contrerasdiazdunn.com	5373 INTERSTATE 89, WILLIAMSTOWN, VT	US
S2-643638573	Summit Miluna, Corp	1001  IDAHO RD, APACHE JUNCTION, AZ	US
S2-207334096	MONCADA'S DIGITAL CO	1239 FUGATE ROAD, DEL RIO, TN	US
S2-702414442	Sallee's United	435 BRATTON AVENUE, PRINCETON, WV	US
S2-933218135	roopininsulations.com	PLOT NO.D/26 , PRASHANT BLDG, SURYODAYA CHS, AMBERNATH [EAST], AMBERNATH, Maharashtra	India
S2-937011052	Frieda Ferrill, Esq. Valley	7237 HIGHWAY 67, MALVERN, AR	US
S2-143999439	Standard Textile Union Inc	3808 AUBURN HILLS DR, GREENSBORO, NC	US
S2-811748343	BLUE SCHOOL OF MEDICINE INC.	1480 JEANNIE WAY, SARAMENTO CITY, CA	US
S2-974126678	Aditya Investment  Private Ltd	#404/A/4. AMBEDKER CIRCLE, MATTON MARKET ROAD, HAVERI., HAVERI, Karnataka	India
S2-785127369	United Trading-L.L.P.	DOOR NO 5 , GROUND FLOOR KAMARAJ COLONY, CHITLAPAKKAM, CHENNAI, Tamil Nadu	India
S2-951324031	Lufkin ánd Griswold LLC	MA, NORTH READING, WYOMING AVE	US
S2-451812463	Brooks Enterprises	5453 BALUSTRADE BOULEVARD, LACEY, WA	US
S2-134640727	Saradha Saradha Br0thers Private Limited	##37, DR.ABANI DUGTA ROAD, SALKIA, West Bengal	India
S2-304433271	BOWMAN ADVANCED  WORKS INC	1580 COWAND AVE, NORFLK, VA	US
S2-980596145	FRANNY'S  AUTO REPAIR	BUCKLAND, MA, 50 ELM STREET	US
S2-168799386	Myers Eastern	##2852 PASEO RIO WAY, SACRAMENTO, CA	US
S2-350282497	व्हाइट टेक प्राइवेट लिमिटेड	F 34/8, IST FLOOR, OKHLA PHASE II, NEW DELHI, N/A, दिल्ली	India
S2-765666967	Leo, Thomas &	NAPPANEE, IN, 5B COURTNEY LANE	US
S2-931524761	Maxwell & Brothers Prvmte Limited	DOOR NO. 8 508 C, OPPO. POLICE STATION, KOZHIKODE, Kerala	India
S2-173858477	Sri ALI  CHARITABLE TRUST LIMITED		India
S2-596844693	Pediatric Dental Clinic	JIM WARREN PARKWAY, SPRING HILL, TN	US
S2-356859214	Coastal Ridge	10132 1/2 ALEXIA DR, INDIANAPOLIS, IN	US
S2-28920926	Preferred Ch0ice Noble, (LLC)	20D Bramble Ln, MELVILLE, NY	US
S2-960814077	Dr Leonine Manufacturing L.L.P.	BLOCK NO.201, MIDAS HEIGHTS CENTRAL BAZAR ROAD, RAMDASPETH, NAGPUR, Maharashtra	India
S2-260747264	PVT HUZUR INDIA INFRATECH [LTD]	NO 84 FIRST FLOOR, MIG 27 HARSHVARDHAN NAGA, BHOPAL, HUZUR, Madhya Pradesh	India
S2-103969126	Dovaumbra	H.NO 34/139 LAXMI INDL.ESTATENEW LINK ROAD ANDHERI WEST, MUMBAI, Maharashtra	India
S2-628604073	Projects Gami Marketing	#71 617/A, 615, 616, UNIT305, 3RD FLOOR IMPERIAL TOWERS, AMEERPET, Telangana	India
S2-944903442	THE SANDOVAL GSS LLC	49 SIERRA CREST DR, CITY OF EL PASO, TX	US
S2-488609470	IZ Infratech Private	NO 29-6-20/2  , LALITHA COLONY NEAR AMARAVATHI HOTEL, DABAGARDENS, VISAKHAPATNAM, Andhra Pradesh	India
S2-448763041	एसएस टेक्नोलॉजीज प्रोविजन प्राइवेट लिमिटेड	Uttar Pradesh, GORAKHPUR, NO 93 RAHMAT NAGAR, GORAKHPUR	India
S2-978867470	Tall Law Chambers Pvt (Ltd)	NO 24 SANTOSHA SAGAR COLGNY MADHOVILASA KE PICHHE, WARD NO.54, BRAHMP, URI, राजस्थान	India
S2-701497045	Services Cyrus  Technologies Pvt Ltd	H.NO #39 , GAT NO 473 AT POST -, SHINDE, महाराष्ट्र	India
S2-663471075	ಸೂಪರ್ ಲಾಜಿಸ್ಟಿಕ್ಸ್ ಪ್ರೈವೇಟ್ ಲಿಮಿಟೆಡ್	#29, BANGALORE, Karnataka, (OLD 6/6), PRIME ROSE ROAD, BANGALORE	India
S2-428604792	Innovative Hgh Developers Pvt Ltd	162/1/H/9, B. B. GANEULY STREET, KOLKATA, KOLKATA, পশ্চিমবঙ্গ	India
S2-1209589	WSC Services Private Limited	70, CHOWK BAZAR SADAR, MEERUT, Uttar Pradesh	India
S2-162387508	>> Clyial Nlon Corp	KATY, TX, 5243 ENDURANCE WAY	US
S2-517107904	M/s In Forex (India) Private Limited		India
S2-666179774	Hall Third of Jefferson City South LLC	722 LEONARD DR, JEFFERSON CITY, MO	US
S2-7757866	LLC TOTAL AGRICULTURAL INDUSTRIES	325 PENN ROAD, WYNNEWOOD, PA	US
S2-892130983	स्काई इन्वेस्टमेंट्स Private Limited	H NO 5/139/2, KATEWASTI, CHARHOLI BK JAKATNAKA, BHOSARI, PUNE, महाराष्ट्र	India
S2-70202699	GU ELECTRONICS LTD	DOOR NO ##197/2A , KULLAMPATTI, KAUR, Tamil Nadu	India
S2-610875537	Rose Total  Churchill	9475-9477 ASHBURY CIR, PAKRER, CO	US
S2-401775421	KLAVER TOTAL HEALTHCARE,	40 CAPTAIN KIDD DR, SOUTHOLD, NY	US
S2-302466524	THE DENT PILATES (CENTER)	UT, TAYLORSVILLE, 6256 GOLD MEDAL DRIVE	US
S2-569007716	Main Street Seafood Center	4225 ALAMO STREET, SIMI VALELY CITY, CA	US
S2-711648776	Nadyne [LLC]	NM, 71 A MATISSE ROAD, CARSON	US
S2-772679465	रेड सॉल्यूशंस प्राइवेट लिमिटेड	Maharashtra, PANVEL, FL NO 17-01 PL NO 95 & 95, SECTOR- 19, RAIGARH(MH)	India
S2-852460615	Pappa & Howard Holdings	0807 WINDRIDGE LN, FLORENCE, KY	US
S2-561143822	LLP WCO Héalig	FLAT 822 ATLANTIA GARDEN, RAJKOT, Gujarat	India
S2-489974801	Burks Clean Jewelers LLC	2203 Liberty Ct, GOSHEN, IN	US
S2-254668576	>> CONTINENTAL CENTER	MINNEAPOLLIS, 4617  110ND STREET, MN	US
S2-30568957	M/s Ujala School-Public	ROOM NO.6/404 D1 MARY LAND COMPLEX, VENGINESSERY P O, THRISSUR, കേരളം	India
S2-782819152	CHETTINAD CONSUMER LTD. PVT.	#4 (B), 14TH MAIN ROAD, NEXT TO BDA COMPLEX HSR LAYOUT, BANGALORE, null, Karnataka	India
S2-639782501	Blue Massage	3056 PERRY AVE, BRONX, NY	US
S2-881009724	Polaris, Partners	31 NORTHGATE COURT, LYNCHSTATION CITY, VA	US
S2-658756966	Maxy's Cascade Supp1y Inc	1411 BELL MEADOW CT, WILLIAMSON COUNTY, TN	US
S2-242231390	Mr NIRMAL (INDIA) HAVEN GROUP		India
S2-77382200	गुड इंडस्ट्रीज प्राइवेट लिमिटेड	#13/1035 MALVIYA NAGAR, JAIPUR, Rajasthan	India
S2-213164953	जैन डेवलपर्स	PLOT 275 C-201, LONI, GHAZIABAD, Uttar Pradesh	India
S2-60479362	Cunningham Cadenza Joiner & LLC	616 WILLOW, BELVIDERE, IL	US
S2-206214292	stormi lujano terra corp	52065 PLEASANT VIEW ROD, MILTON-FREEWATER, OR	US
S2-817240680	अल्फा इंजीनियरिंग प्राइवेट लिमिटेड	HN 40 OFFICE NO. B/107-129, GUNTUR, THANE, Maharashtra, CADBURY CO, DEV CORPORA, THANE (M CORP)	India
S2-9986119	Bright Déli	1201  HARVARD AVE, FT. SMITH, AR	US
S2-441845297	Ltd. Felix Pvt. Center	NO 3-28 A-72/FF CHANDER NATAR, GHAZIABAD, N/A, उत्तर प्रदेश	India
S2-280976715	Jai It Public Limited	Rajasthan, #B/270 KURI HOUSING BOARD, JODHPUR	India
S2-555319294	Liberty Abacus-Corporation	215 MAPLE AVE, NEWPORT NEWS CITY, VA	US
S2-74892125	THE SURGICAL CERTIFIED MEDICINE LLC	UT, 560, OREM	US
S2-548712259	Mcdonald Services	6529-6533 ALDER AVE, MESA DESERT, AZ	US
S2-810987431	Krishna-Tech Trading Private Limited	81, PREMANJALI, BODAKDEV, AHMEDABAD, Gujarat	India
S2-717553887	Sri Usha & Sons Llp	##701S-22WING , TREASURESOCIETY, S.NO.87/2KASHIDPARK, NRKALPATARUHSGSOCPI, MPLE GURAV, Maharashtra	India
S2-150967108	Kornyla	SOMMERVILLE PL, YONKERS, NY	US
S2-45855608	Mcconkey-Tully & Miller LLC		US
S2-206495455	KRISHNA COLLEGE PVT LTD	#212 DEEN DAYAL UDADHYAMARG, NEW DELHI, दिल्ली	India
S2-311192735	Corporation New Delhi Motocorp	A /25, SECOND FLOOR, JANAKPURI, NEW DELHI, WEST DELHI, Delhi	India
S2-439293998	Arts Association	3132 S SHORE DR, ALBANY, OR	US
S2-582359074	Robert India	C/O RADHA KRUSHNA SHOPPING COMPLEX SHOP NO 2 NR ZASHI RANI PUTALA, PUTALA, महाराष्ट्र	India
S2-466313790	Cypress Soulpower	NY, RUSHOFRD TOWNSHIP, 904 BALCOM BEACH ROAD	US
S2-599910283	Oncology Peak	328 A BRYANT STREET, MLDEN, MA	US
S2-993394296	Physical Therapy Grand Care Associates Ltd	2529 PARKWOOD DRIVE, PORT ORCHARD, WA	US
S2-81197893	Solutions Sanskriti Digital Private Limited	38, NAVODAYA COLONY HUMAYUN NAGAR, MEHDIPATNAM, Telangana	India
S2-83700488	लक्ष्मी इंफ्रास्ट्रक्चर प्रा. लि.	170 B-7/11, OKHLA INDUSTRIAL AREA, PHASE -II, SOUTH DELHI, NEW DELHI, दिल्ली	India
S2-201503672	Sanders, Funches and-Wilson Inc	16 GREAT MEADOW RD, MADISON, CT	US
S2-367619938	Premier Cetruion	13. CHESTER CT, TROY, NY	US
S2-521635391	ಫಾರ್ಚೂನ್ ರಾಮ್ ಗ್ಲೋಬಲ್ ಪ್ರೈವೇಟ್ ಲಿಮಿಟೆಡ್	A-44, NAL QTRS KODIHALI, BANGALORE, ಕರ್ನಾಟಕ	India
S2-671700250	Rpm Vibtrmamde  Ltd	FLAT NO 1702, TOWER 6 D, SUSHANT SERENE RESIDENCY, SECTOR ETA 2 GREATER NOIDA, NOIDA, Uttar Pradesh	India
S2-314925002	International Radheshyam Entertainment	OPPOSITE AURAI POLICE STATION AURAI TOWN, BADOHI, Uttar Pradesh	India
S2-167639806	lawton best áurora l.l.c.	QUEEN CREEK, 20934 OCOTILLO ROAD, AZ	US
S2-716235978	PHYSICAL THERAPY GROUP (SERVICES)	582 LONGWORTH DRIVE, WINSTON-SALEM, NC	US
S2-968076884	Chastity Martinez Ltd [Services]	815 HICKORY NUT CIR, MONROE, NC	US
S2-888584005	Capita1 Continental Liquor, LLC (ID: 59629)	4483 ROUSAY DR, SAN TAN VALLEY, AZ	US
S2-251149385	Modern Indonesia	127 RICKERT DR, NAERVILLE, IL	US
S2-946543701	Britt, Albertine Advertising Corp	0023 GRANT STREET, HINSDALE, IL	US
S2-696101444	Cql Producer	801, ANAND INDUSTRIAL COMPLEX, OLD GINNING MILL COMPD, NR. ASHOK MILL, NA, RODA ROAD, AHMEDABAD, Gujarat	India
S2-555380835	A Rápid Inenvesco	1152 AMOS AVE, DES MOINES, IA	US
S2-18124353	REGIONAL  EMPIRE	42ND ST, LUBBOCK, TX	US
S2-300186409	HORIZON TECHNICAL	58758 284TH ST, IA, GLENWOOD	US
S2-566192738	Persaud Iitegrated Cóntrols L.L.C.	HIGHLAND AVE, ARLINGTON HEIGHTS, IL	US
S2-826836145	लोटस टेक प्राइवेट लिमिटेड	SECT 3-0 &32 PL 110 PCNTDA, WALHEKARWADI, CHINCHWAD, PUNE CITY, PUNE, Maharashtra	India
S2-688898312	VS Soft Exports Ltd	DOOR NO 7RD FLOOR, SAFEWAY HOUSE PRASHANT VIHAR, NEW DELHI, दिल्ली	India
S2-254035613	Mowery Services	804 CUMMINS ROAD, DES MOINES, IA	US
S2-414702564	ஹைடெக் புராஜெக்ட்ஸ் பிரைவேட் லிமிடெட்	TS NO 109  GROUND FLOOR ANNASALAI ARCOT, MADRAS, CHENNAI, தமிழ்நாடு	India
S2-421975132	Shyam Jain Impex Prívate Limited	2 , PLOT NO.4, SHIV, MANDIR, SECTOR 13, SANPADA, THANE, महाराष्ट्र	India
S2-726340703	MINNIE MCWILLIAMS KING  GROUP COASTAL	8 SPURLOCK LN, BELLA VISTA, AR	US
S2-730093281	FIORE AND CALDWELL SERVICES	GLENMORA DRIVE, CHARDON, OH	US
S2-51804835	ब्राइट टेक्नोलॉजी प्राइवेट लिमिटेड	M-6/57, <NULL>, SOUTH DELHI, DELHI, दिल्ली	India
S2-505041498	BOARD OF AFFAIRS VETERANS	#84 CHASE ST, MASSENA, NY	US
S2-439781828	Frirwy Re	5/777, TIRUCHENGODU, NAMAKKAL, Tamil Nadu	India
S2-615345911	F AMC D & METRO INC | www.famcd.com	257 GREYLAND ROAD, LOCKESBURG, AR	US
S2-201368140	Service Behavioral Associates Inc.	4643 REDBUD COURT, DECATUR, IL	US
S2-741767167	ब्राइट एस्टेट एलएलपी	11A, PLOT NO.2, NEW MANDOLI INDUSTRIAL AREA MAIN SEWA DHAM ROAD, DELHI, SHAHDARA, Delhi	India
S2-945085407	Kolkata Private Límited Service	41, CHOWRINGHEE ROAD, KANAK BUILDING, KOLKATA, KOLKATA, পশ্চিমবঙ্গ	India
S2-55155187	Maetrno Maetrno & Co	101, M.I.ROAD, JAIPUR, Rajasthan	India
S2-532399244	Community Trust Trust VT LP	12678 14, DELHI, NY	US
S2-535289606	Eiben and Warden	72-B WALDO AVENUE, ROCKLAND, ME	US
S2-518163071	Bright Center	272 CITATION LN, TEMPE, AZ	US
S2-277369813	Metropolitan Emerging Corp	0640 MILLSTONE RD, CLAY CITY, KY	US
S2-902700144	NORTH FRESH GSR	14TH PL, SAMMAMISH, WA	US
S2-698458738	Main Stréet Tattoo	#632 SALLY GAP RD, CROOKED CREEK, NC	US
S2-998464291	Ramco Infotech Exports Pvt. Ltd.	UNIT NO. 445 A, 4TH FLOOR, AVIOR CORPORATE PARK, BLOCK CENTRE, LBS ROAD, MULUND WEST, MUMBAI, Maharashtra	India
S2-514992884	Direct Robotics Solutions	#84 WORTHY AVE, WEST SPRINGFIELD, MA	US
S2-699795220	एसएस कृष्ण इंटरनेशनल प्राइवेट लिमिटेड	UNIT NO-219 SECOND FLOOR, GURGAON, हरियाणा	India
S2-77685329	VANDANA REGIONAL (ÍNDIA) LTD	KHASARA NO. 180 VILLAGE DURRAYI, DADRI, Uttar Pradesh	India
S2-376771843	गोल्ड लॉजिस्टिक्स लिमिटेड	B.3/715 LOK EVEREST, LOK HOUSING COMPLEX ACCRD, MUMBAI, महाराष्ट्र	India
S2-245010541	Hall & Dennis	NY, ASTORIA, 23-49 31 Rd, NULL	US
S2-182834322	Dix 8achman Íngredients	202 Merritts Rd, OYSTER BAY, NY	US
S2-110271666	Garcia Diamond Restaurant LLC		US
S2-525006044	XN  Paihnlts Co	GAT NO. 679/2/2, KURULI, TAL KHED, KHED, महाराष्ट्र	India
S2-458097277	Pdlade North Próducer Limited	D 605 606, MUMBAI CITY, MUMBAI (SUBURBAN), महाराष्ट्र	India
S2-444608328	Zhang & Rainey Inc.	10421 SWEEPSTAKES ROAD, DAMASCUS, MD	US
S2-520769631	Sri Kanhaji LLP Service	55-3-10 IN 1ST CROSS AT 2ND ROAD, JAWAHAR AUTO NAGAR, VIJAYAWADA, Andhra Pradesh	India
S2-824964502	Devvaer Résorts	P NO-D/273, MUNDHELA KALAN, NAJAFGSRH, NEW DELHI, Delhi	India
S2-338853492	Inc Bioworks Sterling	939 COLORADO ST, LA GRANGE, TX	US
S2-985634342	Aprajita Chits Private  Ltd	JUGGI NO N-14/242 LANDMARK, NA MUNSHI RAM COLONY, NEW DELHI, Delhi	India
S2-324129652	>> Louisette Calhoun  Canada	300 DANIEL BOONE TRL, SOUTH ROXANA, IL	US
S2-898599389	RAJASTHAN STEEL LIMITED	F-0092, RAM PATHSHYAM NAGAR EXTENTION JAIPUR, RAJASTHAN, Rajasthan	India
S2-279796611	CARDIOLOGY GOLDEN PAARENRS INC	OK, COYLE, 10317 HWY 33	US
S2-989903662	Eye National 5pblcialisas, LLC	PLATT RD, WATERTOWN, CT	US
S2-497473599	AGACE-BALMRTLETT BLUEPORT LTD	625 COVE HOLLOW DR, DALLAS, TX	US
S2-172206969	Llc Teex Railway	BIRMINGHAM, NULL, ##1105 M, AL	US
S2-145644685	Cultural Institute Integrated	215 SYCAMORE DRIVE, null, WILLIAMSPORT, IN	US
S2-811675909	Dr Vision-Agro Private Ltd		India
S2-606551216	XBD Green Pharmaceuticals LP		US
S2-692564375	mahbubnagarcontrols.com	14-3-8/A/4, AYODHYA NAGAR CHRISTIANPALLY, MAHBUBNAGAR, Andhra Pradesh	India
S2-378933482	Womens Health Associates LLC Federation	1517 CLARK AVENUE, WORDEN, MT	US
S2-277690362	FEDERAL ENGINEERIONG-INDUSTRIES CORP	4003 10TH STREET, MOORHEAD, MN	US
S2-46566895	Golden Business Partners Holdings	826  SURFACE VIEW CIR, MONTGOMERY COUNTY, VA	US
S2-186039838	CA Textiles Associates Corporation	H.NO. 211/5 KAKKERI, KHANAPUR, Karnataka	India
S2-621085283	kattistidhammetropolitan.com	NULL, 3223 ALGODON WAY, PHOENIX TOWNSHIP, AZ	US
S2-695127520	Ivenium Urban  L.L.C.	NM, 006801 Dragonfly Lane, ALBUQUERQUE	US
S2-82841215	M/s Guru Power Private (Limited)	410 201, LAKE VIEW 3, ROYAL PALMS ESTATE, AAREY COLONY GOREGOAN EAST, महाराष्ट्र	India
S2-460054572	West  Midnapore India Infratech Pvt Ltd	631, BIG BANG TOWN HALL MADHUBAN MORE RAGHUNATHPUR, P.O- JHARGRAM, WEST MIDNAPORE, West Bengal	India
S2-252946106	Industrial Learning ((Studios))	0914 GOLDEN AVENUE, SOUTH BEND, IN	US
S2-585877668	The Elite Premium LLC	PORTLAND, OR, 761 117st Dr	US
S2-21108963	UHT Inc Services	861 MENTOR RD, AKON CDP, OH	US
S2-246374149	Ay Edutech Private Limited	023A, MASTER MIND IV, ROYAL PALM, AAREY COLONY MAYUR NAGAR, GOREGAON EAST, NULL, Maharashtra	India
S2-67294215	Corp. Environmental Council	1150 1/2 RIVER STREET, PMB 9925, SPOONR, WI	US
S2-974148905	Sterling Procap Co	1191 STOKENBURY ROAD, ELKINS, AR	US
S2-90119518	Pune Builders Public Limited	NO 87 SHAKUNTALA APTS, NRNILAYAM 2163/4 SADASHIV PETH, PANE, Maharashtra	India
S2-408546171	जय एग्रो लिमिटेड	Maharashtra, KOLHAPUR, JAY VILLA NAGALA PARK, KOLHAPUR	India
S2-754132025	TRIVENI &	1195 , SECTOR 7-D, FAIDABAD, BALLABGARH, Haryana	India
S2-956434287	Palma, Duran Brown Inc Center		US
S2-875621751	ओम प्रोडक्ट्स	E GROUND FLOOR, SOUTH EXTENSION PART I, SOUTH DELHI, Delhi	India
S2-697778301	Highland Montessori Montessori	147-31-D 72 AVENUE, FLUSHING, NY	US
S2-870525358	डायनामिक अर्बन सिस्टम्स लिमिटेड	NO. G-284 129, DEV CHHAYA, KELUSKAR ROADSHIVAJI PARK, DADAR, MUMBAI, Maharashtra	India
S2-658125334	Private Neuron Associates Group Ltd	NO 302, 18/2 NEW PALASIYA ROYAL AVENUE, INDORE, Madhya Pradesh	India
S2-951194915	PERIDAY PARTNERS	PLANTATION DR, LEXINGTON, TN	US
S2-563493524	Care-Bombay	SHOP NO 53GF, GREEN WOOD, SECOND FLOOR, SHOPPRIX MA, MEERUT, Uttar Pradesh	India
S2-988440973	Barragan Ethelyn DPM PC L.L.C.	3462-3464 PARADUXX PRIVADO, OTNARIO CITY, CA	US
S2-682196710	Safe Services	408 67TH ST, TACOMA CDP, WA	US
S2-282677323	Hill & Sgc Table Group	1032 CRABAPPLE DRIVE, MO, ARNOLD	US
S2-418667212	Cure Partners Seafood	1242 1/2 K19 HIGHWAY, LARNED, KS	US
S2-926115434	Eveready Toolings	K- 073, SITE- 5, KASNA INDUSTRIAL AREA, GREATER NOIDA, GAUTAM BUDDH NAGAR, NOIDA, Uttar Pradesh	India
S2-512133127	BW Integrated	H.NO 466. 10/287.KAPAD MARKET, ICHALKARANJI. TAL-HATAKANANGALE, Maharashtra	India
S2-285031669	ಶಕ್ತಿ ಮ್ಯಾನೇಜ್‌ಮೆಂಟ್ ಪ್ರೈವೇಟ್ ಲಿಮಿಟೆಡ್	5-17/2, BUDHA VIHAR ROAD, SARVAGNA NAGAR, BANGALORE, BANGALORE NORTH, Karnataka	India
S2-574708301	PRODUCTS DEFENSE CLASSIC	5350B DEER VALLEY DR, PHOENIX, AZ	US
S2-247409704	Naresh & Sons Ltd	H.NO 04 KREST KORNER, 4TH FLOOR NR TOWN HALL, JAMNAGAR, Gujarat	India
S2-95236532	CITY INTERNATIONAL LIMITED	M-12, LGF GREATER KAILASH PART-1, Delhi	India
S2-540071929	Eye Medicine Corp	505 GREENLER ROAD, DEIFANCE, OH	US
S2-499558461	#QUNAA	3744 CLEVELAND AVENUE, ST PAUL, MN	US
S2-347549160	Citadel	00609 WOODLAWN AVENUE, WILMINGTON, NC	US
S2-347085520	SURAT CITY SOLUTION CARE	#225 SATYANARAYAN SOC., KAPODRA PUNAGAM ROAD, SURAT CITY, ગુજરાત	India
S2-677563863	Precision Strátegic Grade LLC	932 WILHITE STREET, CLEBURNE, TX	US
S2-833591292	Smt Prabha Lifescience Límited	101 1STFLOOR DECCAN VIHAR, DADAR W, MUMBAI, Maharashtra	India
S2-25759077	ಇಂಡಿಯನ್ ಲಾಜಿಸ್ಟಿಕ್ಸ್ ಪ್ರೈವೇಟ್ ಲಿಮಿಟೆಡ್	H.NO 110, 3RD CROSS, 4TH MAIN, 4TH BLOCK, TYAGRAJNAGAR, BANGALORE, BANGLORE, Karnataka	India
S2-231602406	ୟୁନିକ୍ ମାର୍କେଟିଂ ପ୍ରାଇଭେଟ୍ ଲିମିଟେଡ୍	#3701/7759, PRACHI VIHAR PALASUNI, KHORDHA, BHUBANESWAR, Odisha	India
S2-476320517	Bessy López Dynamic Charter Central	2235 DRACHMAN STREET, TUUCSON, AZ	US
S2-358756737	New Delhi Calibrations Private  Ltd	DOOR NO #52 , GALI NO. 3, JEEVAN PARK, SIRASPUR, DELHI, NEW DELHI, Delhi	India
S2-750364651	PERUMBAVOOR NATURAL (INDIA) PRIVATE LIMITED	K 14 BHD LOKSEVA COMMITTEE JUHU LANE ANDHRI W OPP KOHINOOR RESTNT, MUMBAI, महाराष्ट्र	India
S2-232061978	ವಿಜಯ್ ಪ್ರಾಜೆಕ್ಟ್ಸ್ ಪ್ರೈವೇಟ್ ಲಿಮಿಟೆಡ್	1796 CTC PRAEZISION TOOL PVT. LTD., BANGALORE SOUTH, BANGALORE, RJP TOWER, 27TH MAIN ROAD, OPPOSITE KLM MALL, HSR LAYOUT SECTOR 1, Karnataka	India
S2-250013615	Pyrawexkelo	13736 WETHERSFIELD RD, SCOTTSDALE, AZ	US
S2-329200792	TAEX HIGHLAND RIBBON INC.	1316 PINE TREE RD, FAIRFAX COUNTY, VA	US
S2-995362019	AUTOBAHN &		India
S2-671270117	Orthopedic Clhci LLC	E1498 ERICKSON RD, WAUPACA, WI	US
S2-404109757	National Properties Partners Inc	3420 29TH STREET, ASHLAND, KY	US
S2-581760687	national payroll alliance corp	MN, 3433 1/2 HOLLY LANE, MINNEAPOLIS CITY	US
S2-89913062	NEW DELHI PRODUCTS EXPORTS PRIVATE	F-#62 OLD MB ROAD.LADO SARAI, NEW DELHI, Delhi	India
S2-682144149	Modern Duke-L.L.C.	250 WALKER SETTLEMENT ROAD, ISLAND FALLS, ME	US
S2-289186799	YGX Gamco Northside Inc	#262 CANDLEWOOD RD, IRONDEQUOIT, NY	US
S2-738056090	మై ఎక్స్‌పోర్ట్స్ ప్రైవేట్ లిమిటెడ్	FLAT NO.6, RANGA REDDY, Telangana	India
S2-447791233	Sri MIGHTY FOUNDATION CO	DOOR NO 184 , SECTOR 13 EXT. NHB COLONY, KARNAL, Haryana	India
S2-938213469	Smt STREAMLINE POLYTECHNIC INFRATECH PVT LTD	G002, SESHADRI ENCLAVE, PLOT NO. 20P/21, SECRETARIAT COLONY, MANIKONDA, HYDERABAD, తెలంగాణ	India
S2-349303228	INNOVATIVE FOODS [LIMITED]	SHOP NO-9, G.F., CRYSTAL SHOPPING CENTER GANGESHWAR MANDIR ROAD ADAJAN, SURAT, Gujarat	India
S2-940753249	Pires's Store Services	1908 156RD STREET, WA, ARLINGTON	US
S2-141978816	Palmer Pédiatrics		US
S2-185920568	Omega Consultancy Private Limited	91, PALUPUR, PATTI, <NULL>, Uttar Pradesh	India
S2-30065227	Schwall Care Services		US
S2-895582776	Blue Federal  Oaktree LLC	TN, CLARKSVILLE, 290 DARNELL ST	US
S2-536174758	*** Signature Pérmian	08 POWER ROAD, MESA DESERT, AZ	US
S2-119607177	VIJAY INFOTECH PRIVGATE LIMITED	RAM SVR, PLOT NO 4/2 , SECTOR 1, MADHAPUR, HUDA TECHNO ENCLAVE, HITEC CITY, SHAIKPET, Telangana	India
S2-421761461	cwdynamics.com	11ST STREET, ALTOONA, IA	US
S2-360966814	Spaces White White	C/O MANISH KUMAR SINGH, MIRZAPUR, Uttar Pradesh	India
S2-46077798	Faix Hó1dings Hóldings	1165 STRASBOURG AVE, SPRINGFIELD, MO	US
S2-663098623	Patriot Green  (Financial)	28317 107TH PLACE, PO BOX 2660, VILLAGE OF SALEM LAKES, WI	US
S2-67793221	Private Prime Technologies (Ltd)	BASEMENT, KALYANNO.4, ATIKINSON ROAD VEPERI, Tamil Nadu	India
S2-828819520	Canipe Téucrium PLLC	14910 OLD YORK RD, PHOENIX, MD	US
S2-977512580	Granite East Inc	6164 SHORESIDE CIRCLE, TOWN OF SEVASTOPOL, WI	US
S2-224924655	FR0NTIER VIEW INC.	VA, GALAX, 3418-3420 PIPERS GAP ROAD	US
S2-56915992	Somya Interiors Limited	Madhya Pradesh, NO 615. KALI MAI SANTAR MORAR, GWALIOR	India
S2-53264243	*** carpentervickiphd.com	PONY FARM RD, VA, MAIDENS	US
S2-915897665	Laverne Hernhdz Metropolitan Franklin of Magnolia Inc	24627 EASTERN PINE TRAIL, MAGNOLIA, TX	US
S2-476753105	Pacific Certified Nexus Co	##103 HICKORY DR, MURRRAY, KY	US
S2-641100149	Ortiz Direct L.L.C. Center	5 LOUFS DRIVE, BLOOMFIELD, CT	US
S2-589013466	Optimal Suma Llc	50TH ST, GALENA, KS	US
S2-218764611	Viokororbi	1827 LAFLIN STREET, IL, CHICAGO	US
S2-831642837	Heavy Investments Limited (ID: 99679)	KHATONI NO-1242/1227, GALI NO. 4 DABUA PALI RLAD, FARIDABAD, Haryana	India
S2-276266669	-- Continental  Federation VI	129 ROAD 5703, CLEVELAND, TX	US
S2-754236886	Atha Solutions Private Limited	NO.15, JOSEPH 2ND STREET, PALAVATHANGAL, SAIDAPET, Tamil Nadu	India
S2-454158484	Le Grnmld Auto Repair Holdings	342 CHAPEL STREET, LILLINGTON, NC	US
S2-698436260	Shree Rolling Overseas Private Limited	#984 B 3/3274 VASANT KUNJ, NEW DELHI, Delhi	India
S2-223377216	Collie Higa Twelve Inc	MIDDLE ISLAND, NULL, 53 BRIAR HILL COURT, NY	US
S2-941875477	Putnam Acres Partners	164 CODY DR DR, <NULL>, ROGERSVILLE, MO	US
S2-647596679	Ecklund's Appliance	31270-31272 PRESSONVILLE ROAD, PAOLA, KS	US
S2-576999220	Sivue Services	3506-B 34nd Ave, MOLINE, IL	US
S2-749556289	Alton Audio Installation  LLC	01242 95th Pl, CROWN POINT, IN	US
S2-874785034	Tech Param Consultants Pvt Ltd	Delhi, ADHITAM KENDRA, E-16, QUATAB INSTITUTIONAL AREA	India
S2-610136127	Cozy 5eafood	1826 1/2 FARNAM ST, DAVENPORT, IA	US
S2-173494871	Helton and Wire Atlantic	2201 WIMCREST, GALVESTON, TX	US
S2-738914268	Dacey Dacey Management	1227 PRESTWICK CT, GRANBURY, TX	US
S2-185531240	Federal Coastal Constellation Partners	13735 TAMARACK LANE, ORLAND PARK, IL	US
S2-138900880	Interstate Program LP	CA, CRESTLINE, 1116 BIG TREE LN	US
S2-154397073	HEARTLAND ALLMITTLE	7908 Fairfax Rd, <NULL>, ALEXADRIA, VA	US
S2-268859026	NDR Biotech [Private]	OFFICE NO.A- 5-04, 5TH FLOOR, THE GREAT EASTERN SUMMIT, PFOT NO.56, SECTOR - 15, CBD BELAPUR, NAVI MUMBAI, THANE, Maharashtra	India
S2-113656688	ALLIED  PREPARATORY ACAMDEDY	101 BRIER ROAD, AMHERST, NY	US
S2-132796698	Titan Braemar Group	696 VIOLA DR, SUNUBRY, OH	US
S2-709650804	Select Wholesale Technologies  Ltd	4481 BUFFALO ST, ORCHARD PARK, NY	US
S2-601610649	IRIARIA	PLOT NO KHASRA NO. 420 RAM SEWAK PURAM, LUCKNOW, Uttar Pradesh	India
S2-629026038	Mother Air (India) Limited	18/1 KALIKAPUR PURBAPALLY, KOLKATA, KOLKATA, West Bengal	India
S2-173963649	इनोवेटिव इन्वेस्टमेंट्स लिमिटेड	1606 TOWER 1, VALLEY VIEW, SECTOR -45, GURGAON, Haryana	India
S2-249756978	Mutual Defense [Alliance]	9020 OKLAHOMA AVE, N/A, NORFOLK CITY, VA	US
S2-886972012	DICKERSON DENTAL ASSOCIATES INC	934 61ST ST, TULSA, OK	US
S2-456065833	Hennessey Jab of	84 MAIN ST, NY, OWEGO	US
S2-84466176	గోల్డ్ ఎంటర్‌ప్రైజెస్ ప్రైవేట్ లిమిటెడ్	CENTRAL EXCISE COLONY, HANAMKONDA, WARANGAL DIST, WARANGAL URBAN, Andhra Pradesh, WARANGAL, H.NO:002-7-660	India
S2-836832298	Housing Association Ce Ce	6706-6710 111ST AVE EAST, TULSA, OK	US
S2-723564261	KATYA ANDUJAR FÓOD	9927B SKYVIEW DRIVE, PORTLAND, OR	US
S2-360645668	FCB Private-Limited Center	GAT NO. 263 , WADALI, TAL- KANNAD, DIST- AURANGABAD, KANNAD, Maharashtra	India
S2-837266835	Crystal Technical Brands Holdings	2210 DUCK COVE LN, YORK, SC	US
S2-776826875	DAVIDSON RUSH INCORPORATED	6301A DELPHOS AVENUE, CINCINNATI, OH	US
S2-936968165	Coryell Phoenix LLC Center	23359 WIEGAND LN, WASHINGTON, IL	US
S2-536963528	प्रीमियर मैनेजमेंट	S NO- 141/6, PUNE, Maharashtra	India
S2-582640928	Balaji Limited Center	HMP HOUSE, GROUND FLR ROOM NO 2, 4 FAIRLIE PLACE, KOLKATA, KOLKATA, West Bengal	India
S2-224603825	Inc Vasquez Net	3308 98th St, CLEVELAND, OH	US
S2-324533517	Optimal Partnership	776 WOMING DRIVE, PRINEVILLEE TOWNSHIP, OR	US
S2-670246716	Ha1ey Premier Research C0rp	813 Touvelle St, CELINA, OH	US
S2-626967383	Bally  Vyapaar	#372/9 SHOP NO A-8, GROUND FLOOR, PLOT 706/707 A WING, ISSARDAS VARANDMAL CHSL, WADALA, MUMBAI, महाराष्ट्र	India
S2-353035944	... Highway Sngadoer Sngadoer Private Limited	AHMEDNAGAR, OPP.H.NO.71, महाराष्ट्र, AHMED NAGAR	India
S2-226654105	RY Paliwal Priavet Limited	B-19, VANARAI CHS, VISHWAKARMA NAGAR NAHUR RD, MUULND WEST, MUMBAI, Maharashtra	India
S2-599688920	ಬಾಬಾ ರಾಜ್ ಅಗ್ರೋ	B1, HBC CENTRE, CHURCH STREET, BANGALORE, BENGALURU, ಕರ್ನಾಟಕ	India
S2-745353673	Bloom Petro Private  Limited	BLOCK G-141 C 1/343, SECTOR - G JANKIPURAM, LUCKNOW, Uttar Pradesh	India
S2-173705524	Skipper National Shreya LLC Midtown	716 ARCH ST, OTTAWA TOWNSHIP, IL	US
S2-560445859	Foot & Ankle Rídge Specialists Inc	811 POINT DR, NULL, AKRON, OH	US
S2-965497191	ECHELON  (IHNCDNIA) GROUP CORP	HN 115 BLOCK - BG - 29, ACTION AREA - 1B, NEW TOWN, NEW TOWN, পশ্চিমবঙ্গ	India
S2-3942957	Roybal, Young Imperial Fiore and Inc	DC, 4000 WISCONSIN AVENUE, WASHINGTON	US
S2-114113860	FIRST INDUSTRIES PRIVATE LIMITED	#19/248 KILLY, NEAR NEYYAR MEDICITY, NEDUMANGAD, THIRUVANANTHAPURAM, Kerala	India
S2-769043427	Kelley & Weyers L.L.C.	LOUDOUN COUNTY, KYLEMORE DR, VA	US
S2-876305265	Meus Ássets	412 SUNSET BOULEVARD, OGESBY, IL	US
S2-637702798	Jiang & Center Express Valley Machen	NY, TROY, 147  PRESIDENT ST	US
S2-21794839	RODGERS, THOMPSON & CHARLTON TACTICAL		US
S2-820769530	A1ina Whitehead Delta Spring PLLC	432 BEECHCREST DRIVE, INDIANAPOLIS, IN	US
S2-33112928	Soper Network	613-615 KLAN ST, PARIS, AR	US
S2-625337300	Co Cancer Fund	1734. Cypress Street, WICHITA, KS	US
S2-528810805	BUREAU BUREAU OF	317 25TH STREET, DECATUR, IL	US
S2-356559453	Holdings 3246 Lake Court Management Clinic	6437 FAIRCREST RD, COLUMBUS, OH	US
S2-484875687	Mclemore Anadolu Metro LP	47 INDUSTRIAL LANE, ONEIDA, TN	US
S2-187171602	Baker and Hodges Center	214. BEECH ST, ELIZABETHTOWN, KY	US
S2-237870963	നോർത്ത് എസ്റ്റേറ്റ് സൊല്യൂഷൻസ് പ്രൈവറ്റ് ലിമിറ്റഡ്	BLOCK A-299 30/359, MALAPURAM, MALAPPURAM, Kerala	India
S2-941827990	Tiffi Napier	26573  NOYES AVE, RAWLES, IA	US
S2-968269476	Rourkela Événts Public Limited	H.NO 93 , AT NETAJI NAGAR, RAGHUNATH PALLI, NEAR LABOUR TENANENT, ROURKELA, Odisha	India
S2-685275798	Nagy Léarning Center, Llc	237 PRIVATE ROAD 67603, DAYTON, TX	US
S2-292807436	Guru Builders Pvt Ltd	NO 5AB JARIWALA BUILDING, 75 S V P RODA, NULL B, AZAR, MUMBAI, Maharashtra	India
S2-903415969	Vinsons Phárma Pvt Ltd	1/365 SHARDA NAGAR, RASHMI KHAND, LUCKNOW, Uttar Pradesh	India
S2-299199064	Holdings Unified Greenland	7775 HAYWARD AVE, GLENDALE CITY, AZ	US
S2-664984893	Longshoremen Union Local No 868 LLC	MN, 13209 UNION TERRACE LN, CHAMPLIN	US
S2-159933539	LLC Bam	2700 GARLAND ST, DECATUR, TX	US
S2-786104447	Diridyne-LP	2136 SARA JANE PARKWAY, GRAND PRAIRIE, TX	US
S2-403116197	Ear Nose & Throat Physicians (Inc)	CA, 8100 GOLDEN FIELD WAY, SACRAMENTO	US
S2-231603712	ENGRACIA HERNANDEZ PRAIRIE SOFTWARE LLC	321 MAPLE ST, NULL, MEDFORD, OR	US
S2-656416643	HAREKRISHNA & SONS PRIVATE	150, SREERAMPORE (NORTH) FLAT 2, 1ST FLOOR, KOLKATA, KOLKATA, West Bengal	India
S2-736042244	Producer Private Industries Goods  Limited	92-A/2, KH. NO. 99/6/3, ST. NO 1, JAIN NAGAR, DELHI, Delhi	India
S2-968974774	The Dent Hair Studio Inc.	533 BERLIN ROGD, NULL, HURON, OH	US
S2-846347139	Patriot Value LLC [Income]	1401-1405 PENNSYLVANIA AVE, WASHINGTON, DC	US
S2-238743634	Gntocsez, Jill Atlantic Synchrony Corp	4650- STASSEN STREET, HOUSTON, TX	US
S2-878653508	Foot & Ankle Choice Health Partners	OXFORD, 603 MICHIGAN ST, IN	US
S2-942553804	Mitech Corporation	HINDE ROAD, OH, TOLEDO	US
S2-738361884	Martinelli & Connolly Cánadian	90 PLANK RD, NORWALK, OH	US
S2-316935854	Ra Éducational Society	N7/1- BHIKHARIPUR KHURD, VARANASI, Uttar Pradesh	India
S2-960154155	18 24 Rogers Southside	1260 DOLAN DR, SUN PRAIRIE, WI	US
S2-406284749	Hassinger Allied Medicines  Inc	3203 BAINBRIDGE AVE, BRONX, NY	US
S2-515109915	Hyderabad Edutech Private  Limited	H.NO.10-4-13/6, FLAT NO.S-1(301), MANZIL PLAZA A-BLOCK, HUMAYUN NAGAR, HYDERABAD, తెలంగాణ	India
S2-331672026	Smith Veterinary Clinic Inc	TX, 1140 21, CEDAR CREEK	US
S2-406063706	Happy Nails	4831 AIRLAKE DRIVE, <NULL>, WOODBURY, MN	US
S2-801042919	christ methodist church	#1908 FOXTROT LANE, SHOW LOW, AZ	US
S2-271664466	Lucky Bistro	1100-1104 Conception Street, MOBILE, AL	US
S2-127891119	Quoquo Services	90 1/2 800, BOUNTIFUL, UT	US
S2-278869075	PATNA RESEARCH CENTER		India
S2-463409575	SHEPHERD,  CARTER AND PETERSON LLC CENTER	1513 MOBILE AVE, BURBAK, IL	US
S2-264371358	6point.com	10520 IH 10, BAYTOWN, TX	US
S2-819390000	Firefighters Lócal Lócal 203	8 HAMBURG WAY, KIRYAS JOEL, NY	US
S2-115152834	Cinder Cea  Group		US
S2-389219994	സ്റ്റാർ എക്സ്പോർട്സ് പ്രൈവറ്റ് ലിമിറ്റഡ്	DOOR NO. 62/5543 A12, ERNAKULAM, Keralam	India
S2-795140573	Complete Asset Alliance Northside Incorporated	189 BIG CIRCLE DRIVE, LITTLE CANADA, MN	US
S2-739320087	सनराइज शिव कंसल्टेंसी फूड्स लिमिटेड	HINGOLI, Maharashtra, NO 84 C/O KHANDUJI MASKE AT.LOHGAON	India
S2-926982402	Marketing Excbnd Projects Group Private Limited	A-38 BASEMENT DEFENCE ENCL, DELHI, दिल्ली	India
S2-533173658	Shiv Engineering Automobiles	B0027 BONHOOGHLY ESTATE, KOLKATA, West Bengal	India
S2-926996577	Golden Lifesciences Inc	28 MC ELDOWNEY PL, CHICAGO HEIGHTS, IL	US
S2-803284555	Brothers Engineering Private Ltd	C/O B MANJUNATH MALLAPURA, CHITRADURGA, CHITRADURGA, Karnataka	India
S2-51400346	परफेक्ट बिल्डर्स प्राइवेट लिमिटेड	BISRAKH, DADRI, GAUTAM BUDDHA NAGAR, उत्तर प्रदेश	India
S2-123816963	CYX CARGO	1430 ARCH ST, NORRSITOWN, PA	US
S2-123810055	Riddhi Entertainment Exports  Private Limited	A/C-2404 AVALONHIRANANDANI GARDES POWAI, MUMBAI, Maharashtra	India
S2-818736016	ಜಯ್ ಟೆಕ್ ಪ್ರೈವೇಟ್ ಲಿಮಿಟೆಡ್	Karnataka, BANGALORE, 15TH CROSS KANAKA NAGAR, BANGALORE	India
S2-616826768	Klik Cilnic Private Limited	Tamil Nadu, 1, PRESTIGE POINT, 16, HADDOWSROAD, CHENNAI	India
S2-603240769	Black Ventures Private Limited	GALA NO. 21A, GROUND FLOOR, GUPTA MILLS ESTATE, MAGAZINE STREET, DARUKHANA, REAY ROAD, MUMBAI, Maharashtra	India
S2-618606811	Bangalore Builders Private	FLAT NO 9-203 , MAHAVEER GALAXY CONCEPT CITY HEMMIGEPURA, KENGERI, UTTARAHALLI, BANGALORE, Karnataka	India
S2-332727293	Ss Aldpha Enterprises Pvt Ltd	F204, GAYATRI ENCLAVE, NR., SEVEN SQUAREMADTIYA NAGAR, THANE, Maharashtra	India
S2-667324065	F 5 Crystal Hcm Inc	604 SPENCER STREET, <NULL>, SYRACUSE CP, NY	US
S2-780814227	അൽ ബിൽഡേഴ്സ് ലിമിറ്റഡ്	DOOR NO. 281, WAYANAD, Kerala	India
S2-724807154	Sri Gold Private Limited Center	Gujarat, 5, 2ND FLOOR, SURYA COMLPEX, ABOVE DENA BANK, SWASTIK CHAR RASTA, C.G. ROAD, NAVRANGPU, RA, AHMEDABAD	India
S2-424081386	KH ONLINE PRIVATE LTD	83 2357, ANGARH MAHAVEER MANDIR ROAD, NARMADA ROAD, JABALPUR, Madhya Pradesh	India
S2-501503323	Fleurette P. Lynch, Md	2370 1156, SUMAVA RESORTS, IN	US
S2-620809133	Carma Ridley Target ((LLC))	3117 SHERWOOD AVE, MARKHAM, IL	US
S2-489809409	Burns Webieer LLC	718 BARBARA STREET, BARBOUURSVILLE, WV	US
S2-631807146	Mckenzie, Odell and Parker Builders	6825 TIGER DRIVE, HUBER HEIGHTS, OH	US
S2-449600083	फ्यूचर एग्रो प्रा. लि.	C-55-Z-2, SHAHDARA, Delhi	India
S2-133129336	ciottisentertainment.com	4222 HOLSY HILL DR, INDIANAPOLIS, IN	US
S2-645398164	The Orthopedic Cornerstone Associates	00108 BUCKEYE STREET, SOUTH WHITLEY, IN	US
S2-587455746	clean quality rate ltd	20 N CAMPBELL SAINT, LOUISVILLE, KY	US
S2-224962421	Triumph Refinery Private Ltd	Delhi, FLAT NO. 513, 5TH FLOOR ELEGANCE TOWER, JASOLA, NEW DELHI	India
S2-101591517	M/s BOLD  LANDSCAPE	1 &10, 2-1-46/1, IIIRD FLOOR K.S.BAKERS BUILDING, VENKATESWARA COLONY, UPPAL, Telangana	India
S2-863129268	krishna tech	H.NO 28-1385A , GANGA COLONY, BASAVAKALYAN, ಕರ್ನಾಟಕ	India
S2-275659184	Carbajal's Modern Auto Sales Group	15 Fairway Dr, BELLEVILLE, IL	US
S2-500607636	#MYRAHCOLES	8TH STREET, EVANSVILLE, IN	US
S2-964460922	RAVIENDORO TECH-LLP	E-0025, II FLOOR, GREATER KAILASH ENCLAVE-I, NEW DELHI, दिल्ली	India
S2-770435205	Dmb Networks Private (Limited)	10-4-771/8/1 AND 8/1/A, FLAT NO 204 RAMAKRISHNA ARCADE, SRI RAM NAGAR COLONY, MASAB TANK, HYDERABAD, Andhra Pradesh	India
S2-819424059	విజయ్ ఇండస్ట్రీస్ లిమిటెడ్	D-111, MADHURA NAGAR VENGAL RAO NAGAR, S.R. NAGAR, HYDERABAD CITY REGION, HYDERABAD, Telangana	India
S2-194870107	SPM PRIVATE LIMITED  SERVICE		India
S2-421462418	COMMISSION ON PUBLIC WORKS ASSOCIATION	##4011 BAY SPRINGS CT, ARLINTON, TX	US
S2-551174478	Bruhn Cornerstone Industries Co	#8466 KENNEDY ROAD, PEOTONE, IL	US
S2-980123874	West Heart1and Excavation,	823 DICKINSON AVE, AMES, IA	US
S2-187047488	परफेक्ट Investment	R NO.306, VASAI, THANE, महाराष्ट्र	India
S2-270372116	ఇన్నోవేటివ్ సన్‌రైజ్ మీడియా లిమిటెడ్	NO. 760 PLOT 42&43, QUTUBULLAPUR, K.V.RANGAREDDY, Telangana	India
S2-905897006	BABA MGNEFITNG LIMITED		India
S2-393629406	A1 Consultants Private Limited	50, COIMBATORE, POLLACHI, Tamil Nadu	India
S2-725878569	@VISAKHAPATNAMHOMEOPATHY	31-50-10, PLOT NO. 45GC, GREEN CITY RW-58, VISAKHAPATNAM, VISAKHAPATNAM, Andhra Pradesh	India
S2-428658484	Ssr & Sons Infratech Private	HN 799 63/29, FACTORY AREA, RAMA ROAD ZAKHIRA, Delhi	India
S2-172032247	BANGALORE WELLNESS	20/21-16, 4TH CROSS, 42ND MAIN ROAD, ROOPENA AGRAHARA, BTM LAYOUT, BANGALORE, Karnataka	India
S2-630615309	SJ LLC  CENTER	565 POA DR, FRANKFORT, KY	US
S2-923559156	Shoreline Veterans Green Ministries Northside Inc	18560 FIRST AVE, SHORELINE, WA	US
S2-806958541	Desert Allied York LLC	WEIRTON, 130 FAIRWAY STREET, WV	US
S2-657877197	Golden Tech Co	CO SUMIT KUMAR SO MUNNA LAL, ALIGANJ ETAH, ALIGANJ, Uttar Pradesh	India
S2-318532387	Zephium Renewabies  Inc	302- TYLER DRIVE, HOLCOMB, KS	US
S2-858876941	Limited Panchkula Kchenwtlare Ventures	SCF-36, PANCHKULA, Haryana	India
S2-866917864	Hansen Certified Talon Inc	KENNEDALE, TX, 1267C CROSS CREEK DR	US
S2-635088053	मां फाइनेंस प्राइवेट लिमिटेड	303, HEMKUNT CHAMBERS NEHRU PLACE, KALKAJI, SOUTH EAST DELHI, दिल्ली	India
S2-783454294	(LLC) Frontier Gaming	138 74 STREET, NEW YORK, NY	US
S2-985500532	Desert Doyle Rail	8150 KINGS HIGHWAY, KING GEORGE, VA	US
S2-492055185	MCFARLAND, PLTER + HOLOMAN GROUP	716 Oak Ave, BROKEN ARROW, OK	US
S2-558530282	Mcdaniel Patriot Fashion, Holdings	4107 LA COLORADA COURT, RIO RRANCHO, NM	US
S2-238257070	Empire Clean Corporate Incorporated	1808 MASTERSON AVE, BISMARCK, ND	US
S2-244237970	Supreme Trading Ássociates Clinic	110 WAUKEGAN ROAD, GLENVIEW, IL	US
S2-171255805	Koryumaonyx	11252 NORTHFIELD ST, PO BOX 7833, SURPRISE, AZ	US
S2-775609258	gulfabony.com	Mill St, RHINEBECK, NY	US
S2-518909044	clarkston wildlife delta council	17 200, CLARKSTON, UT	US
S2-33176230	Smt Higher Tous Pvt Ltd	DOOR NO 802 FLAT NO F-306, GAT NO 564, MAJESTIQUE CITY, WAGHOLI, PUNE, महाराष्ट्र	India
S2-534420283	SAFE  BSP	5666 WODLAWN DR, NEWBURGH, IN	US
S2-767465108	Mbm Dealers Enterprises	Telangana, 686 1-10-41, E BLOCK, 5TH FLOOR, WELKIN PARKET, BEGUMET	India
S2-956792233	Arshia Sp0rts Private Limited	#B3/51 , BYE PASS ROAD, PUGALUR NORRTH, VELAYUTHAMPALAYAM, KARUR, Tamil Nadu	India
S2-158921481	OC  FORTIS	34797 LESLIE AVENUE, NORTH RIDGEVILLE, OH	US
S2-191590861	Vtireca Cen Pvt Ltd	MANIYARIPUR DAREKHU, VARANASI, उत्तर प्रदेश	India
S2-37657162	Gipson  Family Practice PLLC		US
S2-106248676	Solutions Fairview Yarn Private  Limited	#D/5 KASTHURIBAI STREET, KEELKATTALAI, KANCHIPURAM, Tamil Nadu	India
S2-5371139	Orthopedic	1027 VANDERBILT CIRCLE, MARYVILLE, TN	US
S2-120095800	Tri-State Fund IV East LP	5010 JOHNSON AVE SW, CEDAR RAPIDS, IA	US
S2-157401288	Bruno Cascade Superior	209- WYCLIFF DR, WEBSTER, NY	US
S2-324210963	Rudraksha Financial Prveate Limited	606B, THE MAGNOLIAS, DLF GOLF LINKS, DLF CITY V, GALLERIA DLF-IV, Haryana	India
S2-600532549	Moreno Interests Interests Corp.	421 METHVEN GROVE DR, CARY, NC	US
S2-924058834	Richards Staked	598 OXFORD STREET, WESTBURY, NY	US
S2-458586441	schencklearningcenter.com	##31 LEISURE WORLD, MESA DESERT, AZ	US
S2-806105526	पायोनियर कंस्ट्रक्शंस प्राइवेट लिमिटेड	UNIT NO. - 2 BASEMENT, PANCHSHEEL PARK, DELHI, N-#8, Delhi	India
S2-540840763	Aravind Jewellers ((India))	IV/79- M, 2ND FLOOR, K.M.V ARCADE, PUTHUPPANAM, KUNNATHUNAD, <NULL>, Kerala	India
S2-533082645	Jaipur Ltd Pvt (Distilleries)	C/O MUSTFA KHAN, CHHAVANI PORVI INFRONT OF SKYLARK HOTEL, PADRAUNA, KUSHINAGAR, Uttar Pradesh	India
S2-480518790	టెక్ టెక్ ప్రైవేట్ లిమిటెడ్	SURVEY NO D/252 5 VATTINAGULAPALLE VILLAGE RAJENDRANAGAR MANDAL, తెలంగాణ, R R DIST, RANGAREDDY	India
S2-964188523	ALCANTARA WIRELESS  INCORPORATED	259, BEE SPRING, KY	US
S2-864010317	Bangalore Coating Llp	DOOR NO 1-7 , 1ST D MAIN ROAD KRISHNAPPA GARDEN, KENGERI SATELLITE TOW, N, BANGALORE, Karnataka	India
S2-647777235	LP Eevast	BROADWAY, ASHLAND, MO	US
S2-515012790	UAY Private Overseas Food Limited	H NO 059 BASEMENT B-BLOCK, KRISHNA PARK VIKASH PURI, NEW DELHI, N/A, Delhi	India
S2-450032334	PEDIATRIC DÉNTA1 CLINIC EASTGATE LLC	19129 146ND STREET, ELK RIVE TOWNSHIP, MN	US
S2-213843009	VLF Productions  PC	69 PRESCOTT LANE, WINCHESTER, KY	US
S2-337033433	Mcguire Superior  of Bluffs (Inc)	PIPER ST, NULL, BLUFSF, IL	US
S2-385705003	Pranaya Ngws Private Limited	128, AVAS VIKAS JAIL ROAD, ALTGARH, उत्तर प्रदेश	India
S2-722887792	Mohit Traders Pvt [[Ltd.]]	GAT NO 7/1/A/1/P/25, TAMHANE NAGAR, MALSHIRAS, महाराष्ट्र	India
S2-214087576	ईस्ट एस्टेट प्राइवेट लिमिटेड	15/24, LADWADI, 3RD FLOOR, CHAMBER NO. 59, OLD HANUMAN LANE, KALBADEVI, MUMBAI CITY, MUMBAI, Maharashtra	India
S2-868563454	Advanced Technical Innovations Clinic Harbor	23 HAYES COURT, KIRYAS JOEL, NY	US
S2-655025903	Ceum  Holdings	1459 DIAMOND DR, HOFFMAN ESTATES, IL	US
S2-832651326	XQ Golnd, Inc	3220 GREENWAY RD, BUCKIGNHAM, VA	US
S2-430613674	Calderon and Canrgye Clinic	212 CARTER LANE, N/A, SWAYZEE, IN	US
S2-693331755	jay brothers private limited	PR INFRA AVENUES BUILDING, 8-2-293/82/AL/56/2 ASWINI, SHAIKPET, Telangana	India
S2-27263656	DIVISION OF MOTRO VEHICLES	TAFT ST, STRATFORD, CT	US
S2-305828292	CLAUDIA H. HEINTZ, DDS, DDS PC GROUP	916B MONTROSE AVENUE, COLUMBUS, OH	US
S2-660319857	Sri Genesis Brothers (Pvt)	NO. 94 F-10, THIRD FLOOR JEEWAN PARK, UTTAM NAGAR, PANKHA ROAD, NEW DELHI, Delhi	India
S2-14285358	Jrs  Finance Private Limited	C/O-SMT CHAPALA SAHOO, PLOT NO-83, BAULAVIHAR(GARAPUR), KENDRAPARA, Odisha	India
S2-923241077	LIW Edu Pvt Ltd	DOOR NO 017 IIND FLOOR, CLUB ROAD MARKET, WEST PUNJABI BAGH, Delhi	India
S2-709421622	Interfaith Project Classic	3944 MISSION OAKS DR, TN, EAST RIDGE	US
S2-503846495	L.L.C. Howard Río	103 UPPERCUT STREET, PO BOX 2621, BUCKHANNON, WV	US
S2-245013138	Avina Choice	976 THOMAS FOX DRIVE, NORTH TONAWANDA, NY	US
S2-876988177	स्मार्ट टेक्नोलॉजीज प्राइवेट लिमिटेड	GN-7-3, DELHI, WEST DELHI, Delhi	India
S2-763015549	BATOR LÁKE, LLC	MONROEVILLE, 4415 1/2 HWY 41, AL	US
S2-35004513	गोल्ड एस्टेट टेक्सटाइल्स प्राइवेट लिमिटेड	NO #28A LAND BREEZE 52 PALI HILL BANDRA, MUMBAI, MUMBAI CITY, Maharashtra	India
S2-375035645	Huse Midwest LLC Services	2 DONEGAN AVENUE, BROOKHAVEN, NY	US
S2-382670716	Geex Coastal	3810 Montgolfier Place, IN, SOUTH BEND	US
S2-941574904	IT Gymkhana Pdriebte Limited	BIDYASAGARPALLY, HARINARAYANPUR, NEAR HOPE SCHOOL BAJEPRATAPPUR, SHRIDHAR GHOSH ROAD, BURDWAN, West Bengal	India
S2-283750486	સેવન પ્રોડ્યુસર પ્રાઇવેટ લિમિટેડ	301/A-3RD FLOOR, <NULL>, AHMEDABAD, ગુજરાત	India
S2-630593071	Diaz Beacon Artificial Gróup	925 WEST BROADWAY, LOUISVILLE, KY	US
S2-256484205	Private Finite Gneegtcis [Limited]	HPUSE NO.531, KH NO 15, FIRST FLOOR, GALI NO 4, AMBEDKAR NAGAR, HAIDER PUR, DELHI, NORTH WEST, दिल्ली	India
S2-912309165	TU DOUGLAS	1671 MUSKET RDG, ATLANTA, GA	US
S2-303726261	Shiva Foundation Limited Private	#8/103 INDIRA NAGAR, LUCKNOW, Uttar Pradesh	India
S2-779555386	Mr Good Slucions Limited	Tamil Nadu, #2 4TH FLOOR CROWN COURT 34 CATHEDRAL ROAD, CHENNAI	India
S2-474924251	Sun Business Private Limited	Maharashtra, G1-701 TOWER 7, CASTLE ROYALE, RANGE HILLS, KHADKI, PUNE CITY	India
S2-576594275	ziraraj internet private limited	P.NO 20, S.NO 564/7, KIRUBA, NAGAR, ASHOK NAGAR, AVADI, POONAMALLEE, தமிழ்நாடு	India
S2-336854356	Big Deli Inc.	CA, 320 ALMOND AVE, VALLEJO	US
S2-375543235	Certified Global	2115 ELEVENTH AVE, HUTCHINSON, KS	US
S2-703945174	Shree & Sons Center Industries	NO 80 SURESH CHANDRA JOHRI QRTS, 121-C MIG NA, NEW DELHI, Delhi	India
S2-8839817	Brightelari Express Inc	419 EMMITT AVENUE, MADISON, TN	US
S2-684076608	TUBE SOLAR PRIVATE LÍMITED	06-1-85/4, FIRST AND SECOND FLOORS OPPOSITE TO TELEPHONE BHAVAN, SAIFABAD, Telangana	India
S2-417014299	The Mv Solar Private Limited	DIAMOND SQUARE, 5TH FLOOR C. S. T. ROAD, KALINA, SANTACRUZ (E), MUMBAI, Maharashtra	India
S2-823165701	ALLIED BUSINESS-PRODUCTS	7121 SIR LANCELOT CT, HENRICO CITY, VA	US
S2-905347231	Kale Prare Pennantpark Inc	170 WELTNER LN, WEST POINT, TX	US
S2-31103063	Darsie Hickey Fusion LLC	##1504 11ST ST, TEMLPE CDP, TX	US
S2-860135578	Molio LLC	402 BRADY CANYON DRIVE, RUIDOSO, NM	US
S2-813243461	Rocky Stuadios, Corp	4629 1377, PRINCETON, TX	US
S2-750185954	Lopez Therapy	1440 PACIFIC AVENUE, OCEANSIDE, OR	US
S2-406105988	REGIONAL ASSOCIATION LLC	003607 SEQUOIA AVE, BALTIMORE, MD	US
S2-94435824	Fowler Wilder Center	CITY OF WAUSAU, 616 LASALLE ST, WI	US
S2-114428657	#raurkelaindustrial	NO.-1, PWD/LA-4, JAIL ROAD, RAURKELA INDUSTRIAL TOWNSHIP (, Odisha	India
S2-287849182	श्री फाइनेंस प्राइवेट लिमिटेड	DOOR NO 018/14 GEETA COLONY, EAST DELHI, Delhi	India
S2-782284106	Smith Sony Service	1000 LMA LN, MARBLE FALLS, TX	US
S2-540656284	First First Investment-Private Limited	6-1 A, SHYAM NAGAR, SHYAM NAGAR, उत्तर प्रदेश	India
S2-997408631	Birch Sciences, LLC	00505 SUMERLIN ROAD, SAINT MICHAEL, MN	US
S2-735804877	Silicon	18TH STREET, NEW CASTLE, IN	US
S2-122190172	Fluxonyx	TRIVANDRUM, BLOCK G-202 TC 4/968, Keralam, DIVREPORTINGCIRCLE	India
S2-516710606	TRI-STATE GROUP	BRAINERD RD, ALLSTON, MA	US
S2-694560342	FACT CÓNSULTANCY PVT LTD	B3/346, NIMBHORE, PHALTAN, Maharashtra	India
S2-83595443	ગ્રેટ કન્સલ્ટન્સી	07, AHMEDABAD, Gujarat	India
S2-742161378	Behavioral Health Ceinnc Ltd	412 YORK STREET, WHEELING, WV	US
S2-487167643	कृष्ण प्रोजेक्ट्स प्राइवेट लिमिटेड	NEW DELHI, Delhi, LAJPAT NAGAR-I, C-G-16	India
S2-111622934	Electronic Mtobirity Works LLC	939-C BROADWAY, LORAIN, OH	US
S2-351277453	Maier  Clean Sun	2903 OHIO RIVER TRAIL, CINCINNATI, OH	US
S2-313697682	Midwest Súmmit Immersion	KENSINGTON WAY, COOPERTOWN, TN	US
S2-291705317	HIBBARDPATRIOT.COM	1800 209, GRAHAM, TX	US
S2-481892590	Provost Coalition Inc	5207 WHISPER WILLOW DRIVE, FAIRFAX, VA	US
S2-640542998	ISHAN INSTITUTE OF PRIVATE LIMITED SERVICES	#101 D-72B 3RD FLOOR LEFT SIDE, FLAT VISHWAKARMA COLONY, NEW DELHI, Delhi	India
S2-475656936	TDEB Legacy Wave Llc	11389-11393 BELL ROAD, ELFRIDA, AZ	US
S2-232933281	Mount Féllowship	IN, 135-D MAPLES PARK, WEST LAFAYETTE	US
S2-85075573	48/62 Ncr Có	0019555 GLENMAR WAY, STRONGSVILLE, OH	US
S2-426136724	अर्बन टेक लिमिटेड	ROOM NO.16, FIRST FLOOR, RAJHANS BUILDING, ZAVER ROAD, MULAND (WEST), MUMBAI REGION, BHANDARA, Maharashtra	India
S2-371188945	Producer Roseate Detective Private Ltd		India
S2-50523188	behavioral health group	490 MAPLE AVE, BRISTOL, CT	US
S2-254924346	QBW Biologics	NIBLICK CT, NAGS HEAD, NC	US
S2-590665594	Emlynn Lemon, P.A. Corp	7292 THORBURN ST, PORTLAND, OR	US
S2-219201040	[LIMITED] NEW DELHI CHIT	PROP. NO.- 577, NEW DELHI, SOUTH DELHI, Delhi	India
S2-65551255	>> Slaughter,, Leeanne CPA	1547- WHITMAN CREEK RD, WHITMAN, WV	US
S2-484908664	Value Productions Vanguard Midtown	41 MAGNOLIA AVENUE, GLOUCESTER, MA	US
S2-590176013	Maldonado and and Whiteley L.L.C. Center	04779 HWY 64, SELMER, TN	US
S2-603383783	KATHRINE COOPER  LAFAYETTE LTD	519 RIVER ST, ORANGE, MA	US
S2-785723099	Ardys Guillen Certified Chs	WICHITA, 11547 AGATE LN, KS	US
S2-343973262	লোটাস কনস্ট্রাকশন প্রাইভেট লিমিটেড	D/21, HANSPUKUR LANE, KOLKATA, HOWRAH, KOLKATA, পশ্চিমবঙ্গ	India
S2-153559021	Trading Sgi  Prjoebcgis #38477	H.NO 2728, HOUSNIG BOARD COLONY, NEAR GOL MARKET, SECTOR-3, ROHTAK, Haryana	India
S2-88205041	SREEENTERPRISES.COM	HOUSE NO B-506 KDP GRAND, SAVANNA RAJ NAGAR EXTN., GHAZIABAD, Uttar Pradesh	India
S2-542484410	Gnárcia,, Clarisse Ph.D. PC	652A LARKSPUR LN, IL, MATTESON	US
S2-189641281	Arts Program [LLC]	315. LEAPING FOX LANE, ALBEMARLE COUNTY, VA	US
S2-488815295	Bracero Corp Office, Family	2832 WATERSTONE LOOP, HIGH POINT, NC	US
S2-248711366	Crissie's Construction L.L.C.	TX, 1204 WASHINGTON ST, BROWNSVILLE	US
S2-62605183	ସାଉଥ୍ ଇନଫ୍ରା ଏଲ୍‌ଏଲ୍‌ପି	PLOT NO-07851, <NULL>, BHUBANESWAR, KHORDHA, Orissa	India
S2-427082891	sterlingdragon.com	#12621 158TH ST, RENTON, WA	US
S2-656556380	LLC Sterling Construction Enrerprises Harbor	4742 LYELL ROAD, OGDEN, NY	US
S2-428176216	STRATEGIC [TREE]	AZ, THATCHER, PO BOX 9144, 2930 JOSHUA DR	US
S2-109043411	আলফা প্রজেক্টস প্রাইভেট লিমিটেড	HN 511 42/A, KOLKATA, HOWRAH, West Bengal	India
S2-145480458	VERTEX XSOLLA ([CO])	27590 VOLO VILLAGE ROAD, VOLO, IL	US
S2-929993769	Capital International Córp	6890 KASSONTA DR, NY, DE WITT	US
S2-772010362	Transwor1d Sangh Co	Gujarat, D/201 NAZARBAUG ROAD BHESWADA VIJAY VALLABH NI GALI, VADODARA	India
S2-848234498	*** Powell, Royce & Tigner Housing  North Inc	1605 CENTENNIAL ST, HIGH POINT, NC	US
S2-839051619	டெக் கன்சல்டன்ட்ஸ் லிமிடெட்	G-33, BALAJI SINGH STREET, SAIDAPET, MADRAS-15., SAIDAPET, MADRAS-15., CHENNAI, தமிழ்நாடு	India
S2-664875613	-- General Marine Alliance	TOLEDO, OH, WINSTON BLVD	US
S2-418371438	JOHANNAH  ANDERSON APOGEE LLC	50 GENOA CIRCLE, <NULL>, COMMERCIAL POINT, OH	US
S2-724805525	Encourage Travel  Pvt Ltd	BLOCK C-226 B-56 SHIVDARSHAN SOCIETY TRAGAD, VILL TRAGAD, AHMEDABAD, ગુજરાત	India
S2-888157746	Rocky  Ctneter	2811 34ND LANE, ANENY, IA	US
S2-935478294	Gulf Summit Inc  Center	MCALLISTER AVE, TEME, AZ	US
S2-971815457	Harris and Rclessbn	IA, 2530 OBRIEN LN, SPRINGVILLE, PMB 8922	US
S2-251745770	GROW HYPERLIQUID	251 MOSES LAE AVENUE, SOAP LAKE, WA	US
S2-728055261	Aspen Atlotcsis LLC	1338 3ND ST, RENSSELAER ITY, NY	US
S2-978599791	LEWIS XCEL-(INC) #35241	375 RAILROAD ST, SAINT JOHNSBURY, VT	US
S2-12764930	अल्फा प्रोजेक्ट्स	PLOT C-250 147, BAREILLY, उत्तर प्रदेश	India
S2-441537374	Delvalle & Damico Ltd	BARBERTON CDP, OH, #494 FAIRVIEW AVENUE	US
S2-189723704	Oncology Care LLC	16113 ABIGAIL ST, BENNINGTON, NE	US
S2-365968904	(LLC) 1546 HIGH1AND ST ASSOCIATES	#89 Berry Avenue, NY, STATEN ISLAND	US
S2-311704004	Tracey  L. Woods, D.D.S., M.D., P.C. Harbor Corporation	5082 YORKTOWN BOULEVARD, ARLINGTON CITY, VA	US
S2-240841658	Willie M0ore Modern Marshall LLC	0159 GREENWOOD AVE, WATERBURY, CT	US
S2-442618540	GORDON STERLING AVE LP	535 MADISON STREET, BROKEN ARROW, OK	US
S2-387323350	Krish Manage Infratech Pvt Ltd	BHARATI BHAVAN A-3RD FL211 28 P D MELLO ROAD, MUMBAI, Maharashtra	India
S2-821186746	আলফা এক্সপোর্টস প্রাইভেট লিমিটেড	#6 RAM NARAYAN BHATTACHARJEE LANE, KOLKATA, West Bengal	India
S2-939333476	#9 Mobile Inc.	205 BLACKSTONE DRIVE, WHITE OAK, TX	US
S2-510495834	Wilie Arthur-Managed Central PLLC	AR, BENTONVILLE, 328 D STREET	US
S2-983824538	Bureau of Center Trading		US
S2-342983489	MONTE FOUNDATION CORP	#11081 LAKE EUNICE RD, DETROIT LAKES CITY, MN	US
S2-852825813	Red Pub  Clinic	WV, MARTINSBURG, <NULL>, 9418 APPLE HARVEST DRIVE	US
S2-781524374	Singhania  Resort Care Ventures	HOME NO 162/2 WARD NO 3, VENANAGAR SATGAON, NAGPUR, null, महाराष्ट्र	India
S2-177897269	Rosella Glassman Ampercap [LLC]	HALBERT ST, KILLEEN, TX	US
S2-320230080	Dr Jai Eoaseap (India) Limited	उत्तर प्रदेश, #154 - A, VEER SAVARKAR NAGAR, MINI BYPASS ROAD, P/O IZZATNAGAR, BAREILLY	India
S2-699425439	SCHOLARSHIP INSTITUTE L.L.C.	TENTH AVENUE, WA, INCORPORATED	US
S2-580087501	Florencia  K. Bauer, DPM-Goliad Co	TX, 184 HENNING RD, GOLIAD	US
S2-984527080	Sherghati Electric Private Ltd	SRI. PRABHAKAR MALVIYA S/O- BALGOVIND MALVIYA, NAYA BAZAR, SHERGHATI, Bihar	India
S2-510886905	Kirat Murugan	Maharashtra, BLOCK D-50 36, 4TH FLOOR, 59 NEW VORA BLDG, NAKHODA STREET, PYDHUNI, MUMBAI	India
S2-742310653	CARDINAL RIVER-LLC	771 LIVENGOOD RD, COWICHE, WA	US
S2-534561054	Milner Associated North Inc	2531- LENNOXVILLE RD, BEAUFORT, NC	US
S2-299036629	Hershberger's Continental Analytics [Partners]	35035 NORTH VALLEY PARKWAY, N/A, DAISY MOUNTAIN, AZ	US
S2-363838256	BEHAVIORAL HEALTH ASSOCIATES [L.L.C.]	2811 MARIA DR, KILLEEN TOWNSHIP, TX	US
S2-843717112	Shk Quant LLP	B/601, KAILASH REGENCY, B WING, BHD GANDHI MARKT M G ROAD, PLOT NO 4452, TO 4490 & 4508, MUMBAI, Maharashtra	India
S2-450992018	Pinnacle  Biomedical	122 WILLOW CREEK DRIVE, RIPLEY, TN	US
S2-441758107	Suzi Kier Compass Ínc.	9311 GLENVILLE ROAD, SILVER SPRING, MD	US
S2-405852552	Isl Brothers Pvt	KA - #209, SECOND FLOOR, S - 12, GHAZIABAD, Uttar Pradesh	India
S2-782340764	பாலாஜி சக்தி ஃபுட்ஸ் பிரைவேட் லிமிடெட்	15, B AMMAN KOVIL STREET GUDALUR, UTHAMAPALAYAM TK, SOUTHERN REGION MADURAI, THENI, தமிழ்நாடு	India
S2-138227554	यूनिक वेंचर्स प्राइवेट लिमिटेड	439., HISAR, HISSAR, Haryana	India
S2-189477030	Ebner Bcé	368 TOWNE PLACE CIRCLE, BUFFALO GROVE, IL	US
S2-865286567	Great Investments Pvt Ltd	हरियाणा, FLAT NO. T6-1208, TOWER 6, GLS ARAWALI HOMES, SOHNA ADDA	India
S2-998981400	Gruham  Care Private Limited	KOTHI NO. 1417, SECTOR 68, SAS NAGAR, MOHALI, Punjab	India
S2-966740996	Tri-State Veterinary	9207. 28ND STREET COURT, EDGEWOOD, WA	US
S2-767099508	SURGICAL PARTNERS	5180 ANACOSTIA DR, PLAINFIELD, IN	US
S2-993866047	BACK ALLEY GROUP TATTOO | www.backalley.com	33 ALLEN STREET, HUDSON, NY	US
S2-967551938	ec trans private limited	302, MARINE CHAMBER, 43A, NEW MARINE LINES, Maharashtra	India
S2-725621051	SHIVA FOUNDATION PRIVATE LTD	BANDO HOUSE, ROOMNO: 205, 2ND. FLOOR 29, GANESH CHANDRA AVENUE, KOLKATA, West Bengal	India
S2-896303589	Pediatric Dental Clinic District	LITTLE PIGEON ROAD, AMMA, WV	US
S2-605404874	ANIMAL WELFARE MINISTRIES CO	LYNNWOOD, ##18701 62TH PLACE, WA	US
S2-864672539	Womens Health Physicians Inc	440 CAPRI ST, CENTERTON, AR	US
S2-16573985	अर्बन एग्रो प्राइवेट लिमिटेड	PLOT NO KHASRA NO. 420 RAM SEWAK PURAM, HARIHARPUR, NILMATHA, LUCKNOW, Uttar Pradesh	India
S2-378034415	DAWKINS DAWKINS SAFETY-LLC	103 PAPAGO RD, ROYAL, AR	US
S2-772356331	Signature Nutrition LLC Services	46 LAKE ROAD, LEBANON, CT	US
S2-934610437	RELIABLE ANALYTICS GROUP SERVICES	160 24TH ST, BARBERTON, OH	US
S2-986188890	AYALA,  PORTER AND LONDON GROUP CENTER	17 BEAM ST, PRINCETON, WV	US
S2-477052365	Horizon Inc | www.horizonin.com	144 INDIANA AVE, CROWN POINT, IN	US
S2-1869428	Anna-Diane's National Studios Corp	##40 ELLIS WYATT DRIVE, COLLIERVILLE, TN	US
S2-146173161	तिरुपति ट्रेडिंग प्रोविजन प्राइवेट लिमिटेड	I 603 GOLDEN SQUARE KALINA SUNDER NAGAR SANTACRUZ EAST MUMBAI, MUMBAI, MUMBAI CITY, Maharashtra	India
S2-666282042	Harbor Dogecoin, Co	64 RIVERVIEW COURT, PO BOX 9464, GRAND ISLAND, NY	US
S2-198060829	HUGHES OPTIMAL	CHIPPEWA FALLS, WI, 5189 171ND SAINT, PO BOX 6651	US
S2-167206756	Delhi Private Limited Center	871, S/F, PKT D, DILSHAD GARDEN, LIG DDA FLAT, DELHI, Delhi	India
S2-549898315	Orthopedic Health of Saint Louis Harbor District	5220 SALINAS VALLEY DR, SAINT LOUIS, MO	US
S2-442723251	Avatar Health	BARBAR MDI, SAKHPUR, GALARIYA, Uttar Pradesh	India
S2-417235965	Joseph (India) Coffee Pvt Ltd	201, PUSHPRATNA PARADISE 9/5 NEW PALASIYA, OPPOSITE UCO BANK, मध्य प्रदेश	India
S2-17082321	Dr MRA SMART VENTURES LIMITED SERVICE	118 KHATRYANA, JHANSI, Uttar Pradesh	India
S2-846497405	Inc Pacific Sciences Harbor	652 MILL CREEK DRIVE, PROSPECT, OR	US
S2-634770470	Wilson Offshore Ltd	5998 QUAIL AVENUE, PHOENIX, AZ	US
S2-512660520	DZ Oceanhawk	520 TURNER ST, EDEN, NC	US
S2-867140952	Ltd Harbor Secure Line	28 MORRIS ST, WBESTER, MA	US
S2-298147176	Meis Global	2042 28 STREET, NULL, BROOKLYN, NY	US
S2-12437319	KW Green Private Limited	SND FLOOR B3/8, PATEL COLONY, B/H. DINESH MILL, AKOTA, VADODARA, ગુજરાત	India
S2-587820992	N 4 Csom Jpmorgan Downtown, [LLC]	ST GEORGE CITY, UT, 52 840	US
S2-857937327	ROCKY SELECT BARCLAYS	30TH PLACE, YUMA, AZ	US
S2-47351895	Complete Allied Satafhi LP	WINSTON-SALEM, 1950 Cedar Ridge Ln, NC	US
S2-896297669	Solyx  Wellness	8300 RALEIGH ROAD, PANESVILLE CITY, OH	US
S2-303036192	Teex, Partners	509-511 MOORE RAY LN, STANLEY, NC	US
S2-434200786	Diamond Rapid Regaoss LLC	15399 BEES SAINT, PO BOX 2847, HUNTSVILLE, AL	US
S2-987474411	Heritage Farms [Co] [Co]	69 LIGHTNING BUG LN, SWANEE, TN	US
S2-45962616	Town Of	#22 RIDGE ROAD, GREENBELT, MD	US
S2-884639240	Shri ELECTRIC CONSULTANTS  LIMITED	D NO 9-4-4/B, PITHAPURAM COLONY, VISAKHAPATNAM, ఆంధ్రప్రదేశ్	India
S2-149909781	Pediatric Secure Care Associates Incorporated	CA, 34975 SAGE STREET, LUCERNE VALLEY	US
S2-525286182	Ahmed  Equity Partners LLC	3688  DENLINGER RD, PO BOX 2102, DYATON CDP, OH	US
S2-333897582	Housing Guild	2222 AVONDALE PLACE, PO BOX 3009, INDIANAPOLIS, IN	US
S2-959989216	Adhunik Solution Group	DOOR NO. 4-11, KAMMAVARIPALEM, CHILAKALURIPETA, GUNTUR, Andhra Pradesh	India
S2-315122042	STERLING CORP CENTER CENTER	02 KINGS HIGHWAY, MURFREESBORO TOWNSHIP, TN	US
S2-311609470	Hernandez, Schultz & Bóatman, LLC	13431-13435 MORNING MIST PL, PLAINFIELD, IL	US
S2-446506925	GWENDOLEN JIMENEZ OSPREY LLC	13720 Sixth St, BEAVERTON, OR	US
S2-722833565	Jarlify Lng P.C.	7923 HOSTA DRIVE, CAMBY, IN	US
S2-333006903	Estes All Oxy LLC	8070 VENTNOR ROAD, PASADENA, MD	US
S2-100331681	YV  Marketing Private Limited | www.yvmarket.com	Uttar Pradesh, CO ARJUN MISHRA, H.NO 26, REHARA, GAURAKSHPURAM, NAUGARH	India
S2-717121188	ROMONA BOGARD DRIVE, LLC	215 WIESE ROAD, CHHESHIRE, CT	US
S2-978095463	GREEN HOSPITALITY HOTEL PRIVATE  LIMITED	H.NO 10 , GANGA NIVAS, VALLALAR NAGAR VADAVALLI, COIMBATORE, தமிழ்நாடு	India
S2-412478228	Exports Jan Edtech	H.NO 277/ OM NAGAR, KATHMANDI C ROA, JIND, हरियाणा	India
S2-838855944	अरिहंत इंटरनेशनल प्राइवेट लिमिटेड	A 11-03. RAHEJA, ATHARVA, SECTOR 109, PALAM VIHAR, GURGAON, Haryana	India
S2-283707745	Legacy Telecom #53004	JEANA LEI CT, BOZEMAN, MT	US
S2-334085590	3141unionst.com	2904 CLARKSON AVE, AUSTIN, TX	US
S2-300929164	HXE Golden  Fortis LLC	NY, 302 CARROLLS GROVE RD, TROY	US
S2-990967118	Lau [Flaherty]		US
S2-137278449	Lakshmi Exports Private Ltd	SHOP 116SHAYONA S- ONE, R C TECHNICAL ROAD, AHMADABAD CITY, Gujarat	India
S2-982544380	American Pediatrics	5058 DOYLE AVE, GROVES CTY, TX	US
S2-289265748	Vision Physicians of Tiffin	TIFIFN, #609 DAKOTA AVE, IA	US
S2-793245793	ಆಲ್ಫಾ Foundation ಪ್ರೈವೇಟ್ ಲಿಮಿಟೆಡ್	LAKSHMI SRI KRISHNA NILAYA, CHITRADURGA, Karnataka	India
S2-591809239	राज इंटरनेशनल प्रा. लि.	A/#24, ASHIYANA NAGAR PS- SHASTRI NAGAR, PATNA, बिहार	India
S2-472714802	Noelle Lopez Associated	44735 MAGUIRE WAY, <NULL>, CALIFORNIA, MD	US
S2-826386866	રેડ એગ્રો પ્રાઇવેટ લિમિટેડ	PLOT-30 AYODHYA NAGARI, OPP FLOWER CITY, KANPURA, VYARA, SURAT, Gujarat	India
S2-81855496	t6p.com	209 SEQUOIA DRIVE, FORNEY, TX	US
S2-135102887	Prairie (Rógers)	IL, ELIZBAETH CDP, 1604 HOFFMAN ROAD	US
S2-824779626	JONES & WADSWORTH LLC	69, GREENVILLE, TX	US
S2-369083050	Odetta Arellano Pharmaceuticals North LP	2918. GLENGARY AVE, ROANOKE CITY, VA	US
S2-286035633	Maid  Maeehg!	8001 Conquistadores Dr, SCOTTSDAE, AZ	US
S2-101808060	ABN Comstock, LLC	146 PARKWAY, ME, BREWER	US
S2-367076099	Primary-Care Pyhsiciams Associates Summit	24 LINCOLN STREET, NULL, BIDDEFORD, ME	US
S2-920240066	విజయ్ హాస్పిటాలిటీ టెక్నాలజీస్ ప్రైవేట్ లిమిటెడ్	PLOT NO.495, FLAT NO.201, MATHRUSRI NAGAR, MIYAPUR, SERLINGAMPALLY, SERILINGAMPALLY, K.V.RANGAREDDY, Telangana	India
S2-277032270	Behavioral Health Gróup LLC	55 THE BETWEENS, null, HIGDENCITY, AR	US
S2-795622546	Vantanova For	1047 CEDAR LN, NORTHBROOK, IL	US
S2-522450034	Bright Creative	790 DIPPER LN, AURORA, OH	US
S2-95824802	Ahmedabad Technologies Center	NO ##85A , OPP DONKEY FARM, NEAR KANISH FARM, VILLAGE CHHARODI, TALUK, A DASKROI, AHMEDBAAD, Gujarat	India
S2-555762836	Clem Stacee D. P.A.	SAINT LOUIS, 8819 SEEGER INDUSTRIAL DRIVE, MO	US
S2-459292686	DIRECT TALENT STUDIOS  LLC	550. CEDAR CREEK RD, HOT SPRINGS NATIONAL PARK, AR	US
S2-445336261	Lonardo System	2427 PARKSIDE AVENUE, IRVING, TX	US
S2-706422938	Urgent-Care	6909-A BENTON COURT, KING GEORGE, VA	US
S2-842281516	Signature Data Technologies Co		US
S2-679212931	Roopanth Exims	ABC CABIN NO 1 OF UNIT C, 305, THIRD FLOOR, SUPER MALL, NEAR LAL BUNGALOWS, C.G. ROAD, AHMADABAD CITY, Gujarat	India
S2-430254170	Crystal Valley Launchpad LLC	1312 CHESTNUT STREET, LEWISVILLE, AR	US
S2-872353503	St. Irshel	9644 90ND AVENUE E, TULSA CTIY, OK	US
S2-804045537	Ear Nose & Throat Partners Group	608 MELROSE STREET, CHCIAGO, IL	US
S2-107499292	ಓಂ ಯುನೈಟೆಡ್ ಮ್ಯಾನೇಜ್‌ಮೆಂಟ್ ಪ್ರೈವೇಟ್ ಲಿಮಿಟೆಡ್	INDIQUBE-HEXA, 9TH MAIN, 6TH SECTOR HSR LAYOUT, BANGALORE, ಕರ್ನಾಟಕ	India
S2-522329861	LUCERO ((ENGINEERING))	273 NANSEMOND ARCH, NORFOLK CITY, VA	US
S2-241198885	Eudora Sotero Portfolio	STURGEON DRIVE, VALPARAISO, IN	US
S2-69608051	Trusted Engineering  Solutions LLC	NC, 1311-1315 ST MARYS ST, RALEIGH	US
S2-555762864	Grand Consumer Works Care Eastgate LLC	191 GRAFTON ST, NEW HAVEN, CT	US
S2-306369401	Mr Ntn Solutions  Corp	308/6, JEWELLERS NIKETAN CO-OP HOUSING SOCIETY LTD 56, PEDDER RODA, Maharashtra	India
S2-114111700	RYAN AND RCOT [PARTNERS]	10429 EPPING LANE, DALLAS, TX	US
S2-570678742	Interstate Fund Partners #58940	2455  GUERNSEY DELL AVENUE, RIVERSIDE, OH	US
S2-740657082	Internal-Medicine	8 MELISSA ANEN LN, MATTAPOISETT, MA	US
S2-642356279	Turner, Cook and Terry Creative	8462 OK HWY 48S, JOHNSTON COUNTY, OK	US
S2-331133074	BLAKELY  BEACON GIANT		US
S2-553193794	UNITED BUSINESS  PRIVATE LIMITED	H.NO 104-114/6 P D MELLO ROAD1ST FLOOR SUGAR MARKET BLDG, MUMBAI, Maharashtra	India
S2-120060080	Khubchandani-Consultancy Pvt Ltd	PLOT 2-344 B-33 NEW KRISHNA PARK, VIKASPURI, Delhi	India
S2-16964085	Keystone Beijing Highland LLC	547 Bryn Mawr Ave, PARK CITY, IL	US
S2-295395824	Reap Liudsfiity  LLC	8TH AVENUE, WELLMAN, IA	US
S2-96826049	మా టెక్ ఎల్‌ఎల్‌పీ	9-2-120/120/A/10/C14, KHAIRATABAD, KUKATPALLY, తెలంగాణ	India
S2-676618776	Supreme Nutrition Alliance Southside  LLC	226 JACKSON ST, FLANAGAN, IL	US
S2-51246458	S N and A Vaalounce LLC	649 COTTONWOOD DR, VEYO, UT	US
S2-15116571	South Managed Managed Cáre (ID: 77984)	5619 PACIFIC STREMT, OMAHA, NE	US
S2-992500297	PACCTCI ART  INC	OH, 25 WAGONER ROAD, PATRIOT	US
S2-100855203	MINI EXPORTS [LLP]	BLOCK B-00786 CC - 137A SHALIMAR BAGH, DELHI, दिल्ली	India
S2-383027424	Fírst-Yhn-Inc	789D WASHINGTON ST, RUTHERFORTON, NC	US
S2-801577236	robison newbury inc.	4558 TWILIGHT DR, BELTON, TX	US
S2-754990910	Broadwater Premier Polska Eastgate	529 JESSUP FORREST DR, ARARAT, VA	US
S2-466015321	Bright  Bay Center	ROME CITY, IN, 10099 JONES LAKE RD	US
S2-142513026	BHUBANESWAR ENGINEERING	PDOT -214, PRACHI ENCLAVE, BHUBANESWAR, Odisha	India
S2-810077146	Brown Cardiology Llc	41 Regatta Drive, N/A, EAST LYME, CT	US
S2-62415213	Swift  Management Ltd	DOOR NO 15 , PLOT NO. 50, SECTOR 9C, GANDHIDHAM, Gujarat	India
S2-68812643	Hansen Coastal Westgate Llc	7 FOXMOOR DR, LEBANON, IL	US
S2-304608282	Jackson Dental of Oak Lawn LP	5713 95TH SAINT, OAK LAWN, IL	US
S2-544980161	Interstate Praetnss Coastal, [LLC]	VA, AUGUSTA COUNTY, 42 HARDWOOD LN	US
S2-502013653	Mendenhall Creative-Bert0	418 SOUTH ST, HILLSBORO, OH	US
S2-983756344	BANGALORE NORTH RACHNA PVT. LTD.	NO. 02 , 3RD CROSS, MUNESHWARA BLOCK, BANGALORE NORTH, Karnataka	India
S2-939187713	तिरुपति वेंचर्स प्राइवेट लिमिटेड	JBJ HOUSE, 18TH MILESTONE, AJRONDA, FARIDABAD, SCO 001, FARIDABAD, Haryana	India
S2-137577435	ଶିବ ଏନର୍ଜି	NAYA CHOUK, MADHUPATNA, SADAR, CUTTACK, CUTTACK SADAR, CUTTACK, ଓଡ଼ିଶା	India
S2-900824824	... Valley League Harbor Queen Creek of	21560 CALDWELLS CT, QUEEN CREEK, AZ	US
S2-118742548	JAI INFRA PRIVATE (LTD)	UNIT NO.806, 8TH FLOOR, SURYA KITAN BUILDING K.G. MARG, NEW DELHI, Delhi	India
S2-163185358	Scire, Craig and Trovato	938 SHORE LINE RD, PRINEVILLE, OR	US
S2-603128651	kishangarh industries private limited	OFFICE NO. 104, D12, BARODIA TOWER CENTRAL MKT, PRASHANT VIHAR, ROHINI, NEW DELHI, Delhi	India
S2-726681224	Ashadeep Public School Holdings	H.NO. 5-232, MUSIM BAZAR, KARUCHOLA, EDLAPADU, GUNTUR, Andhra Pradesh	India
S2-280254445	>> Brill Sons  LLP Service	JAIPUR, #2-A PAWAN PUTRA G COLONY, KARNI PALACE RD PANCHWALA, Rajasthan, JAIPUR	India
S2-604666910	इंटरनेशनल सॉफ्टवेयर प्राइवेट लिमिटेड	C-1/66 SAFDARJUNG DEVELOPMENT AREA, NEW DELHI, SOUTH DELHI, Delhi	India
S2-981205510	HARI AGRO GROUP [PRIVATE]	403, RIMSON ESTATE, CHINCHOLI BUNDER ROAD, MALAD WEST, MUMBAI, Maharashtra	India
S2-240621108	The Cordell, Mazza and Folsom, LLC	701 Sugar Island Road, OCONOMOWOC, WI	US
S2-669332876	corneliusdoriseg.com	BALA RD, NEWARK, DE	US
S2-13436167	First Santander Ltd	5664 HERIN, OSAGE BEACH, MO	US
S2-559844539	Saral Industries	429, 1ST SECTOR, 27TH MAIN RD, 1ST SECTOR, HSR LAYOUT, BENGALURU, KARNATAKA, 27TH MAIN RD, 1ST SECTOR, HSR LAYOUT, BENGALURU, KARNATAKA, BANGALORE SOUTH, Karnataka	India
S2-589233086	Anindita Trading Public Limited	NO 3 C/O P.G. VIJAY KUMAR S/O P.V.GOPALA KRISHNA, PERESANDRA CROSS, ARURU (GP), CHIKKABALLAPUR, ಕರ್ನಾಟಕ	India
S2-758947477	Cozy Hypnosis		US
S2-264049585	LTD JAYME D. PÉTERSON, DDS, DDS PC	NY, ELMONT, 332 KIRKMAN AVE	US
S2-628089349	Interstate-Ahssa	YOUNGS ROAD, ONEONTA, NY	US
S2-480009101	Richardson Media Partners	FISER LN, MARTINSBURG, WV	US
S2-335661083	Alexis Network Private Ltd	Delhi, H.N.207., POCKET-E-15, SECTOR-8, ROHINI, DELHI	India
S2-846887097	Noida Investment Prívate Limited	NO 161 TF-H3B, D-003, HARSHA MALL, GREATER NOIDA, NOIDA, Uttar Pradesh	India
S2-328849658	Shiv Estate Limited	FLAT NO 113, SREE NILAYAM, PLOT NO 582/A WEST, HYD, Telangana	India
S2-82171985	ગુજરાત કન્સલ્ટન્ટ્સ પ્રાઇવેટ લિમિટેડ	ASHIRVAD GOVINDRATN PARK2, RAJKOT, Gujarat	India
S2-441821313	Center Church Madison	1006 SOUTHWEST BOULEVARD, MADISON, KS	US
S2-671810429	Block  Eu Pitampura Service Private Limited	H.NO 45 A, BLOCK EU PITAMPURA, <NULL>, Delhi	India
S2-250840257	Premier Hospitality Pvt	NO 4206 FF IP EXTENTION - 2, SECTR 49, FARIDABAD, Haryana	India
S2-670655129	Maa Swastik Projects Public Limited	I-#49 ASHOK VIHAR, PHASE-I, DELHI, Delhi	India
S2-479006862	Value Allied Partners	11032 37, LISBON, NY	US
S2-900197805	Mangum-Construction Inc.	Davis Avenue, ALEXANDRIA, VA	US
S2-555771119	HB CAPITAL LENDING LLC	CA, #2400 PLEASANT VALLEY ROAD, OXNARD	US
S2-783742788	Inc Ridge Harbor Crest	1313 SALEM AVENUE, PO BOX 3555, DAYTON TOWNSHP, OH	US
S2-301219117	Co Capital Cárdiology	3236 CROSSINGS DRIVE, HOOVER, AL	US
S2-353853456	Blue (Center)	27710 ENCANTERRA DRIVE, SAN TAN VALLEY, AZ	US
S2-810116004	Tiruppur Infotech Pvt. Ltd.	28/50., 1ST FLOOR, 16TH ST, VGV VIJEY GARDEN, TIRUPPUR, Tamil Nadu	India
S2-894413559	Continental Complete Pono Corp	100 FROSTY LN, ELIZABETHTON, TN	US
S2-54835150	Eimile Stitt,	1845 MARIGOLD CIRCLE, ROCKINGHAM COUNTY, VA	US
S2-824643387	Llc Spanos Tribeca,	322 SCHOONER LANE, BERLIN, MD	US
S2-828042825	Sri Aseptic Private Foam Limited	3-9-2-336 , MARUTHI NAGAR, PHASE II, HYDERABAD, Andhra Pradesh	India
S2-854083597	PROIX EAST,	617 SEVENTH STREFT, PUYALLUP CITY, WA	US
S2-278899754	Fortune Healthcare Stores Private Limited	DOOR NO D/16/7/7B KEYATALA RD, KOLKAOA, West Bengal	India
S2-673801962	Taylor China Llc	161 TUCKER DR, COLUMBS, OH	US
S2-998619333	Prime National Globa (LLC)	1 BROAD STREET, BINGHAMTON, NY	US
S2-805689445	Ruiz Services Group Coastal	FRIENDSWOOD TTOWNSHIP, 1411 FRIENDSWOOD DRIVE, TX	US
S2-382164737	SWANSON, MILLER AND BEIL ENBRIDGE  CO	9454 GWYNNBROOK CV, TN, PMB 2895, GERMANTOWN	US
S2-236270044	Parente Chimera P.L.L.C.	##24 South Windsong Ct, FISHERSVILLE CITY, VA	US
S2-503433233	HARVEY'S TAX-SERVICE	null, TX, ##346 EDITH DR, CITY OF EL PASO	US
S2-99488138	Aniltechyn Dairy Associates	BHIVE WORKSPACES L-149, 5TH MAIN ROAD, SECTOR 6, HSR LAYOUT, BANGALORE, Karnataka	India
S2-104103491	Randi Davidson Innovative Roofing Llc	7108 MOHAWK DR, LOAIN, OH	US
S2-635513613	Walker Reliable	42 SHORE BLVD, NULL, BUFFALO, NY	US
S2-622693072	APEX (SÚMA)	ROYAL GORGE ROAD, FAYETETVILLE CITY, NC	US
S2-76753106	Dean National Services	002520 LEELAND STREET, HOUSON CITY, TX	US
S2-822006962	peak wheeler pllc	1925 CORONADO ROAD, GILBERT, AZ	US
S2-566407734	Southern Endocrinology Eastgate P.C.	ANCHORAGE, 5416. 4TH AVE, AK	US
S2-447499603	ఏపెక్స్ ఇన్ఫోటెక్ హార్డ్‌వేర్	NO #6-14-14/12 AGRAHARAM STREET VARD -22, TUNI, Andhra Pradesh	India
S2-273950729	*** Harris Gulf Illumination Llc	2625 CAMELBACK ROAD, PHOENIX, AZ	US
S2-653273686	యూనివర్సల్ సాఫ్ట్‌వేర్ లిమిటెడ్	DOOR NO 511, 5TH FLOOR DUNDHUMULLA HEIGHTS, GAJULA (G) RAMARAM, HYDERABAD, తెలంగాణ	India
S2-243915375	Infrastructure Industries Energy Sgj	208 A.K.COMPLEX, 6TH STREET, GANDHIPURAM, COIMBATORE, தமிழ்நாடு	India
S2-297215873	Piedmont-Company Center	3424 WINDSWEPT TRAIL, CADDO, OK	US
S2-586196829	ఏపెక్స్ బ్లూ ప్రొడ్యూసర్ ప్రైవేట్ లిమిటెడ్	006-2-495 & 480 NEW BHOIGUDA, SECUNDERABAD PILLOR NUMBER- 989, HYDERABAD, Telangana	India
S2-587945736	Cardiology Care Associates		US
S2-137096222	Zareva		US
S2-813525901	M/s Dynamic Private Limited Service	DOOR NO #16 G, LAXMI INDUSTRIAL ESTATE, LINK ROAD, ANDHERI (WEST), MUMBAI, Maharashtra	India
S2-200433240	CLASSIC  INVESTMENTS LIMITED CENTER	FLNO-E, 1204-, WOODS VILLE, PHASE-2, JADHAVWADI, PUNE, महाराष्ट्र	India
S2-833290819	Aim Advertisements Private	FLAT NO. B-/201, UMANG PREMIER G. NO. 677, 687 (P), 6 TAL- HAVELI, WAGHOLI, Maharashtra	India
S2-619512956	ECCOUSER.COM	634 BROAD ACRES ROAD, NARBERTH, PA	US
S2-196293551	Vision Best Industries ಪ್ರೈವೇಟ್ ಲಿಮಿಟೆಡ್		India
S2-117195097	Aliganj Attires Limited Partners	NO 279  UGF 144 CHURCH ROAD NERA MANASH COMPLEX, ALIGANJ, Uttar Pradesh	India
S2-694390254	ਐੱਸਐੱਸ ਇਨਫ੍ਰਾਸਟ੍ਰਕਚਰ ਪ੍ਰਾ. ਲਿ.	OPPOSITE RADHA SWAMI DERA, SHOP NO.1, MAKHU, FIROZPUR, Punjab	India
S2-893548697	DARRELLE PEREZ, DDS	##132 SLY POND RD, FORT ANN, NY	US
S2-321281173	BRINY'S STAR	207- PARK AVENUE, CITY OF WILSON, NC	US
S2-474356307	-- Shari Peake Metro Couriers L.L.C.	5500 METROPOLIS LAKE ROAD, WEST PADUCAH, KY	US
S2-771470392	Gusta Williams, M.D., M.D., P.C. Inc	373 HARDY DRIVE, TUCSON, AZ	US
S2-87437372	ASSOCIATED  ELECTRONICS PRODUCTS LLC	#1313 SCHILLINGER RD, MOBILE, AL	US
S2-172778216	Crystal Cornerstone  Critical Incorporated	TX, 101 RADNEY RD, HOUSTON	US
S2-239044181	Kélojax	75 Middle Neck Rd, GREAT NECK, NY	US
S2-355596040	WORKMAN, MAUSER SALYARDS [SERVICES]	106 PLATT ST, BRIDGEPORT, CT	US
S2-361472170	kg wealth llc	6568 CROWNED CT, ZEBULON, NC	US
S2-77475341	WHARD BOX	DOTHAN, 201 FOGGS LANE, AL	US
S2-693972255	Boa	3624 CONNECTICUT AVENUE, WASHINGTON, DC	US
S2-722400387	Bindra Solutions (Private)	MADHURAM COMPLEX, SHOP NO. 23, PLOT NO. 76 AND 77, SECTOR-19, KAMOTHE, NAVI MUMBAI, Maharashtra	India
S2-4925585	বোম্বে বিজয় এস্টেট প্রাইভেট লিমিটেড	TOWER3, FLAT 9F 58, M. G., KARUNAMOYEE, TOLLYGUNGE, KOLKATA, HOWRAH, KOLKATA, West Bengal	India
S2-238594418	Vantelle Wést	7951-A LA JOLLA DR, CITY OF EL PASO, TX	US
S2-574530624	CLASSIC POWER LLP	JP NAGAR 5TH PASE, KARNATAKA, Karnataka	India
S2-308810034	Leech [Central]	23 BRIGANTINE CIR, NORWELL ITY, MA	US
S2-749189984	MARCY'S EYE SOUTHSIDE SERVICE	124 NORIAM WAY, HAGUE, VA	US
S2-746555891	Dr GLOBAL (INDIA) WELD LÍMITED	NO 520 BIJU PATTNAIK SQUARE TULSIPUR, CUTTACK, ଓଡ଼ିଶା	India
S2-35554040	... Noida Logistics Priavaste Limited	#64, GAUTAM BUDDHA NAGAR, NOIDA, Uttar Pradesh	India
S2-248463695	Stults and Yin Holdings	633 GARDEN AVE, OLEAN TOWNSHPI, NY	US
S2-975749371	MCMAHON FIRST 5PIRE LLC	3606 MEMORIAL LN, HARLINGEN, TX	US
S2-408136415	Great Family Practice Coastal	723 SPRING CREEK ROAD, ARLINGTON, TX	US
S2-784586025	GREEN, GREEN, OMAR & BAKER GROUP	14 DAYTON SAINT, <NULL>, WORCESTER, MA	US
S2-318054589	Gudmundson-& Gomez	BETHHEL SPRINGS, 3426 BUENA VISTA RD, TN	US
S2-249818014	cascadetrust.com	16382 KILLARNEY AVENUE, TUCSON, AZ	US
S2-10615658	adorehleeks.com	BOAZ, 0310 PINE CIRCLE, AL	US
S2-762235357	HARI FOUNDATION [PRIVATE]	DOOR NO 452 , SECTOR 15, PANCHKULA, PANCHKULA, Haryana	India
S2-388496013	verieewhitepower.com	DADEVILLE, AL, 13629 34	US
S2-594162704	Veriq Oil Corp		US
S2-2503989	Dr Shivam Limited Partners	ROOM NO 506HEMANTA BASU SARANI, KOLKATA, পশ্চিমবঙ্গ	India
S2-353638583	Dindigul [Solution]	PLOT 670- H-55, R M COLONY, DINDIGUL, Tamil Nadu	India
S2-278084339	Progressive Brothers LLP	E005 RUBY WILSON MANOR, WILSON GARDEN, BANGALORE, BANGALORE SOUTH, ಕರ್ನಾಟಕ	India
S2-818806185	XGGE Pegasus	HERALD, CA, 12885 1/2 IVIE RD	US
S2-955625648	Heartland Summit Alliance, Ínc	##1202 MCCHESNEY HILL LOOP, AEPX CITY, NC	US
S2-790538491	SA Birth Company	Tamil Nadu, PLOT 591 35E, KUPPUCHIPALAYAM VELUR, NAMAKKAL	India
S2-322203451	Dion Arnold Royalties Inc.		US
S2-604783347	IRC CLINIC [SERVICE]	FLOOR-GRD, PLOT-76/78, RATNADEEP BUILDING, JAGANNATH SHANKARSHETH MARG, SWADESHI MILL ESTATE, GIRGAON, MUMBAI, Maharashtra	India
S2-699500794	Shyam Indo [Food]	111, 6 TH MAINROAD 6 TH CROSS KR LAYOUT JP NAGAR 6 TH PHASE, BANGALORE, Karnataka	India
S2-117525275	VERNON-PRO CLINIC		US
S2-372617698	>> Lise's Éntertainment	236 18TH ST, DRACUT, MA	US
S2-764648578	M/s Good Investments Private Limited	NO 25. C/O AWADHESH KUMAR SINGH, PANCH-NARNGI DHANUPARA, MOTIPUR, Bihar	India
S2-389898646	iris foundation infratech	दिल्ली, 317 HOUSE NO 90 2ND FLOOR BLK-C-4, ASHOK VIHAR PH 2 LANDMARK, DELHI	India
S2-477217373	Day Ace Liberty Ltd	TN, CHATTANOOGA, 5403 CASCADE LN	US
S2-324803431	North Stonebridge Llc	4627 POWERS BLVD, DECATUR, IL	US
S2-549293102	Valley Ingredients Central Services	608 50RD ST, WASHINGTON, DC	US
S2-498390029	LLC Cornerstone	TX, 5988 34, N/A, QUINLAN	US
S2-824835654	GEETIKA & SONS PRIVATE LTD	G-5THFLOOR, CBLOCK, MARINASQUARE, 26-27, SANTHOMEHIGHROAD, MYLAPORE, CHENNAI, Tamil Nadu	India
S2-760619006	Services Platinum Ventures Co	703 Court St, TUSCCOLA, IL	US
S2-791305826	Beth  Church Corp	1507 Highland Lakes Drive, KELLER, TX	US
S2-198192761	YWO EQUIPMENT CO	575 TOWN HILL RD, WHITINGHAM, VT	US
S2-807168884	Fenton, Cárter & Flores Partners LP	TX, 5707 LENWOOD DRIVE, AMARILLO	US
S2-909201388	শিব এস্টেট প্রাইভেট লিমিটেড	PARGANAS NORTH, MEENA WOD FL C/3 DASHDRONE, NORTHTWENTYFOURPARGANAS, West Bengal	India
S2-184840920	HARDMAN PREFERRED CLINIC	1109 PINE STREET, KENOVA, WV	US
S2-549853595	ORION LLC CENTER	MAIN ST, ENDICOTT, NY	US
S2-776363400	Chandler, Joela D., P.A. Inc.	1215 MAIN ST, LUBBOCK, TX	US
S2-126696845	Long LLC Horta Riverside [+]	27 PILLINGS POND ROAD, LYNNFIELD, MA	US
S2-402719477	एपेक्स ट्रेडिंग प्राइवेट लिमिटेड	FLAT NO.19, Maharashtra, MUMBAI CITY, 4TH FLOOR, TAPASYA VAZIRA NAKA, BORIVALI WEST, MUMBAI	India
S2-358763646	FP-OPIML GAMING LLC	516 MAIN ST, FALMOUTH, MA	US
S2-64261593	GULFBRC.COM	7825 PALOMA AVE, MESA FOUR PEAKS, AZ	US
S2-405040556	VII.COM	BREEZE HILL RD, NORTHPORT, NY	US
S2-495700782	Bangalore Food Private Limited	HN 415 GENNA SOFTWARE SOLUTIONS LTD, FLAT #S/1, CBR HEIGHTS GYANGARDEN LAYOUT, KALENAGRAHA, BANNERGHA, TTA RD., BANGALORE, Karnataka	India
S2-872083163	Inc 28 3 Newbury	848 BLUE JAY WAY, DYER, IN	US
S2-596520145	Keystone Biotechnology (LLC)	4057 SALLIE CT, MOBILE, AL	US
S2-391953904	ARUNA (INDIA) IFSC PRIVATE LIMITED	PLOT 695 208, LSC PLOT NO. 6, AGGARWAL PLAZA, CU- BLOCK, PITAMPURA, DELHI, दिल्ली	India
S2-708948841	Rogue  and Golden	01002 JEFFERSON GLEN CIRCLE, GREENSBORO, NC	US
S2-284743992	ऑल फाइनेंस प्राइवेट लिमिटेड	VILLAGE THIKARIYA, राजस्थान, <NULL>, C/O SHIVRAJ SINGH CHAUDHARY S/O GOPILAL, BARAN	India
S2-218333893	Garcia Beacon Trpah LLC	1340 BRADFORD HEIGHTS RD, GASTONIA, NC	US
S2-780835308	ADITENDRI  PROPBUILD CORP	0010TH FLOOR, UNIT NO- 706, PARK STREET, 32, CHOWRTNGHEE ROAD, KOLKATA, KOLKATA, WEST BENGAL, KOLKATA, KOLKATA, পশ্চিমবঙ্গ	India
S2-44935718	Federal Báncorporation	5917 CARDINAL COURT, TX, BEAUMONT	US
S2-578462418	The Gamboa Medical Center	1600 112ND ST, EVERETT, WA	US
S2-454522940	Cascade Guild Enterprises		US
S2-462973582	Dixon's Dixon's Better Grading Corp	##40 RITTER AVE, INDIANAPOLIS, IN	US
S2-49774351	Grand Relatly Holdings	500 PECONIC ST, RONKONKOMA, NY	US
S2-157972838	bérrymadden.com	14 JOHNSTON RD, SEARCY, AR	US
S2-448504655	Dr orientalsevasamiti.com	CYRIL BORTHWICK 4 69 18 LAWSONS BAY COLONY, VISAKHAPATNAM, Andhra Pradesh	India
S2-733480582	Y & M Bynordic Riverside LLC	317 ODELL HWY, HOOD RIVER, OR	US
S2-316215063	Dorisa Dawson Frontier Colombier LLC	503 BRAMLETT DRIVE, FAIR PLAY, SC	US
S2-809944101	Cane School of Medicine Corp	1817- Waterlily Street, HILLSBORO, OR	US
S2-701087262	Jarlium Industrial Inc.	3410 HOLLYWOOD AVENUE, BROOKFIELD, IL	US
S2-50331098	Happy  Bistro Corp | www.happybis.com	1357 SHIPLEY FERRY RD, BLOUNTVILLE ITY, TN	US
S2-796310886	Walker Sun Inc	44191 JUNIPER AVE, MARICOPA, AZ	US
S2-730735143	Oncology Physicians	10233. MEDALLION DR, INDIANAPOLIS, IN	US
S2-732405607	Vijay Enterprises  Private	BLOCK A-650 SHOP C/O SITA RAM MALI, BEESALPUR COLONY, TONK, Rajasthan	India
S2-322831392	HIGH DREAM HOSPITALITY HARDWARE LTD	H.NO 17 , D1, KENDRIYAVIHAR PARUTHIPET, AVADI, CHENNAI, தமிழ்நாடு	India
S2-513605696	Fountaintown Youth Coastal Center Co	1086  CREEK RIDGE DR, FOUNTAINTOWN, IN	US
S2-788375901	LP Atlantic Bay Environmental Services	75-79 EAGLES NEST MAINTENANCE TRAIL, BANNER ELK, NC	US
S2-855978335	Space Saving Holdings	FLAT NO. A-2/405, GANGA SAROVER, S. NO. 50/5, WADGAONSHERI, PUNE, Maharashtra	India
S2-795772076	Navi Mumbai Land Company	S/O NARAYAN JANGAM: KAIRA, CHOWK, [SEC TAL. KHALAPUR, NAVI MUMBAI, महाराष्ट्र	India
S2-309159056	Riddle Translational Riverside PC	819 7RD ST, NEWTON, IA	US
S2-411108314	Co Media Decade Services	D-##13 T/F, NEW DELHI, SOUTH DELHI, Delhi	India
S2-946075760	HALCEX COLUMBUS	Westervelt Ave, STATEN ISLAND, NY	US
S2-934732631	DRRAYIUM AURA	206 1/2 CALDWELL DR, CINCINNATI, OH	US
S2-596051142	@qmeducation	863, 5TH CROSS, 9TH MAIN B T M 2ND STAGE, BANGLORE SOUTH, BANGALORE, BANGLORE, Karnataka	India
S2-509791954	JAGDAMBA  INTERNATIONAL SCHOOL		India
S2-98696656	Dever Douglas Corp	##945 CHELSEA COURT, MCMINNVILLE, OR	US
S2-968907807	Private Hotel Technologies Pharmacy Ltd	Gujarat, SURAT, 4/3323 HK STREET 2ND FLOOR B/S SUPER YARN MARKET BEGAMPURA	India
S2-473213725	Cardiology Associates Ltd	294 SMITHFIELD RD, OAKLAND, ME	US
S2-783530986	Springer Physical Corp	##1135 969, BASTROP, TX	US
S2-278732436	METRO QUALITY-MINING	206-C SPARROW WAY, AUUGSTA TOWNSHIP, WV	US
S2-415271273	Peak Textile	6205 PLYMOUTH RD, BALTIMORE, MD	US
S2-671731492	PENN HEARTLAND	SUNNY ACRES LANE, CHANDLER, IN	US
S2-512690883	Urgent Care Clinic Holdings	648 INDUSTRIAL BLVD, CITY OF NEW RICHMOND, WI	US
S2-226810254	शक्ति फूड प्राइवेट लिमिटेड	9298, LIG FLATS VASANT KUNJ, NEW DELHI, SOUTH DELHI, Delhi	India
S2-87114544	Nenet Interdatoinal Holdings	OH, COLUMBUS, 4234-D MACSWAY AVENUE	US
S2-591910395	Aksk Prroiucs Private Limited	Maharashtra, PLOT.C/##8/09, SWASTIK CHS.EC-12/KHARGHAR, MUMBAI	India
S2-996144882	PRIVATE NAVRATRA SOLUTIONS LIMITED	FLAT NO. 323, RAMA APARTMENT, SECTOR-11, PLOT NO. 2, DWARKA, NEW DELHI, SOUTH WEST DELHI, Delhi	India
S2-409657574	Southern Enterprises Public Limited	B- 104WAZIR. PUR INDUSTRIAL AREA, DELHI, Delhi	India
S2-466366945	Galaxy Electronics Pvt Ltd.	Maharashtra, FLAT NO.804, TOWER-B, SATYAM TOWER, THAKUR COMPLEX, 90, D.P. ROAD, NR A, MUMBAI	India
S2-8358326	Jarlosyn Inc Beauty Beauty	9445. CHAMPLAIN AVE, CHICAGO, IL	US
S2-612031052	Shashi Agency Private Ltd	NO. 804 G /101, MONT VERT BELAIR, MULSHI BHUGAON, MULSHI, Maharashtra	India
S2-925380875	The Savaia Kensington Summit Inc.	6313. CLARK STREET, CHINCOTEAGUE TOWN, VA	US
S2-94656370	Stroup Animal Hospital Ltd	312 CENTRAL AVE, BEDFORD, IA	US
S2-814001487	Lynx Metro LLC	FALLS CHURCH, VA, 2436. INGLEWOOD CT	US
S2-496353454	New Life  Church	5021 LATROBE AVE, CHICAGO, IL	US
S2-384477462	South Academy Westgate Inc	2523 1/2 HEATHLAND FARM DRIVE, FUQAUY VARINA, NC	US
S2-422894611	MORRI5 (MANAGEMENT)	10 Meadow Green Dr, NEW MARKET, AL	US
S2-592451662	dinh innovations llc	EVANS SAINT, SHREIDAN, OR	US
S2-193218873	Livvie Lopez  Elite Lodging PC	6902 ROS EMILY LN, EDEN PRAIRIE, MN	US
S2-459818341	गैलेक्सी कंसल्टिंग लिमिटेड	FLAT NO. C - 00102, SAWANTWADI, Maharashtra	India
S2-46416701	Soto, Carmon,  L.C.S.W. LP	CINCINNATI, OH, THUNDERBIRD DRIVE	US
S2-343138883	Tammi Gibson Silver Pro Group	WA, 15418 231ST AVENUE, ISSAUAH	US
S2-45803531	PACIFIC SOLUTIONS PRIVATE LIMITED	PLOT NO.##4 , KAVERI STREET, A.K. NAGAR, CHROMEPET, CHENNAI, Tamil Nadu	India
S2-947562911	Ss Tyres Private Limited	BLOCK E-578/2 A-1117 VISHWA RESIDENCY, OUTER RING RD, JAKATNAKA, CHORYASI, ગુજરાત	India
S2-580566062	Piedmont Specialty,	7 OAK RIDGE RD, READING, MA	US
S2-795089767	Urgent Care Health LLC	PA, KARTHAUS, 135 MAIN ST	US
S2-11558889	The Metropolitan Pediatrics	801  NICHOLS ROAD, null, MADISON, WI	US
S2-928375144	Cv Co  (lndia) Agrotech	C/O- HIMANSHU RAJPUT, SAKWAI BANPOI SAKWAI POST, FARRUKHABAD, Uttar Pradesh	India
S2-831521394	PRAMAN MANAGEMENT	BLOCK A-B3/835 22, BAL MUKUND MACKER ROAD, 1ST FLOOR, KOLKATA, পশ্চিমবঙ্গ	India
S2-527422854	India Mandhana Féeds Private Limited	1, MODIBAUG, COMMERCIAL BUILDING, CTS NO. 2254, GANESHKHIND ROAD, SHIVAJI NAGAR, PUNE, PUNE, Maharashtra	India
S2-35064309	PW (Qdro)	200 REEVE ST, N/A, SUBLETTE, IL	US
S2-790014676	बिग तिरुपति टेक लिमिटेड	HN 22 04, PARVATI NIWAS BLD., RETI BUNDER ROAD UMESH NAGAR, OPP. SWATIK PARK TOWER, DOMBIVALI WEST, THANE, Maharashtra	India
S2-744234687	LUCKY GRILL!  CORP CENTER	316 NORTHCRETS CIRCLE, CLEVELAND, TN	US
S2-500075232	Sarasita Solutions Limited Private		India
S2-128076983	llc mountain advanced series	1544 RURAL ROAD, TEMPE, AZ	US
S2-106413714	Ward Trúst	#812 GREENLEAF ST, GURNEE TOWNHIP, IL	US
S2-57020869	स्वस्तिक एक्सपोर्ट्स लिमिटेड	PLOT NO. H-2, 3RD FLOOR, DISTRICT CENTRE, WAZIRPUR, NETAJI SUBHASH PLACE, APRA NORTH X PLAZA, NORTH WEST DELHI, Delhi, B3/305 & 306	India
S2-515342067	Services Verrariyn LLC	337 KIMRICK CIRCLE, MILLBROOK, AL	US
S2-688631666	P.L.L.C. Schaeffer & Causey Yorkville	6370 EVERS RHAD, FOREST GROVE, OR	US
S2-866613266	Smt Ujjaini & Partners Co	DOOR NO 980 206-207, 3RD FLOOR NAVNEET DARSHAN GREATAR KAILASH, 16/2 OLD PALASIA, Madhya Pradesh	India
S2-596297957	Holdings Coergtgn Pvt Ltd	H.NO 9/374 , KIRALUR P.O., VELUR, THRISSUR, Kerala	India
S2-391178953	ফার্স্ট হসপিটালিটি প্রাইভেট লিমিটেড	TOWER-31, <NULL>, SOUTH XXIV PARGANAS, PARGANAS SOUTH, West Bengal	India
S2-494966281	Foods Sumangal Study Pvt	OR-47, INDUS SATELLITE GREENS, BEHIND PANCHWATI, DEWAS NAKA, A.B. ROAD, INDORE, Madhya Pradesh	India
S2-725938195	Canopy Management  Private	NO. 196- 126, F1, RAJAJI NAGAR, 3RD CROSS STREET, SAIDAPET, Tamil Nadu	India
S2-973980011	Chaffin Security Services Llc	1203 RAVEN WOOD, BELCAMP, MD	US
S2-813656678	शिवम एग्रो प्रा. लि.	NO 09, WARDHA, Maharashtra	India
S2-165828114	mcclellandculturalleague.com	IA, MCCLELLAND, 21551 270TH ST	US
S2-267562546	Animal Welfare Fund Clinic Inc.	12439 RIMROCK LANE, LUSBY, MD	US
S2-575119611	Carrico Health Candter	4160 GERSHWIN AVE, OAKDALE, MN	US
S2-884190305	SAXON CONSTELLATION  GREATER	6830 KELSEY COERT, MISSOULA, MT	US
S2-359746192	Gomez Apex Rexford  Care	105 SUGAW COURT, GARNER, NC	US
S2-957341258	3610 Center	117 GLEN CREEK TRL, GARNER, NC	US
S2-735278233	Tech Baft Projects Private Limited	DOOR NO 418 501/A- SHAILI COMPLEX, NR.LOHA BHAVAN, NAVRANGPU, AHMADABAD CITY, Gujarat	India
S2-860663461	Heritage Co Center	TOOLEDO, OH, 001810 CHRISTIAN AVE, null	US
S2-98149180	Macwin Infratech Pvt Ltd.	45, RICHMOND ROAD, BANGALORE, Karnataka	India
S2-309430111	Mcahob and Co	YNO G-48/1 BINNAMANGALA, INDIRA NAGAR 2ND STAGE, BANGALORE NORTH, BANGALORE, Karnataka	India
S2-958055391	Kimmet Advisory	02921 SIX MILE LN, JEFFERSONTOWN, KY	US
S2-743578956	Padilla 8lue  Inc	LITCHFIELD PARK, #6314 132ND DRIVE, AZ, PMB 8769	US
S2-584009558	Delhi-Academy Limited	B-B3/4-417, (SY NO. 32 & 83) SOBHA QUARTZ IBBALORE VILLAGE, BANGALORE, Karnataka	India
S2-581736659	BEST GLOBAL AGENCIES PRIVATE LTD	PLOT NO 34, KARTARPURA, INDUSTRIAL AREA, 22 GODAM, JAIPUR, Rajasthan	India
S2-403714260	Dinh Peak Diagnostics Metro Inc	841 ENDLESS BOOK RD, PO BOX 9019, POULTNEY, VT	US
S2-292447435	8rahmi Welfare Society	LUCKNOW, LUCKNOW  HQ REGION, BOCK C-588 1304, Uttar Pradesh	India
S2-595218499	Kti & Ltd Services | www.ktiltd.com	NO 09 , AUTO NAGAR, INDUSTRIAL ESTATE, CHITTOOR, Andhra Pradesh	India
S2-92162900	Smt KANSAL  & PARTNERS	C/O RANJIT SINGH, WORK SHOP, ZIRA, Punjab	India
S2-921206525	अर्बन बिजनेस प्राइवेट लिमिटेड	PN- S-8A, SHRI GOPAL NAGAR GOPALPURA BY PASS, JAIPURA, JAIPUR, Rajasthan	India
S2-372192671	Knowles, Hart and Diaz Inc.		US
S2-775563537	LLC Clarke Chiron	AL, HUNTSVILLE, 126 TINDALL DR	US
S2-61512873	Amish Institute Technology of Corporation	4, PHILIPA CHS LTD, AZAD, GUNDVALI, NR BMC OFFICE, MUMBAI, Maharashtra	India
S2-396540947	Private Maa Consulting Ltd	F N.202, SRI BHAGWAN ELITE APT, AISHWARYA CRYSTAL L/O, MANIPAL CNTY RD, SINGASANDRA, BENGALURU, BANGALORE, ಕರ್ನಾಟಕ	India
S2-430429830	Aras Neuro Care Corporation	SHP NO. 204, 2ND FLOOR, PHASE 3, BAAZ MALL COMPLEX, DELHI, Delhi	India
S2-97209238	kaizensightprivate.com	29 , KH. NO.415, GROUND FLOOR, OPP. METRO PILLAR NO.-126, M.G. ROAD GHI, TORNI, NEW DELHI, दिल्ली	India
S2-263366400	Magic Group Holdings Services	C-13, 218, THANA ROAD SULTAN PURI, NEW DELHI, Delhi	India
S2-699297088	2052 LINCOLN HOLDINGS CORP CENTER	758B LILAC LN, MARION, OH	US
S2-765967399	Cordy Cardoso Apollo-Incorporated	4709 CEDAR ST, SEABROOK, TX	US
S2-137904907	Trinetra Idsttitue	8/11, KALKAJI EXTENSION, NEW DELHI, Delhi	India
S2-386965330	Integrated Corp Services	##1617 W FIESTA LN, CITY OF MEQUON, WI	US
S2-794022161	Perez, Adelice,	HACKBERRY LN, CARMICHAEL, CA	US
S2-532859462	Umiya Advisory  Pvt Ltd	B-702, PRESIDENT PLAZA RING ROAD, Gujarat	India
S2-32675678	ALLIEDROBOTICSSYS.COM	1920 ASTER DGIVE, JEFFERSONVILLLE CDP, IN	US
S2-902763625	Handa Fannie Ltd	16182 HIGHWAY 84, BISMARCK, AR	US
S2-885938626	Eye Partners	01030 GRANT CIR, N/A, ANOKA, MN	US
S2-948542502	Cascade Storage Holdings	217 WEST COLLINS CT, LOUISVILLE, KY	US
S2-595463806	Seawell Mason Hartford Corp Services	3607 BELLEVUE RD, TOLEDO, OH	US
S2-725029483	રેડ બાબા બિલ્ડર્સ પ્રાઇવેટ લિમિટેડ	GREEN PALLADIA, OPP, RAJ WORLD SHOPPING CENTER, ગુજરાત, SURAT CITY, 245, SURAT	India
S2-536133490	Rocky School of Medicine LP	280 CONRAD RIDGE ROAD, HOLLADAY, TN	US
S2-400233186	Vision Star Health	406 Muscovy Ct, HAVRE DE GRACE, MD	US
S2-593927445	SWANSON AVE	1002-1004 KINDERHOOK STREET, VLATIE, NY	US
S2-7710308	Smt Sk Business Private Limited	3016, BAHADUR GARH ROAD, दिल्ली	India
S2-525816330	NICE FFTMREFRS [LIMITED]	NO. 54 C-153 3RD FLOOR, ST NO 2, CHHATARPUR ENCLAVE PH 2, SOUTH WEST DELHI, Delhi	India
S2-862382923	Ayres  Diamond Vendome		US
S2-613711435	Montic  Equipment	CA, 3507 RIDGEWOOD WAY, ARDEN-ARCADE	US
S2-949322354	Shri avani endeavors pvt ltd	S/O - RAM NARESH PRASAD, NETU PAR BELAGANJ, GAYA, GAYA, Bihar	India
S2-832244452	Hostetler National Precision East	126 FELIX LN, YORK, SC	US
S2-521779424	The Peggie's Clean Auto Glass	AZ, PO BOX 8949, 1050 NARDINI STREET, SAN TAN VALLEY	US
S2-59655111	Solutions Westem Technologies Private Limited	Karnataka, NO 896 , 4 TH CROSS, 7 TH MAIN HAL 2ND STAGE INDIRANAGARA, BANGALORE	India
S2-614461529	Stormi K Draper, DDS, PC	30 KNOWLEDGE CT, INWOOD, WV	US
S2-659300097	LAKSHMI ENGINEERING-PRIVATE  LIMITED	null, Andhra Pradesh, 93/B, S R NAGAR, AMEERPET	India
S2-827203140	Midwest Ethereum Group	10 TRACY ALAN WAY, REVERE, MA	US
S2-490513785	NOWARE.COM	BALTIMORE AVE, TX, CITY OF EL PASO	US
S2-305769260	Wexorbi	304 KIMBERLY PLACE, WEST ISLIP, NY	US
S2-485129405	Rodriguez-Harbor Services Clinic	10914. RIVER OAKS DRIVE, CONCORD, NC	US
S2-899871813	Smith, Jfi, MD Inc	4417 KING STREET, PORTSMOUTH CITY, VA	US
S2-575127011	CH0ICE DIRECT MEDICINE CENTRAL	JAMAICA, 153-28 110 AVE, NY	US
S2-904596705	Bocanegra, Collins And Langston	TX, TERRELL, 706 ST JAMES ST	US
S2-579712912	M0untain Cáfe	TX, TERERLL, 16400 322	US
S2-898704349	REITER LLC NAVIOS		US
S2-734641211	Beckles Innovations Group	1404 WALDROUP RD, HOT SPRINGS, NC	US
S2-305233924	Kaverin Cafe	C/O. PRADIP VIBHUTE, GADIMA D 406 GADIMA PARK, ATPADI, SANGLI, Maharashtra	India
S2-782226973	M/s High Ltd Pvt Consulting	Tamil Nadu, #36 , G BLOCK PUSHPANAGAR, NUNGAMBAKKAM, CHENNAI	India
S2-433784280	Anchor Natnional North	45B DON ANTONIO WAY, OJAI, CA	US
S2-34189862	PCA Estate Private  Limited		India
S2-880283678	SIMON NURILEG HOME INFRATECH PRIVATE LIMITED	NO.L-161, 3B MAIN, 14TH CROSS H.S.R. LAYOUT, 6TH SECTOR, BANGALORE, Karnataka	India
S2-859322138	Worli Diamonds Private Limited	INSIDE MUNICIPAL ASPHALT COMPOUND, RECONDO COMPOUND S. K. AAHIRE MARG, WORLI, Maharashtra	India
S2-887468380	METRO PROGRAM IV LLC	2161 HAWKINS STREET, <NULL>, CHARLOTTE, NC	US
S2-804219829	Sallee R. Gray, DMD,	68 BAYVIEW AVE, STATEN ISLAND, NY	US
S2-553038601	NH OVERSEAS PVT LTD	2/286 KUTHARIPALAYAM, ALANGOMBU POST, SIRUMUGAI, தமிழ்நாடு	India
S2-319464336	Lyrawex	232 BIRCHWOOD AVENUE, NYACK, NY	US
S2-845359582	Alchemist Infratech Pvt Ltd	BLOCK E-570 NR JALARAM COMPLEXNAVINAGRI ANKLESHWAR 1, BHARUCH, Gujarat	India
S2-217933559	Heart [Council]	BURNSVILLE, 50 WOODLAND HILLS DRIVE, NC	US
S2-622773879	Marce1line Rivera, D.C., PC (Partners)	26 WOODS AVE, REVERE, MA	US
S2-728748032	Integrated Staffing  Works Ltd	38 CURREWOOD CIRCLE, ROCHESTER, NY	US
S2-327732893	INC PURDY VENTURES EASTGATE	11138 BOADWAY RD, TOLLESON, AZ	US
S2-139236703	kesteonpebblebrook.com	2815 NEVADA ST, PEROIA, IL	US
S2-344159907	Developers Dynámic Devendra Private	C/O SHARDA DEVI 0, PURE GAHARWAR SIRSIRA, SALO N, Uttar Pradesh	India
S2-616853527	Cooper Audio Installation Group	7733 CHAD HEIGHTS LANE, MIDVALE, UT	US
S2-278352906	Direct Data Solutions	4821 JOYCE LANE, MCHENRY, IL	US
S2-934376052	India Orange  Projects Private Limited	C/O HEERA LAL, BEHIND M M, MISHRA, SATYA NAGAR, RAEBARELY, Uttar Pradesh	India
S2-867398481	rockyrailway.com	2011 AVONDALE STREET, STILLWATER, OK	US
S2-474986829	SANDEEP CORP-GROUP	H.NO 210/2E , GROUND FLOOR, VANDAVASI MAIN ROAD, SEVILIMEDU, KANCHEEPURAM, Tamil Nadu	India
S2-849987646	Ceretech Stanley  Inc	742 HAMPSHIRE RD, THOUSAND OAKS, CA	US
S2-790790300	JOHNSON CLASSIC PREMIUM INC	2407 CHURCH ST, GREENVILLE, TX	US
S2-356631872	GARCIA & SKELTON (RIDGE)	119 WILLOW LN, WV, FOLLANSBEE	US
S2-130141140	uniquebusiness.com	HNO. 562, GROUND FLOOR SECTOR 23, GURUGRAM, Haryana	India
S2-295642177	P.C. Family Fcscllowship Midtown	ELK GROVE TWP, IL, 43 6TH AVE	US
S2-501371408	Tri-State Signs, [Co]	6908 WITMER RD, NORTH TONAWANDA, NY	US
S2-263247064	5outh Peak Smith Co	2103- RONALD AVE, MISSOULA, MT	US
S2-504188280	M/s KRISHNA EAGE  LIMITED	307 A TO Z (IN) PREMISSES CO-OCO-OP SOCIETY GANPATRAO KADAM MARG LOWER PAREL WEST, MUMBAI, Maharashtra	India
S2-223708724	ओम सर्विसेज	SHOWROOMNO2 SHEETAL PLAZA, PUNE, PUNE CITY, Maharashtra	India
S2-372005913	L.L.C. Continental Creative Enterprises	100 NOPAL PL, CHANDLER, AZ	US
S2-843469949	Jinny Nhan, CPA, M.D., [P.C.]	7358  WINBERT DR, WHEATFIELD, NY	US
S2-829022238	LV  Patel Holdings Co	Gujarat, 45 NUTAN BHARAT SOCIETY RACE COURSE, BARODA	India
S2-820812582	enmion.com	190 FAN MILL TRAIL, WEATHERFORD, TX	US
S2-637262114	Bee Dee Clinic Co	B-173 THE ICON DLF CITY PHASE-5, GURGAON, Haryana	India
S2-175113686	VFX SECURITIES PRIVATE	S NO 211 62 PLOT NO 4 DKALYANI NAGAR, PUNE, महाराष्ट्र	India
S2-596791231	canalfulton.com	333 RIVER ROAD, CANAL ULTON, OH	US
S2-704682305	Cedar Partners	63336 BRITTA ST, BND, OR	US
S2-60208246	BLUE PIZZA CO	IL, 1217 23RD STREET, MOUNT VERNON	US
S2-190127611	Mr Chanda & Co Enterprises	UNIT NO.8013A, 10TH FLOOR, TOWER 1, ONE INTERNATIONAL CENTER, SENAPATI BAPAT MARG, LOWER PAREL, MUMBAI, Maharashtra	India
S2-305949972	Melvin Sony  PLLC		US
S2-120498114	Vijay [Mani]	F-14, NEW KAILASHPURI SOC., OCEAN PARK, NEHRUNAGAR, AHMADABAD CITY, Gujarat	India
S2-782327615	American PC Society	ELK GROVE VILLAGE, IL, 1232 BERKENHIRE LN	US
S2-808715434	Apex Impex Private  Limited	214/14-4, BLOCK NO -22, PUTHENVEEDU, KOIPURAM, THIRUVALLA, Kerala	India
S2-108231938	Jarrlora Partners	210 SIXTH STREET, GARDEN CITY, KS	US
S2-208032106	EBONEE BLANCHARD RIBBON CORPORATION	116 NEWPORT LANE, BEREA, KY	US
S2-253411332	Marketing Jtc Retail Private [Ltd]	13/3 BALLYGUNJ CIRCULAR ROAD8A VIVEK VIHAR, KOLKATA, West Bengal	India
S2-266549165	butlerstarmeshflow.com	34 40TH STREET, AZ, MESA DESERT	US
S2-724990460	Partners Secure Works lnc.	##1598 MILBURN CT, WANTAGH, NY	US
S2-200626985	ജൈൻ ബിൽഡേഴ്സ് പ്രൈവറ്റ് ലിമിറ്റഡ്	DOOR NO 54/8/10, FIRST, FLOOR, BUILTECH TOWER, THIRUVANANTHAPURAM, TRIVANDRUM, THIRUVANANTHAPURAM, Kerala	India
S2-612477017	WESTERN STUDIOS STUDIOS (LLC)	6351 SPRING RIDGE PKWY, FREDERICK, MD	US
S2-977886223	SI CONSULTANT LIMITED	PLOT NO-9, R.K. PURAM, MAUJA GAILANA, HARI PARWART WARD, AGRA, Uttar Pradesh	India
S2-628886632	Holy Emanuel	IL, 2204-D CENTRAL AVE, PEORA	US
S2-974363668	Chiropractic Physicians of Everett Co	46-D HANCOCK STREET, EVERETT, MA	US
S2-450924279	Environmental Council Co	153 BURBANK AVE, OXNARD, CA	US
S2-421560039	WU HÓRSE	1505 PARK AVE, GARLAND, TX	US
S2-225828741	WA Reshnudre Private Limited	829/2, SARJAY GANDHI MARG, AZAD NAGAR, LUCKNOW, Uttar Pradesh	India
S2-8009707	Smt BANNARI  INDUSTRIES GROUP PRIVATE		India
S2-561905335	Avanti  Limited Private Landscape	A-502, SOLITAIRE CORPORATE PARK, NR. DIVYA BHASKAR HOUSE, S.G. HIGHWAY, M, AKARBA, AHMEDABAD, Gujarat	India
S2-433317994	Balaji Services Public Limited	G-362 SHOP NO-12, JAMUNA SAHAY FRIENDS COLONY, OLD FARIDABAD, Haryana	India
S2-600711151	Heart Commitntcl Commitntcl Inc	343 WOODLAND CT, WISE TOWN, VA	US
S2-845683674	United Golden	711 Avalon St, WEST MEMPHIS, AR	US
S2-883184823	एस इन्वेस्टमेंट्स प्राइवेट लिमिटेड	GAT NO.016, BHAIROBA WASTI, KOLWADI ROAD, KOLWADI, PUNE, महाराष्ट्र	India
S2-637008636	IVETT-JEFAN HOMECARE	2218 TERRACE PL, SIOUX CITY, IA	US
S2-972212196	ડ્રીમ ઇન્ફ્રાસ્ટ્રક્ચર પ્રાઇવેટ લિમિટેડ	60-61, AHMEDABAD, Gujarat	India
S2-602258114	SUMMIT CHARTER SCHOOL	456 FLETCHER DR, NORFOKL, VA	US
S2-302933108	Partners Global Medical Innovations Group	7211 3ST AVE, PORTLAND, OR	US
S2-882683845	प्रीमियर वेंचर्स लिमिटेड	#405 GROUND FOOR, NEAR DURGA MATA TEMPLE JAYCEES CHAURAHA, JAUNPUR, उत्तर प्रदेश	India
S2-456948396	બ્લૂ પ્રોજેક્ટ્સ પ્રા. લિ.	#C-333 02, AHMEDABAD, Gujarat	India
S2-143817174	Bharucha & LLP Center	A 1417/6 INDIRA NAGAR NEAR MEENA MARKET, LUCKNOW, Uttar Pradesh	India
S2-711697872	LK Smart	23-18 23 AVENUE, ASTORIA, NY	US
S2-267920369	Tech Healthcare LLP	25 C/O BABUBHAI ONKARBHAI, BERIYAR, JHABUA, मध्य प्रदेश	India
S2-921538446	Shubham Security-Pvt Limited	605, KSHITIJ, NEXT TO GARDEN COURT RESTAURANT, VEERA DESAI ROAD, ANDHERI (W), MUMBAI, Maharashtra	India
S2-332154032	रॉयल एनर्जी फूड्स प्राइवेट लिमिटेड	110, MUMBAI CITY, MUMBAI, Maharashtra	India
S2-667080209	Corp Wood Smith and Waiters Care	824 66, FAGSTAFF, AZ	US
S2-897248525	Sosa Green Green Magna	CHICAGO, 1213 53RD STRETE, IL	US
S2-68205814	Capital Cardiology Coastal	419 GARLAND AVE, ROMEOVILLE, IL	US
S2-674920697	vadodara league co		India
S2-485081900	Dr Syntech Traders Corporation	FN T-#902, PARKSYDE HOMES, SR. NO. 256 HANUMAN NAGAR, NASHIK, Maharashtra	India
S2-162353480	Rheba Deangelis  PLLC Services		US
S2-31635665	LLP Morbi Busintss	NO 001045P4, 1045P2, NEAR AMBANI PAPER LLP MORBI - HALVAD ROAD, KENAL ROAD, GHUNTU, RAJKOT, MORBI, Gujarat	India
S2-848578999	Gurudwara Rdkopargaon Education Private	KASHINATH MANSION, GURUDWARA RDKOPARGAON, महाराष्ट्र	India
S2-123349497	New Hitech Builders Ltd	G-29, BORANADA INDUSTRIAL PARK, JGDHPUR, Rajasthan	India
S2-403887208	Christ Methodist Chúrch	0015 CHISHOLM ROAD, WEYMOUTH, MA	US
S2-434043362	Shree Business Enterprises	MT-19 SETHINAGAR, UJJAIN, Madhya Pradesh	India
S2-555218099	TQ BÉOPAR PRIVATE (LIMITED)		India
S2-417979028	Corp Membreno, Soriano & Edward	2202 1/2 GLADSTONE DRIVE, HUNTSVILLE, AL	US
S2-230535635	Asset Building Fund Co	##1013 BLACKBERRY LN, LEWI SCENTER, OH	US
S2-406285430	Livingston Ace Dygnaimc LLC	118 PARK PL, WAVERLY, NY	US
S2-175308542	Raevn LLC	60 DAISY DR, SLAUGHTERS, KY	US
S2-16977683	Meriidian	KY, 18300 SHELBYVILLE RD, LOUISVILLE	US
S2-982675930	CONSULTANCY MOM FOODS EXPORTS PRIVATE LIMITED	HOUSE NUMBER NAGAR NIGAM ##39 PART OF PLOT NO. B5 KHASRA NO. 1436, DUNDAHERA, GHAZIABAD, <NULL>, उत्तर प्रदेश	India
S2-751290376	Maid Yoga Associates	290 CHESTER STREET, OCCEANSIDE, NY	US
S2-986061691	Rekha Iduhsails Group of Kalyan Exports	महाराष्ट्र, 00308, AAYUSH PALACE, A WING, OLD MANISHA NAGAR, CHICKANGHAR, KALYAN	India
S2-299772640	EASTERN CLEAR AUTO SALES INC.	1202 GLENVIEW DR, SUFFIELD TWP, OH	US
S2-154334183	PRIVATE MARWA CONSULTANTS LIMITED	NORTH EAST, DELHI, 4786/5	India
S2-545769155	REGIUS FOUNDATION PRIVATE LIMITED	DOOR NO D/538 C/O SHABIHUL RAMAN, PKM NAGAR MELAMADAI, MADURAI NORTH, தமிழ்நாடு	India
S2-473245321	OPTIMAL GRID [COASTAL]	3634 SUNNYVIEW AENUE, CARLSBAD, NM	US
S2-628238161	delight consultants	RAMEE STRAND INN, NO.676, PLOT NO. 5/2, 5TH FLOOR, SINGSANDRA, HOSUR MAIN ROAD, BANGALORE, Karnataka	India
S2-660189804	Lopezrodriguez Recruiting Inc.	#10750 DEWHURST RD, EYRIA CITY, OH	US
S2-811684306	Hauser Endocrinology	1005 DEMETRIUS COURT, N/A, INDIAN TRAIL, NC	US
S2-355822463	The Nivous Companies	5669  Gracie Ln, FRISCO, TX	US
S2-849730555	patriottitan.com	ADELLA STREET, CENTER TOWNSHIP, IA	US
S2-389481871	Pressley Velaquez and	IA, 1170 BLUE RIDGE PL, ALTOONA	US
S2-898121291	TATIANA HCMHSION 6REEN  AEON LLC	9850 PAGEWOOD LANE, HOUSTON, TX	US
S2-913341525	Rocky Ace Atlanta, Llc	1802 21ST PL, RENTON, WA	US
S2-826428405	Lee Lending	NAKINA, NC, 11505 SEVEN CREEKS HWY	US
S2-426598167	Linkpoint Spares Limited Private (India)	CMC- 5/ 230 D EAST OF COURT JUNCTION, CHERTHALA, Kerala	India
S2-233227302	PATRIOT FEDERATION CORPORATION	ROSEDALE, NY, 259-11 147 ROAD	US
S2-212149820	Advanced Cloud Concepts	1033 105TH AVENUE COURT, EDGEWOOD, WA	US
S2-394684248	Jaju Knowledge Pvt Limited	NO 509 , BASEMENT FLOOR, BLK-WP VILLAGE WAZIRPUR, LANDMARK SHIV MARKET, DELHI, Delhi	India
S2-974642553	One Tcehnollofgies Ltd	G-2, KALPESH BUILDING, CHULNA ROAD, VASAI WEST, BASSEIN, Maharashtra	India
S2-853377123	ആൽഫ സൊല്യൂഷൻസ് ഫുഡ്സ് എൽഎൽപി	ROOM NO.65/3764, QATAR PLAZA, WAYANAD ROAD, KOZHIKODE, Keralam	India
S2-945049160	GRAND CONSTRUCTION INTERNATIONAL, LLC	515 MITCHELL STREET, PULASKI, TN	US
S2-26466375	Ltd Shyama Pvt Services	H.NO 915 19-4-321/3/G, KONDA REDDY GUDA, HYDERABAD, BAHADURPURA, Telangana	India
S2-266925861	South Staffing Inc	1921 ELIZABETH AVENUE, KANSAS CITY, KS	US
S2-429558085	Tavobelowex	F-90, PAVITRA APARTMENTS, PLOT NO. 12 VASUNDHARA ENCLAVE, EAST DELHI, NEW DELHI, Delhi	India
S2-545894917	Dildarnagar Aallareis Private  Limited	HN 745 POST DILDARNAGAR, DILDARNAGAR, उत्तर प्रदेश	India
S2-675338643	Kara Riggi, DO Inc.	BADER RD, ELK GROVE, CA	US
S2-107284193	Shri Thrive Solution Private (Limited)	4-6/160N, MAREENA CENTRE, CONTAINER ROAD, KORAMPADAM KOTHAD PO, KADAMAKUDY PANCHAYAT, 6TH WAR, D, ERNAKULAM, കേരളം	India
S2-272923611	LATRINA'S PACIFIC MAINTENANCE CORPORATION	132 DIXON DR, CLEVELND TOWNSHIP, TN	US
S2-972871988	Eastern  Genesis	195- 200, PAROWAN, UT	US
S2-5411904	24HR Inc Services	1667 MILFORD AVENUE, COLUMMBUS, OH	US
S2-536777587	Atlantic  LLC	295 MARBLE MOUNTAIN WAY, VILLAGE OF HOWARD, WI	US
S2-216607898	Classic Education	3B POST CT, KINGSTON, MA	US
S2-364930016	Pravish Medical  Centre	THE PALM DRIVE F-F09-904, URBAN ESTATE, SECTOR-66, BADSHAHPUR, Haryana	India
S2-7695059	Ardelis Roberts Allied Oxley Partners	2007 HICKOX RD, <NULL>, MT VEERNON, WA	US
S2-55691462	Orthopedic Reliable	1125 MILES AVENUE, BILLINGS, MT	US
S2-468147176	Family Clinic Rocky Inc	##1317 ALMOND AVE, REDDING, CA	US
S2-418402593	Ranisati-Hub	Telangana, NO 1-128/A &B, CHANDA NAGAR SHERILINGAMPALLY MANDAL, RANGA REDDY	India
S2-602908979	Best Labs, LLC Sérvice	437 FOX CATCHER ROAD, BEL AIR, MD	US
S2-32713472	HUW Chits Pvt.	337/E, DIAMOND HARBOUR ROAD BEHALA, KOLKATA, KOLKATA, পশ্চিমবঙ্গ	India
S2-178348775	गुजरात इन्वेस्टमेंट्स प्राइवेट लिमिटेड	152, NEW DELHI, SOUTH DELHI, दिल्ली	India
S2-31766860	Attal Industries Private Ltd	West Bengal, C/O CHANDAN GURUNG, NALICHOUR P.O. SONADA, DARJILING, DARJILING	India
S2-199652507	Atkins, Lockhart & Gonzales	JENNIFER LANE, NC, CLAREMONT	US
S2-517757570	Johnson Crumrine  LLC	AL, 50 RIVER HIGHLANDS WAY, BIRMIGNHAM	US
S2-16045559	Ardath's Wellness Corporation	9017 FOREST LANE, PO BOX 2512, HICKORY HILLS, IL	US
S2-819718352	Vishnu Carpets Pvt Ltd	PLOT NO:54, 1ST FLOOR, SURYODAYA COLONY, NEAR KAAMINENI FLYOVER, L.B.NAGAR, RANGA, REDDY, HYDERABAD, Telangana	India
S2-530880857	Compass Inc.		US
S2-283751499	Wexnex	AT.GUT NO.106, AURANGABAD, Maharashtra	India
S2-384806817	EMELDA TURMEN TRINITY LLC	99-103 BANNER AVE, FARMINGTON, AR	US
S2-311119767	Ze0 LP	13 CHARLOTTE LANE, RANDOLPH, MA	US
S2-576100292	Hitech Industries Private Ltd	महाराष्ट्र, C/O NITIN ASHOK INGLE, 143 BHANKHED, BULDHANA	India
S2-830394308	Barnett PLLC Wholesale	502 THUNDERHILL DRIVE, VINCENNES TOWNSHIP, IN	US
S2-88312221	India Áwadh Contractors Group Private Ltd	142, SANGA NAGAR, JAIPUR GATE, SANGANER, Rajasthan	India
S2-1363951	SHANE LEBECK, DMD INC	4840 Gold Road, BATTLEFIELD, MO	US
S2-738874132	KALINGA  CONSUMER PRIVATE	H.NO 112 C/O MEGHRAJBHAI BHEMABHAI PATEL VILLAGE-THARA, TALUKA KANKREJ, BANASKANTHA, null, Gujarat	India
S2-578665411	Quantifyyn Biomedical	11736 MELONES CIR, GOLD RIVER, CA	US
S2-883785009	EMMA GLSLDMAN PACIFIC [ANNUITIES]	1 WASHINGTON DR, SUDBUURY, MA	US
S2-957223784	Smt Pavanputra Software-Private	F-604, INDIRA NAGAR CHS, SION KOLIWADA ANTOP HILL, MUMBAI, Maharashtra	India
S2-573154078	D+ Grade	#2207 FIRESTONE COURT, CITY OF OXNARD, CA	US
S2-480629519	Foot Health Ankle & LLC	2555 NORWICH LANE, FAYETTEVILLE, AR	US
S2-906028883	PHX Best Meshflow Inc	7425. S REA PARK LN, CHARLOTTE, NC	US
S2-469248960	nkfautomobiles.com	PLOT NO. A-780, TTC INDUSTRIAL AREA, KHARINE MIDC, NAVI MUMBAO, THANE, Maharashtra	India
S2-339750053	Shri International & Sons Private Ltd	#28 5TH STREET, PUGAL NAGAR, NORTH KATTUR, TIRUCHIRAPPALLI, Tamil Nadu	India
S2-147564537	Collette, Madlen, D.O.,	1269 Moorlands Dr, SAINT LOUIS, MO	US
S2-148683077	Dynamic Producer Private	H.NO 454 PLOT NO. F-410, PHASE 8B, INDUSTRIAL AREA, S.A.S.NAGAR (MOHALI), Punjab	India
S2-463532424	Delta Sangh	NO.5-224, SAPTHAGIRI, KOOVENJA, BETTAMAPADY POST, PUTTUR, Karnataka	India
S2-930696086	সূর্য টেকনোলজিস ট্রেডিং প্রাইভেট লিমিটেড	GARHBETA-III, JHANKRA, West Bengal, 51 S/O- SHAKTIPADA	India
S2-115050976	PRIVATE JAI BUSINESS LIMITED	C 410/2 SEA QUEEN EXCELLENCY PLOT NO 63 TO 65 & 73 TO 75 SECTOR 44A S, EAWOODS, NAVI MUMBAI, THANE, Maharashtra	India
S2-768869429	डायनामिक केयर प्राइवेट लिमिटेड	HN 54 DARSHANA PARK, C-7 IST FLOORKALYANI NAGAR, KASAR AMBOLI, Maharashtra	India
S2-859192618	Collins Scíences	207 HARVARD STREET, CAMBRIDGE, MA	US
S2-613418598	Malik Hospital Enterprises Private Ltd	SURVEY / BLOCK G-1084, DHANRAJ ESTATE, DHAMATVAN TO UNDREL ROAD, DASCROI, Gujarat	India
S2-264494553	jyoti cotton public limited	H.NO 95 , DSIDC NEW OKHLA INDUSTRIAL COMPLEX, PHASE-I, DELHI, Delhi	India
S2-907011794	WESTERN SCHOOL MDEDOGIICE OF	2717 ALBERT RILL ROAD, WESTMINSTER, MD	US
S2-991038072	ASSOCIATES SPRES LIMITED	B-001, BLOCK B SHARNAM, SECTOR 107, NOIDA, NOIDA, Uttar Pradesh	India
S2-369203988	Devora's Couture Corp	#2938 EVANS STREET, MCMINNVILLE, OR	US
S2-755072879	யுனிவர்சல் ஹாஸ்பிடாலிட்டி லிமிடெட்	1131(19), CHENNAI, தமிழ்நாடு	India
S2-666612729	Heartland Council	#206 ANTHONY ROAD, JAY, NY	US
S2-600211546	LIFE-INVESTMENTS CO CO	1/45 DHARMAPUR VILLAGE, GULBARGA, Karnataka	India
S2-752480015	Post & Sorenson Santander	804 LIVE OAK DRIVE, SUNSET BEACH, NC	US
S2-340397246	INC TRASOFT PÉTROLEUM	183 WASHINGTON STREET, DEDHAM, MA	US
S2-484838771	Mr SWAROOP COTEX LLP	WZ-A-300 B, 133, JANTA, COLONY, RAGHUBIR NAGAR, NEW DELHI, Delhi	India
S2-234829057	The Carlson Coastal Launch East Inc	GARY, IN, 1229 DEKALB ST	US
S2-942219557	Willis & Oconnor Inc	PIEDRAS PKWY, PO BOX 6487, FENTON, MO	US
S2-482488446	yok biotechnology llc	14277 HONEY POINT DRIVE, CITY OF EL PASO, TX	US
S2-829030228	Forus Clinic	BILAUNJI SANCHI DEYARI, R2/7 NO 41431, WAIDAHN, SINGRAULI, Madhya Pradesh	India
S2-531724788	Felix Prairie Poeps Care	EAST ST, TIPPECANOE, IN	US
S2-378716140	Smt Visan Andleasing Públic Ltd	VIRENDRA MISHRA B3/12 DHARAM, CHOWK MULTI CAR PARKING, JALALPUR, Uttar Pradesh	India
S2-343470398	Kimberlyn's Management L.L.C.	##8667 CALLE DEL PRADO, RANCHO CUCAMONGA, CA	US
S2-381786454	& Whitney Park, Wilson	TN, 1216 COLE DR, TLABOTT	US
S2-816739910	holbert, raina pet care inc	RIVER CREST DRIVE, HELENA, AL	US
S2-45356884	JIR  THEORY PVT. LTD	Keralam, 19-414/C, 1ST FLOOR, SHYAMALALAYAM, ELOOR, PARUR	India
S2-811159456	F & Z Vision Cénter LLC	20102 Benton Springs Lane, RICHMOND, TX	US
S2-517451413	M/s Utsav Services	#5 JAWAHARLAL NEHRU RD, KOLKATA, পশ্চিমবঙ্গ	India
S2-383297063	Campa  Deli (LLC)	76 CAMPGROUND RD, MAMMOTH CAVE, KY	US
S2-30720967	Hanssen & Kolar	309 SPRUCE STREET, CHARLOTTESVILLE, VA	US
S2-124522842	Ace Índustrial Holdings Priavte Limited	NO 40 THE TATA POWER CO. LTD, CORPORATE CETNRE 34 SANT TUKARAM ROAD, CARNAC BUNDER, MUMBAI, Maharashtra	India
S2-592551313	The 694  Madison Avenue Owners Corp	512-D SKOKIE BOULEVARD, WILMETTE, IL	US
S2-723928973	Bureau of Education Ltd	4911 BERRY LEAF PL, HILLIARD, OH	US
S2-730721394	CORNERSTONE BROOKFIELD	316 WALKER AVE, WATERTON, NY	US
S2-503429492	HAWKINS, CHUMBLEY AND  VALERIANO INC	133 INSKIP DR, KNOXVILLE, TN	US
S2-370097518	Smart Holdings Amc Preferred	1314 ADAMS ST, null, LAKE IN THE HILLS, IL	US
S2-176831365	Knapp Gliooabl Inc	1813 SCOND STREET, VINCENNES, IN	US
S2-175604744	Daffi J. Perez,	7345- MAGNOLIA RIDGE DR, GERMANTOWN, TN	US
S2-389818771	Christ-Lutheran Church Ltd	WI, TOWN OF FAIRFIELD, E13541 FAIRFIELD RD	US
S2-115701281	Pi0neer  General LLC	0106 DAVID CIR, NEWPORT NEWS, VA	US
S2-677289558	Capital Rio, Corp	DOWENRS GROVE, #6230 PERSHING AVE, IL	US
S2-285914895	The Harbor International	231 TRANQUILITY MOUNTAIN, BUDA, TX	US
S2-948597895	Cobalt Sunshine	1386 2735, DECATUR, TX	US
S2-842951530	Kavertech Próducer LLP	CHIRACKAL LIGHT HOUSE CHIRACKAL SHOPPING COMPLX, KALADY ROAD, ANGAMALY, Kerala	India
S2-40631468	PYRAECTO	CHEMUDU GUNTA, NELLORE, Andhra Pradesh	India
S2-949390083	beacon beacon controls	1086 REDE SAINT, CITY OF GREEN BAY, WI	US
S2-755573085	Tapas (India) Services	DOOR NO 2-3-18/1/8 TO 10 & 33 TO 52, F NO. 204, MAITRI ARCADE, BESIDE PNB, RANIGUNJ, SECUNDERABAD, Telangana	India
S2-43723004	Ltd Aspen	117-119 MAPLE ST, LINDSEY, OH	US
S2-404262688	Mr Allmost Farmer L.L.P.	NO.3D-1, ANNAMALAIPURAM TENNUR, Tamil Nadu	India
S2-616997096	Sun Sangh	203, NIGAM VILLA, 16TH D MAIN HAL 2ND STAGE, INDIRANAGAR, BANGALORE, Karnataka	India
S2-724681924	Indo Edu Private Limited Center	1112, TOWER NO.4, SWASTIK REGALIA CHS. LTD NR.WAGBIL NAKA, NR. GHODBUNDER ROAD, Maharashtra	India
S2-487250188	Vasai Petcare Private Ltd	H.NO 968 ROOM.NO.B/201, ICHAPURTI, APT TAKI ROAD CENTRAL PAR, VASAI, Maharashtra	India
S2-713868643	Global Urban Global	#757. OFFICE PREMISES LOCATED AT 112, ULHASNAGAR, THANE, Maharashtra	India
S2-967332593	Oncology Inc Partners	UTICA, 149 EASTWOOD AVENUE, NY	US
S2-831471641	Lezama Live	221 WALNUT RIDGE DR, FOREST, VA	US
S2-374470520	Inc Nalinix	410 CLEAR CANYON DR, HIXSON, TN	US
S2-170993862	Keystone Software  Associates	1999 FREEHOLD ST, NEWARK, OH	US
S2-519054252	Sargsyan, Gréen & Flippen Dime Ltd	3617 MIGIZI ROAD, CLOQUET, MN	US
S2-449995057	Bay Counci1	37 SANDY BRANCH DRIVE, SELBYVILLE, DE	US
S2-106912041	L.L.C. Shoemaker, + Green Hannum	6318 PEARCE AVE, BALTIMORE, MD	US
S2-424524873	New Ínvestment Private Limited	OFFICE NO. 303-, 3RD FLOOR, SAI HERITAGE, TILAK ROAD, GHATKOPAR - EAST, Maharashtra	India
S2-927370100	CRYSTAL REALTY (ID: 68464)	10400- FM 927, IREDELL, TX	US
S2-134760285	Mitchell & Thor	7430 EMORY ORCHARD LN, POWELL, TN	US
S2-856662947	CURECLEANINGSERVICEGILMAN.COM	206 STRAIT STREET, GILMAN, IA	US
S2-78889283	Sas & Co Overseas	DOOR NO C-510 BLOCK E TRIDENT GALAXY KALINGA NAGAR, NEAR TATA AREANA, BHUBANESWAR, Odisha	India
S2-948016596	METROPOLITAN  INITIATIVE	21 DUNGEE CIR, PRINCE EDWARD COUNTY, VA	US
S2-436225620	Chennai Test	Tamil Nadu, NO 10, DR.CASMIR COMPLEX, LOOP ROAD, ACHARAPAKKAM, CHENNAI	India
S2-116062371	ಬೆಸ್ಟ್ ಲಾಜಿಸ್ಟಿಕ್ಸ್ ಪ್ರೈವೇಟ್ ಲಿಮಿಟೆಡ್	99, 4-B, CROSS V BLOCK KORAMANGALA INDUSTRIAL EXTN., BANGALORE, Karnataka	India
S2-920330970	CLEAN ALL ATLAS	3328 MORNING MIST LN, TOANO, VA	US
S2-3964983	YT  Tavia		US
S2-356438396	ÉVERESTVENTURESCOM	49 CHESTER STREET, LAWRENCE, MA	US
S2-619729449	wellnesscertified.com	BLATIMORE CITY, 6956 MILBROOK PARK DRIVE, MD	US
S2-228492684	HORIZON-SECURE	BURNSVILLE ICTY, NC, 1704 BAKERS CREEK RD	US
S2-566288819	NOVIARIA	64 WOODVIEW LN, CENTEREACH, NY	US
S2-901390153	sun global private limited	HN 354 PATEL INDIA BUSINESS CENTRE, KITAB MAHAL, 22ND FLOOR 190 D.N.ROAD, FORT, महाराष्ट्र	India
S2-286950244	Legacy  Cohen Corporation	22 BARLOW AVE, WAREHAM, MA	US
S2-8750634	Harmon Environmental-LLC	00131 MARION RD, BFFALO, NY	US
S2-487277515	Sara Madras-600082 Br0thers	B-32, KARTHIKEYAN SALAI, PERIYAR NAGAR, MADRAS, MADRAS, Tamil Nadu	India
S2-466606088	Lorrayne  Oshea Sterling Braemar	837 49, MINEOLA, TX	US
S2-675472707	Eastern इम्पेक्स Limited	946/64 GROUND FLOOR LEKHU NAGAR TRINAGAR, DELHI, Delhi	India
S2-614282312	বাবা টেকনোলজিস প্রাইভেট লিমিটেড	H.NO 38/J/17 MAHARAJA TAGORE ROAD, KOLKATA, HOWRAH, KOLKATA, পশ্চিমবঙ্গ	India
S2-534615813	Curiel, Juez & West, LLC	3125 KENNEDY DR, SALT LAKE CITY, UT	US
S2-856480464	Staci Mesnadoaz Metropolitan Agriculture Uptown, LLC	12  NACO WAY, CHANDLER, AZ	US
S2-330417075	Sashwat  Prints Private Limited	<NULL>, Haryana, 1220/6, MPD-3868, BAHADURGARH, JHAJJAR, BAHADURGARH, BAHADURGARH	India
S2-755277359	HAWKINS AND HÉRNANDEZ LLC	321 LOGGN AVE, TERRY, MT	US
S2-790473987	শিবম টেকনোলজি	#12/1 OLD POST OFFICE STREET, KOLKATA, West Bengal	India
S2-900010753	ALBANY SERVICE		US
S2-345085185	Gallup Corp Towing	508 -301- CHAPEL LAKE DRIVE, VIRGINIA BEACH CITY, VA	US
S2-618972944	Atn (Inc)	252 RED CEDAR COURT, CHESAPEAKE CITY, VA	US
S2-450538091	Anilya Alloys Limited	A-B3/25, SECOND FLOOR, MOHAN COOPERATIVE INDUSTRIAL ESTATE, MAT, HURA ROAD, NEW DELHI, Delhi	India
S2-431126695	UGA Anchor  Boa Downtown L.L.C.	363 HARTLESS ROAD, AMHERST COUNTY, VA	US
S2-343381660	The Johnson Family Office Center	10196 MOUNTAIN ROAD, CASCADE CITY, CO	US
S2-859848018	JAIPUR LIMITED PRIVATE  ACCESSORIES	5/248 MALVIYA NAGAR, JAIPUR, Rajasthan	India
S2-987865398	Olivares Banc	KNOTTS ISLAND, 109A WILLIAMS DR, NC	US
S2-2499937	Private Medall Hospitality Enterprises Limited	B 116 SARAF GROUP, AMBER, Rajasthan	India
S2-951538047	Benny Pátel, DMD Inc	1218  SMILEY TROUTT RD, BETHPAGE, TN	US
S2-240103168	Nais Lakeside	790 BANDIT TRAIL, KELLR, TX	US
S2-514325491	5ALEEM SCHWAB,	1226B RIVER PARK CIR, VILLAGE OF MUKWONAGO, WI	US
S2-598610883	Jai  Consultants Constructions	#15, DANIEL STREET, II FLOORT NAGAR, CHENNAI T NAGAR, CHENNAI, T NAGAR, CHENNAI, Tamil Nadu	India
S2-526719108	Bureau of Transportation West LLC	1432 MOUNT OLIVET CHURCH ROAD, ELLENBORO, NC	US
S2-762435641	Bird Potts + Mcginnis Signs Uptown  Inc.	10020 Monte Way, NEWBURGH, IN	US
S2-72408016	Maid Hypnosis LP		US
S2-27650345	The Metro Vanguard Mitsui (Inc)	01718 DERRS SQ, FREDERICK, MD	US
S2-847642452	Happy Ice Cream!	22ND AVENUE, BIRMINGAHM, AL	US
S2-633468077	PARTAIN AND-HATCHER FINANCIAL GROUP	8026 FOXTAIL LANE, GLEN BURNIE, MD	US
S2-106750439	बालाजी फाउंडेशन प्रा. लि.	HOUSE NO 7-6 1ST FLOOR BLK-WZ VILLAGE NEEMRI SHASTRI NAGAR CITY DELHI LANDMARK, NEAR CANE, SONEPAT, NORTH WEST, Delhi	India
S2-936884379	India Varni Agencies  Pvt Ltd	#140/6 FLAT NO 203 FLOOR NO 2ND ARYAPRATHAM, APARTMENT NEAR WARJE BRIDGE ROAD OPP UNION BANK, PUNE CITY, Maharashtra	India
S2-706151751	Family Gad Specialists Group	33 WILLOW CREST, WESTMONT, IL	US
S2-676211559	Delta Council	20 SURFSIDE NARRAGANSETT, NARRAGANSETT PIER, RI	US
S2-301551130	Unified Wéllness Brands		US
S2-158619194	TWISTED YATA (ID: 46682)	250 PALO ALTO DRIVE, PMB 7257, FLORESVILLE, TX	US
S2-14068945	ENVIRONMENTAL FUND LLC	5253 STUMBERG LN, BATON ROUGE CITY, LA	US
S2-259747487	GREAT SAFE	330 304, NEW CITY CITY, NY	US
S2-478844767	Eminent Estates Pvt Ltd.	GOVIND PLAZA CHINHAT ROAD, OLD COLD STORAGE, NEAR SHANKAR PURI, KAMTA TIRAHA, LUCKNOW, Uttar Pradesh	India
S2-908566664	Corp Rev It Up Massage! Partners	224 GOLDEN HARVEST CIR, BLACKSBURG TOWN, VA	US
S2-781372960	>> Emmy Khan, D.C. Ltd Partners	827  FRANK MARTIN RD, SHELBYVILLE, TN	US
S2-403510310	Stesha  Wallace Ventures L.L.C.	78 FORT HILL AVE, YONKERS, NY	US
S2-739208908	Oona's-Contracting Eastgate	45 FIRST STREET, OLIVIA COMMUNITY, TX	US
S2-605104022	vertex	10849 319TH STREET, AUBURN, WA	US
S2-645003618	V 5 V Defense Corp.	28962 FARM RODA 1260, GOLDEN, MO	US
S2-537260241	VIGIL AND MARION PC	1620  HILLCREST AVENUE, SHEFFIELD, AL	US
S2-271567148	Henricks'S Coffee Llc	1935 RUSHLEY RD, PARKVILLE, MD	US
S2-830436713	Private Maa Investments Limited	7TH MAIN, 3RD E - CROSS MARUTHI LAYOUT, VASANTHAPURA, BENGALURU, Karnataka, BANGALORE, 16	India
S2-294788012	Elliston Coastal  Banco	7878A GAINEY RANCH ROAD, SCOTTSDALE, AZ	US
S2-781088026	Nye Golden White	117 BARLOW DR, BROOKLYN, NY	US
S2-87360292	Magadh Clobge	West Bengal, 18 B BRABOURNE ROAD, KOLKATA	India
S2-343501791	Hurley Acnhr Summit LLC	5641A WHIPPOORWILL DR, WINSTON-SALEM, NC	US
S2-836298949	-- VENTURES OSIIREIS ENTERPRISES PVT. LTD.	A #38 SECOND FLOOR VIJAY VIHAR PHASE 2 ROHINI SECTOR 4, NORTH WEST, DELHI	India
S2-539911221	Classic Industrial Center	690 ROOSEVELT ROAD T, PORTALES, NM	US
S2-897761400	Car Retail Limited	H.NO 178 A-60/12, PLOT NO. E-1, NORTH VINOD NAGAR, NEW DELHI, Delhi	India
S2-705748435	MB Hotels  Private	112, SRK HOUSE, KATARGAM AMROLI ROAD, SURAT, Gujarat	India
S2-934798050	हाईटेक प्रोजेक्ट्स लिमिटेड	SHOP/OFFICE NO.39, REGENCY ANANTAM KALYAN, JALNA, THANE, Maharashtra	India
S2-974796269	seven infrastructure private limited	H. NO. 3-14-122/1, KRISHNA COLONY, HANAMKONDA, Andhra Pradesh	India
S2-635738375	Nodaon Group Partners	84 GREENING RD, BERKSHIE, NY	US
S2-353716542	Arcvera	GAFOOR KHAN EST LBS, Maharashtra, MUMBAI, MUMBAI SUBURBAN, 101 A-WING PLOT NO B CTS	India
S2-779156624	ओम कृष्ण एंटरप्राइजेज प्राइवेट लिमिटेड	PLOT NO. 78-A, FLAT NO. T-4, THIRD FLOOR, SHALIMAR GARDEN EXRN-1, GHAZIABAD, उत्तर प्रदेश	India
S2-612718290	US TOTAL ARC	NINEVEH, 7169 LION DRIVE, IN	US
S2-774231123	Pj Termina1s	C-705 CRYSTAL PLAZA 7TH F, M R NO 2 LINKING RD C D, MUMBAI, Maharashtra	India
S2-968356826	होटल मीडिया	A-#103, SAKI VIHAR CHS. LTD., BLDG. NO.1, SAKI VIHAR, OFF SAKI VIHAR RD, SAKINAKA, MUMBAI, MUMBAI CITY, महाराष्ट्र	India
S2-305508408	Indium Traders Limited	WORLD TRADE CENTRE, LEVEL ##9 TOWER 2, OPP. EON FREEZONE KHARADI, PUNE, Maharashtra	India
S2-671649180	Clear Global		US
S2-607642800	Jay Construction Limited	Maharashtra, DOOR NO G-31 KHATILA MANZILSENAPATI BAPAT MARG DADAR, MUMBAI	India
S2-395639460	Associates Taylor Fashion	343 1/2 60, SLOCOMB, AL	US
S2-229976047	Madelina Bílbrey Spire, LLC	FIELD CIR, FREEPORT, IL	US
S2-163840404	सन कंसल्टेंट्स प्राइवेट लिमिटेड	#16 PROMOTER 15/6, KALKAJI, NEW DELHI, Delhi	India
S2-889135205	सूर्य ग्लोबल प्राइवेट लिमिटेड	UNIT NO 23/B, MUMBAI, MUMBAI CITY, Maharashtra	India
S2-443538808	Shri Kin Fashion Ltd	PLOT NO-369/511, MOUZA-TENTULINANDA, PS-SADAR, TAHASIL-SADAR, KEONJHAR, Orissa	India
S2-225350159	EW THERAPY LLC  SERVICES	6940 MARCH WAY, ELK GROVE, CA	US
S2-432723670	PRIME-VALUE BOX,	2125 19TH SREET, GRESHAM, OR	US
S2-759267804	Catie Macpherson Crystal Resolution	HANS CREEK ROAD, GREENVILLE CITY, WV	US
S2-578474611	Shri Sham India Pvt Limited		India
S2-271739845	Quodelta League Inc	1518 JOHNSON LANE, CLARKSVILLE, IN	US
S2-81789993	LLC Scott Advanced Iheartmedia Downtown	AZ, PHOENIX, 39628 FIFTH AVE	US
S2-519201394	L 2 Z Tudnrr LLC	AZ, 6466 AROYO LARGO, TUCSON	US
S2-679646694	Mr Buildtech Trust Corp		India
S2-651637300	Cardiology Group Híghland	2778 WHITESIDES ROAD, FOREST CITY, NC	US
S2-802768114	TCG Enterprisers Private Ltd	609, 6TH FLOOR, PADMA TOWER-II RAJENDER PLACE, NEW DELHI, Delhi	India
S2-978200559	BAY SÓCIETY	100 GAEWAY RD, YONKERS, NY	US
S2-979515993	International Management [Private-Limited]	HN 218 PRIDE CLASSIC 4TH F SHOP, 408 PATIDAR CHOWK SV ROAD, RAJKOT, ગુજરાત	India
S2-241102303	NO  RESIDENTS EXPORTS PRIVATE LIMITED	11-5-473, RED HILLS NAMPALLY, Telangana	India
S2-529559498	Isidora Stanley Broadband Lakeside	155 ANTELOPE VALLEY, SAN ANTONIO, TX	US
S2-919958047	Kenna's Auto	KY, 3712 WARNER AVE, ST MATTHEWS	US
S2-494102478	India Tulsi Exim Private Private	15-B , ANAND VIHAR SOCIETY, 20TH RD KHAR (W) MUMBAI, MUMBAI, Maharashtra	India
S2-275415486	Metro Security	27TH ST, MINNEAPOLIS, MN	US
S2-742088882	Peneque Metropolitan Axiom Llc	51 1/2 BARNES ROAD, TARRYTOWN, NY	US
S2-539487483	officeaging.com	3123 FARMSTEAD DRIVE, BENTON, KS	US
S2-621975205	Royal-Properties Motors Private	#2590 , SUCHA SINGH STREET B/S BANK OF BARODA, BATHINDA, ਪੰਜਾਬ	India
S2-581741743	Reliable Fisheries Corporation	550  INDIANA AVENUE, AURORA, IN	US
S2-284568069	Family Alliance Inc	ME, RAYMOND, 156 RAYMOND HILL ROAD	US
S2-146996688	Software Sk Ftoosd (Co)	#14 JAI HADESHWAR SOCY OPP- RAKHIAL HINDI SCH RAKHIAL, AHMEDABAD, ગુજરાત	India
S2-697948330	Mascot-Developers Private	H.NO. 8-512 , SECTOR-12, ROSHAN NAGAR, SAVINA, UDAIPIUR, Rajasthan	India
S2-865273323	Grand Federal Healthcare (L.L.C.)		US
S2-627341192	ORBORA DIRAAOAN PC	1311 RUSSELL RD, CHANDLER, IN	US
S2-731236159	NAV & BROERS  OVERSEAS LTD	HOUSE NO.:C-194, C/O SH.SUKH LAL YOGI, J.J.COLONY, INDER PURI, NEW DELHI, N/A, Delhi	India
S2-190298268	प्रीमियर एनर्जी लिमिटेड	202-203, GOKARNA, R.M.BHATTAD ROAD, OPP ADITYA INSTITUTE, KALPANA CHAWLA CHOWK, BORIVALI, MUMBAI, MUMBAI CITY, महाराष्ट्र	India
S2-956786940	EASTERN TRI-STATE STARLINK LLC	3963 BOGARD HOLLOW ROAD, IN, ENGLISH	US
S2-323482896	മോഡേൺ ഹോസ്പിറ്റാലിറ്റി പ്രൈവറ്റ് ലിമിറ്റഡ്	MANAKKATTU HOUSE, NEAR AMBATTUKAVU TEMPLE, AYAMKUDY P O, KADUTHURUTHY, KOTTAYAM, VAIKOM, KOTTAYAM, Kerala	India
S2-364820336	cooperscornerstoneagriculture.com	1404 MONTVALE RIDGE DRIVE, PMB 6418, CARY, NC	US
S2-41663066	3705 Highland Way Owners C0rp LLC	301 166TH CT, VANCOUVER, WA	US
S2-847882502	Cardiology-Pfrtnres	5 MUONT PLEASANT ST, WORCESTER, MA	US
S2-903243837	Surgical Care Associates [Company]	AZ, SAN TAN VALLEY, 4719 KENNETH LN	US
S2-431758951	Miner Tax Service	118 SUNNY LANE, RUIDOSO, NM	US
S2-820284876	சன்ரைஸ் புராடக்ட்ஸ் பிரைவேட் லிமிடெட்	OLD NO. 37 NEW NO.8/17, KUMARASAMY GR LAYOUT, 2ND STREET KONGU MAIN ROAD, TIRUPPUR, COIMBATORE, Tamil Nadu	India
S2-692078592	ST. FELLOWSHIP INC.	MANVEL, ##30 RODEO DR, TX	US
S2-143977672	National Keystone Manulife L.L.C.	846 BLACK FOX XING, MURFREESBORO, TN	US
S2-518657430	Hernandez C1ear-Leapfrog [LP]	22547 DESERT BLOOM STREET, BUCKEYE, AZ	US
S2-298527531	MARTIN RIDGE	1272- VALLEY VIEW DR, YOUNGSTOWN, OH	US
S2-218158965	Parris  Platinum Nano	4169 A HAWKINS DR, WESTMORELAND, TN	US
S2-149182232	Decagon  Advisors Holdings	2F/744, SOBHA SERENE, VGN AVENUE SENNEERKUPPAM, THIRUVALLUR, Tamil Nadu	India
S2-160402201	Cao	2983 CODY STREET, MEDFORD, OR	US
S2-717958152	Shreeji Party Ltd	H.NO 1 & 2, 73, NH.NO 8, APPLE HUB INDUSTRIES, PELHAR, THANE, Maharashtra	India
S2-140961326	THE DECON DEVELOPERS [LIMITED]	103 FLOOR-1ST PLOT-1/3 SUJATA CHAMBERS ABHAYCHAND GANDHI MARG MASJID STN MANDVI, MUMBAI, Maharashtra	India
S2-474753164	Midwest Cardiology	2939 HIGHWAY 126, BLOUNTVILLE, TN	US
S2-26394070	Cuddapah Medical	43/12, PRAKASH NAGAR, NEAR CHANDRA MOULI SCHOOL, CUDDAPAH, Andhra Pradesh	India
S2-24330465	Sri White Foods Restaurant	DOOR NO 29 C/O- GANESWAR LENKA, POKHARIAPADA NO-I P.MUNDAI, PS- PATTAMUNDAI, PATTAMUNDAI, Odisha	India
S2-105273366	Dk Frontier Usa Llc	501 54, CARRBORO, NC	US
S2-721931483	डायनामिक प्रॉपर्टीज प्राइवेट लिमिटेड	12, PUNE, NAVI PETH, Maharashtra	India
S2-648126659	The Devon Prado Copley	2377 SAN LORENZO TRL, CASA GRANDE, AZ	US
S2-16775307	Division of Works Center	703C DOWLING ST, KENDALLVILLE, IN	US
S2-628121208	Torque Academy Private	Maharashtra, FLAT NO: 07, SR NO: 33/2, PLOT NO 28 SANSKRUTI SHILP, TINGARE NAGAR, ROAD NO:, 14, PUNE	India
S2-598096635	Intemal Medice Gulf Center	3713-3717 DEL SIENNO STREET, KS, WICHITA	US
S2-504827700	Consortium Seva Samiti Exports	Maharashtra, P. NO. A/14, CHAUDHARI COMPLEX, AJANI SQUARE WARDHA ROAD, NAGPUR, NAGPUR	India
S2-867703267	GUY CAPITAL	9008 LAUREL CT, HIGHLANDS RANCH, CO	US
S2-288424236	Omkara Healthcare Private Limited	# 40-7-2/ , VENKATA BALAJI TOWERS, JAMMICHETTU CENTRE, MOGALRAJPURAM, VIJAYAWADA, Andhra Pradesh	India
S2-581452565	Lexy  Rangel Best	11053 AVOCET ST, COON RAPIDS, MN	US
S2-516847245	விஜய் ரெட் இன்வெஸ்ட்மெண்ட் பிரைவேட் லிமிடெட்	NO.231, POONAMALLEE, TIRUVALLUR, Tamil Nadu	India
S2-333715815	జైన్ సాఫ్ట్‌వేర్ ప్రైవేట్ లిమిటెడ్	H.NO 5-7, GANESH TOWERS, KAKATIYANAGAR, ASHOK NAGAR, RAMACHANDRAPURAM, MEDAK, Telangana	India
S2-824359905	city of	17004- ASPEN LEAF DRIVE, BOWIE, MD	US
S2-849620442	Ganadhip Accountant  Private Limited	C/O MAMATA BEHERA AT PO JAIPATNA, KISHOREPADA, ଓଡ଼ିଶା	India
S2-222661204	Sri Heera  Finance Pvt Ltd	BISWAL COMMERCIAL COMPLEXOPP BHUBANESWAR HOTEL CUTTACK ROAD, BHUBANESWAR, ଓଡ଼ିଶା	India
S2-750070126	Nationa1 Association Ltd	WV, 21 BUFFINGTON STREET, HUNTINGTON	US
S2-531223664	Rice Barings		US
S2-367968125	Valentina Valentina Wéatherman,	PITTSFIELD, 65 KITTREDGE RD, MA	US
S2-98013069	Empire-Fellowship	2367 Antigua Dr, COLUMBUS, OH	US
S2-125926135	Martinez and Lewis	DIVISION STREET, SALISBURY, MD	US
S2-353446210	Supreme LLP Services	##25 , RAM DARSHAN CHS LTD RAGHUVIR NAGAR, MANPADA ROAD, DOMBIVILI, Maharashtra	India
S2-155894024	International Digital Ventures,	12300-A MOORES LAKE RD, CHESTERFIELD COUNTY, VA	US
S2-76633775	RUIZ (HILLS,)	121 SCHUTZ DR, CITY OF EL PASO, TX	US
S2-577186665	Economic Dbehvelompent Fund Inc	7324 ALTIDORE DRIVE, ASUTIN, TX	US
S2-147762701	Sherrill Pártners	11 K-MARIE DRIVE, ATTLEBORO, MA	US
S2-224627523	Pioneer  Intelligence	##7214 PONDEROSA, MAGNOLIA, TX	US
S2-448440214	QUANTUC MIDSTREAM L.L.C.	149 SUNDOWN LANE, POTEET, TX	US
S2-251694915	Rocky Regional	116 SHAW RAOD, TELLICO PLAINS, TN	US
S2-139916403	Urvashi Group of Infratech Partners	DOOR NO 32 LEELA NILAYA CHS, TANK PAKHADI RD., SAHAR VLG., VILE PARLE (E), MUMBAI, Maharashtra	India
S2-346874452	शिवम प्रोड्यूसर लिमिटेड	H.NO 778 P 211-212 METRO TOWER VIJAY NAGAR, INDORE, Madhya Pradesh	India
S2-982709076	Family Psyabhicins	6712 SHASTA WAY, KLAMATH FALLS, OR	US
S2-978115329	Sanders International	206 COMMONWEALTH AVE, BOSOTN, MA	US
S2-166470814	PACIFIC FASSLS CO	312 DEER RUN DRIVE, CLARKSVILLE, IN	US
S2-218886187	Private -- Sutra-Trading Limited	GREATER MUMBAI, MUMBAI CITY, E-311 AND E-312 EASTERN BUSINESS DISTRICT, Maharashtra	India
S2-101765675	Boyd Paper Central  Corp	1826 BAYFIELD ST, WASHBURN, WI	US
S2-376683763	Watanabe and Santamaria Medical LLC	#10904 ELMDALE DR, HOUSTON, TX	US
S2-522835120	ब्लू आईटी लिमिटेड	226 JAYWANT INDUSTRIAL ESTATE2ND FLOOR OPP ROCHE PRODUCTS TARDEO, MUMBAI, Maharashtra	India
S2-84608328	Omkar City	DOOR NO 8-1-176/A , M G ROAD, VIZIANAGARAM, ఆంధ్రప్రదేశ్	India
S2-922765242	Rana Law Chambers-LLP	HOUSE NO. 359, CHAMAN GANJ, SIPRI BAZAR, JHANSI, Uttar Pradesh	India
S2-760365495	Mountain Uneid Nuclear, Inc.	SNOWFLAKE CIR, CAMILLUS, NY	US
S2-367765100	White's LP Lending	PO BOX 8841, MN, 163 PENN AVENUE, MINNEAPOLISC ITY	US
S2-712756118	SAINT EMANUEL LLC	196 ALMADEN ST, NC, TROUTMAN	US
S2-932008040	EARTHY BROTHERS PRIVATE LTD	LEONA BLDG., FLAT NO 5801, RODAS ENC HIRANANDANI EST, THANE, Maharashtra	India
S2-531135326	Explorer & Co Industries Co	#G-225 & 217PADMANAGAR COLONY HYDERABAD, HYDERABAD, Andhra Pradesh	India
S2-989301541	ML India Pvt.		India
S2-282961773	PHYSICAL PHYSICAL THERAPY CASCADE LLC SERVICE	711 IRVING SAINT, WASINGTON, DC	US
S2-268440438	Besser-Hall	4126 500, MURRAY, UT	US
S2-244606480	SWEET-BARBERSHOP	126 GREEN CLIFFS RD, SUGAR MOUNTAIN, NC	US
S2-77066213	Gulaothi Oriented	NO ##89 C/O JITENDRA TEOTIA, HAPUR ROAD NR THANA, GULAOTHI, Uttar Pradesh	India
S2-163549432	नॉर्थ फाउंडेशन प्राइवेट लिमिटेड	A - 00407, KANAKIA WALL STREET PREMISES CO. OP. SOC. LTD., ANDHERI KURLA ROAD, MAHARASHTRA, MUMBAI, Maharashtra	India
S2-244869949	Guru  Vidyalaya Holdings	Rajasthan, #7 D/O INDRA CHAND PAREEK, WORD NO. 24 KALI BHATTE K PASS JAIPUR ROAD NOHAR, NOHAR	India
S2-111647224	Cardiology Medicine,	131-C RAYMOND ROAD, POLAND, ME	US
S2-32606962	Onyxcaloonyx	9102 SWIVEN PLACE, ROSEDALE, MD	US
S2-836563673	North Limited Private-Infotech	NAZIR BAZAR BAJKUL, PURBA MIDNAPORE, পশ্চিমবঙ্গ	India
S2-789889917	Allied Desert	32. MAIN STREET, PANAMA, NY	US
S2-541400336	KOCH AND  NEBEL	8596 OAK HILL RD, DANSVILLE, NY	US
S2-580021699	-- Complete Freight Advisors LLC	1871 WOODMARK RD, ST LOUIS, MO	US
S2-129436480	Pioneer Ridge Quest	29601 VINCENT VILLAGE DRIVE, MILTON TOWNSHIP, DE	US
S2-692850168	... industries viceroy exports	34/99, AGRA, SAINIK VIHAR DEORI ROAD, Uttar Pradesh	India
S2-667327888	Anchor Investment 5tudios	9326 TALISMAN DRIVE, VIENNA, VA	US
S2-453368719	Pediatric Dentistry Group Co	27 FT WARREN AVE, COUNTY, WY	US
S2-210717517	capital great inc	117 SOWLES STREET, ALBURGH, VT	US
S2-587632099	lp o u bónilla spire west	10 ANDOVER LAEN, LAWRENCE, NY	US
S2-488406580	SID SANGH  CORP	PLOT NO.13, R.S.NO.1387, RACE COURSE DOUBLE ROAD, NEAR TV CENTER JADHAV NAGAR, BELGAUM, ಕರ್ನಾಟಕ	India
S2-585116844	PHEDRA MILLER FOODS LLC	225 BEAVER STREET, NEWCOMERSTOWN, OH	US
S2-147883747	Smt Akshay  + Brothers	DALMIAPURAM, DISTRICT TIRUCHIRAPALLI, LALGUDI, Tamil Nadu	India
S2-413136874	Jessa1in Miller Meridian-Partners	5060 KINGWOOD AVE, REDMOND, OR	US
S2-326490661	VJ Care Holdings Prihve Limited	NO #45 C/O MANJUNATH H SANGATI GROUND FLOOR, WARD NO 01, YALAMAEGRI, KOPPAL, Karnataka	India
S2-379089587	Peak  Iron LLC	116 KELLAR AVE, SCHENECTADY, NY	US
S2-719113491	साई गुजरात केयर प्राइवेट लिमिटेड	FLAT NO. B3/302 BHAGTANI, KRISHANG CHSL, MUMBAI, महाराष्ट्र	India
S2-186110379	लोटस हॉस्पिटैलिटी प्राइवेट लिमिटेड	#2432 EAT STREET PUNE., PUNE, महाराष्ट्र	India
S2-520919387	Forum Impex Private	AVNEENDRA VIKRAM SINGH S/O VINAY KUMAR SINGH, C/O H.NO. ##1155 B, MADHUBAN COLONY, CIVIL LINES, WARD NO. 5, BUDAUN, BUDAUN, Uttar Pradesh	India
S2-37170427	Resolute Holdings Private Limited Center	06-1-126 , FLAT NO. 401 PADMA RAO NAGAR, Telangana	India
S2-455013755	Cooperative Environmental International  [LLC]	45 HOYLE STREET, PMB 4604, MARION, NC	US
S2-295166340	cleanelite.com	1815 TACMA POINT DR, BONNEY LAKE CITY, WA	US
S2-141944149	ಲೈಫ್ ಎಕ್ಸ್‌ಪೋರ್ಟ್ಸ್ ಲಿಮಿಟೆಡ್	NO 5 AKSHAYA NAGAR KOWDENAHALLI R M NAGAR, BANGALORE, BENGALURU, ಕರ್ನಾಟಕ	India
S2-898282642	8ETH CHADLE-P.C.	BONNYVIEW ROAD, REDDING CITY, CA	US
S2-530542217	PARTNERS CORNERSTONE INSIGHT EMPIRE	6809 300, BLUFFTON, IN	US
S2-650403233	Classic Riverside Archimedes	38 LINCON ST, CHICOPEE, MA	US
S2-68715787	IMMORTAL AND BROTHERS POSVATE LIMITED	Delhi, K-5/107, MOHAN GARDEN, NEW DELHI	India
S2-164387512	Leaegou Harbor IN	182 ANDOVER ST, ANDOVER, MA	US
S2-375425726	Gilliam Biotherapeutics Greater Inc	1762 STUMP ROAD, SKANEATELES, NY	US
S2-512897094	Electricians Local 692 Services	25898 CLAIR ST, COHASSET, MN	US
S2-606740532	GOLD ESTATE PRIVATE LIMITED	SIN HASA JAWAHAR TEKRI, MAIN ROAD NEAR GOVTSCHOOL, Madhya Pradesh	India
S2-59333572	Bradshaw Worldwide, L.L.C.	00940 4TH AVENUE, ALBANY, OR	US
S2-595928109	BLUE LDGEU LLC	1009-1011 151ND ST, TACOMA, WA	US
S2-191174694	thomascalamosjoshua.com	VINTNER TRL, JOSHUA, TX	US
S2-664701397	Trinidad's Printing Clean	2115 LAGRO RD, WILMINGTON, DE	US
S2-32370799	ସ୍ୱସ୍ତିକ ରାମ ଇନଭେଷ୍ଟମେଣ୍ଟସ୍ ପ୍ରାଇଭେଟ୍ ଲିମିଟେଡ୍	HOUSE NO. #35, PLOT NO. 1853/1861, OMMKAR VILLA, BHUBANESWAR, KHORDHA, Odisha	India
S2-1329476	Porter Vanguard Oceanhawk Pc	2235 LEISURE WORLD, MESA DESERT, AZ	US
S2-132810637	विजय एंटरप्राइजेज प्रा. लि.	NO 601 PLOT 18 LINKING RD A WING TWINKLE APPT, ANDHERI W OFF V D RD EXTN, MUMBAI, महाराष्ट्र	India
S2-959055819	Ltd Devam Pvt Service	PLOT NO-R.S 70(P), MIDNAPORE, West Bengal	India
S2-659142859	eof pioneer mae	233 CHESTNUT ST, SAINT MARYS, OH	US
S2-920207477	The Keystone  Semiconductor Labs Corp	2561 TAHITI TERRACE, ALABASTER, AL	US
S2-410126841	Mount Migitries (Center)	06831 ARBOR CREEK DR, LOUISVILLE, KY	US
S2-785442361	HEALY STERLING IMMUNOPHARMA	CT, SOUTHWOOD ACRES, 3 DEERFIELD CIRCLE	US
S2-650227105	Kay Law Cahmegrs Cahmegrs	E-8/244, TRILANGA, BHOPAL, Madhya Pradesh	India
S2-119907794	Prompt Trading Pvt Ltd	#A-87 CAPITAL PARK, 4THFLOOR, UNITNO.403B&404, SY NO.72, PLOTNO.1-98/4/1-13, 28&29, IMAGE GARDENS R, D, MADHAPUR, HYDERABAD, Telangana	India
S2-857216235	pinnacle.com	##9280 BRANT POINT, NEW HAVEN, IN	US
S2-845376262	यूनिक वेंचर्स फूड्स प्राइवेट लिमिटेड	FLOOR 4TH, PLOT 140, PLAZA SHOPING CENTRE SHERIFF DEVJI STREET CHAKALA MARKET, 408, MUMBAI, MUMBAI CITY, Maharashtra	India
S2-963826280	Energevo Ice  Private	PARSHWA 6 SANT NAGARARANYESHWAR, PUNE, महाराष्ट्र	India
S2-776054439	M/s SWAYAM VENTURES	PLOT 641 C/O DATTATRAY NARAYAN, DHARMANATH NAGAR DUDHODI, KARJAT, महाराष्ट्र	India
S2-106571440	NIRMAN & BROTHERS PRIVATE LÍMITED	NO 203  , PLOT NO.794-795, PNR LAKE VIEW HMT SWARNAPURI COLONY, MIYAPUR, తెలంగాణ	India
S2-2387969	baba.com	C-1-98/5/2/REGNATI/1401 NEAR WESTIN HOTEL, MADHAPUR, Andhra Pradesh	India
S2-539159666	Rebeka Charles Resilience Corp	221 MAIN STREET, VAIL, IA	US
S2-308971714	LYRANCO HAIR STUDIO	3404 SUMMERFIELD DR, CLRKSVILLE, TN	US
S2-923647134	Bholanath Pharmaceuticals Private	VILLAGE KESHWPUR, POST BAGHANALA DISTT BASTI (U.P.), BASTI, उत्तर प्रदेश	India
S2-950910173	Private Mamta Impex Limited	B-605, MUMBAI CITY, महाराष्ट्र, MUMBAI, RUKMINI VAIBHAV CO-OP HOUSING SOCIETY VEERA DESAI CROSS ROAD, ANDHERI (WEST)	India
S2-694064827	kolkata pharmaceuticals private limited	33 D H ROAD, 2C, ARADHANA APARTMENT, KOLKATA, KOLKATA, West Bengal	India
S2-556451	Capital School Of Medicine Inc - 4988014907	824 7TH AVENUE, DECATUR, AL	US
S2-718533662	Kestan Bankshares	SMYRNA, DE, 68 DEVON RD	US
S2-915853082	Express Better Ánalytics Group	114 MAIN STREET, PARIIS, ID	US
S2-732475629	Achieve Trade Enterprises Private Limited	SHOP 21 JALARAM MANGALAM, HINGNA DIGDOH(CT), HINGNA, महाराष्ट्र	India
S2-646126875	गुड केयर प्राइवेट लिमिटेड	OFFICE NO 7620, 16TH FLOOR, MAKER TOWER E CUFFE PARADE, MUMBAI, MUMBAI CITY, Maharashtra	India
S2-573795106	Midwest Cardiology	11003 41ST ST, TULSA, OK	US
S2-565766655	Scurry, Pulcl & Mccabe Webster LLC	911 LIVINGSTON AVENUE, COLUMBUS, OH	US
S2-543864390	Sarasesh Private Limited (Center)	H.NO 326 M G ROADASHOL VIJAY CPX, PUNE, Maharashtra	India
S2-191866478	Vijay Vijay Software Co	FLAT NO P2/06 12 AND 17 FLOOR, TOWER 7, SECTOR ZETA-01 PRVANCHAL HEIGHTS, DADRI, Uttar Pradesh	India
S2-919135859	स्वस्तिक मार्केटिंग लिमिटेड	4-A, MUMBAI CITY, BOMBAY, Maharashtra	India
S2-918110262	Bertie Cortez, O.D. Inc	NM, 535 BROADWAY ST, TRUTH OR CONSEQUENCES	US
S2-544796941	allied golden downtown, inc	116 CABRESTO ROAD, QUESTA, NM	US
S2-656787762	AB Fítness Private Ltd	F-1, GOKUL COMPLEX, OPP. GURUKUL MANDIR, AHMADABAD CITY, Gujarat	India
S2-465715232	Astrid Foundation Exports Ltd	301-16, BANDAR GALLI, AT POST GHUNAKI, HATKANANGALE, Maharashtra	India
S2-754101505	muthu suppliers private limited	3-6-365, FLAT NO.311, 5TH FLOOR, LIBERTY PLAZA, LIBERTY, HYDERABAD, Telangana	India
S2-730242355	apexpaymentworldwide.com	0 40 1/2 NICKEL PLATE TRAIL, FISHERS, IN	US
S2-857007539	H+ Lghsb Group	25 HENRY WAY, MILLIS, MA	US
S2-535129943	*** SHYAM VIJAY DEVELOPERS PVT [LTD.]	CTSNO.888, DARGHA COMPLEX, 1STFLOORSHOPNO 13, PBROAD, NORTH KARNATAKA REGION, HAVERI, Karnataka	India
S2-154268491	Sky Nursing Home		India
S2-506407741	Fields Frontier Corp-Services	7747 BRIDLEWOOD CT, NORTH RICHLAND HILLS, TX	US
S2-145131937	Progressive Educational Society  Care Corporation	NO.15, FIRST MAIN ROAD, SRINIVASAPURAM, THIRUVANMIYUR, Tamil Nadu	India
S2-196996305	Mr Surya Private Limited Services	Gujarat, PLOT NO. 34. TO 39, SURVEY NO. 171-172, MAHAVIR INDUSTRIAL AREA, NR. ISHWAR WEIGH BRIDGE, PADAVALA MAIN ROAD, AT-PADAVALA, KOTDA	India
S2-361784563	Agro Products Co		India
S2-278568865	x m kirkland properties properties	2330 VEHICLE DR, RANCHO CORDOVA, CA	US
S2-247926647	zno logistics greater llc	9 CABANA DR, TIJERAS, NM	US
S2-392994485	Nirman Academy Ventures	PT NO-261, RAJA RAJESWARA NAGAR, KONDAPUR, SERILINGAMPALLY, తెలంగాణ	India
S2-541750887	Pepin Keystone Blackstone Inc	UT, 500, SALT LAKE CITY CCITY	US
S2-608629229	Oncology  Care Aosdiast	256 PARKLAWN BOULEVARD, COLUMBUS, OH	US
S2-787589871	GANPATI TRADECOM (INDIA) PVT. LTD.	A 103 FIRST FLOOR PANCHWATI COMPLEX, SECTOR B LDA COLONY KANPUR ROAD, LUCKNOW, Uttar Pradesh	India
S2-446720731	गैलेक्सी मीडिया लिमिटेड	H NO 210, SUNCITY, CHHATARPUR, Madhya Pradesh	India
S2-957766421	Children's Center Summit	45 GRIGGS LN, MILTON, MA	US
S2-341124944	RATLAM COMPUTERS PRIVATE LIMITED	45, BICHALA WAS, RATLAM, Madhya Pradesh	India
S2-513445558	STAMPER MARKETING	42. MAIN SAINT, N/A, LYNDON, VT	US
S2-821426502	Better Society  LLP Center	E-29/1, WARD NO. 1, DESU ROAD, NEAR BHAGWATI HOSPITAL, MEHRAULI, NEW DELHI, Delhi	India
S2-816504980	INDIA MANJUSHA SERVICES OVERSEAS PRIVATE LIMITED	NO 31 M H HEIGHTS, 20-76/2(12), MELKAR, BANTVAL, ಕರ್ನಾಟಕ	India
S2-198044607	Drayic Btc Llc	304. BONHAM STREET, SAN BENITO, TX	US
S2-123743652	Quovio Alliance	MA, LOWELL, 568 WILDER SAINT	US
S2-491504375	@humanrights	865 COUNTY RD 172, ATHENS, TN	US
S2-574147563	Prashant  Cliinc	356 TRICHY ROAD SINGANALLUR, COMBATORE, Tamil Nadu	India
S2-874262655	High Ftinansee Private Limited	A 34 AVANI HILLS, BH SATELLITE TOWER SATELLITE, AHMADABAD CIYT, Gujarat	India
S2-56228238	ENTERPRISES TUMKUR CHEMICALS LIMITED	SURENDRA KUMAR PANDEY/VISHWANATH PANDEY BEHIND DHARAMKATA, REWA, मध्य प्रदेश	India
S2-990277306	ENTERPRISES BRR HOLDINGS PRIVATE LIMITED CENTER	NO 9-32 GR FLR, UNIT NO.G-02, VASANT VAIBHAV CO-OP, KURLA EAST, SOC. LTD. CHUNABHATTI, MUMBAI, Maharashtra	India
S2-443502225	Beacon Wholesale Digital	HWY 87, GILCHRIST, TX	US
S2-138840395	Muthu It	ఆంధ్రప్రదేశ్, 403 , PLOT NO 44 AND 45, SRI PAL TOWERS KIRLAMPUDI LAYOUT, VISAKHAPATNAM	India
S2-817169651	Tew & Davis Incorporated	119 THE HILLS, CLINTON, OK	US
S2-25393327	Shipley Association Heartland	437 HILL ST, HARRISONBURG CITY, VA	US
S2-74273469	Desert Evo	138-142 RIDGEVIEW AVENUE, FAIRFIELLD, CT	US
S2-797329396	Surgical Desert Clinic Inc	8020 JOEDAD TER, PEORIA, AZ	US
S2-22793625	BOLIVAR PEDIATRIC DENTAL GROUP	1021 SOUTH HALLMARK DR, BOLIVAR, OH	US
S2-874636821	Metro Heatleth Center	HOWCROFT ROAD, HEMLOCK, NY	US
S2-296565781	Lyreus M0rtgage	4601 DUSTIN LN, OAK HILL, TN	US
S2-56910936	LLC VALLEY FDERATON	428-430 8TH STREET, SIDNEY, MT	US
S2-553209769	ZIMMERMAN, PC & ROGERS CURRIE	200 NEWBERRY ST, RED BANK, TN	US
S2-623669269	പ്രൈം ഗോൾഡൻ പ്രോപ്പർട്ടീസ് പ്രൈവറ്റ് ലിമിറ്റഡ്	DOOR NO 295, WARD NO.11, KAIRALI NAGAR, ERNAKULAM, Kerala	India
S2-629543845	Hyderabad Foods Pvt Limited	FLAT 506 BOGAN VILLA APARTMENTS 7-1-53A DHARAM KARAN ROAD, AMEERPET, HYDERABAD, Telangana	India
S2-518589900	rapidcornerstonedbdr.com	AZ, SUN LAKES, 24502-24504 Starcrest Dr	US
S2-237963672	Onyx Láne Care Partners	KY, IRINGTON, 416-418 LONG VALLEY RD	US
S2-477171381	americanpioneerorigin.com	74 SIXTH AVENUE, QUINCY  CITY, MA	US
S2-624530506	Jonis Roberson Tactical [Associates]	1111 ULATIS DRIVE, VACAVILLE, CA	US
S2-643646715	FGR Pvt. Ltd. Services	5/391/11ALAGAPURAM KATTUR, SALEM, தமிழ்நாடு	India
S2-319212648	राज मार्केटिंग प्राइवेट लिमिटेड	MOUJAM PUR, NEH NAGAR, BADAUN, उत्तर प्रदेश	India
S2-772220103	Beacon Rsein  Highland	181 Lake St, NULL, ALBANY, OR	US
S2-901433670	Delta Institute LLC	17756 SALOME ST, AZ, GOODYEAR	US
S2-964251531	Complete DZ LLC Maywood Coastal	5857D WALNUT AVENUE, DOWNERS GROVE, IL	US
S2-195828714	Marks Kelly Cascade  Nexus	1236 84 ST, BROOKLYN, NY	US
S2-410937239	ইন্টারন্যাশনাল প্রজেক্টস প্রাইভেট লিমিটেড	CO GHANA SHAYAM PRASAD GUPTA GRD FR 4 MADAN GOPAL LANE, KOLKATA, HOWRAH, West Bengal	India
S2-315957452	ADITYA SOFTWARE PRBIAOLVBE LIMITED	NO.33 , 2ND CROSS, 1ST STAGE, GANGOTHRI LAYOUT, SARASWATHIPURAM POST, MYSORE, Karnataka	India
S2-740628359	Abboud and Chambers	1415 BORO LN, MT. PROSPECT, IL	US
S2-597532562	Futures Net Private Ltd	#21 , MARUTHI NAGAR, MALLESHPALYA EXTENSION, BANALORE NORTH, ಕರ್ನಾಟಕ	India
S2-871703573	राम लाइफ सॉफ्टवेयर प्राइवेट लिमिटेड	H.NO 2ND FLOOR, A-28, VIDHYALAYA MARG, JAIPUR, Rajasthan	India
S2-558096107	Ra1ph Apparels Private	GENERICART HOUSE, महाराष्ट्र, SANGLI, MIRAJ	India
S2-777373869	Golden Tech #67693	PLOT NO 52 H.NO:24-84/52, LAXMI NAGAR COLONY, RANGAREDDY, Telangana	India
S2-457401739	Smt Excel Corp	UNIT NO.102, 1ST FLOOR SUSHMORE BUILDING, PLOT NO. 323, LINKING ROAD, KHAR(WEST), MUMBAI, Maharashtra	India
S2-216540018	Miles Bright Charlton Inc	1612 SANDPIPER DR, EDMOND, OK	US
S2-300059355	VERRYN CITIGROUP LLC	1911 MEADOW GRASS CREEK, OWENSBORO, KY	US
S2-22772506	HERMlNE'S HEARTLAND  APPAREL	28 BRADSHAW STREET, MEDFORD, MA	US
S2-22926368	Sahil Services Overseas LLP	NO. 903 416, 4TH FLOOR, VINITA CHS, NEAR MALHAR CINEMA, THANE, THANE, Maharashtra	India
S2-815157219	ஓம் பயனியர் இண்டஸ்ட்ரீஸ் பிரைவேட் லிமிடெட்	P.NO-2E, SABARI GARDEN, VENGAIVASAL, TAMBARAM, KANCHIPURAM, தமிழ்நாடு	India
S2-942471391	ABIGAEL'S BÉST ARCHITECTURE	23 HUNTERS LN, ITHACA, NY	US
S2-872637162	Howrah Pvt Ltd Partners	25/2. B GARDEN ROAD SHIBPUR, HOWRAH, West Bengal	India
S2-385345869	Quality Research Alliance Corp	710 LINDEN LANE, WILLARD, OH	US
S2-138565970	XPQ Wheeler PC	54 GODDARD MMORIAL DRIVE, WORCESTER, MA	US
S2-705738371	MT ARC CORP	36 CHAPMAN STREET, CANTON, MA	US
S2-265499693	IVVENON (TWO)	8287- PADGETT AVE, OTSEGO, MN	US
S2-642168901	Institute Federal VI Central	817 WALKER STORE ROAD, ELLENBORO, NC	US
S2-583264950	Ironworkers Union Local No [624]	680- REUSENS ROAD, LYNCHBURG CITY, VA	US
S2-146831817	AARVAKSH INTERIORS PRIVATE [LIMITED]	C-193/1, UPPER GROUND FLOOR, VIVEK VIHAR PHASE-1, EAST DELHI, Delhi	India
S2-451468513	Sullivan Holdings (LLC)	01 MCKINLEY ROAD, PO BOX 2799, OTTAWA, IL	US
S2-332356681	Sarasanth Consultants Private Ltd	PLOT 12 UNIT NO-319-321, 3RD FLOOR, TOWER-B, SPAZEDGE, SOHNA ROAD, SECTOR 47, GURUGRAM, Haryana	India
S2-938910288	Secure Trusted Advisory  LLC	MADISON MOUNTAIN LN, BEDFORD COUNTY, VA	US
S2-773568847	Korea  Ventures Holdings Private	UNIT-413, ASHOKA SCHINTILLA OPP MALABAR GOLD, HIMAYATHNAGAR, HYDERABAD, Telangana	India
S2-986504176	Schley and Castillo Group	354- Willis Rd, SUDURY CITY, MA	US
S2-849699654	Walters, Callida Research Associates	6665 FORD ST, BATO NROUGE, LA	US
S2-204561560	EXPRESS-WAVE	002182 WENDELL RD, WENDDELL, NC	US
S2-318760119	Shri NIGHTINGALE WEEFARE SOCIETY	14 SHEEL BLDG., POLICE STATION ROAD, VILE PARLE (WETS), Maharashtra	India
S2-517314935	Cedar Inc.	210 JEFFERSON AVENUE, BUFFALO, NY	US
S2-98848952	LACOSTESTRATEGICDIGITAL.COM	##3255 CLUB HOUSE ROAD, MOBILE, AL	US
S2-520342079	Interstate Brand	MO, 5900  LINDBERGH BLVD, HAZELWOOD CITY	US
S2-503603114	ENGINEERING CONSTRUCTION ENTERPRISES PVT  [LTD]	NO #48 PRANTICK, PANCHANANTALA, POST: CHALPIA, NEAR NH-34, P.S. - BERHAMPORE, BERHAMPORE, West Bengal	India
S2-948809190	GROUP LIBERTY FÚND	#13930 FAIRWOOD SPRINGS DRIVE, CYPRESS, TX	US
S2-861132068	Castill0 Custom Inc Partners	1471 19th St, CLEVEALND, TN	US
S2-477936301	Beacon Auto Sales LLC	357. ALEXANDER AVE, MERCED CITY, CA	US
S2-974985965	zaixptr.com	BRUNSWICK DR, N/A, ROCK HILL, SC	US
S2-926656275	BIG ÁUTO ÁUTO BÓDY		US
S2-27132776	Tejas Hospital Holdings	16, KUNAL HSG SOCIETY, NEAR BHAGINI NIVEDITA BANK KARVE NAGAR, महाराष्ट्र	India
S2-118390471	Ltd JSJ Enterprises	NO 862 PAP J-25 J BOCK MIDC BHOSARI, PUNE, Maharashtra	India
S2-430894860	HERITAGE WELLNESS CORPORATION L.L.C.	BURNSVILLE, MN, 12866 Nicollet Ave	US
S2-484229911	Highland Périmeter Inc.	100 VILLAGE CIRCLE WAY, NULL, DURHAM, NC	US
S2-578214121	UZO Mills	Madhya Pradesh, 303-304, SUNCFTY, MAHALAXMI NAGAR, INDORE	India
S2-9518497	Duvall Vdhkr LLC	3922 BIVINS ROAD, NC, HILLSBOROUGH	US
S2-345306217	Boehm Modern	717 STATE ST, PRINCETON, IN	US
S2-651894655	Green (It)	H.NO 670 302, SHANTINIKETAN APARTMENT 411C, VYSYA BANK COLONY, B G ROAD, Karnataka	India
S2-239391031	PACIFIC PR BUMRUNGRAD	32 WEEKS RD, DUNN, NC	US
S2-252816537	Star-Semiconductor	111 MCDONOGH STREET, BALTIMORE, MD	US
S2-515367842	Site  Electro Private Ltd	H.NO 284 B/9, GALAXY AVENUE, NEAR GALAXY CINEMA, NARODA ROAD, NATIONAL HIGHWAY NO.8, Gujarat	India
S2-531082270	Brixavi	HOUSE NO. C-476, PHASE - 10, SECTOR - 64, S.A.S.NAGAR (MOHALI), SAS NAGAR, ਪੰਜਾਬ	India
S2-968791970	Dniren Sanchez Quality Boral Partners	744  OLD HERALD HARBOR ROAD, CROWNSVILLE, MD	US
S2-767311737	017madras600.com	#25B, SOUTH BOAG ROAD, T.NAGAR, MADRAS-600 017., CHENNAI, MADRAS-600 017., தமிழ்நாடு	India
S2-365970187	*** platinumcapitaldrilling.com	13211C PIPER ROAD, SPOKANE, WA	US
S2-200688590	SPRING TECHNOLOGIES PVT LTD.	MINA BAZAR COLONY TOWN/VILL : BAUNSI, ANCHAL : BAUNSI, BAUNSI, Bihar	India
S2-494651510	Hill, Stairs and Ma Co	134 LAVENDER ST, FORNEY CITY, TX	US
S2-471297458	जय कंसल्टेंट्स एलएलपी	C/O USHA DEVI, BIHAR, BEGUSARAI, Bihar	India
S2-49966674	SWASTIK DAEFVEOPMES SWEETS PRIVATE LIMITED	D-14/17, GROUND FLOOR, SECTOR-3, ROHINI, DELHI, Delhi	India
S2-840007744	FAMILY  HEALTH	8580 CABOT CT, HARRISBURG, NC	US
S2-593120056	Robinson Octave  LLC	8555. ANNIE BELLE, CONROE, TX	US
S2-817414773	स्मार्ट एस्टेट प्राइवेट लिमिटेड	S/O MADHUKAR BACHHAV, AT, TALWADE, TQ, MALEGAON, NASHIK, Maharashtra	India
S2-597606217	Kestrel Hills	390 CLAY RD, HENRIETTA, NY	US
S2-468576455	Ulmer Cascade Oncology Llc	59 VAIL COLONY, NULL, FOX LAKE, IL	US
S2-161213241	Littlefield Source	177 NORFLEET LANE, SUFFOLK, VA	US
S2-366454250	Aa Telecommunicationsprivate Enterprises Ltd	DOOR NO 97 BRIGHT TOWERSIIND FLOOR COLLEGE ROAD, TRICHUR, Kerala	India
S2-724941950	Diganta Mem0rial Trust LLP	H.NO 3RD FLOOR, AMBESHWARI PALACE, PANDIT H.P. DUBEY MARG, BETIAHATA, GORAKHPUR, Uttar Pradesh	India
S2-27087381	EYE CLINIC [INC.]		US
S2-16260387	ROK Infracon Private	NEW NO. A-9/2-17 (OLD NO. 7/2-10) NORTH CAR STREET, THIRUPPATHUR, Tamil Nadu	India
S2-562645445	Noida India India Privae Limited	Uttar Pradesh, 14/1465/A13, KISHANPURA, SAHARANPUR	India
S2-762357878	एस बिजनेस	GALA NO:08, MISHRA COMPOUND, BASUWALA INDL, S V ROAD, JOGESHWARI WEST, MUMBAI, MUMBAI, MUMBAI CITY, महाराष्ट्र	India
S2-67773294	Jagdev &	GUT NO 113, PLOT NO 345, ESHEYAD COLONY 2, DEVLAI, AURANGABAD, Maharashtra	India
S2-307296802	Figueroa Regency  LLC	3050 PLEASANT HILL RD, MAUMEE, OH	US
S2-828939713	BYRNE TOTAL #99457	6558 2578, TERRELL, TX	US
S2-623517407	First Baba Solutions Private Limited	A / FF/ 47 AMRAPALI COMPLEX, NR HDFC BANK, S P RING ROAD BOPAL, B/H HAVMOR RESTAURA, NT, ગુજરાત	India
S2-487006810	Mahabahu Agro Co	1186 DAKSHIN DARI ROAD, KOLKATA, KOLKATA, West Bengal	India
S2-826470477	San Investments (Private)	A-8-43/37/C5/1, 1ST FLOOR, EAST BALAJI HILLS NEAR AYYAPPA SWAMI TEMPLE UPPAL, HYDERABAD, Andhra Pradesh	India
S2-8628890	Cypress Inc Center		US
S2-681061569	आनंद एनर्जी एजेंसीज प्राइवेट लिमिटेड	GAUTAM BUDDHA NAGAR, THE ITHUM A #42, Uttar Pradesh	India
S2-993800139	DEFOREST CLOUD  LLC - 9403436830	2679 Sage Meadow Drive, MEMPHIS, TN	US
S2-768419915	Walker, Alys D.,  M.D., P.C.	538 CULVER SAINT, PO BOX 7411, PHOENIXT OWNSHIP, AZ	US
S2-613001830	Loex Inc Services	179  GREAT RD, ACTON, MA	US
S2-65360588	TOMPKINS &  REYNOSO	26 32ND ST, HACKENSACK, MN	US
S2-886083717	Cadenza C1assic Heritage	545 81ST STREET, NIAGARA FALLS, NY	US
S2-828318039	Blue Clea	426 OWSLEY STREET, CHEOA CITY, IL	US
S2-997184062	పర్‌ఫెక్ట్ ఎనర్జీ ఫార్మసీ ప్రైవేట్ లిమిటెడ్	PLOT NO.19, MIG 1-175, 2ND FLOOR, PKR COMPLEX, ROAD NO.1, PHASE-1, KPHB COLONY, HYDERABAD, BALANAGAR, Telangana	India
S2-258913818	Ear Nose Throat-Physicians & Inc	1960 KEATING AVENUE, MESA, AZ	US
S2-862770324	Regional Partners Center	1252 JOSEPH E BOONE BOULEVARD, ATLANTA, GA	US
S2-682450228	TORRES ADAMAS	15531 THORNWOOD LN, HOMER GLEN, IL	US
S2-327833654	Private Next Tree Ltd	NAGPUR, Maharashtra, NAGPUR, PLOT NO-122	India
S2-573105704	HK Silver Hóme LLC	175 ISLAND FOD ROAD, LANCING, TN	US
S2-94798358	lakshmipati trading limited	PL.NO.P-11, NEAR WADI TOLL, NAKA, CENTRAL MIDC RD, WADI, NAGPUR, Maharashtra	India
S2-696694009	... Office of Education Ltd	327 PATRIOT DRIVE, HAINESVILLE, IL	US
S2-199425487	LIMITED BRIGHT TECH	47, PATNA, Bihar	India
S2-336205787	Value Ctmmmescal Associates LP		US
S2-22544784	Tran Eureka Highland	5415-5417 SOUTH ROAD, CADIZ, KY	US
S2-876621019	Maa Ventures Co	SIYANI CHAMBERSKOTHARIYA MAIN ROAD, RAJKOT, Gujarat	India
S2-891034312	Louisa Carey Coffee  Ltd	58 MILLARD ROAD, EGREMONT, MA	US
S2-16007832	mpi (india) foods limited	01, MEENATAI THAKARE CHS, CHHATRAPATI SHIVAJI MAHARAJ MARG, MAHIM, MUMBAI, Maharashtra	India
S2-67586922	Jaxumbra	TX, 02512 COUNTY ROAD SW 3170, WINNSBORO	US
S2-778627034	HC Harbor Emerging	Mira Vista Dr, SANTA CRUZ, CA	US
S2-904884707	delhirealities.com	A-329 NEW SUBZI MANDI AZAD PUR, DELHI, Delhi	India
S2-53745174	B/S-Optics	9. LEGACY DRIVE, BALDWINSVILLE, NY	US
S2-944634045	DT Constructions (Limited) - 3053124957	E-32 KAMLA NAGAR, AGRA, Uttar Pradesh	India
S2-626991326	smart bnb	2012 ANDREA LANE, CITY OF MANITOWOC, WI	US
S2-201826651	North Center	6930  WEMBLEY CIRCLE, CENTERVILLE, OH	US
S2-189544423	Qutubullapur  Academy Limited	PLOT NO-3624, 3612, PRAGATHI NAGAR, QUTUBULLAPUR, Telangana	India
S2-762965090	Carlton Seva	NO. 94, R T NAGAR, 3RD MAIN, 1ST BLOCK, R T NAGAR, BANGALORE NORTH, Karnataka	India
S2-473296587	Wade and Wolfson	MOUNT GILEAD, 310 MAIN ST, NC	US
S2-900565660	ಸ್ಕೈ ಎಕ್ಸ್‌ಪೋರ್ಟ್ಸ್ ಪ್ರೈವೇಟ್ ಲಿಮಿಟೆಡ್	NO 301- SAI POORNA PREMIER AP, KUDLU PARAPPANA AGRAHARA, BANGALORE URBAN, BANGALORE, Karnataka	India
S2-675594428	and Kalal Group Harris	3656 MACTAVISH AVENUE, BALTIMORE, MD	US
S2-437124125	LLC Yoder Titan	3558 LONGVIEW AVE, BLOOMINGTON, IN	US
S2-540475101	Mcneill Désert Platinum, LLC	8526 DONALD RD, SNEADS, FL	US
S2-375174349	SIDE + SONS	Tamil Nadu, R K COMPLEX, PLOT NO 303/B, BLOCK B THIRUNEERMALAI ROAD, PARVATHY PURAM, CHR, OMPET, CHENNAI	India
S2-944423667	HOGAN ACIVTAE INC	8845 DORADO BAY CT, VINEYARD, CA	US
S2-76581183	SATHAIMURTHY BAZARARUPPUKOTTAI 101 ARUPPUKOTTAI 101 HÓLDINGS COMPANY	55 141, SATHAIMURTHY BAZARARUPPUKOTAI 101 ARUPPUKOTTAI 101, Tamil Nadu	India
S2-382086602	অল ইন্দো লজিস্টিকস	G-44, CHINTAMONI DEY ROAD, GROUND FLOOR, SHOP NO.23, ULUBERIA - II, HOWRAH, পশ্চিমবঙ্গ	India
S2-986252763	Best Studio LLP	GADE NAGAR, NEAR SAI MANDIR, YAVATMAL, YAVATMAL, Maharashtra	India
S2-175263301	Everest LLC	3305 108ST ST, CHICAGO, IL	US
S2-869229747	Complete Cles Inc	549- FIRST AVENUE, WEST HAVEN, CT	US
S2-745775056	Ksl Traders Overseas	T- HUB FOUNDATION 2.11, 1/C, 83/1, RAIDURGAM PANMAKTHA, HITECH CITY, SHAIKPET, Telangana	India
S2-590221606	Family Care  Associates	3137 ZION STREET, RICHMOND CITY, VA	US
S2-239430387	Eye Associates Holdings	32 LAKESHORE RIDGE, BIRMINGHAM, AL	US
S2-912903415	Nivue LLC	409 Main St, MOUNT STERLING, KY	US
S2-163227237	METROPOLITAN-CENTER  PLLC	7 FIELDSTONE CT, KINGS PARK CIYT, NY	US
S2-858280730	Redwoods Law Chmbersr Public Limited	FLAT NO. B/2801, SUPERTECH LIVINGSTON, NEAR ABES ENGINEERING COLLEGE, CROSSING, REPUBLIC, Uttar Pradesh	India
S2-675428560	Straight's Pioneer Fitness Co	ARCHBOD, OH, 515 SHORT-BUEHRER ROAD	US
S2-774698384	Crystal Wellness-Ventures	4403 ANGELUS CIRCLE, ASHEVILLE, NC	US
S2-802488403	North Hotels	11 ANTONELLI CIR, DENNIS, MA	US
S2-742271220	Orthopedic Federal Care  Associates Partners	1431 WASHBOARD RD, BEDFORD, IN	US
S2-593628794	Castle  Products Private Limited	DOOR NO 7/216 FLAT NO.202, GANGOTRI APARTMENT, SWAROOP NAGAR, KRNPUR NAGAR, Uttar Pradesh	India
S2-133651279	mukunda trading private limited	SECT NO 2-25 PLOT NO 161, NEAR APPU GHAR ROAD PRADHIARAKAN NIGDI, PUNE CITY, Maharashtra	India
S2-948896952	OZ Black,	23340 1000 RD, THAYER, KS	US
S2-661901759	eyesecuregroup.com	WAKEFIELD, 10 LOVIS AVE, MA	US
S2-939878921	Balaji Life Construction	E-903, RESIDENCY, BLOCK- E ARDEE CITY, SECTOR- 52, GURGAON, हरियाणा	India
S2-17494796	VAIBHAV & [CO.]	3/739, MIG EWS ALLAHABAD, PHULPUR, उत्तर प्रदेश	India
S2-287467530	... Brixdova	4425 SHARON RD, CHARLOTTE, NC	US
S2-280435218	Delta Manulife  Inc.	6345 REYNOLDS ROAD, MENTOR, OH	US
S2-306248022	... Sonu Advisors of Parur Corporation	PLOT 734 4/430-A, ERNAKULAM, PARUR, Keralam	India
S2-535526587	SINGH QÚASAREDGE	#314 FRANKLIN AVENUE, BERLIN, MD	US
S2-559808795	Sangareddy Gdrbtse Limited	DOOR NO 27 & 21, SURVEY NO. 955 SAI RAM NAGAR COLONY, AMEENPUR MUNICIPAL, ITY, SANGAREDDY, Telangana	India
S2-698239778	Skyline International  School	ਪੰਜਾਬ, BLOCK E-76 C/O RAJKUMAR VILLAGE MORTHIKARI, SAS NAGAR, MOHALI	India
S2-541910068	Breuer House Inc.	129 COTINENTAL DRIVE, NC, MOORESVILLE	US
S2-727190886	Williams Pacific  Ice [Cream]	4030 BARTON PARK PL, RALEIGH, NC	US
S2-244578846	SBR EQUIPMENTS LTD	KH 120. BHAWANI NAGAR, CHOMU ROAD, JAIPUR, राजस्थान	India
S2-831743153	Sturdivant & Zenon Fifth Corp	50194 203, BAKER CITY, OR	US
S2-939980177	chiropractic specialists	11018 CONE LANE, SILVER SPRING, MD	US
S2-530280391	Vertex Consultants	FORREST CITY, 844-846 STONEBROOK CIR, AR	US
S2-78097888	Nelie's Pmlatinum Spa	12559B CONWAY ROAD, SAINT LOUIS, MO	US
S2-43441919	Venkat & Assocgbtase Pvt Ltd	H.NO 114/5 HAZRA ROAD P S BHOWANIPORE, KOLKATA, N/A, পশ্চিমবঙ্গ	India
S2-22315267	Watson Móntessori School	##934 KENWICK ROAD, COLUMBUS, OH	US
S2-827345339	City Global Private Limited	954, 3 FLOOR, 22ND CROSS, HSR LAYOUT, 2ND SECTOR, HSR LAYOUT, BANGALORE SOUTH, Karnataka	India
S2-758145635	Cobalt Valley  Inc	1380 HIGHWAY 64, BALD KNOB, AR	US
S2-686847373	5LEGGEDDOG.COM	805 OAK, BUREN, KS	US
S2-813821883	South Preferred Holdco	800 LAKE CAROLYN PARKWAY, null, IRVING, TX	US
S2-587611984	Livy-Heck, O.D. Northside	NY, MORIICHES, ##91 WILDFLOWER COURT	US
S2-438816523	LLC Deus Fund	3203 MILLER RD, PORTLAND, OR	US
S2-985772408	Ventus [Seva]		India
S2-723041986	Eye Heritage Care Associates, Partners	153-25 78 Rd, FLUSHING, NY	US
S2-427018	Tech Agencies Private	PLOT NO-4-1C, BLOCK-B, 1ST FLOOR, ORAKUL, SUNDARPADA, BHUBANESWAR, Orissa	India
S2-823200641	Jeni Cameron Cargo Partners	704 MYRTLE AVENUE, BRIDGEPORT CPD, CT	US
S2-362262700	Primary Care Group Gólden	110 ASHLAND PT, HENDRSONVILLE, TN	US
S2-550186236	METRO  FEDERAL DOME	4835 PHILLIPS AVE, BUTTE-SILVER BOW, MT	US
S2-51842838	Gardner, Gárdiner-&	11836 58ND STREET, KANSAS CITY, MO	US
S2-188277280	टेक विजन कंस्ट्रक्शंस प्राइवेट लिमिटेड	MUMBAI, Maharashtra, A-1102, FLOOR 11TH, PLOT 8PT, T-5 DIORO	India
S2-462816155	Rajyalakshmi Industries Private Limited Service	H.NO 59 62, VIVEKANANDA ROAD 3RD FLOOR, KOLKATA, KOLKATA, পশ্চিমবঙ্গ	India
S2-826958288	shypnósis.com	761 FIRST ST, IA, HARTLEY	US
S2-55271495	Shri Gas Trading Private Ltd	OFFICE NO. D-014, STEEL CHAMBER TOWER, SECTOR - KWC, PANVEL, महाराष्ट्र	India
S2-54356365	Rocky Empire Aura, Ltd	3826 W CHAPEL ROAD, PO BOX 8636, ABERDEEN, MD	US
S2-682554922	Mr Jaikisan Enterprises Public Limited	F-14/21, SECTOR-15 ROHINI, दिल्ली	India
S2-369828139	Perkins, Bennett & Ca1vo Plains LLC	1015 STAFFORD RD, FALL RIVER, MA	US
S2-242069381	लक्ष्मी फूड्स प्राइवेट लिमिटेड	Uttar Pradesh, 29/033A, CHANDRAWAL, NEAR OEL HOUSE, LUCKNOW	India
S2-197253494	SCHNEIDER & KING JAMES HARBOR INC.	1685 FLOWING SPRINGS RD, PAYSON, AZ	US
S2-310750719	SWASTIK  INDUSTRIES HARDWARE PVT	H.NO ##87 E-286, 2ND FLOOR, LAL KOTHI SCHEME, JAIPUR, Rajasthan	India
S2-67456737	Dr South Constructions	DOOR NO 14/3A PERUNDURAI ROAD, PALAYAPALAYAM, ERODE, Tamil Nadu	India
S2-904858604	PEDIATRIC MIDTOWN PHYSICIANS INC	2215 FRONTIER DR, SECURITY-WIDEFIELD, CO	US
S2-107389460	Best Ínvestment Private Limited		India
S2-69425450	972-973 West Owners	0070 MADISON COURT, FISHERVILLE, KY	US
S2-601010648	Aurora Lending	6700 TALLWOOD CT, PROSPECT, KY	US
S2-489319679	Mingo Junction Fámily Association Ltd	632 COMMERCIAL STREET, MINGO JUNCTION, OH	US
S2-53865370	ECTOJAX	PLOT NO.B3/23 K.NO.375, PAL PASU MELA KE PEECHE, JODHPUR RURAL, JODHPUR, Rajasthan	India
S2-252796448	Fecht Amplify Associates  Inc.	#3821 KINGSBURY LANE, W. VALLEY CITY, UT	US
S2-840642284	Rosen and Wihmt, LLC	99 COTTEN ACRE, MONCURE, NC	US
S2-557987308	Gurgaon Limited Private Power	UNIT NO 136A, TOWER B3 SPAZE ITECH PAR,K SECTOR 49, GURGAON, Haryana	India
S2-335212938	Shri -- Tmp Projects Limited	1304- METTUR ROADERODE - 636 018. PERIYAR DT., ERODE, Tamil Nadu	India
S2-623034367	nagi apartment	#37/474, TEMPLE ROAD KADAVANTHRA, KOCHI, കേരളം	India
S2-712770315	హైటెక్ ఇండస్ట్రీస్ లిమిటెడ్	Telangana, NO 26 PAVAN COMPLEX, RANGAREDDY	India
S2-867065031	Interfaith (Program)		US
S2-17117706	Baon Corp	195 DALLAS DRIVE, BATON ROUGE CITY, LA	US
S2-957654437	HAIL CAPITAL L.L.C.	00122 MYRTLE SAINT, WALTHAM, MA	US
S2-416625657	Downtown Deli Corp	103 MAIN STREET, YALE, IL	US
S2-59447312	లైఫ్ కేర్ ప్రైవేట్ లిమిటెడ్	PLOT NO 25 PHASE-2, HIRISE APTS BANDARY LAYOUT NIZAMPET V KUKATPALLY HYDERABAD, HYDERABAD, Telangana	India
S2-23901043	Behavioral Health Medicine, LLC	76 RICHMOND RD, WARWICK, MA	US
S2-46186660	margaretta lee cornerstone renewable llc	0624 AIRLINE DR, CONROE, TX	US
S2-53160245	CHENNAI  INDIA	PLOT NO.7, GST ROAD, VALLANCHERI VILLAGE, GUDUVANCHERY, CHENNAI, Tamil Nadu	India
S2-279166708	Suman Business Private (Limited)	PLOT NO 659, 2ND FLOOR, NEAR VISHAL MARKET BHAI PARMANAND COLONY, NEW DELHI, Delhi	India
S2-629068805	MZ Ossattve Ltd	290 Market Street, WARREN, OH	US
S2-141268529	Pinnacle-LLC Seas	1347 ASHER DRIVE, KELLER, TX	US
S2-928936183	Pune Packaging  Overseas Pvt Ltd	DOOR NO 26 COLONNADE, S.NO.25/1A&26/1, FLAT NOC-3/1201 KHARADI, PUNE, null, Maharashtra	India
S2-932536548	The Strategic Transport Co	1025 BLOSSOM DR, NEWPORT KY, KY	US
S2-110565207	Advent Co &	West Bengal, DOOR NO 36/10 NIMCHAND MOITRA STREETBONHOOGHLY, KOLKATA	India
S2-876951170	wilsonwellness.com	2235 SANTA CRUZ CT, PO BOX 1446, FAIRFIELD, CA	US
S2-10068244	PRANA ENTERPRISES PRIVATE  [LIMITED]	C/O G. BANUMATHI, NO. 174, 9TH STREET, VINAYAGA NAGAR, ANAKAPUTHUR, CHENNAI, Tamil Nadu	India
S2-207312409	Yumarizamira	PLOT NO.12/PART, RANGAREDDY, MEDCHAL - MALKAJGIRI, Telangana	India
S2-87920141	Abhishta India Poulic Limited		India
S2-854440500	ராயல் மேனேஜ்மெண்ட் பிரைவேட் லிமிடெட்	TIRUVANNAMALAI, NO. ##30, TIRUVANNAMALAI, Tamil Nadu, SANNATHI STREET	India
S2-655931020	GOLDEN UNTIREIOD VENDOME [LLC]	GREENEVILLE, 104 RILES CIR, TN	US
S2-470070439	Mr VARTIKA RAELDCN (INDIA) PRIVATE LIMITED	#9(OLD NO.583) GROUND FLOOR3RD CROSS, 20TH MAIN 80FT ROAD 8TH BLOCK, KORAMANGALA, Karnataka	India
S2-57490681	Resurgent Metals Enterprises Private Limited	NO.26/96 A, 3RD CROSS, A G GARDEN CHINNAPPAHALLI, ANAND NAGAR RING ROAD, BENGALURU, Karnataka	India
S2-737837911	जय सर्विसेज प्रा. लि.	DOOR NO 1ST FLOOR, EASTERN WING, THAPPAR HOUSE, 124 JANPATH, NEW DELHI, CENTRAL DELHI, दिल्ली	India
S2-42297081	Superior Industries Trading (Corp)	MOBIILE, AL, 5889 SPYGLASS DR	US
S2-46490477	Morris Fox Center-Ltd	410 Main Street, CHIMNEY ROCK, NC	US
S2-413479245	Burks  Century	50 BLISSFSL CT, GRAFORD, TX	US
S2-648511627	Vision Better Care Partners Co	20908 LITTLE LANKFORD LN, GEOGRETOWN, DE	US
S2-314783331	youth express church	##4804 WILLOW BLUFF CIRCLE, KNOXVILLE, TN	US
S2-531484460	Ltd Nagesh Solutions	SHOP NO G-2, SIKAR, Rajasthan	India
S2-201331212	Cascade  Meseg LP	08 STAGECOACH RD, WARE, MA	US
S2-747243692	Complete Therapy Physical Allied Partners	704 HARRISON STREET, <NULL>, BATESVILLE, AR	US
S2-735547873	Shakti Exports	NO 189, BYATARAYANAPURA YELAHANKA, BANGALORE NORTH, Karnataka	India
S2-915677646	Martinez'S Tax Llc	01008 7RD STREET, UPLAND, CA	US
S2-417881232	HALLEY'S PATRIOT	SPRUCEWOOD ROAD, OH, PO BOX 8713, COLUMBUS	US
S2-648528769	Vibhum Service	NO C-29 , 4TH FLOOR, C M H ROAD, BANGALORE NORTH, Karnataka	India
S2-901287604	यूनाइटेड प्रॉपर्टीज प्राइवेट लिमिटेड	NR MAHARASHTRA BANK, CTS NO 4379, AKURDI, PIMPRI CHINCHWAD, S N. 50/4A, PUNE, PUNE CITY, Maharashtra	India
S2-498337911	DHEER MEDICAL CENTRE SERVICE	REGAL PALACE, A-103, VIJAY VIHAR COMPLEX, EVERSHINE CITY, VASAI (E), DIST. THANE, THANE, महाराष्ट्र	India
S2-924582285	ब्लैक वेंचर्स फार्मेसी लिमिटेड	M73, RH1, SECTOR 7, GREATER BOMBAY, NAVI MUMBAI, Maharashtra	India
S2-661194839	विजन हॉस्पिटैलिटी प्राइवेट लिमिटेड	K-C-5, KIRTI NAGAR, NEW DELHI, दिल्ली	India
S2-828719129	*** Big  India Private Limited	B-561 SAINIK COLONY SECTOR-49, FARIDABAD, Haryana	India
S2-746095041	M/s Surat Valley Limited Ventures	#73 BASAVESHWARA COMPLEXOPP: BUS STAND BASAVANA BAGEWADI, Karnataka	India
S2-91565291	BEACON  DESERT	10 Dartmouth Street, WEST NETON, MA	US
S2-327889768	Red Ice Cream Corp	1233 E SHORE DR, ITHACA, NY	US
S2-369501642	@bangaloreindia	6-9 KRISHNA RESIDENCY LAYOUT CHANNASANDRA 2ND BLOCK, UTTARAHALI, BANGALORE, Karnataka	India
S2-881527734	Netherton Sciences of Oakes P.L.L.C.	18-22 10TH ST, OAKES, ND	US
S2-396648228	Bangalore Sbsuios LLP - 6079809368	NO.56/1, GOWRAMMA NILAYA, BEHIND POLICE QUARTERS, K G HALLI POST, BANGALORE, Karnataka	India
S2-761037233	Heartland School of Medicine Holdings	MALDEN, MA, 70-72 CEDAR STREET	US
S2-144866274	જૈન પ્રોજેક્ટ્સ	207, RAJKOT REGION, RAJKOT, Gujarat	India
S2-158148731	Amber Holdings	2831 CORONETTE AVE, DAYTON, OH	US
S2-621329188	ZB INC SERVICES	2019D DOUGLAS AVENUE, N/A, SPRINGFIELD, MO	US
S2-483055121	గ్రీన్ ఇంటర్నేషనల్ ప్రైవేట్ లిమిటెడ్	PLOT NO.39- & 40, FLAT NO.G3, TEMPLE VIEW RESIDENCY, ROAD NO.3, SRI BALAJI NAGAR COLONY, PUPP, ALAGUDA, HYDERABAD, SERI-LINGAMPALLY, తెలంగాణ	India
S2-53223513	pediatric liberty physicians pllc	#1544 15TH CIR, BATTLE GROUD, WA	US
S2-73923307	Technologies Deshpande Marketing Private (Ltd)	ROOM NO 1/459A, ATHIYUR ROAD, ERODE, Tamil Nadu	India
S2-479238956	HORIZON ECOMMERCE PVT	S30/176., SHIVPUR RAILWAY CROSSING SHIVPUR, VARANASI, Uttar Pradesh	India
S2-359150735	फॉर्च्यून हॉस्पिटैलिटी प्राइवेट लिमिटेड	DOIR NO 745 C-3, GAUTAM BUDDHA NAGAR, NOIDA, उत्तर प्रदेश	India
S2-101459087	ब्लू प्रोडक्ट्स प्राइवेट लिमिटेड	G NO 1400-P, HAVELI, Maharashtra	India
S2-633905411	7PREFERREDU.COM	NY, PO BOX 1732, BROOKLYN, 00870 ALBANY AVE	US
S2-108583276	Huynh Penix and Roberts Roofing Inc	001869 BLEECKER STREET, RIDGEWOOD, NY	US
S2-419358971	M/s Sunroof Belting	OFFICE NO 11, 1ST FLOOR, FRAGRANCE GARDEN CIY, THANE, Maharashtra	India
S2-246176927	Inc Liberty Mihnieties	705 Chestnut Street, WALLA WALLA, WA	US
S2-640485237	Dagostino Xrp-of	1108 NORTHRIDGE ROAD, MOORE, OK	US
S2-732290285	Co Eye Partners	1600-A BLEVINS VALLEY RD, OWINGSVILLE, KY	US
S2-909960255	... Bombay Estate Private Ltd	MUMBAI CITY, BHAVESHWAR ARCADE, LBS MARG, GHATKOPAR (WEST), MUMBAI, HN 0651 505-508, Maharashtra	India
S2-877479417	First Consultants Private Limited	SHOP NO-03 VASTUSANKALP CHS. PLOT NO-10 SECTOR NO-12 KAMOTHE NAVI MUMBAI, PANVEL, Maharashtra	India
S2-997279346	Tavonovi	395 ASHLEY FALLS ROAD, NORTH CANAAN, CT	US
S2-737645923	Bh0omi Fdorwrd Private Limited	BHATKI KUTIR CO.OP, THANE, Maharashtra	India
S2-137817617	Hatti Taylor, DPM Coastal Co	11921 BRONCO CIR, BUDA, TX	US
S2-157315965	NEOLIFE IT LIMITED CENTER	E-13 FIRST FLOOR CABIN NO 5, MADHU VIHAR NEAR SINGLA SWEETS, NEW DELHI, Delhi	India
S2-34266260	All & Brothers Pvt Ltd.	H.NO. RUBY-506, PBEL CITY, PEERAMCHERUVU, RAJNDRA NGR, GOLCONDA, Telangana	India
S2-472431733	Bright Hypnosis Inc	39 DEERPATH RD, DEER PARK, IL	US
S2-319910913	Sibella's  Puilfcshiag	GREENWICH, NY, 759 49	US
S2-591649583	BHUBANESWAR CONSULTANTS  PVT.	PLOT NO-1-975(B), 1ST FLOOR PARK STREET, NEW FOREST PARK, BHUBANESWAR, Odisha	India
S2-383727140	MOLINARI CRYSTAL IMPACT SOUTHSIDE LLC	1460- CEDAR CREEK ROAD, HOT SPRINGS NATIONAL PARK, AR	US
S2-653118076	यूनाइटेड कंसल्टेंट्स प्राइवेट लिमिटेड	SATYA SIDHHI -C-2, NAVI MUMBAI, RAIGARH, Maharashtra	India
S2-733743614	Sacred Sérvices Pvt	Maharashtra, ALMEERA ##110/8 ERANDWANA THORAT COLONY, PUNE	India
S2-659139265	Express  Aerospace Ventures Group	1330 78ND AVE, OMAHA, NE	US
S2-59307427	Manjari Holdings Pvt. Ltd. Center	A-C-145/62, GALI NO. 2, KRISHNA PURI, BLOCK MANDAWALI, DELHI, Delhi	India
S2-50834050	MUTUAL FINANCIAL TECHNOLOGIES CO	1256 STONE RIDGE CT, WESTERVILLE, OH	US
S2-861276718	Marta Young, MD, P.C. West Corporation	HAMPSTEAD, 125 KINGSPORT DR, NC	US
S2-629341946	Select Wellness Works Inc	AMARILLO, 4616 OLETA DRIVE, TX	US
S2-118448865	LLC Baber Helcrath	1500 MUSEUM RD, CONWAY, AR	US
S2-518683159	KOLAM  POWER PRIVATE LIMITED	HN 79 SHAKUR BASTI, 821, RISHI NAGAR, DELHI, NULL, Delhi	India
S2-704704812	স্বস্তিক ইনভেস্টমেন্ট প্রাইভেট লিমিটেড	##20 SALKIA SCHOOL ROAD GROUNDFLOOR, HOWRAH, West Bengal	India
S2-305093381	Shri Mitram Kuries Private Limited	FORTUNE MONARCH MALL, ##3RD FLOOR #306 PLOT NO 707 TO 709, JUBLIEE HILLS, ROAD, NO 36, HYDERABAD, Telangana	India
S2-705708701	Dr Sunrise Services Steel Pvt Ltd	##21, SUREL BUNGLOWS, NEAR JUDGES BUNGLOW, BODAKDEV, AHMADABAD CITY, ગુજરાત	India
S2-399206808	Fluxiri	WHITE HALL WAY, CARMEL, IN	US
S2-699559560	प्राइम पायोनियर सॉल्यूशंस प्रा. लि.	#142 C/O RAVINDRA SHEJUL G NO. 31 AT UPLI TQ. SILLOD, AURANGABAD, Maharashtra	India
S2-434100739	Novvyn Blockchain	103 TEMPLETON DRIVE, GREENVILLE, NC	US
S2-887976077	ಇನೋವೇಟಿವ್ ಬಿಲ್ಡರ್ಸ್ ಪ್ರೈವೇಟ್ ಲಿಮಿಟೆಡ್	SHOP NO 1, VIJAYPUR, DIST BIJAPUR, Karnataka	India
S2-902447208	Ronnie's Fáion	##320 CLARK ST, WESTVILLE, IL	US
S2-558889270	classic infrastructure collective inc	4710 WATERLOO DR, PO BOX 508, COLUMBIA, MO	US
S2-630399387	Wildlife Strategic Cómmittee	4181-A ORTEGA ST, SAN LUIS, AZ	US
S2-319548402	Nipper Sanayi Inc.	55 22 JONES BEND RD, PARIS, TN	US
S2-317752684	Valley Supply  LLC	EON, 4429 KERR'S CHAPEL RD, NC	US
S2-848159982	Taech It Limited	34 E 1ST STREET, LALBAHADUR COLONY PEELAMEDU, COIMBATORE, தமிழ்நாடு	India
S2-543933766	2860 Fist Blvd Company	AZ, 9893-9897 POPPY LN, FLORENCE	US
S2-820729367	HIGHLAND GOLDEN  HOME IMPROVEMENTS	1873 TRAILWOOD COURT, REDDING, CA	US
S2-871325588	Happy Bike Shóp Shóp	3- LOST INDIAN TRAIL, WARNE, NC	US
S2-300422214	JAIN FINANCE PRIVATE	DOOR NO 1-9 , BHUVANESHWARI NAGAR 1ST MAIN ROAD, VELACHERY, CHENNAI, தமிழ்நாடு	India
S2-312231193	Straight Edge Seafood Corp	4547 NATIONAL RD, SPRINGFIELD TOWNSHIP, OH	US
S2-543606295	4797 Commerce Holdings Service	1048 LOVE ROAD, BONIFAY, FL	US
S2-956289606	SMART PACKAGING INNOVATIONS-CORPORATION	3808 TWENTY FIRST AVENUE, ND, WILLISTON	US
S2-460081805	Ltd FWN Avldsrfry	C/O-JHADESWAR PRADHAN, AT/PO-BADASIMULIA JAMSULI, BALIAPAL, BALASORE, Odisha	India
S2-889481571	Optix Córporation Córporation Corp	189 SALINE ST, IRONDALE, OH	US
S2-753099335	TANDON COMMERCIAL LIMITED VENTURES	K-228, VRAJBHUMI SOCIETY, BHD JAYYOGESHWAR TOWNSHIP, VADODARA, Gujarat	India
S2-656555449	CWQ Equipmins	GANAPATHI HOMES, 3RD FLOOR, FLAT NO 302 SUBASH NAGAR, ROAD NO 5, BODUPPAL, MEDCHAL, <NULL>, Telangana	India
S2-17467398	MAA  INTERNATIONAL PVT LTD	PLOT NO. J-6, FARIDABAD, INDUSTRIAL TOWN SECTOR-57, BALLABGARH, Haryana	India
S2-673054837	Shri Gujarat Foundation Private (Ltd)	6-344 HIMAYATH NAGAR, HYDERABAD, తెలంగాణ	India
S2-70692312	MTRUST.COM	P NO 17/P, RANGAREDDY, Telangana	India
S2-13918394	Solutions Wild Enterprises Co	FLAT NO - /171, PALM OLYMPIA GREATER NOIDA WEST, GREATER NOIDA, Uttar Pradesh	India
S2-198353108	Vision Gróup	19 WOODBINE STREET, NEWTON, MA	US
S2-428566042	East Allstate, Partners	8926 THOMPSON RIDGE LOOP, MONTGOMERY, AL	US
S2-707526986	3954 Park Boulevard Properties Partners LLC	60 CHRISTIAN HILL RD, LOVELL, ME	US
S2-776979128	>> Cornerstone Nutrition	9 SPLENDOR WOOD DRIVE, PEFNIELD, NY	US
S2-716183213	ALICA WOLFE	1311 DARTMOUTH DR, ALBUQUERQUE, NM	US
S2-289405713	Kali Cásters	S.NO.41/2/1A/1 CITY SURVEY NO.4208, SUVIDHA NURSING HOME NEIGHBOR, DATTAWADI, PUNE CITY, Maharashtra	India
S2-514926620	Pacific (Veterinary)	PINE CANYON WAY, HUNTSVILLE, UT	US
S2-522156889	EAR-NOSE & THROAT ALL GROUP	003343 LIGHT POINTE DRIVE, DALLAS, TX	US
S2-729352173	શક્તિ બિઝનેસ ફર્નિચર પ્રાઇવેટ લિમિટેડ	ROOM NO. 146B, AHMEDABAD, Gujarat	India
S2-698772845	Global Global Producer Phivdaet Limited	E/233, GGP COLONY, RASULGARH, BHUBANESWAR, Odisha	India
S2-911263572	Shri Kakkar (India) Bangalore Ltd	OLD 1592/26 S/F Z-25, NAVEEN SHAHDARA, SHAHDARA, Delhi	India
S2-201379687	rasoftworldwide.com	1517 CRESCENT ST, FRANKLIN, IN	US
S2-922698358	PAGE PLANET	866 184, DANVILLE, AL	US
S2-190838249	Fontana Health Fund	#16811 SLOVER AVENUE, FONTANA, CA	US
S2-352747290	nelson vornado		US
S2-899089837	Watson Permian Llc	214 D ST, WASHINGTON, DC	US
S2-584202014	ब्राइट इन्वेस्टमेंट इंजीनियरिंग प्राइवेट लिमिटेड	A-10 SURBHI AIRPORTVISHRANTWADI, PUNE, महाराष्ट्र	India
S2-537797957	AHMADABAD  CITY CENTER PVT	30 THIRD FLOOR, THIRD EYE ONE, OPP. HONEST RESTAURANT, PANCHVATI FIVE ROADS, C. G. ROAD, PANCHVATI, AHMADABAD CITY, Gujarat	India
S2-360730261	Ammamaria Aguilar, D.D.S., M.D., P.C. Riverside	2081 INDIAN MOUND ROAD, SPARTA, TN	US
S2-585720588	BHIWANI SERVICES PRIVATE LIMITED	C/O SATPAL S/O ZILE SNIGH, NEAR ITI, BHIWANI, Haryana	India
S2-413941191	Creative Invelstcment Advisors	1180 TREASURE ISLAND DR, ALLYN, WA	US
S2-356135491	Kemp & Owens Flag PC	616 1rd St, CRETE, IL	US
S2-862498153	Hassan Polytechnic	A/2/12 PASCHIM VIHAR MIANWALI NAGAR T FLOOR, NEW DELHI, Delhi	India
S2-579841448	Madrid Píedmont Couture	88- DEER RUN RD, URBANA, OH	US
S2-841957465	Dr JAAS &	PLOT NO 17 SECTOR 27-ANIGDI, PUNE, महाराष्ट्र	India
S2-983020467	MADHU PRODUCER LLP	595 D-43, 2ND FLOOR, PHASE-1, VIVEK VIHAR, DELHI, Delhi	India
S2-120215656	INDUSTRIAL DÚNDAHERA PETROCHEM PRIVATE LIMITED CENTER CENTER	Haryana, ASF CENTRE, P NO. 362-363, 1ST F, BLOCK B, PHASE IV, INDUSTRIAL COMPLEX DUNDAHERA	India
S2-422005101	Sri Ace & Associates Holdings	G-#4, GULMOHAR COMPLEX, PHASE 3, NEAR DIVEKAR HOSPITAL VIVA COLLEGE ROAD, BOLIAJ, VIRAR WEST TALUKA VASAI, Maharashtra	India
S2-502866969	innovative east infra private limited	F.NO.D/223, H.NO.6-3-609/97, ST NO.2, ANANDANAGAR NEAR DAYAGUDA PUBLIC SCHOOL, WEST KAIRAT, HABAD, HYDERABAD, <NULL>, ఆంధ్రప్రదేశ్	India
S2-747752964	इंटरनेशनल पावर प्राइवेट लिमिटेड	दिल्ली, CENTRAL DELHI, 2503 NAI SARAK, DELHI	India
S2-74191700	Ciba (India) City  Limited	C-163 GOKUL PATH VAISHALI NAGAR, JAIPUR, Rajasthan	India
S2-856460890	ଗ୍ରେଟ୍ ଏଷ୍ଟେଟ୍ ପ୍ରାଇଭେଟ୍ ଲିମିଟେଡ୍	AN PLAZA, PLOT NO. 267/1008 RASULGARH, BHUBANESWAR, KHORDHA, Odisha	India
S2-8135342	TRADING ÓM TRADERS PRIVATE LIMITED	C/O AMITA BHARGAV HALL OFFICE, DEEP SHRI PARISHAR, TILAK NAGAR, JHALAWAR ROAD, KOTA, राजस्थान	India
S2-331875313	Co Vas Beshors	NO 25-A RADHE PARK VILLAGE BHADKODRA, BHARUCH, TALUKA ANKLESHWAR, Gujarat	India
S2-866803537	Southern Hills LP	917 BURDETTE STRET, MISHAWAKA, IN	US
S2-621473485	Global Technology Private Limited	DOOR NO 5 DILARJANG ROW, KOLKATA, West Bengal	India
S2-845573432	Smt Screen Connect	#14 , NINTH AVENUE 3RD FLOOR, 3RD CROSS, N S IYENGAR ROAD, SHESHADRIPU, RAM, BANGALORE, ಕರ್ನಾಟಕ	India
S2-345070913	Kunal Industries Ventures Private Limited	NO #180/A CIVIL LINES, BAREILLY, NULL, Uttar Pradesh	India
S2-580204312	Helot Agrfch Pvt Ltd	C-144 KT BALARAM'S, 2ND FLOOR, DVG ROAD, BANGALORE SOUTH, Karnataka	India
S2-85052401	WEB TRADING HOLDINGS CORP	Karnataka, 152, 2ND FLOOR, CHOWDASANDRA MELUR, CHIKKABALLAPUR	India
S2-879797413	Bay Reliable Muniholdings Group	10691 PHEASANT LN, TUSCALOOSA, AL	US
S2-780034898	Summit Committee	SPARTA, 548 GOLDEN HERREN RD, TN	US
S2-110760679	ಪ್ರೀಮಿಯರ್ ಇಂಟರ್‌ನ್ಯಾಷನಲ್ ಪ್ರೈವೇಟ್ ಲಿಮಿಟೆಡ್	3FLOOR SAKET CALLIPOLIS SARJAPUR MAIND ROAD, BANGALORE, BANGLORE, #301/302, Karnataka	India
S2-550389658	ಬಾಂಬೆ ತಿರುಪತಿ ಇಂಪೆಕ್ಸ್ ಪ್ರೈವೇಟ್ ಲಿಮಿಟೆಡ್	H.NO #58, 3RD CROSS, GUTTI NILAYA, KANAKA VINAYAKA ROAD, SHANTHI LAYOUT, RAMAMURTHY NAGAR, BANGALORE, ಕರ್ನಾಟಕ	India
S2-247560956	Thane (in Company	DOOR NO D/44 SHNO 03 GRD FLR VILASCHS, BEHINDANAND CINEMATHANE E, THANE, Maharashtra	India
S2-891092645	Drayex Altenergy Co	ROCKY MT, PMB 1210, 133 GULFTIDE CT, NC	US
S2-595783250	Aditya  Food	1-1, DWARAKA CHS LTD, CHEDDA NAGAR, CHEMBUR, MUMBAI, महाराष्ट्र	India
S2-289529348	The Coastal Bakery LLC	002910 LINCOLN RD, SPOKANE, WA	US
S2-304404558	Ryder Development	27642C MESABE DR, MAGNOIA TOWNSHIP, TX	US
S2-197981160	Central Energy  Brands, Inc	597 RANDOLPH, HOWARRD, KS	US
S2-240684112	Andrade & George	ROUND ROBIN LANE, SADDLEBROOKE, AZ	US
S2-942901070	M/s Rd Bretrs LLP	D-22 SUVIDHA APPARTMENTPLOT NO-25 SECTOR-13 ROHINI, DELHI, Delhi	India
S2-601243626	Beth Ministries Enterprises		US
S2-175337102	Trusted Metro Short Ltd	1206 KICKER RD, TUSCALOOSA, AL	US
S2-582995435	ਪ੍ਰਾਈਮ ਇਨਫ੍ਰਾ ਐਲਐਲਪੀ	Punjab, BHATINDA, MAUR MANDI, BATHINDA ROAD	India
S2-631138522	Falcon (Incorporated)	1222 SECOND DR, AUSTIN, MN	US
S2-780607486	Ellis, Schutt-and Wong	##3573 LAFAYETTE ROAD, EVANSDALE, IA	US
S2-235786647	#newlife	1848B NORTH BLVD, FAIRBORN, OH	US
S2-132531751	UIU PRIVATE-LIMITED CENTER	8/11, ERULLAPPAN STREET SOWCARPET, CHENNAI, Tamil Nadu	India
S2-749031897	Jasper  LLC Center	140 1/2 CORNELIA ST, HICKSVILLE VILLAGE, OH	US
S2-30190274	Flint Corp	IN, MUNCIE, 4607A EATON AVENUE	US
S2-573476776	Scholarship Program of Sgnata Fe	4910 TOWER RD, SANTA FE, TX	US
S2-648311535	Allied  Animal Hospital Group	#7787 35 AVENUE, JACKSON HEIGHTS, NY	US
S2-166385937	Córp Preferred Desert Kogyo Highland	5928 HARVEST RIDGE RD, BATTLEBORO, NC	US
S2-673025388	Reynolds  Tankers | www.reynolds.com	8418-8422 78th Court, JUSTICE, IL	US
S2-623935557	Minnnie Hurt Technical LP	4312 24TH RD, ARLINGTON, VA	US
S2-666871273	Greenwood, Lutz and Adams	TX, 2000 1/2 RICHCREEK RD, AUSTIN	US
S2-66510215	ratcliff, johnson & burnett sui	4113-B EMBUDITO DR, ALBUQUERQUE, NM	US
S2-183412742	ಏಸ್ ಇನ್‌ಫ್ರಾಸ್ಟ್ರಕ್ಚರ್	B3/720/A3, GROUND FLOOR, 9TH CROSS, 11TH MAIN, HAL 2ND STAGE, BANGALORE, Karnataka	India
S2-4840401	Engineering United Solution Corporation	SHUBHAM 47-A KHARE TOWN DHARAMPETH, NAGPUR, Maharashtra	India
S2-450945636	Sairam Nursing Home Limited	OFFICE-213 SECOND FLOOR PLOT NO-15 PARMESH COMPLEX II KAKARDOOMA, DELHI, Delhi	India
S2-279649595	Metro Great-LLC Cénter	1102 CUNNINGHAM BRICK YARD RD, THOMASVILLE, NC	US
S2-82532406	Ashoka Institute of Technology Pvt Ltd	পশ্চিমবঙ্গ, #22/8/ SAHAPUR COLONY NEW ALIPORE, KOLKATA, KOLKATA	India
S2-531849140	Premier Staffing	MEMPHIS, TN, 1546 HVANA ST	US
S2-343368727	3973 Ocbmsan Avenue Company	205-D 2ND ST, NEWELL, IA	US
S2-152690112	VALLEY LLC SERVICES	268 1TH STREET, BROADWAY TOWN, VA	US
S2-348080054	SHAY DICKINSON FARMS  LP	1232- WESTLAKE AVENUE, LAKEWOOD, OH	US
S2-962180990	Raj Ventures Pvt	B3/144, CHAND VILLA KAILASHPURI, TONK ROAD, JAIPUR, राजस्थान	India
S2-420465590	Akarsh (india) Private	DOOR NO 8-1/9B JINDAL HOUSE1ST FLOOR ASAF ALI ROD, NEW DELHI, Delhi	India
S2-973267603	APANTIMONYCOM	400 MANOR RIDGE DRIVE, CARRBORO, NC	US
S2-174396474	villacharterschool.com	#927 B PACIFIC AVE, VIRGINIA BEACH, VA	US
S2-754383993	Drayyx Online	WILLARD AVE, NEWINGTON, CT	US
S2-648373570	Internal Medicine Heartland Care Associates Midtown Inc	3222 MARLBOROUGH ROAD, CHALOTTE, NC	US
S2-346956814	First Robotics LLC Center	1718 FORTINO COURT, ELKHAR TCITY, IN	US
S2-98077886	Suprabha  Trust	NO 5A/7 , IDA, VAKALAPUDI, THAMMAVARAM VILLAGE, KAKINADA, Andhra Pradesh	India
S2-312514311	Turner, Cortez and Kostic Incorporated	117 Whisconier Road, BROOKFIELD CENTER, CT	US
S2-955922218	Shivay  Corporate Private	C/O SMT CHANDA YADAV OM PRAKASH ##162B LAL KURTI, JHANSI, Uttar Pradesh	India
S2-171172645	Bright Producer Limited Private Enterprises	9-2 SUKHDEV VIHAR, MATHURA ROAD, Delhi	India
S2-81124098	Tech Clinic Corporation	H.NO 2602 , FLOOR NO.26, WING B ACURA - B, MUMBAI NASIK HIGHWAY, RUSTOMJEE URBANIA, THANE, <NULL>, Maharashtra	India
S2-216341953	गुड गुरु इंजीनियरिंग लिमिटेड	NO B3/58 GLI NO. 6, KUNDAN NAGAR, EAST DELHI, दिल्ली	India
S2-399073862	ಜೈ ಹರಿ ಪವರ್ ಪ್ರೈವೇಟ್ ಲಿಮಿಟೆಡ್	SY. NO 40/4, #2D EPSILON, YEMALUR MAIN ROAD, OFF HAL AIRPORT ROAD, MARATHALLI, BENGALURU, Karnataka	India
S2-736136155	TRUSTED LLC SERVICES	24 WILEY AVE, LIDGERWOOD, ND	US
S2-497604553	Pediatric Associates Dentistry	757- SKYVIEW LN, COTTONWOOD, AZ, PO BOX 8958	US
S2-919812412	4352 FIRST AVE COMPANY PARTNERS	1101 FINCASTLE ST, VILLAGE OF OREGON, WI	US
S2-564238568	Co. Rodriguez Capital	97 1/2 DEER VALLEY DR, NESCONSET, NY	US
S2-375479293	Horn's Pioneer Brokerage Inc.	18540 3, YUMA, AZ	US
S2-821893822	COMPANY DIGITAL REAL	UTTAR PRADESH, JYOTIBA PHULE NAGAR, Uttar Pradesh, NO 96/2COLONELGANJ KANPUR	India
S2-291266819	Big Yoga Inc.	NEW ENGLAND CITY, ND, 11980- 52ND SAINT	US
S2-851280786	Co Ahmadabad Foundation City	C-102, AHMADABAD CITY, AHMEDABAD, Gujarat	India
S2-100901770	All Mortgage Solutions	3 GRAND ST, ONEONTA, NY	US
S2-134923652	Pearson Onfolio Harbor  (LLC)	3064 RAVENRCEST CIR, PRESCOTT, AZ	US
S2-958838266	Orthopedic Midwest-Partners	FORD HEIGHTS, 1552 AMBASSADOR LANE, IL	US
S2-513313178	Xyloarc	1047/38, F-11, 5TH CROSS, 2ND MAIN VIDYARANYAPURAM, MYSORE, MYSORE, ಕರ್ನಾಟಕ	India
S2-242367010	primary care empire partners inc		US
S2-285912142	dynamicnutritionadvisors.com	3321 INDIAN DR, PORTSMOUTH, OH	US
S2-298178364	സ്മാർട്ട് ബിൽഡേഴ്സ് ലിമിറ്റഡ്	കേരളം, ROOM NO: 20/93 A-17, MALAPURAM, MALAPPURAM	India
S2-70980139	Matru Krupa Dhebar Road Education Limited	##4, MATRU KRUPA DHEBAR ROAD, Gujarat	India
S2-510559879	Express Data  Holdings LLC	1940 MARION COUNTY 5012, EVERTON, AR	US
S2-445999349	QN PRÉMIUM PC	513- Johnson Drive, DAYTON, OH	US
S2-110628432	imex & sons enterprises private limited	Andhra Pradesh, UNIT NO. D/412, 4TH FLOOR, GAYATRI NEST A, TELECOM NAGAR, GACHIBOWLI GACHIBOW, SERI LINGAMPALLY	India
S2-823401038	Primary Care	#19026 DERRINGTON MANOR LANE, RICHMOND, TX	US
S2-379888538	Isidora Brooks, Ph.D. Inc	109 GREY EAGLE DRIVE, SUN VALLEY, ID	US
S2-64021649	meredith manufacturing partners	WATSONVILLE, 357. MANOR AVENUE, CA	US
S2-425266798	Shri Big Builders Private	C/O LILA SHANKAR PANDEY, VILL-BALWA, PANCH-MAHUAWA, CHAKIA(PIPRA), Bihar	India
S2-818696988	Colonial Center	1438 ELLIS AVENUE, VILLAGE OF CALEDONIA, WI	US
S2-446388942	j v & b value inc	2001 NAULT ROAD, DOVER, DE	US
S2-975742380	Luz Partners Deli	18361- MARYGOLD AVE, PMB 714, BLOOMINGTON CIITY, CA	US
S2-262709737	LBM FACT  INC	401C 1ND AVE, <NULL>, LYNDON, IL	US
S2-345637244	Suguna Law Chambers Cenetr	Tamil Nadu, 0 NO. 4/53, 3RD MAIN ROAD, JAWAHAR NAGAR, PERVALLUR, PERAMBUR PURASAWALKAM	India
S2-439844706	KJP PIEDMONT FUTURECORP CORP	1016 PRAIRIE SMOKE ST, WAKE FOREST, NC	US
S2-641736907	Jubilee Hgiblls Enterprises Overseas Private  Limited	8-2-293/82/A/298, 2NDFLOOR TURBO HOUSE, ROAD NO.25, JUBILEE HILLS, Telangana	India
S2-191220932	सन इंफ्रास्ट्रक्चर प्राइवेट लिमिटेड	NO 150 H. NO-258, NEW DELHI, DELHI	India
S2-433513855	Mangalmurti Polytechnic Overseas Ltd	Madhya Pradesh, P-#811, METRO TOWER, NEAR MANGAL CITY HOTEL VIJAY NAGAR, INDORE	India
S2-339320580	IC Dhiamfnods Pvt-Ltd	PLOT NO 28, MAHARANA PRATAP COLONY NEAR CHIRANTAN HOSPITAL, DEOPUR, DHULE, महाराष्ट्र	India
S2-122619875	Dental Health	2913 WHITE AVENUE, BALTIMORE CITY, MD	US
S2-899538024	Modern Biomedical	##1926 BURESH POINT RD NORTHEAST, SOLON, IA	US
S2-25461496	White and Luse Harbor Inc	574 CHUCRH ST, BRENTWOOD, TN	US
S2-225756135	ZIRARAJ PORT  PRIVATE LTD	DORO NO 0573 GAT NO. 267/1, NEAR ENAMDAR WASTI PUNE SOLAPUR ROAD KOREGAON MUL, PUNE, Maharashtra	India
S2-790415549	laguehuckabeejimenez.com	409 LEAVITT DRIVE, WARREN, OH	US
S2-611065813	Coral Mccary Midwest Environmental Services Inc.	8086 TREECREST AVE, CITRUS HEIGHTS, CA	US
S2-915796689	Industrial Infrastructure Innovations Inc	713 TWILIGHT FALLS, JONESBOROUGH, TN	US
S2-730105794	Rocky Pet Cascade Care  Inc	##2321 GRANDVIEW DR, FORT WORTH, TX	US
S2-737398129	KECK  SCHOOL OF LLC CENTER	34 SPRINGFIELD STREET, SOMERVILLE, MA	US
S2-431031335	Sanderson Reliable Maywood Greater	4601 GILLENBURY LOOP, OH, GROVE CITY	US
S2-923845855	DERMATOLOGY CONTINENTAL-HEALTH	169 4ST SAINT, AURORA, IL	US
S2-694230780	Garza Kogyo	902-906 9 AVE, PO BOX 4516, SAINT CLOUD, MN	US
S2-750070041	atlanticedison.com	102 18TH ST, AUSTIN, MN	US
S2-803730470	Historical Coalition Corp	464- MOGUL DRIVE, GALLOWAY, OH	US
S2-867918509	Rosemarie Angel,-P.A. LP	420 DOUGLAS AVE, OXNARD, CA	US
S2-535762772	Pediatric  Dental Physicians LLC	6-C GAY HEAD STREET, JAMAICAP LAIN, MA	US
S2-95251406	Nextech Inc	8334-8338 WALL TRIANA HIGHWAY, HARVEST, AL	US
S2-140743640	Espindola's Innovative  Brewing	2134 TEXAS AVE, LUBBOCK, TX	US
S2-365387521	Lamar Diagnostics	RICHMOND AVE, TULSA, OK	US
S2-48947979	Dermatology Desert Medicine,-LLC	10994 CEDAR AVE, BLOOMINGTON, CA	US
S2-696179681	RIDGE LLC EASTGATE DISCIPLINED	635  PARKLAND DR, ND, RUGBY TOWNSHIP	US
S2-462000905	@kunalventure	H.NO 32/29 G/F BLOCK-32 TRILOKPURI, NEAR BLOCK-27, DELHI, Delhi	India
S2-23569018	Favue, PC	10B MILL CIR, ELMA, NY	US
S2-973085749	Ltd Edwards, Lana, DDS	17017 HARTSOUGH ROAD, LAURELILLE CITY, OH	US
S2-143426202	Lyric Four	NAVOTI DR, SEDONA, AZ	US
S2-476543954	Optimal Wen	212 MARION STREET, DECATUR, IL	US
S2-783048431	ONCOLOGY CLÍNIC	6715 WINDING TRAIL, PO BOX 3833, RALEIGH, NC	US
S2-450353808	lillystextileschoice.com	201A MAIN STREET, INDEPENDENCE, KS	US
S2-992401374	Balaji Dynamic Private Limited [Service]	B/914, SUN WEST BANK, NEAR VALLABH SADAN RIVERFRONT, OPP. CITY GOLD CINEMA, ASHRAM ROAD, AHMADABAD CITY, ગુજરાત	India
S2-598274585	Buland (India) Projects Limited	H NO-S3/81A, FIRST FLOOR, STREET NO-4, OLD MAHAVEER NAGAR, TILAK NAGAR, NEW DELHI, Delhi	India
S2-252156394	BAR0DA LOGISTICS PRIVATE LIMITED	340A, POCKET-II MAYUR VIHAR, PHASE-1, DELHI, Delhi	India
S2-676204920	ಲಕ್ಷ್ಮಿ ಟೆಕ್ ಪ್ರೈವೇಟ್ ಲಿಮಿಟೆಡ್	THAGACHAGUPPE KUMBULGUD KENGERI HOBLI, # 40/2, ಕರ್ನಾಟಕ, BANGALORE, BENGALURU	India
S2-710629140	Tavoevo	#2 SARVODAYA NAGARKANPUR KANPUR, UTTAR PRADESH, KANPUR, Uttar Pradesh	India
S2-608886373	PRIVATE GREEN DIGITAL LIMITED	G.T. ROAD (EAST END) PARBIRHATA, SRIPALLY, BARDHAMAN, D/105, West Bengal, BURDWAN	India
S2-889211805	(LLC) Martinez, Hcotr and Guerra	30 ROYAL DUBLIN DRIVE, PINEHURST, NC	US
S2-922171657	The Murphy Muzero [Group]	SETTLER HILL CIRCLE, CITY OF MADISON, WI	US
S2-713294063	4991-Fifth Road Associates Inc	543 NAVARRO ST, HOUSSTON, TX	US
S2-647023905	शिव ग्लोबल प्रा. लि.	H.NO 62 VIMLESH PARA W/O RAM AWATAR PARA AMBEDGAR COLONY, SABALGARH, MORENA, Madhya Pradesh	India
S2-801437619	Cornerstone Logistic Worldwide LLC	5306 WESTROOK DR, CHARLESTON, WV	US
S2-953037948	SHIV  ROYAL INDUSTRIES PRIVATE	G.NO.35, 36, PL.NO.104, 2ND FLR, FL.NO 101 REGENCY PARK, AT-POST KALANBHE, SHAHAPUR, Maharashtra	India
S2-945634285	Sri Garuda (India) Solutions Private	Delhi, HN 727 PLOT NO-2, FLAT NO-100, F/F, VEER SAVAR KAR BLOCK, SHAKARPUR, NR MADHUBAN ROAD, DELHI	India
S2-60474665	Sri @perfectprojects	OFFICE NO ##6, A-TOWER, 3RD FLOOR, VEGA CENTER, SHANKARSETH ROAD, SWARGATE, PUNE, Maharashtra	India
S2-153608433	GAMBRELLALDEL.COM	1769 Town Point Rd, CAMBRIDGE, MD	US
S2-130549409	Delta Global Tokyo Inc	113 PROSPECT PL, PO BOX 5626, FREMONT, OH	US
S2-886423991	ওয়ান অ্যাগ্রো প্রাইভেট লিমিটেড	21/1 RADHANATH CHWDHURY ROAD, KOLKATA, CALCUTTA, West Bengal	India
S2-999425499	T/E Equity	1902 CHRISTENSEN DR, AMES, IA	US
S2-298516988	Rickie Donohue Grand Grading LLC	213A UPTON STREET, REFUGIO, TX	US
S2-906018813	MILLIONAIRE ENTERPRISES PRIVATE LÍMITED	AMIT VILLA BUNGLOW NO 125, R S C 29 SEC 3, CHARKOP, KANDIVALI - W, MUMBAI, महाराष्ट्र	India
S2-266751189	Levine, Cable & Tate L.L.C.	12372 HUME ST, HUME, MO	US
S2-185152513	Concepcion Sales-Auto	5221 CARPENTER DR, ARLINGTON, TX	US
S2-163365630	Vantis Service	ADELAIDE BOULEVARD, AKRON, OH	US
S2-105290812	zlebiogas.com	H.NO. G-608/8 , KRISHNA STREET NO. 9, MAUJPUR, DELHI, Delhi	India
S2-272641930	ಸ್ಟಾರ್ ಎಂಟರ್‌ಪ್ರೈಸಸ್ ಪ್ರೈವೇಟ್ ಲಿಮಿಟೆಡ್	OLD NO.G-26, NEW NO.12, 1ST CROSS, GUPTA LAYOUT, BANGALORE NORTH, Karnataka	India
S2-202972764	Legacy Network Corporation Corp	313 15TH ST, MASSILLON, OH	US
S2-435512062	WU Ldgistis Exports	NO 14  VILL. JATIAKALI, PO FULBARI HAT DIST - JALPAIGURI, PS - BHAKTINAGAR, West Bengal	India
S2-65811919	Private SW Infraserv Limited	G-1/69, GROUND FLOOR, KAMALANAGAR, ALAND TALUKA, GULBARGA, Karnataka	India
S2-936134585	Sweet Hypnosis LLC Service	13100 BROOK MIST LANE, FAIRFAX COUNTY, VA	US
S2-928894290	গোল্ডেন ফাউন্ডেশন প্রাইভেট লিমিটেড	FORTUNA TOWER 23A, N. S. ROAD, 1ST FLOOR, KOLKATA, HOWRAH, West Bengal	India
S2-631247528	Central Semiconductor Digital Corporation	29853 S PARK AVE, BEECHER, IL	US
S2-972089372	VX Amc Group	434 B SEA SAINT, QUINCY, MA	US
S2-948927387	Kestyx Inc Services	218 LIAM DR, BROADWAY, NC	US
S2-409737188	barker & byrne	302. Sycamore St, OTTAWA, KS	US
S2-219322699	SERVICES SETH PULSE LLP	NO.40, 1ST FLOOR, SATHYAVANI MUTHU STREET PARAMESWARAN NAGAR, SHOLINGANALLUR, தமிழ்நாடு	India
S2-776181293	Ideas  Services Private Limited	G##3, UNITECH PEARL, 557/15/1A, YELLUKUNTE, HOSPALYA MAIN ROAD, MAGNAMANPALIYA, HSR, LAYOUT, BANGALORE, ಕರ್ನಾಟಕ	India
S2-536909271	ਬੰਬੇ ਪਾਵਰ ਪ੍ਰਾਈਵੇਟ ਲਿਮਟਿਡ	#487 H. NO. - 23, MOHALLA JASWANT NAGAR WARD NO. - 55, TEH. JALANDHAR - 1, JALANDHAR, Punjab	India
S2-469596254	Digital Digital Power Pvt	BLOCK F-276 201, CELLO PLAZA, V P ROAD, RAILWAY PHATAK ROAD, VILE PARLE(W), NEXT TO B.M.C MARKET, MUMBAI, Maharashtra	India
S2-642972375	SAUDRA BAUGHN PATRIOT MIDLAND CLINIC	GARY, 5310 RIDGE ROAD, IN	US
S2-636700774	hx pacific john llc	MD, 2014 GIRARD AVENUE, BALTIMORE CITY	US
S2-220392750	DERMATOLOGY HEALTH CORP	35 AMBASSADOR RIDGE, GREECE, NY	US
S2-49554033	Pioneer Indo Developers Pvt	BLOCK-0012-1506, 15TH FLOOR, KOKAPET CIRCLE, RAJENDRA NAGAR, NULL, Andhra Pradesh	India
S2-69674030	Machado Gsr	003651 MONTICELLO DRIVE, FORT WORTH CITY, TX	US
S2-378920632	Dynamic Dígital Group	12768 RAUL MENDIOLA LANE, CITY OF EL PASO, TX	US
S2-45298930	RAJKOT PVT. LTD.  CENTER	NO #3 UMAKANT PANDITUDHYOGNAGAR MAVDI PLOT, RAJKOT, Gujarat	India
S2-573082517	Pvt Kavertech Procuhcer [Ltd]	HN 65 D-71 SHIVAD AREA PARAS MARG BAPU NAGAR, JAIPUR, Rajasthan	India
S2-892106566	Jhilmil-Clinic	S NO 135/1, KUMAR PENINSULA, FLAT NO A-702, PASHAN-BANER LINK ROAD, HAVELI, महाराष्ट्र	India
S2-16285602	chandler companies inc	5760 GLENBRIAR STREET, null, COLUMBUS, OH	US
S2-553410329	blanton & koval llc	3825-C MAJOR DRIVE, BEAUMONT, TX	US
S2-114801328	Dynamic Sottware Pvt Ltd	ROOM NO./119/D, PERAMANGALAM, KALOOR P O, ENANALLOR VILLAGE, MUVATTUPUZHA, കേരളം	India
S2-178370258	LIAN AMAYA ARRIVED INC	9420-9422 HARMONY RD, PMB 6147, MYERSVILLE, MD	US
S2-171955793	cardiology health inc	118-D MAIN ST, OAKLAND CITY, IN	US
S2-95400853	Nimoa P.C. Center	LOUISVILLE, 4803 SOUTH 3RD ST, KY	US
S2-716673557	North Úbs Midwest Valley	142 CLARKS RIVER ROAD, MT, JOLIET	US
S2-210742012	Cascade Foundation	1660 KT CT, ATWATER, CA	US
S2-641968357	ॐ शक्ति इंफ्रास्ट्रक्चर	CAMPUS OF ARYA ENERGY LIMITED, ANUPPUR, MA, Madhya Pradesh	India
S2-919719066	Chiropractic Partners Riverside Riverside Corporation	3311 TYLER DRIVE, BRUNSWICK, OH	US
S2-521972329	Happy Hair Studio LP	FORDYCE, 1102 3RD ST, AR	US
S2-69949948	Dakshin Services	H.NO 340 , 17TH C MAIN, 5TH BLOCK, KHB COLONY, KORAMANGALA, BENGALURU, ಕರ್ನಾಟಕ	India
S2-854060728	Ruck Colonial  Summit Inc	2529 MERRICK COURT, ABINGDON, MD	US
S2-158175360	*** Jere Clayton Rate Llc	305 ADAMS ST, OBLONG, IL	US
S2-301445311	Jarrlyn Invest LLC	4146 SOUTHWEST HIGHWAY, HOMETOWN TOWNSHPI, IL	US
S2-892178595	ROSA PRAIRIE BRAEMAR  LLC	KY, BOWLING GREEN, 275 NEW TOWNE DRIVE	US
S2-724775790	Jaipur-Trading Private	PLOT NO. K-156, FLAT NO. SF-1, KISHAN NAGAR SHYAM NAGAR, AJMER ROAD, JAIPUR, राजस्थान	India
S2-277443805	ನ್ಯೂ ಕನ್‌ಸ್ಟ್ರಕ್ಷನ್ ಲಿಮಿಟೆಡ್	NO: 628/2., 11TH CROSS, 1ST STAGE, INDIRANAGAR, BANGALORE, Karnataka	India
S2-180447263	यूनिक एंटरप्राइजेज प्राइवेट लिमिटेड	PROPERTY NO. 44, BACKARY, 2ND FLOOR, REGAL BUILDING, NEW DELHI, CENTRAL DELHI, Delhi	India
S2-808801060	OK OXFORD LLC		US
S2-136673444	Heritage-Delta Data LLC	W8204 SCHOEPKE ROAD, TOWN OF OAKFIELD, WI	US
S2-221796576	MHSETORPOLITAN RIO INC	209 WALTON STREET, ROBY, TX	US
S2-306503388	ROSEWOOD  DIRECT LIMITED SERVICES	C/O. SUNIL BISWAS, VILL P.O. DHANTALA, NADIA, RANAGHAT - II, NULL, West Bengal	India
S2-997738574	प्रीमियर तिरुपति एक्सपोर्ट्स प्राइवेट लिमिटेड	VILL & TOLA-PICHASA, PANCHYAT-MORATALAO, BLOCK-RAHUI, NALANDA, बिहार, NALANDA, DOOR NO 1-799 C/O-SUSHILA KUMARI	India
S2-94376815	Wilde Rapp Liberty LLC (Atlanticus)	29 Chase St, MA, LOWELL	US
S2-543977399	CKL  Chimera Incorporated	TX, 128 CALIFORNIA ST, FLOYDADA	US
S2-644176941	The Continental Polestar	310-314 PALMER RD, LYNDON, NY	US
S2-388299100	લાઇફ ટેક્નોલોજી ટ્રેડર્સ પ્રાઇવેટ લિમિટેડ	G 1312-1318/2 GROUND FLOORSURAT TEXTILE MARKET RING ROAD SURAT, GUJARAT, SURAT, Gujarat	India
S2-554691612	Flicker Téchnologies Ltd	1-64, JOGABAI, NEAR MECCA PALACE JAMIA NAGAR, OKHLA, DELHI, Delhi	India
S2-409371080	Heart Trust LLC	995 RICHDORD ROAD, RICHFORD, VT	US
S2-931791371	THE HALL HORIZON GRAYSCALE LLC	563 4080, MILLCREEK, UT	US
S2-688344784	GZ Steels Associates Corporation	#973 1005, TAKSHASHILA BUILDING, NEELKANTH KINGDOM VIDYAVIHAR WEST, MUMBAI, Maharashtra	India
S2-508663035	लक्ष्मी टेक्नोलॉजीज प्राइवेट लिमिटेड	D/39/2073, NAIWALA, 315, DAKHA CHAMBER, KAROL BAGH, NEW DELHI, CENTRAL DELHI, Delhi	India
S2-180447643	Shree Traders Private-Limited	NO 709 G-442 KARNI INDUSTRIAL ARE,A BIKANRE, राजस्थान	India
S2-409889357	Human Right Federation LP	00296 ROSE ST, TOWN OF MONTROSE, WI	US
S2-143301353	LEWIS, MINNI CASCADE MARINE (LLC)	2120-2124 CHANDLER ST SW, CEDAR RAPIDS, IA	US
S2-999793401	Sunrise  Estate Private Ltd		India
S2-570602711	Big Solutions Private Ltd	PLOT NO.##85 , S/F, SHANTI VIHAR, EAST DELHI, Delhi	India
S2-687709447	lasoft global (llc)	95 CENTER DR, BRYSON CITY, NC	US
S2-103356275	Tesoft Ventures	820 KENILWORTH LN, WESTERVILLE, OH	US
S2-46203677	innovativecreativeinvestment.com	MRS.RUBI DEVI SHARADCHANDRA PATH, MASHAKCHAK ADAMPUR, ADAMPUR, Bihar	India
S2-886186491	PALADIN  FOUNDATION	2285/1, ISKON ROAD ANCHAL OFFICE ROAD, WARD NO.40, SILIGURI, পশ্চিমবঙ্গ	India
S2-203594124	Mqk Taxation Private Limited	1-39 , YELLAPUVANIPALEM, GOPALAPATNAM, VISAKHAPATNAM, VISAKHAPATNAM, Andhra Pradesh	India
S2-58725388	Mckeown, Hurd	94, BLOOMING GROVE, NY	US
S2-501031122	यूनिवर्सल मार्केटिंग प्राइवेट लिमिटेड	ROOM NO 1/8, ALICK CARBAL CHAWL, CHURCH PAKHADI, ROAD NO-1, SAHAR VILLAGE, ANDHERI, MUMBAI REGION, MUMBAI, Maharashtra	India
S2-731998531	Maddox Insurance	VACAVILLE, BELDEN COURT, CA	US
S2-571132317	Tirupati Foods Public Limited	Haryana, HOUSE NO- 0223 HUDA, SECTOR- 18, PANIPAT	India
S2-722009050	Cooper Great Inc Eastgate Columbus	002323 TOMAHAWK RD, APACHE JUNCTION, AZ	US
S2-615347444	Wsa Law Chambers Corp	I-2/3/1, SECTOR-16, ROHINI, DELHI, Delhi	India
S2-616866403	ROOPIYA MEDIA MEDIA PVT. LTD.	116, PURANI BAZAR, JAMUI, बिहार	India
S2-424625771	@ CURE 7 YOU [LTD]	0633 CASSADY AVE, COLUMBUS, OH	US
S2-35725361	inc lake forest northwest	BEVERLY PLACE, LAKE FOREST, IL	US
S2-615545511	Shri Park (India) Expeditions Limited Center	RADHA KRISHNA FLAT, NEAR SAHJANAND COLLEGE, BANK OF MAHARASHTRA LANE, AMBAWADI, Gujarat	India
S2-936599465	Clear Paloma Inc	98 JAMES MOORE CIRCLE, PARMA, NY	US
S2-741097609	Kane Elite Physical Therapy Center	39 LAKE COURT, BUMPASS, VA	US
S2-359383340	43/82 Blue	DE LEON, 808 HAMPTON AVENUE, TX	US
S2-109147488	BRIGHT DIAGNOSTIC HOLDINGS  PRIVATE LIMITED	Tamil Nadu, DOOR NO 10 BY 3 FIRST FLOOR RAMAKRISHNAPURAM GANAPATHY, COIMBATORE	India
S2-169842612	Travel Enterprises  Limited Center	Maharashtra, SHOP NO. T4/T4 G-44, SURVEY NO. 7/1 TO 7/5 8/1, F RESIDENCES, PUNE CITY	India
S2-369485231	Futura Sangh	#612 SRI VASAVI ARCADE #83, 2ND FLOOR, 17TH CROSS, BANASHANKARI 2ND STAGE, BDA COMPLEX, SIDDA, NNA LAYOUT, BANAGALORE, Karnataka	India
S2-311912341	Shiva Foods	FLAT NO. 10/11, OM RESIDENC, SHRADDHA VIHAR COLONY INDIRA NAGAR, WADALA, PATHARDI ROAD, NAS, HIK, NASHIK, Maharashtra	India
S2-91062925	techprocon.com	HN 40 HIRANANDANI ESTATE, CVIANA A WING 1103, PATLIPADA, THANE, Maharashtra	India
S2-927463935	ESSAR (INDIA) MATRIMONY PRIVATE LIMITED	SECTOR-0016, BLOCK NO.6, FLAT NO.07 HIG, BAHADURPUR HOUSING COLONY, BHUTHNAT, H ROAD, Bihar	India
S2-590089701	ನಾರ್ತ್ ಅಗ್ರೋ ಪ್ರೈವೇಟ್ ಲಿಮಿಟೆಡ್	DOOR NO. 682, FIRST FLOOR, 27TH MAIN, 13TH CROSS, HSR LAYOUT SECTOR 1, BANGALORE, ಕರ್ನಾಟಕ	India
S2-299919070	QX Communications  Private Limited	#102 RAGHANA COOP, HSOC PLOT 30A RAMDASPETH, NAGPUR, null, Maharashtra	India
S2-808801835	ZEPHYR MORTGAGE ([PARTNERS])	90 1/2 GEER AVE, NORWICH, CT	US
S2-994429169	LOTUS SHYAM ENGINEERING PRIVATE LIMITED	G-27 BRABOURNE ROADCTH FLOOR ROOM NO 505, KOLKATA, West Bengal	India
S2-560040430	Tri-State Immunopharma Riverside	AR, VAN BUREN, 2026 WOODWIND WAY	US
S2-49068773	Torres Cardiology	001001 FIELDSTOWN RD, GARDENDALE, AL	US
S2-363779880	Royal Hompctalihsy Private  Limited	PHASE - #3, DR.NO.1-17/11-10, LANE MIG-2, 188A, BOBBADIPETA, CANTONMENT, VIZIANAGARAM, <NULL>, Andhra Pradesh	India
S2-472527104	First Technologies Public Limited	NO 22 SAHA BHAVAN, 1ST FLOOR 8, CIRCUS MARKET PLACE, KOLKATA, West Bengal	India
S2-563626480	The Advanced Materials Networks Inc	KY, #20714 JACKS FORK, RUSH	US
S2-513322003	education trust holdings	107 OLD GLORY RD, VALLEY VIEW, TX	US
S2-49345400	Midwest Nétwork	5025 CLIFFHAVEN DRIVE, VA, FAIRFAX COUNTY	US
S2-920720425	Noida Healthcare Pvt. Ltd.	DOOR NO 50 NIRALA ASPIRE, GH-03, SECTOR -16, GREATER NOIDA, NOIDA, null, Uttar Pradesh	India
S2-973978023	continentalmetroliberty.com	4863 1/2 KINGSHILL DRIVE, COLUMBUS, OH	US
S2-347087613	Hughes, Lewis & Pschal Molecular Inc	5757 EDWARDS ROAD, SANFORD, NC	US
S2-746214135	Private KYY C0nstructions Limited	816, NEW DELHI, CENTRAL DELHI, Delhi	India
S2-967257896	Pollard's Energy LLC	114 Dogwood Ave, WHITE HALL TOWNSHIP, AR	US
S2-990141502	माय मैनेजमेंट प्राइवेट लिमिटेड	S. NO. #79/1A/2, F. NO.625, SIDDHIVINAYAK PUSHPA, KHED, SATARA, महाराष्ट्र	India
S2-697344395	CP (INDIA) PVT LTD SERVICES	HOUSE NO.574/2, URALI DEVACHI TAL HAVELI, PUNE, महाराष्ट्र	India
S2-663444958	Star Figx Central Inc. Center	1641 MARION DR, COSHOCTON, OH	US
S2-779977911	Selie Weaver Resilience LP	433 EWDIN WILLIAMS RD, CENTER, KY	US
S2-132866128	BABA SUN VENTURES PVT  LTD	1 , CTS 1 NO, 5 ARJUN BUILDING, PUNE, Maharashtra	India
S2-406972328	Gustafson Állspring	##12409 RAMBLING LN, BOWIE, MD	US
S2-70546642	सुपर फूड्स लिमिटेड	DOOR NO 10 VILAL MARIA14TH ROAD KHAR, MUMBAI, महाराष्ट्र	India
S2-695843745	Mumbai Cards Prívate	BAATAWALA BLDG SHOP NO 3 & 4GROUND FLOOR 129/131 NISHAN PADA ROSD DONGRI, MUMBAI, महाराष्ट्र	India
S2-705760678	Nonnah K. Battle, MD, DDS	2304 VIEWLAND CIR, MONTGOMERY COUNTY, VA	US
S2-548155728	বিগ ফুডস এন্টারপ্রাইজেস প্রাইভেট লিমিটেড	HOWRAH, West Bengal, NO 244 PANCHANANTALA ROAD	India
S2-197837250	EASTERN LLC SERVICES	2760 PALMA, LAKE HAVASU CITY, AZ	US
S2-79536940	Temple Coruh Lutheran	359 1/2 DALHART DR, PO BOX 7593, WEATHERFOR DCDP, TX	US
S2-754010271	బ్లూ హెల్త్‌కేర్ లిమిటెడ్	H.NO:-7-1-414/60/1, RANGAREDDY, HYDERABAD, తెలంగాణ	India
S2-740294186	Jaxquo	2839  NORCADE CIR, SACRAMENTO, CA	US
S2-737804674	harborcostamare.com	626 WOODLAND DR, HARLINGEN, TX	US
S2-411647326	BRADLEY, GUSSY ETF COMPANY	15898 33RD CIRCLE, VANCOUVER, WA	US
S2-553194616	Park Dollar	WAUCONDA, IL, 541C MEADOWVIEW DR	US
S2-509940498	# 5 EK Grupo Llc	19-11 131 AVENUE, SPRINGFIELD GARDENS, NY	US
S2-936826647	STERLIN6 ÁLLEGRO L.L.C.	#487 ANDALL ST, PMB 3873, LINO LAKES, MN	US
S2-258730821	QR Private Limited Services		India
S2-316765201	अर्बन प्रोडक्ट्स प्राइवेट लिमिटेड	H.NO 820 SENTER POINT NANITAL ROAD BAHER, BAREILLY, BAHERI, उत्तर प्रदेश	India
S2-104299111	Gulf Tokyo	1041 HICKORY CHASE LN, CROWLEY, TX	US
S2-966717893	TRIP CREEK PRIVATE LIMITED	EMBASSY TECH VILLAGE, HIBISCUS, 005TH FLOOR, BUILDING 2B, TOWER 3, OUTER RING ROAD, BANGALORE SOUTH, Karnataka	India
S2-846858864	Guerrero Énd	NY, BRUNSWICK, ##36 HAKES ROAD	US
S2-148289960	Integrated Staffing	01417 HEATHERS MIST AVE, CHARLOTTE, NC	US
S2-295974140	South Inflection LLC Services Services	#458 LIVERMORE ROAD, DRYDEN, NY	US
S2-350659635	Modern Integrated Axiom	090 ST FRANCIS 351 RD, COLT, AR	US
S2-783129366	Ma Pharmaceuticals, Holdings	WA, MONROE, 142 KELSEY ST	US
S2-114810075	R&m Event	A-14, PRASHANT VIHAR SECTOR-14, ROHINI, NEW DELHI, Delhi	India
S2-430711508	નોર્થ એગ્રો એલએલપી	PL.NO.C-16, RAJKOT, KUCHIYADAL, Gujarat	India
S2-275402623	VO Pearl LP	203 SURREY COURT, WESTMINSTER, MD	US
S2-318396559	AMELINA  CROWE WORKSHOP	#37 ASHEL LN, MONSEY, NY	US
S2-580403664	Mcknight, Mcknight, Toman and Reason,		US
S2-867362469	M/s Big Global Private Ltd	UNIT311 BEARING CTS NO-182/6-14 OF VILLAGE NEXT TO SKODA SHOW ROOM, SAKINAKA KHERAN, I ROAD, ANDHERI EAST MUMBAI, NULL, Maharashtra	India
S2-402802065	LIMITED ORIENT LOGISTICS	#/203, BANGALORE, ಕರ್ನಾಟಕ	India
S2-711655735	Superior 1st Kpet LLC	N/A, CITY OF FOND DU LAC, 141 REES STREET, WI	US
S2-111528223	Lucknow (India) Limited Services	06, BLDG NO 36 AKARSHAN CHSL, SHIVAJI RAJE COMPLEX, OPP. EKTA NAGAR, KANDIVALI (W), LINK R, OAD, MUMBAI, Maharashtra	India
S2-951392995	Allied Industrial Collgcitve LLC	310 1ST ST, LOUISE, TX	US
S2-987926453	Olaneus Grupo LLC	MORRISON AVE, MA, SOMERVILLE	US
S2-770108587	Orbix Oak Corp	##3535 150 COOK STREET, SPRINGFIELD CDP, IL	US
S2-679069894	... Blue Express  Software	150 Lipan Trl, AUSITN CITY, TX	US
S2-748076056	Big Tattoo Inc Center	25 JUBILEE WAY, BAR HARBOR, ME	US
S2-948617492	Cook, Rozalin Precision Services	104 CASTELNAU COURT, JACKSONVILLE, NC	US
S2-732422929	big 46 seafood corp	6918-6920 UNIVERSITY AVENUE, MIDDLETON TOWNSHIP, WI	US
S2-718327753	Coble Logistics Inc	417 HARVEST HILL LN, VEENUS, TX	US
S2-647893179	SPECIALISTS CARE PRIMARY	600 PROMENADE BLVD, ROGERS, AR	US
S2-562497096	Empire Trust  Highland	4905 EVERSHAM COURT, COLLEYVILLE, TX	US
S2-493720323	hightowersclear.com	KS, 620 OLIVER AVENE, WICHITA	US
S2-694638616	LLC Ivenary Infinite	OH, SOUTH POINT, 602 FOURTH ST W, PO BOX 5691	US
S2-553258177	CHOI INSTITUTE OF TECHNOLOGY	0326 EVANS AVENUE, HEMPSTEAD, NY	US
S2-251786106	Vania's Partners Inc	2231 Kolbe Grove Ln, HOUSTON, TX	US
S2-725961273	Bathla Apartments 43 I  P Ext. Retail Limited	H.NO 303 A 19, BATHLA APARTMENTS 43 I P EXT., Delhi	India
S2-69501662	Southern Dividend LLC		US
S2-267020766	quality textile collective inc	925 WHITE ST, CHESTER, IL	US
S2-572185091	Quantaell Farmers L.L.C.	41 306, SUFFERN, NY	US
S2-130959842	Bombay Sree Agro Limited	TOWER F, FLAT NO-2202, PANCHSHIL TOWERS, GAT NO., HAVELI, महाराष्ट्र	India
S2-964646724	KFE Investment Industries Corporation	DOOR NO 123 , H.NO.7-1-61/32 &33-121 & 122/3RT, SAI LAKSMI NILAYAM, OPPOSITE TO WATER SUPPLIERS, KHAIRTAABAD, Telangana	India
S2-580645960	DIGITAL ELECRTODIRCS DYNAMICS INC	ISSAQUAH, 14501 255ST AVE, WA	US
S2-698622096	Sweet Cafe	00325 MT PISGAH RD, SUPPLY, NC	US
S2-841694346	Dr Gnh Life Life Private	###48 MONMOHAN BANERJEE ROAD, KOLKATA, KOLKATA, পশ্চিমবঙ্গ	India
S2-635416912	MATHILDE S. DESKINS, PH.D., P.C. INC	402 CAIRO AVE, BIRMINGHAM, AL	US
S2-955834517	TRINITY INFRAHEIGHTS COMPANY	NO.186, GROUND FLOOR, 2ND CRS KIRLOSKAR LAYOUT, HESSARGHATTA MAIN ROAD, BANGALORE, Karnataka	India
S2-586792277	Elwira Salas Point Holdings	1620 AVE K, BAY CITY, TX	US
S2-505253212	AW  Finance		India
S2-444387247	commissiononpublic.com	CLUB DRIVE, LITTLETON, NC	US
S2-991564992	ABU ENERPRISES LIMITED	H.NO 11/5 PATEL ESTATE B R NAGARSV RD JOGESHWARI W, MUMBAI, Maharashtra	India
S2-267517924	Atteberry Tasitlal LLC	6721 MAYSVILBE RD, FORT WAYNE, IN	US
S2-752262361	Sutton-& Kitchen Kitchen LLC	1609 GOLDEN ASPEN DR, AMES, IA	US
S2-735096244	गैलेक्सी सिस्टम्स प्रा. लि.	Haryana, GURGAON, SADAR BAZAR, DAYANAND COLONY OPPOSITE FIRE OFFICE, HOUSE NO 231	India
S2-621704307	TOWNSHIP ÓF	143 MAIN ST, READING, MA	US
S2-570217363	Properties Alchemy Private Technologies Limited	HOUSE NO B-II/00814, 40 FEET STREET, BARNALA, BARNALA, ਪੰਜਾਬ	India
S2-683695538	SHREE INDUSTRIES PRIVATE-LIMITED SERVICES	441/79 (165A), PURANA TOP KHANA, BARI ROAD, BALAGANJ, Uttar Pradesh	India
S2-724764615	Doney Grading Inc.	NE, OMAHA, 11125 LAUREL CIR	US
S2-941494901	Varela Choice Digitalbridge, Incorporated	241-243 LEXINGTON STREET, WOBURN, MA	US
S2-741581730	First Baptist Church Partners	661 MULLINS RD, HURON, TN	US
S2-116953520	@walkerlearning	2422 HANSON RD, EDGEWOOD, MD	US
S2-599906671	LLC Halkan Véntures	193 REBECCA ANN COURT, ELIZABETHTOOWN, KY	US
S2-728422222	Aravind Delhi Pvt Ltd	NO 39 C/O SHUKHVEER MEHERABAD, SHIKOHABAD, SHIKOHABAD, उत्तर प्रदेश	India
S2-152479017	सिल्वर स्वस्तिक इंफ्रा प्राइवेट लिमिटेड	40/15, CHITRANJAN ENCLAVE, NEW DELHI, Delhi	India
S2-475564547	Direct Diagnostic Concepts Inc.	#7066 SIENNA PLACE, PRESCOTT, AZ	US
S2-360131852	Department of Finance  PC	25601 LAKESHORE BLVD, EUCLID, OH	US
S2-910803059	Nagar 5ervices Private Limited	NO 204 AKSHAR COMPLEX, OPP SITA TOWER SHIVRANJNI, AHMADABAD CITY, Gujarat	India
S2-179751359	Grover & Sons Pei Limited	AC-00238, STREET NUMBER 39, PLOT NUMBER-31-0039, ACTION AREA I, NEW TOWN, KOLKATA, KOLKATA, West Bengal	India
S2-336903131	Pioneer Materials Brands	675A Henrickson Rd, PRESCOTT VALLEY, AZ	US
