entity_id	business_name	business_address	country
S1-344277	Shandee's Better Partners	MA, 37 Ridge Drive, Sharon	US
S1-640206	Cous Inc	554 State Rte 279, Centerville, OH	US
S1-204872	Lakshmi Constructions Private Limited	No 748, Ammanampakkam, Tiruvallur, Tamil Nadu, Tiruvallur, C/O G Bakiyalakshmi	India
S1-350704	Hudson Alussa, LLC	Rock Hill, 3540 324, SC	US
S1-654664	Jeralee Higa Twelve Inc.	46 Briar Hill Court, Brookhaven, NY	US
S1-556282	Seven Food Private Limited	No. 14-D, Breweri Road West Shenoy Nagar, Chennai, Tamil Nadu	India
S1-492038	Noor Inc	Portland, OR, 8100 Lombard Street	US
S1-621036	Magic Village Pvt. Ltd.	1, Bethesda Street Nethaji Nagar, Chennai, Tamil Nadu	India
S1-39780	Naroda Management Pvt Ltd	23, Madhumilan Estate Opp. Madhur Masala, Gidc, Naroda, Ahmedabad, Gujarat	India
S1-834059	Interstate League	West Jordan City, 6704 Liza Lane, UT	US
S1-684523	Antonella Aceves Colombier	457 Klamath Avenue, Bandon, OR	US
S1-575521	Noida Lifestyle Private Limited	1045, Tower-B, Ithum Sector-62, Noida, Gautam Buddha Nagar, Uttar Pradesh	India
S1-438012	Unified Data Products, LLC	7455 Knighthood Lane, Williams, AZ	US
S1-387073	Foot & Ankle Diamond Specialists Co	1500 Dewey Street, New Albany, IN	US
S1-338235	Ernakulam Sheti Pvt Ltd	10/106-22, Flat No.4E, Sfs Silicon Hills & Meadows Opp.Csez, Kakkanad, Ernakulam, Kerala	India
S1-494487	One Shree Energy Pvt Ltd	Darbhanga, Bihar, Darbhanga, Urdu Bazar, Raham Khan, Mohallah	India
S1-789599	BU Complete Spring LLC	25 Pauchogue Avenue, Islip, NY	US
S1-816120	Sundeen Nextera LLC	700 9th Street, Unit Apt 4D, Little Rock, AR	US
S1-455452	Aarvam Finance Private Limited	Flat No-96 3Rd Floor, Kondli Gharoli, Mayur Vihar, Phase Iii, Delhi, East Delhi, Delhi	India
S1-636248	Vue Safe Therapy	11106 Bluewater Lagoon Circle, Cypress, TX	US
S1-426399	Pauly B. Rubino, D.O.	26 Village Green Drive, Brookhaven, NY	US
S1-344083	Sayles Partners LLC	28 Timberwood Drive, Cabot, AR	US
S1-336159	Rymer Legacy Stellar	6567 Aintree Place, Indianapolis, IN	US
S1-543775	Royal Enterprises Limited	G 5, Pasha Court, 71 Greenlands Road, Punjagutta, Hyderabad, Telangana	India
S1-151601	Loha Transport Corp	Tq. Kandhar, Loha, Nanded, H. No. 298. At. Datala Tq, Maharashtra	India
S1-116177	Yamuin Finance Private Limited	T9B Palm Avenue Ballygunge, Kolkata, Howrah, West Bengal	India
S1-718450	Primary Care Mountain Group	159 Boght Road, Colonie, NY	US
S1-17397	Oncology Health of Yelm Corp	17116 Pleasant Beach Drive, Fl 1, Yelm, WA	US
S1-223848	Young Marbles Ltd	Plot No 398 6-260/3, Raghavendra Colony, Saroornagar, K.V.Rangareddy, Telangana	India
S1-46005	Behavioral Health Group	Baytown, 7914 Erie Street, TX	US
S1-456956	Seven South Consultancy	4-G-3, Talwandi, Kota, Rajasthan	India
S1-799744	Grant Neighborhood, LLC	418 Knights Road, Albion, ME	US
S1-432070	Federal Family Practice Inc	427 Harper Avenue, Unit 8, Auburn, AL	US
S1-613589	Bollin Global Costamare	342 Taylor Road, Stow, MA	US
S1-678936	Chiropractic Care Associates of Peoria	AZ, Peoria, 9048 Lejos	US
S1-359048	Noviq Pimco	29 Endicott Street, Unit 1, Worcester, MA	US
S1-361301	Maharashtra Infra Private Limited	Kalna Road, Kopitala P.S. & Dist. - Burdwan, Burdwan, Bardhaman, West Bengal	India
S1-482102	Richmen Agency (India) Private Limited	30-D Wadia Building1St Floor Cawasji Patel Street Fort, Mumbai, Maharashtra	India
S1-306226	Deep (India) Industries Corp	C-151-O, New Delhi, South Delhi, Delhi	India
S1-147493	Conni Reyes Beacon Monte LLC	8345 Mcguire Drive, NC, Raleigh	US
S1-715940	Lets (India) Tracon Pvt. Ltd.	House No 2188/17, Flat No 7 Village Shadi Khampur City, New Delhi, North West, Delhi	India
S1-771175	Jay Management Private Limited	Ram Niwaas 2-D-4 Rangbadi Yojna Na Aen(A-1), Kota, Rajasthan	India
S1-349630	MJ Innovative Ford	Elgin, TX, 740 467	US
S1-357753	Dough Paper Pvt Ltd	House No. 325, Floor 2Nd, Kohat Enclave, Pitampura, Delhi, North Delhi, Delhi	India
S1-564459	Integrated Automation Services	2333 Belmeade Drive, Unit 21, Charlotte, NC	US
S1-715571	Midwest Pediatrics	4519 Ashland Avenue, Unit APT B, Lorain, OH	US
S1-696643	Blue Consultants Private Limited	C 71, Premier Complex Mangli Nichi, Ramgarh, Ludhiana, Punjab	India
S1-732119	Regional Unified Brewing	2830 46th Avenue, Des Moines, IA	US
S1-716782	Little Bike Shop	612 Bradley Avenue, Star City, AR	US
S1-809267	Consultancy Gourmet Embroideries Pvt Ltd	Plot No. 28A, Ida Nacharam, Uppal, Hyderabad, Telangana	India
S1-62823	Vasoft LP	1233 5th Street, Mcalester, OK	US
S1-95106	Columbus Youth Foundation	2834 High Street, Columbus, OH	US
S1-499197	Carpenters Union Local No 20	OK, Tulsa, Unit APARTMENT  257, 6566 21st Place	US
S1-11838	Ritter Storage	4317 Fallston Road, Shelby, NC	US
S1-120656	Smart Nidhi	Yogalon Estateopp Jain Derasar Vastadevdi Road, Surat, Gujarat	India
S1-698631	Dynamic Gladstone LLC	4676 Albany Post Road, Unit Unit 10E3, Hyde Park, NY	US
S1-821071	Soriano and Piedra, Inc	Houston, TX, 1014 Christine Street	US
S1-848742	Herring Crystal Xsolla	OK, Norman, 1905 Timbercrest Court	US
S1-603395	Impala & Associates	B No. A 2, Benazir Park, Vasna Road Taluka Vadodara, Gujarat, Vadodara, Gujarat	India
S1-179501	Goldmine Holdings Partners	9-12-13, Silver Complex, Nr. Shilpa Gerag, Mahesana, Gujarat	India
S1-115962	Products Dinesh Financial Private Limited	Old No 22/New No 45, Karur, Rajaji Street, Tamil Nadu	India
S1-75242	Porter's Horizon Financial Center	450 Main Street, Silverton, OR	US
S1-136656	Metal Malabar	Flat No. 509, 5Th Floor, Vashishtha Ashram Aprts., 4-3-622/1 To 2, 623, Ramkote, Sulthana B, Azar, Hyderabad, Telangana	India
S1-320318	Baba Blue Systems Pvt Ltd	B-Flat-J3, J4 Floor-10, B Wing, Dr. Annie Besant Road Worli Mumbai Maharashtra India, Mumbai, Maharashtra	India
S1-111900	Hoover Worldwide LLC	5522 Laborde Avenue, Charlotte, NC	US
S1-416639	George Science	830 Blue Springs Road, Columbia, TN	US
S1-169329	Moon Courier Private Limited	12-2-536/29/A, Gudimalkapur Hyderabad, Asifnagar, Hyderabad, Telangana	India
S1-771580	Crowe and Rios Company	96 Concord Avenue, Unit 1, Somerville, MA	US
S1-537752	Wildlife Diamond Program	6014 Tennyson Street, Muskogee, OK	US
S1-110720	Udra Consultancy Pvt. Ltd.	B-105, Mangalmurti Complex, Next To Big Bazaar, Sinhagad Road, Pune, Maharashtra	India
S1-151801	Sandeep Seva Samiti	The Legend Tower No. - 5 Flat No-3 Sector 57, Gurgaon, Haryana	India
S1-836324	Girija Consultants Private Limited	F-120, Riico Industrial, Area, Prahladpura, Jaipur, Rajasthan	India
S1-805877	Taylor, Bryana, MD, DDS PC	6516 138th Place, Edmonds, WA	US
S1-378696	Iannone, Adams & Zaragoza Flexible LLC	Foxborough, 400 Foxborough Boulevard, Unit 6109, MA	US
S1-773131	Escalante, Culbert and Guerra, LLC	1302 Stockholm Avenue, MN, Marshall	US
S1-455559	Pronion Specialty Inc	4491 Springfield Road, Henrico County, VA	US
S1-587706	Star Om Systems Private Limited	Door No. 1491, 2Nd Floor, Srinivasa Complex, Bapusubbarao Street, 1St Cross, Vinobha Road, Shivaramapet, Mysore, Karnataka	India
S1-540910	Wicks Harmony Inc	84 Mount Pleasant Avenue, Unit 1, Boston, MA	US
S1-662519	Heartland Unified Indigo Inc	Leominster, MA, 405 Johnny Appleseed Lane	US
S1-371887	Bruno Corporate	633 Southwestern Pkwy, Louisville, KY	US
S1-826139	S & K Gladstone	100 Buckeye Street, Unit APT A, IA, Monticello	US
S1-79973	Beacon American Currencyshares LLC	827 Pacific Avenue, Osawatomie, KS	US
S1-25928	GXD Advanced Paceline	1221 Division Street, Unit 226, Nashville, TN	US
S1-243856	Charles Cubes Private Limited	63/16A, Stainly Road Allahabad, Allahabad, Uttar Pradesh	India
S1-43666	NC Infosolutions Center	2/437, Ashraheen, Viraj Khand, Lucknow, Uttar Pradesh	India
S1-30517	Sanders Twin	3120 Summerhurst Drive, Chesterfield County, VA	US
S1-323965	Konstance Moulton Digital Inc	133 Lola Lane, Bellville, TX	US
S1-423389	Forge Inc	700 Waverly Road, Porter, IN	US
S1-334648	United Association Inc	4587 Citation Court, Batavia, OH	US
S1-743924	Jawahar Park Ps - Thana Mandi Media Pvt Ltd	H. No. 99A, Jawahar Park Ps - Thana Mandi, Saharanpur, Uttar Pradesh	India
S1-778551	Fey's Physical Therapy	1 Normandy Village, Clarkstown, NY	US
S1-590662	Pioneer Midwest Lane	Richmond, TX, 26618 Hypatia Trace	US
S1-536037	Summit Stone LLC	700 Enon Road, Stem, NC	US
S1-61899	India Duke Glass Private Limited	P. No. 9, S1, Rajam Nagar, 1St Cross Street, S. Kolathur, Tambaram, Kanchipuram, Tamil Nadu	India
S1-541649	Flow Networks Private Limited	S1 Mejestic Apartment 35 6Th Street, Balaji Nagar, Alwar Thiru Na, Gar, Chennai, Tamil Nadu	India
S1-441322	Evangeline Chase Invesco LLC	13809 43rd Avenue, Spokane, WA	US
S1-398707	Bn Institute	C/O - Mrs.Kshama Bimal Shah, Srishti Complex, B-001, Dhruva Srishti Chs Ltd, Srishti Se, Ctor-2, Mira Road East, Thane, Maharashtra	India
S1-508414	Shakti Developers Private Limited	2-264, Krishnammal Nagar, Fairlands, Salem, Tamil Nadu	India
S1-719352	Fargo Foods Pvt Ltd	Saristabad, Phulwari, Patna, Bihar	India
S1-57813	Amsr Promoters Pvt Ltd	Village - Amdahi Post - Amdahi, Gonda, Lucknow, Uttar Pradesh	India
S1-744027	OF Rapid Healthy L.L.C.	7 Dailey Circle, Vernon, CT	US
S1-223763	Irena Rodriguez Principal	519 Dixon Avenue, Dixon, IL	US
S1-690758	Unnati Nursing Home	Bangalore, Karnataka, Nurturelabz, Indiranagar, Domlur Ii Stage, Double Road Bangalore Ka, #222, Bangalore	India
S1-476418	Harman and Halverson Inc	1622 Sharp Avenue, Unit 101, Spokane, WA	US
S1-427581	PL Concord PC	16513 22nd Street, Bonney Lake, WA	US
S1-87573	Good Foundation Private Limited	2Nd Floor, It Complex, Jmd Megapolis, Sector-48, Sohna Road, Gurgaon, Sf-221, Haryana, Gurgaon	India
S1-610336	Clawson Rocky Inc.	12756 Chieftain Court, Lemont, IL	US
S1-819415	Aruna Trading Limited	6/15/3, Bada Ramna, Faizabad, Faizabad, Uttar Pradesh	India
S1-577072	Madhavan & Partners	Shop No.6, Ground Floor, Royal Emerald Apartment, Nitin B More Marg, Thane, Maharashtra	India
S1-197612	Johnson Armada of Muscatine	1214 Grand Avenue, Muscatine, IA	US
S1-514512	Abhay (India) Asian Corp	6B/429 Vrindavan Yojna R.B Road, Lucknow, Uttar Pradesh	India
S1-169980	Sanmukh (India) Educational Private Limited	C/O Sashikant House No 129, Village-Kuharwas Buhanarj, Tehbuhana, Jhunjhunun, Rajasthan	India
S1-593504	Cancer Coalition, Inc	873 Glen Eagles Court, Tooele, UT	US
S1-30359	Frontier Metro Lake LLC	7113 Idlewild Brook Lane, Charlotte, NC	US
S1-717413	KNB Organiser LLP	Bf - 21 Tagore Garden, New Delhi, West Delhi, Delhi	India
S1-156611	Novial Fortune	634 Fair Road, Sidney, OH	US
S1-828297	Reliable Ofs LLC	7806 Walnut Tree Road, Fl 0, Severn, MD	US
S1-30633	Novex Solutions PLLC	Cincinnati, OH, 2106 Rubicon Place	US
S1-354832	Hyderabad Insights LLP	Plot No68 Flat No201, Sri Venkatarama Res Kolan Narayana Reddy Colony, Nizampet, Hyderabad, Rangareddy, Telangana	India
S1-500958	Price and Hernandez LLC	118 Carolina Street, Goldsboro, NC	US
S1-597527	Urban Infrastructure Private Limited	Dipttpurav, Ram Nagar Khurd, Gola Gokaran Nath, Kheri, Uttar Pradesh	India
S1-684243	Scholarship Supreme League	Loogootee, 8261 1300, IN	US
S1-252028	Preferred Bay Bhav	19107 Pelican Drive, Queen Creek, AZ	US
S1-441252	Julieta Vaughn Sterling Design Corp	50 Spruce Hollow Lane, Hillsville Town, VA	US
S1-180436	Great Coalition	195 Avery Drive, Atlanta, GA	US
S1-615660	(india) Reliable India Ltd	103, J Dadaji Margtulsi Wadi, Tardeo, Mumbai, Maharashtra	India
S1-309019	99/65 Bioscience	1617 Whispering T Drive, Waxahachie, TX	US
S1-332343	Huitt and Knipe, LLC	Everly, IA, 2671 150th Avenue	US
S1-815696	Sarthak Infrabulls	923/1651, Nigamananda Nagar, Lane 2 Hanuman Temple, Bomikhal, Rasulgarh, Bhubaneswar, Khordha, Orissa	India
S1-343106	Cardiology Midwest Care Associates LLC	907 Cedar River Road, Montgomery, TX	US
S1-83336	Vijay Energy Private Limited	C/O Kumar Gaurav, 401, Gharounda Complex Jagdeo Path, Khajpura, Patna, Bihar	India
S1-230687	Dental Clinic Clinic	10030 Green Oak Boulevard, Fort Wayne, IN	US
S1-699327	Smail Plum LLC	407 Pretlow Street, Franklin City, VA	US
S1-418986	Jain Foundation Limited	S-35/1, Gns Plaza, Site Iv, Kasna Road, Greater Noida, Gautam Buddha Nagar, Uttar Pradesh	India
S1-554861	Great Pinnacle Assets Inc.	707 Thornhill Drive, Upper Providence Township, PA	US
S1-704871	Upper Charter School PC	9841 Revel Street, Laurinburg, NC	US
S1-562701	Pediatric Dental Global Center Inc	13206 Park Lane, Fort Washington, MD	US
S1-442709	Allen Carbons Pvt Ltd	Poonamallee, Tamil Nadu, Anna Street, Vasantham Nagar, Avadi, Plot No.1, Tiruvallur	India
S1-671102	South Family Practice	616 Severn Drive, Patton Twp, PA	US
S1-830129	George Purecycle	14 Green Pine Lane, Penfield, NY	US
S1-650259	Biis Future	1734 Fitzgerald Road, Simi Valley, CA	US
S1-13711	Future Best Marketing Private Limited	#24/25, Rajdhani Complex, Survey#19A, Pune Satara Road, Dhankawadi, Pune, Maharashtra	India
S1-544168	Continental Liberty Anadolu Inc.	711 Kolar Drive, La Porte, IN	US
S1-788092	1847 Ocean Plaza Company	2900 Cattleman Glen, Round Rock, TX	US
S1-824670	Four Memorial Trust	Andheri (West), 102, Mumbai, Maharashtra, Janaki Centre, Veeradesai Road	India
S1-126311	IMJ Internet PC	422 Bond Street, Unit UNIT B, Redlands, CA	US
S1-804645	Sadowski & Smith World LLC	2428 Jackson Street, Anderson, IN	US
S1-539780	Primary Care Clinic	20114 New Sunrise Trail, Cypress, TX	US
S1-645543	S F & E European LLC	7660 Lorel Avenue, Burbank, IL	US
S1-127273	Dental Partners of Lincoln	2624 Garfield Street, Lincoln, NE	US
S1-577773	Maid Pub LP	3541 58th Court, Cicero, IL	US
S1-535885	Smart Carlyle	309 Fairfield Drive, Danville, IN	US
S1-320122	W+ Mexico	6202 Calendula Court, Summerfield, NC	US
S1-824709	Liberty College PC	174 Stewart Road, Freeport, TX	US
S1-282802	Beacon Ginning Private Limited	Dno. 6-2-H00075, 1St Floor Lpt Market, Hyd Road, Nalgonda, Telangana	India
S1-220722	Updike Agricultural LLC	1444 Talley Circle, Portsmouth City, VA	US
S1-472583	Beatrisa's Tri-State Bakery Inc.	134 Blue Heron Drive, Longview, WA	US
S1-671402	Danna Pinnacle Seafood LLC	3120 Douglas Street, Washington, DC	US
S1-538331	International Solutions Private Limited	12/561-1 Opp Sakharpe Hospital, Ichalkaranji, Kolhapur, Maharashtra	India
S1-699893	Dois	914 Water Street, Hobart, IN	US
S1-644574	Sterling International School	Aman Nagar Near New Pss, Bus Stand, Akhalaspur, Kaimur, Bihar	India
S1-11161	Kushner Reliable Garden PLLC	6815 Poppy Hills Lane, Unit 1036, Charlotte, NC	US
S1-509825	Classic Analytics Worldwide, Inc	MA, 33 Pratts Junction Road, Sterling	US
S1-226428	BC Sab Inc	1106 Grand Avenue, Emmetsburg, IA	US
S1-723908	Golden Tavern	4511 Firewheel Drive, Garland, TX	US
S1-772890	Optvue Assets LLC	2239 County Line Avenue, Ruthton, MN	US
S1-775732	White Impex Limited	Plot No.365, Road No.3, Gidc Sachin, Sachin, Surat, Gujarat	India
S1-846569	Quality Atlantic Gravity Inc	Virginia Beach City, VA, 1318 Elk Court	US
S1-474401	Russell, Ramirez and Brown LLC	Cottondale, AL, 8330 Jim Jones Road	US
S1-348642	Chennai City Corporation Production Private Limited	47 And 95, Block-C1H, Asta, Avm, Pv Rajamannar Salai, Chennai City Corporation, Chennai, Tamil Nadu	India
S1-653836	Liberty Federation	5505 Schooler Ave, Louisville, KY	US
S1-710555	Asset Building Committee	1313 Highlands Boulevard, DE, Middletown, Unit A	US
S1-701227	Hyderabad Transport Private Limited	7-1-216/1 Balkampet, Hyderabad, Telangana	India
S1-720476	North Industries Private Limited	No: 3-90B/1, Tharuvai Manavalakurichi, Kanyakumari District, Kanyakumari, Tamil Nadu	India
S1-683372	Kendra's Better Book Store Inc	Gardner, MA, 39 Ruby Road	US
S1-67892	Interfaith Guild III Inc	208 Grove Road, East Bethel, MN	US
S1-230111	Geneva Veterans Bay Fellowship PLLC	99 Lewis Street, Unit Suite 103, Geneva, NY	US
S1-660165	Ram Construction Private Limited	2 D Mahaveer Marg, Indore, Madhya Pradesh	India
S1-116142	Minoum Electronics LLC	317 Lynn Street, Mcgehee, AR	US
S1-805464	Eye Partners P.C.	3934 Escoba Drive, Grand Prairie, TX	US
S1-527310	Dynamic Semiconductor Systems LLC	343 Berwick Place, Sierra Vista, AZ	US
S1-709401	Plazma & Partners	C/O. Krishan Dev Singh Gada Godha Tola, Sidhi, Madhya Pradesh	India
S1-414522	Sarasva Recruitment LLP	Bangalore, Karnataka, Bangalore, Hosur Main Road, Balagaranahalli, Attibele Hobli, Anekal, 42/2A (Old 467/10)	India
S1-594291	Yu Aldel Inc.	33045 Spinnaker Drive, Selbyville, DE	US
S1-818535	Jyoti India Private Limited	61, 2Fl, Bhaktinandan Sec 2, Mota Varachha, Surat, Gujarat	India
S1-130140	Maa Infrastructure Private Limited	Plot No.1115, At/Po- Sikharapur Ps- Saranakul, Nayagarh, Orissa	India
S1-79294	Pearson, Halls and Thurston Inc	1030 Madison Street, Woodstock, IL	US
S1-125703	Ergo Apparels Private Limited	3Rd Floor, Vardhman Garnd Plaza, Manglam Place, Plot No. 7, Sector-3, Roh, Ini, North West, Unit No. 378, Delhi	India
S1-153492	Lopez Pioneer Praetorian LLC	1210 Tucker Road, Fremont, OH	US
S1-88936	Coastal Metropolitan Tankers LLC	KS, Pittsburg, 928 7th Street	US
S1-195368	Panipat Infrastructure Pvt. Ltd.	C/O Ishwer Singh, Ujha, Gate, Chajjpur, Panipat, Haryana	India
S1-454448	Heritage Fund	1434 Old Shelbyville Highway, Tullahoma, TN	US
S1-352580	White Lab LLC	NM, 1812 Brady Avenue, Clovis	US
S1-57584	Camacho, Ibarra and Brock Phoenix LLC	614 Allen Street, Bloomington, IN	US
S1-445761	Hotel Infotech Private Limited	F-139-F, Jawahar Park, Devli Road Khanpur, Tehsil Hauz Khas (Mehrauli), New Delhi, South Delhi, Delhi	India
S1-311565	Credit Academy Pvt Ltd	H No.4469, Near Gode College Buldhan, Buldana, Buldhana, Maharashtra	India
S1-839161	Premier Estate Private Limited	Plot. No.4, Jaya Nagar, Keelkatalai, Tambaram, Kanchipuram, Tamil Nadu	India
S1-246100	Scott and Cox Aimei LLC	155 Division Street, Fl 1, Olympia, WA	US
S1-312110	Bright Automation Group	12323 Ferris Creek Lane, Dallas, TX	US
S1-839266	Giri Rashmi Private Limited	Jayasre House No 7Krishna Nagar 11Nd Lane Peroorkada P O, Trivandrum, Palakkad, Kerala	India
S1-154587	Pediatric Group	186 Narrow Lane, New Market, AL	US
S1-560379	Family Program PLLC	7 Langdon Street, Montpelier, VT	US
S1-508023	Pediatric Dental Group of Crandall	2836 Kyle Drive, Crandall, TX	US
S1-391758	North Black Foods Private Limited	A -55 Midc Area Jalgaon, Jalgaon, Maharashtra	India
S1-193446	Draper, Coates & Robuck	1019 450, Layton, UT	US
S1-46093	Spr Exim Private Limited	C/O Dr. Harshad N. Rathod, Sanjivni Comp., Ground Flr., St Road, Amreli, Gujarat	India
S1-621678	Bcm & Brothers Private Limited	P 4/27, Dlf Phase 2, Sector 25, Dlf Qe, Gurgaon, Haryana	India
S1-706078	Mason, Rea, Ph.D.	64 Doane Street, Quincy, MA	US
S1-321826	Ferrova Fund LLC	8 River Ridge Loop, Bellingham, WA	US
S1-653191	Metropolitan Defense Consultants Group	820 Main Street, Elmwood, IL	US
S1-564523	Pediatric Dentistry Optimal Health Inc.	1011 Bellaire Drive, Tyler, TX	US
S1-739066	Technologies First Service Private Limited	302, Global Port, Mumbai Bangalore Highway, Baner, Pune, Maharashtra	India
S1-363788	Dental Allied Health Inc	40 Godfrey Street, Portland, ME	US
S1-148311	Gold Solutions Private Limited	B/6 Byculla Service Industrial Estate Sussex Road, D.K. Road, Byculla (E), Mumbai, Maharashtra	India
S1-580843	Winston's Spa Clinic	1600 Kearney Avenue, Rio Rancho, NM	US
S1-805024	Aditya Business Private Limited	Flat No 617 Mayur Vihar Pocket V, Delhi, East Delhi, Delhi	India
S1-314275	Smith Sachs, Inc	30029 1st Place, Federal Way, WA	US
S1-607168	Relax Techsoft Private Limited	Ernakulam, Kerala, X/662, Pulavath Building, Mudickal P.O, Near Munavvirul Islam Masjid, Pallikavala, Perumbavoor, Kunnathunad, Ground Floor	India
S1-320073	Rodriguez and Diaz Solid	6053 Hudson Road, Unit Unit 265, Woodbury, MN	US
S1-152995	Cofloex Rre Inc	10711 Hillcrest Lane, St. John, IN	US
S1-6053	Ear Nose & Throat Physicians	1621 20th Street, Douglas, AZ	US
S1-710093	Best South Ventures Limited	Bangalore, No 9, 10 (943), Ground Floor, Shankarappa Layout, Huskur Post, Karnataka	India
S1-604206	Sterling Spectral	18 Ironwood Drive, Vernon, CT	US
S1-704862	Thaxton's Fresh Foods	IN, Russiaville, 1709 Green Acres Drive	US
S1-291798	Fresh Health Works LLC	10007 Gold Coast Court, Upper Marlboro, MD	US
S1-567848	Ferrium Apollo LLC	413 Cedarburg Court, Yukon, OK	US
S1-289667	Vision Prime Physicians Inc	3417 Sunset Rose Drive, City Of El Paso, TX	US
S1-271535	Win Advisors Co	Ravindra Aptsparvati, Pune, Maharashtra	India
S1-329870	R 8 Silver Oneim	5910 Red Road, Kenney, IL	US
S1-119838	Schuler Apex Nuveen Inc	Casper, WY, 3700 Carmel Drive	US
S1-273324	Creative Financial Systems	5816 Iglesia, Guadalupe, AZ	US
S1-5735	MG Exim Private Limited	5 Zainab Baug Buildingbharucha Road Dahisar East, Mumbai, Maharashtra	India
S1-676480	Correa and Albers Harmony	4121 Brown Road, Oregon, OH	US
S1-208234	Anand Consulting Limited	Uttar Pradesh, Lucknow, 155/3 Molviganj N/O Kumar Radios	India
S1-572157	Ww Crystals Company	Kochi, Ernakulam, Kerala, Edappally Toll Kalamassery Municipality, Edappally P.O, Door No.27/605A	India
S1-110941	T+ Appliance LLC	24087 Flint Ridge Lane, Park Hill, OK	US
S1-695993	Perfect Contractors Private Limited	271/73, Ground Floor, Opp. Mumbadevi Temple Mumbadevi Road, Mumbai, Maharashtra	India
S1-425225	Glyphari Engineering Inc.	409 English Street, Unit A, Monroe, NC	US
S1-154758	Golden Transportation	WA, Sequim, 330 Deytona Street	US
S1-378163	FJ Sterling Detailing LLC	KS, Wichita, Fl 0, 14314 Ocala Court	US
S1-440304	Western Rapid Robotics PLLC	1812 National Road, Washington, KS	US
S1-589389	Phoenix Trading LLP	Khema Baba, Bai Pass Road, Baitu, Barmer, Rajasthan	India
S1-99189	Consolidated Creative Consultants LLC	9 Parkview Court, Hoopeston, IL	US
S1-829207	Aditya Investment LLP	Kerala, Kurakkanni, Chirayinkeezhu, Trivandrum, Bunglavil Veedu, Thiruvananthapuram	India
S1-341742	Casarez Smith LLC	198 7, Otego, NY	US
S1-422571	Innovative Staffing Group	208 Jarvis Street, TX, Troup	US
S1-127052	Sla Trading LLP	Office No. 1206, Greenscape Building, Plot N. 4&6 Sector 30A, Vashi, Navi Mumbai, Navi Mumbai, Thane, Maharashtra	India
S1-524313	Ado Resources Pvt. Ltd.	Plot No-315, 2Nd Floor, Blk-B, Pkt 5 Sec 3, Rohini Landmark, Near Govt School, New Delhi, North West, Delhi	India
S1-787856	Infinite Brothers Pvt Ltd	C 117 H Sector A Mahanagar, Lucknow, Uttar Pradesh	India
S1-351021	Stribling & Sims	549 Magnolia Avenue, Cuyahoga Falls, OH	US
S1-253386	Metro Investments Co	15833 36th Street, Phoenix, AZ	US
S1-669099	Hillery Therapeutics Inc	3342 Sea Pines, Mesa, AZ	US
S1-668790	Cozy Hypnosis PC	2350 Carnation Court, Port Orchard, WA	US
S1-88189	Ss Products Private Limited	C/O M L Rice Mill Mohkam Arain Road, Jalalabad West, Firozpur, Punjab	India
S1-227189	Creative Mckinley LLC	1945 12, Chenango, NY	US
S1-395438	Chidambaram North Technologies Private Limited	41.Sakunthala Ammal Nagar, Cdm Non Municipal, Chidambaram North, Cuddalore, Tamil Nadu	India
S1-620693	Chandrendra Prosthetics Public Limited	Madhya Pradesh, Sector-E Sanwer Road, 24A-25B, Indore	India
S1-841062	Demartini Home Care	1809 Randall Road, Holbrook, AZ	US
S1-827102	Maid Massage Corporation	2787 Asbury Street, Roseville, MN	US
S1-487665	Mk Assignments Pvt Ltd	Villa No. 45, Jayabheri The Meadows, Gachibowli, Near Wipro Junction, Seri Lingampally, K.V.Rangareddy, Telangana	India
S1-605443	Krissy Valencia, Ph.D.	229 Maplewood Drive, IL, Sycamore	US
S1-34189	Mique LLC	10293 Lewistown Road, Hanover County, VA	US
S1-384165	Forest & Sons Pvt Ltd	1216, Bhavani Peth, Palakhi Vithoba Chowk, Bhavani Peth, Pune, Maharashtra	India
S1-710844	Lucci Management LLC	4573 Stimpson Ridge Drive, Winston-salem, NC	US
S1-644265	Faex Merger LLC	520 Cascade Avenue, Unit F, Rocky Mount, NC	US
S1-645318	Orthopedic Clinic LLC	37 Blanding Road, Rehoboth, MA	US
S1-617633	Shivangan Chits Pvt Ltd	No. 39/6688 Kurisupally Road Ravipuram, Cochin 15, Cochin, Ernakulam, Kerala	India
S1-253345	Southern Jersey LLC	2729 Constitution Drive, Lindenhurst, IL	US
S1-344177	Torres and Carnes PC	NC, 3613 Sweetgrass Lane, Charlotte	US
S1-794724	Mumbai Logistics Corporation	C514 Kailas Business Park, Veer Savarkar, Vikhroli W, Mumbai, Maharashtra	India
S1-615563	High Business Private Limited	Rajasthan, Jodhpur, Ka Than Road Poonjla, Plot No 138 Baldev N Mata, Jodhpur	India
S1-338957	Green Better Ares	10963 Pima Creek Drive, Vail, AZ	US
S1-41416	Clean Trailblazer, LLC	170 El Monte Avenue, Ventura, CA	US
S1-499755	Services Shree Line Corp	59/1678 Premier Printers, Building, Annie Hall Road, Kozhikode, Kerala	India
S1-53600	Radha Food LLP	Mumbai City, 502, Mumbai, Swastik Chamber Chs Ltd, Kapadia Apt, S. V. Road, Opp. Oil Petrol Pump, Vile P, Arle (W), Maharashtra	India
S1-180611	Mcelhaney and Rodriguez LLC	191 Walnut Street, Unit 1, Clinton, MA	US
S1-164696	Sweet Cafe	RI, Westerly, 49 Pound Road	US
S1-168317	Hunger Charities Inc.	309 Andora Lane, ID, Unit 102, Ketchum	US
S1-284927	Arihant Media Private Limited	Nichu Patty Bolpur, Bolpur, Birbhum, West Bengal	India
S1-597087	Al Industries Pvt Ltd	203 Green Villelokhanwala Andheri (W), Mumbai, Maharashtra	India
S1-578300	Jaymee Truax Best	347 Division Street, Harvard, IL	US
S1-174798	United Foam Pvt Ltd	Gokul Height-2 F-102, P.No 26 Sadguru Nagar, Nagpur, Maharashtra	India
S1-379841	Solis European Inc.	Hartford, CT, 27 Stedman Street	US
S1-845196	FK Noble P.C.	Unit 4201, 1890 Mercer Parkway, Farmers Branch, TX	US
S1-646124	A Direct Hills Inc.	4019 130th Avenue E, Unit APARTMENT  1704, Tulsa, OK	US
S1-19377	Highland Rocky Health Partners	922 Elmira Avenue, Durham, NC	US
S1-631846	Buonocore, Mejia and Patteson LLC	4289 Park Avenue, Bronx, NY	US
S1-581700	Metro Hcm PLLC	110 Wisconsin Street, Russell, KS	US
S1-41868	Brantley Xrp LLC	20787 Cr 124, West Lafayette, OH	US
S1-637292	Lasher South LLC	2528 Dawson Cabin Road, Jacksonville, NC	US
S1-4100	Fleurette Griffin, Esq. PLLC	13633 Vincent Circle, Burnsville, MN	US
S1-649146	Urban Estate Private Limited	A-604, Nandadeep Society, Kaspati Wasti Chhatrapati Chowk Wakad, Pune, Maharashtra	India
S1-180703	Alexander, Moody & Wells Inc	3040 Timber Line Road, Prescott, AZ	US
S1-569558	Wealth Medical Ltd	E-9, 2Nd Floor, Room No. 206, Kalkaji, Delhi, South Delhi, Delhi	India
S1-93966	Bharat Trading Private Limited	H.No 246 Near Bus Stand Village Dobhi, Hisar, Hissar, Haryana	India
S1-91522	Shiraz Rice	35, Kasba Circus Avenue, Swinhoe Lane Kasba, Kolkata, Kolkata, Howrah, West Bengal	India
S1-378829	Family Mountain Clinic	245 Southbridge Road, MA, Unit 6, Charlton	US
S1-170278	Leodora's Deli	0-503 Kelly Street, Rome City, IN	US
S1-435127	Bangalore North Nanotech Pvt. Ltd.	431/2, Wing C, Flat 104, Assetz38 Banyanapartment, Bangalore North, Bangalore, Karnataka	India
S1-453841	Tilghman and Romano Inc	3120 Howe Avenue, Unit APT 12, Sacramento, CA	US
S1-533283	Distinct Communication Limited	No 23, First Floor, V R Suncity Layout, Kannurahalli Main Road, Hosakote, Bangalore Rural, Karnataka	India
S1-602068	Kaverendra Investment Private Limited	Plot No. 33, Shivam, Lal Kothi Shopping Centre, Tonk Road, Jaipur, Rajasthan	India
S1-706465	Trinity Church	7101 Enfield Avenue, Morton Grove, IL	US
S1-714535	Real Industries LLP	C/O Mobin Khan Nyay Marg, Shiv Mandir Ke Samne Manas It Center Ki Building, Mawali, Udaipur, Rajasthan	India
S1-238154	New Delhi Cloud Limited	A-2/8, 1St Floor Safdarjang Enclave, New Delhi, South Delhi, Delhi	India
S1-831169	Dynamic Developers LLP	Flat 2122, Prestige Song, Of The South, Yellenahalli, Bangalore South, Bangalore, Karnataka	India
S1-648593	Great Guild P.C.	200 Laurel Ridge Road, Lowell, OH	US
S1-247853	United Systems Private Limited	33/12, Balakrishna Street Extension West Mambalam, Chennai, Tamil Nadu	India
S1-246963	Preferred Atlantic Tire Shop	675 Ridge Hollow Road, Smithfield, UT	US
S1-229982	Ace Maywood Inc	406 Henderson Road, Fl 0, Severna Park, MD	US
S1-708379	Prime Investments Private Limited	G1, Ground Floor, Dhanya Castle, Plot No.17 And 18, Jayapriya Nagar, Kolapakkam, Poonamallee, Tiruvallur, Tamil Nadu	India
S1-427691	Operating Engineers Local Union 888 Inc.	1940 Fm 1291 Road, New Ulm, TX	US
S1-353769	National Interstate Electronics Inc	701 Venture Drive, Unit Unit 204, Waukee, IA	US
S1-187002	Oxnard Baptist Association	Oxnard, CA, 1204 Liada Way	US
S1-42818	Metro Initiative LLC	2131 Willow Hill Lane, Clayton, NC	US
S1-150648	<CITY_NAME> Bags Limited	52 N S Avenueserampore, Hooghly, West Bengal	India
S1-112702	Bastion LLC	107 Long Drive, Harriman, TN	US
S1-635491	Castillo and Dipaolo LLC	16357 72nd Place, Maple Grove, MN	US
S1-489596	Galaxy Hospitality Private Limited	5/36 Venkataraman Colony, Coimbatore South, Coimbatore, Tamil Nadu	India
S1-533884	Noell Wang Bay Array, Inc	2413 Coachmans Trail, South Bend, IN	US
S1-332716	United Royal Ncr LLC	10695 Gila Mountain Drive, Yuma, AZ	US
S1-244549	Vision Value Associates	Helena, MT, 3335 Hutton Road	US
S1-332050	Bobine's Tavern Inc.	1148 Joe Hall Road, Morristown, TN	US
S1-856970	Southern Systems LLP	C/O Safar Ahammed, Ahammed Manzil Pada North, Karunagappaly, Kollam, Kerala	India
S1-649728	Swastik Seven Developers Limited	S-1, Surya Tower, Behind, Hot Rajmaya, Jhansi Tiraha, Shivpuri, Madhya Pradesh	India
S1-659117	Integrated Trading Corporation	11430 Long Pine Drive, Houston, TX	US
S1-164205	Big Jain Infotech Private Limited	Thane, Vashi, Maharashtra, Plot No -2 3 & 4 Office No- 237 Sec -19A Bombay Oil Seeds	India
S1-463715	Mirabile International, LLC	603 Wake Avenue, Kinston, NC	US
S1-305482	20/20 Vision Center	300 Health Park Drive, Unit 110, Garner, NC	US
S1-790138	Halley Mcdaniel Allstate Inc	2330 Highway 214, Weiner, AR	US
S1-741261	Olivarria Lifesciences Center	5934 Gunbarrel Avenue, Unit C, Gunbarrel, CO	US
S1-821499	Srinivasa Traders Private Limited	Kh No. 381, Sangam Vihar, Colony, Sangam Vihar, Ghaziabad, Uttar Pradesh	India
S1-543729	Dream Lifecare Private Limited	Geeta Agarwal D/O Ramesh Chand Goyal Jamada Coloni Weyar Jamada Coloni Weyar House Bayana, Bharatpur, Rajasthan	India
S1-117377	Sree Infra Private Limited	Office No 1404, Kamdhenu 23 West, Plot No A-10/2 & A-11, Ttc Industrial Area, Kopar Khairane, Navi Mumbai, Thane, Maharashtra	India
S1-269103	Simpson Lightwave Clinic	18 Hodskin Street, Unit Apartment 3, Canton, NY	US
S1-647607	South International Private Limited	Gat No.-89/1K2, A/P-Akluj Tal-Malshiras, Madha, Solapur, Maharashtra	India
S1-482585	Foundation Navkiran Project Limited	Mumbai, Maharashtra, Mumbai, 3 Trimurthi Arcadejakariya Road Malad West	India
S1-618063	Agro Trading Private Limited	2473/13 Govardhanbihari Colony Shahdara, Delhi, East Delhi, Delhi	India
S1-732314	Star Select Data Boston	MA, Unit 406, Boston, 350 Meridian Street	US
S1-77464	Atlantic Global Industries LP	Spring Valley, Unit Apartment I, NY, 130 Heitman Drive	US
S1-565971	Yates & Banderas Packaging Inc	6520 Heritage Park Boulevard, Dayton, OH	US
S1-743521	Dental Care	460 Mcculloch Boulevard, Lake Havasu City, AZ	US
S1-223128	Perrone, Horatia W., D.C. Associates	2908 Nemeth Lane, Bowie, MD	US
S1-718419	Zaix Storage	4141 Hamilton Eaton Road, Hamilton, OH	US
S1-222404	Unicast Brothers Limited	306, Industry House 15, Old Palasia, Indore, Madhya Pradesh	India
S1-809087	Baca Healthcare of Greenwood Inc	Greenwood, IN, 494 31	US
S1-451390	Pediatric Dentistry Associates of Spencer, Inc	5718 Old State Highway 111, Spencer, TN	US
S1-795300	Golden Telecom Dynamics	3015 Crossing Drive, Anna, TX	US
S1-740664	Seitzinger Wellness LLC	10505 Paul Eells Drive, Unit Apt 6, North Little Rock, AR	US
S1-602510	Wampole Bioworks Inc	772 Union Drive, Hempstead, NY	US
S1-371709	Nrg Reach Pvt Ltd	4Th Floor, C M H Road, Bangalore North, Karnataka, No 24, Bangalore	India
S1-164750	Trivette Fresh Dynamics Inc	505 12th Street, Benson, MN	US
S1-420349	Prince Enterprises, LLC	22516 Jennings Street, OH, Warrensville Heights	US
S1-412772	FGF Beverages Ltd	202 Colarado Appt, Henur, Bangalore, Bangalore North, Bangalore, Karnataka	India
S1-759964	EV Printing, Inc	TX, 4722 Mill Creek Drive, Baytown	US
S1-284114	Vaayuan Industries Private Limited	104/105/82, Abhinash Mansion, Joshi Road, Karol Bagh, Delhi, Central Delhi, Delhi	India
S1-617521	Dosoft Presidio	6856 Aqua Trail, Inver Grove Heights, MN	US
S1-831676	Liberty Graphics Inc	VA, Lynchburg City, 1329 Fort Manor Drive	US
S1-701354	Gujarat Industries Limited	3-225 & 226, 4Th Floor, Cowork Valley, Kavuri Hills Phase 2 Rd, Madhapur, Hyderabad, Telangana	India
S1-846771	Palluruthy Developers Private Limited	Cochin, Kerala, Cc Xxiii/1804 Binny Road, Palluruthy	India
S1-723564	Jay Classic Infotech Pvt Ltd	Om Apartments, P-124, Gurgaon, Haryana, Gurugram	India
S1-125752	Heflin Efes Inc	555 Galleria Way, Unit 307, Chandler, AZ	US
S1-288633	Om Finance Private Limited	D 95 Shradhapuri Phase Ii Kankerkhera, Meerut, Uttar Pradesh	India
S1-814573	Harbor Futurewave Inc.	9320 Bull Rush Circle, Frankfort, IL	US
S1-656449	Cruz Cascade Ramaco LLC	N57W25514 Fox Hollow Drive, Village Of Lisbon, WI	US
S1-315486	Diaz Vision Center LLC	3622 Hite Hollow Road, Augusta County, VA	US
S1-316945	One Consultancy	House No 483, Deshpande Wadi, Rajura, Chandrapur, Maharashtra	India
S1-415689	Business Agri Private Limited	E-1 Saket, Delhi, South Delhi, Delhi	India
S1-94737	Trigon Computers Private Limited	406, Kamal Apartment, C-6, Sawai Jai Singh Highway Banipark, Jaipur, Rajasthan	India
S1-670152	Amalea Maya Webster	1317 2nd Street, Duluth, MN	US
S1-508945	Applied Financial Associates	MN, Roseville, 2772 Churchill Street	US
S1-222156	Kaverita Services Pvt Ltd	D-4 Ansa Ind Estatesaki Vihar Raod Sakinaka Andheri (E), Mumbai, Maharashtra	India
S1-204512	Eye Health	Baltimore, 2236 Wilkens Avenue, MD	US
S1-770941	Dermatology Care Associates of Louisville	7299 Egypt Ln, Louisville, KY	US
S1-612601	Mind Enterprises (India) Pvt. Ltd.	W/O Sh Mahendra Kumar, Minocha 4216/20 1St Floor, New Delhi, Central Delhi, Delhi	India
S1-795834	Back Alley Deli	219 Cypress Street, NY, Massapequa Park	US
S1-479519	Wilson and Millman Oil LLC	3100 Carillon Point, Kirkland, WA	US
S1-797102	Williams Advanced Briacell LLC	730 Crestwood Drive, Kingman, AZ	US
S1-169600	Arihant Systems	Srikakulam, Andhra Pradesh, 7-151 Rs No.119/8 A(P), Vijayawada, 119/9 A(P) Ramavarappadu Village, Vijayawada Rural, Mandal	India
S1-476483	Beck and Belman	7759 4800, Unit E, West Jordan City, UT	US
S1-716534	Complete Secure Currencyshares LLC	1168 Rowzee Road, Levels, WV	US
S1-696511	Gretel's Massage	308 A Street, Eldorado, OK	US
S1-608990	Vedyne States Inc	492 Plum Street, Austin, IN	US
S1-397417	Womens Health Capital Group	2980 I Street, San Bernardino, CA	US
S1-697729	Thoughts Institute	Thottukara Thodiyoor P.O, Karunagappally, Kollam, Kerala	India
S1-654434	K/R Cion LLC	2617 Lucent Drive, Mckinney, TX	US
S1-262261	Sree Construction Private Limited	42, Dharam Jyot No 4, Military Road, Santacruz, Next To Juhu Post Office, Mumbai, Maharashtra	India
S1-362174	Shyam Shivam Ventures Pvt Ltd	Thrissur, Kerala, Kadukutty P.O Near Latin Church, Kallur, Vadakkum, Ammachiparambil House, Thrissur	India
S1-326391	Tondiarpet Fort St George Furnishing Limited	No.71/35, Armenian Street, 4Th Floor, C Block, Tondiarpet Fort St George, Chennai, Tamil Nadu	India
S1-586905	Ahmedabad Green Private Limited	B-122 Ghantakarna Mahavircomm Market Nr New Cloth Market Sarangpur, Ahmedabad, Gujarat	India
S1-62585	Chiropractic Care LLC	1400 Cave Springs Estate Drive, St Peters, MO	US
S1-659960	SE Professionals Private Limited	34A, Metcalfe Street, 2Nd Floor Room No 5&6, Kolkata, Kolkata, Howrah, West Bengal	India
S1-175554	Eastern Properties	10 C Janak Road, Kolkata, Calcutta, West Bengal	India
S1-406003	Vela Unified Equity LLC	24 Niagara Street, Tonawanda, NY	US
S1-837193	Gonzales Metal Works LLC	IL, Richton Park, 22538 Ridgeway Avenue	US
S1-794285	Clean Trading Advisors Associates	422 Hickory Avenue, Sanford, NC	US
S1-433175	Kuzmin Flagstar LLC	2918 26th Street, Omaha, NE	US
S1-148645	Indore Investment Limited	10-B, Vaishali Nagar, Annapurna Road Behind Shyam Honda Service Centre, Indore, Madhya Pradesh	India
S1-746333	ETT Brokers	New Kadamtalla, N N Road, Bye Lane Po Coochbehar, Coochbehar, West Bengal	India
S1-473769	Upper Diamond Bond LLC	130 Mason Street, Mcclure, OH	US
S1-350341	Hughes and Brinkerhoff	19599 Wilderness Lane, Cottonwood, CA	US
S1-661250	Federal Element	18 Selden Street, Schenectady, NY	US
S1-665015	Marquez Fifth LLC	2603 State Rt 183, Atwater, OH	US
S1-54451	Mayne Regional Inc	1909 Hickory Tree Road, Balch Springs, TX	US
S1-535526	Allen Telephone LLC	Barnum, 3944 138, MN	US
S1-635204	Nn Data Private Limited	Hoogly, Bhadrakali, Serampur Uttarpara, Hooghly, Pin, West Bengal, Hooghly, 28/A G.T.Road	India
S1-679220	Siddha Record Pvt. Ltd.	45-A, Meher Park, `A' Wing Athwa Gate, Surat, Gujarat	India
S1-404962	North Apex Engineering Private Limited	19 R B C Road, Prasadpur, Barasat Near Kalikrishna Girls High School, Kolkata, Parganas North, West Bengal	India
S1-83643	B 2 Choice Entertainment LLC	Wagoner, OK, 1012 Mabel Avenue	US
S1-555183	All Trading Private Limited	C/O Sabhapati Majhikusumpuria Sahi, Burja, Nabarangapur, Umerkote, Umerkote, Nabarangpur, Orissa	India
S1-508585	Aditya Energy Private Limited	18, Mott Lane 2Nd Floor, Kolkata, Kolkata, Howrah, West Bengal	India
S1-388509	Prime Exports Private Limited	Block A-1204, West Gate, Nr. Ymca Club, Sg Highway, Ahmadabad City, Ahmedabad, Gujarat	India
S1-802322	Signature Pinnacle Canary	310 63rd Street, Unit 153, Mesa, AZ	US
S1-422592	Shepherd Gladstone Partners	Victorville, CA, 14777 Glen Hollow Road	US
S1-819548	Grand Cloud Works Co	2513 Clinton Avenue, Fort Worth, TX	US
S1-634517	Ss Hospitality Private Limited	2-B, S/F, L/P, Jungpura B, Mathura Road, New Delhi, South Delhi, Delhi	India
S1-50466	Layne's Research	75 Hyperion Way, Soda Springs, ID	US
S1-461792	Marsh All Stanley PC	3495 Promenade Place, Unit 309, Waldorf, MD	US
S1-440957	Unified Valuence Inc	27W 71 Walnut Drive, Winfield, IL	US
S1-537047	East Investments Private Limited	Flat No. 104, Padmavathi Nivas Nizampet Road, Kukatpally, Hyderabad, Telangana	India
S1-79037	Meenanth System Private Limited	South Delhi, New Delhi, 7 Harcharan Bagh Andheriamorh Mehrauli, Delhi	India
S1-68554	Nettie's Cornerstone Software	2037 Greenway Avenue, Charlotte, NC	US
S1-133903	Heart League Inc	4205 Wilson Road, Unit UNIT 156, Harlingen, TX	US
S1-615634	Physical Therapy Associates	9535 Dick Road, Harrison, OH	US
S1-764154	Guru Red Services Private Limited	Mumbai City, Flat No.804, Maharashtra, Mumbai, Building No.Lig2F, Cts No118/ /119D/2, Cts 1/A, Vikhroli Link Road, Powai	India
S1-438217	Mcdaniel, Sarkar & Beckett LLC	AZ, 1765 Raintree Avenue, Lake Havasu City	US
S1-501883	Mumbai India Private Limited	116, Maker Chambers - Iii, 11Th Floor, Nariman Point, Mumbai, Mumbai City, Maharashtra	India
S1-164661	Dion's Secure Diagnostics LLC	3580 Silverpark Place, Marion County, OR	US
S1-627867	Lambert Prairie Telefonica	311 Guylene Drive, Sparta, TN	US
S1-79246	Mendez Pantages Inc	1212 Walnut Drive, Arnold, MO	US
S1-389553	Liberty Council Inc	501 Cabana Trail, Angleton, TX	US
S1-686240	Solutions Prashant Developers Private Limited	Building No: 14/1450, Mukkam Road Kunnamangalam, Kozhikode, Kerala	India
S1-519649	Orbial Translational Inc	1905 Brassfield Road, Greensboro, NC	US
S1-385835	RPP Duke	671 Skinnersville Road, Amherst, NY	US
S1-430870	Kundan Polytechnic	6-3-789/A, Chowdhary, Mansion, Ameerpet, Telangana, Hyderabad, Secunderabad	India
S1-711321	Choice Insurance Networks	639 Gravois Bluffs Boulevard, Unit SUITE E113, Fenton, MO	US
S1-321656	Aditya Solutions Private Limited	Mumbai City, Office No. 1502, Maharashtra, 15Th Floor, Ambience Court, Plot No. 2, Sector 19D, Vashi, Navi Mumbai	India
S1-708978	Harbor Smart Morgan	13142 Lake Mary Drive, Plainfield, IL	US
S1-496947	Star Tire Shop Inc	32 Reserve Street, Unit Unit 3, York, ME	US
S1-439822	Vicente Grand Therapeutics Corp	5727 Guilford Garden Terrace, Frederick, MD	US
S1-176210	Harbor Term Inc.	1 Pheasant Drive, New Town, ND	US
S1-569971	Swastik Foods Private Limited	Delhi, East Delhi, Patparganj Road Pandit Park, Near Geeta Colony Police St, Ation, Delhi, 25 G/F	India
S1-162120	Tri-State Institute III	123 Hillside Avenue, Attleboro, MA	US
S1-163732	Cross Memorial Trust	Shop No-30, Ground Floor, Wing-B, Lsc Naraina Vihar, New Delhi, South West Delhi, Delhi	India
S1-21068	Adlib Project LLP	149 Thomayar Street, Pannur, Thiruvallur, Tamil Nadu	India
S1-285409	One International Pvt Ltd	House No. 22, Atma Ram Street Near Pwd Rest House, Nab, Ha, Patiala, Punjab	India
S1-323815	Osprey, Inc	112 Municipal Drive, Upper Tyrone Township, PA	US
S1-733851	Highland Direct States LLC	291 64, NC, Lexington	US
S1-418158	Coletta Tierney, DO, DDS PC	Norman, 910 Main Street, OK	US
S1-748515	Guru Maa Estate Private Limited	22, New Alkapuri Co-Op H Soc Ltd Gulbai Tekra, Ambavadi, Ahmedabad, Gujarat	India
S1-820925	YDZ Development Corp	762 Farm House Near Naher, Kharsad, Jalalpore, Navsari, Gujarat	India
S1-299395	Sai & Brothers Pvt Ltd	Serilingampally, Hyderabad, Flat C 1203, Aparna Serene Park, Masjidbanda Rd, Kondapur, Telangana, C/O M Anup Kumar Reddy	India
S1-151517	Literacy Association II Inc	12241 Fairfield House Drive, Unit STE 309B, Fairfax County, VA	US
S1-616490	Rais Capital Partners Inc	2572 Hillsboro Boulevard, Aurora, IL	US
S1-584974	Five Granites Corporation	Shed-9, Ramrath Ind. Estate, Nr.New Muni. Bus Stop Ctm Road, Khokhara, Hatkeshwar, Ahmedaba, D, Ahmedabad, Gujarat	India
S1-785034	First Innovative Intelligent LLC	3687 Burgo, Kingman, AZ	US
S1-624222	Ace Business Private Limited	Survey No. 2006, Plot No, 3/4, Nr. Market Yad, Behind Police Station, Sayla, Surendra Nagar, Gujarat	India
S1-614493	Alam Atlantic Triumph	1629 Breesport Road, Erin, NY	US
S1-575308	AEX Century Inc	3607 Elm Street, Phoenix, AZ	US
S1-68630	Jai Software Private Limited	A-142, Building No. 5 And 6, Kalpataru Estate, J V Link Road, Majas Village, Andheri East, Mumbai, Maharashtra	India
S1-820515	Shel Marzano, CPA	8325 Milner Avenue, Terre Haute, IN	US
S1-803899	Rainbow Bricks Pvt Ltd	H.No.21-78, Ambedkar Colony, Ramachandrapuram, Medak, Telangana	India
S1-595357	Gupta Films (India) Private Limited	415 Onam Plaza, 18 Old Palasia Indore Shop No. 415, Indore, Madhya Pradesh	India
S1-744629	Strawser, Moreno & Kelley, LLC	4678 125th Street, Village Of Butler, WI	US
S1-524298	Kesler Gulf Perfect	7428 Hainesport Way, Sacramento, CA	US
S1-388812	Araina Engineering Private Limited	Bangalore North, Bangalore, 4Thmain, 2Nd, Cross, Rahamathnagar, No.1/1 & 23, Karnataka	India
S1-820114	Khar - West Technologies Pvt Ltd	Plot No- 506, 301, Gopi Kunj Chs, 1St Road, Khar - West, Mumbai, Maharashtra	India
S1-93351	Mary Brothers Private Limited	84/173, Dhaval Giri Marg Mansarovar, Jaipur, Rajasthan	India
S1-733128	Kassandra A. Johnson, MD	279 Mountain Oak Trail, Somerville, AL	US
S1-245531	Desiree Burton Tax Service LLC	116 Massacre Hill Road, James City County, VA	US
S1-271155	Integrated Supply Concepts Care	3408 161st Avenue, NE, Omaha	US
S1-207301	Christ Ministries	108 24, Lawler, IA	US
S1-420446	Flores's Innovative Physical Therapy	7215 Highland Street, Fairfax County, VA	US
S1-470766	Dotty Martin Spa LLC	6316 Forest Park Drive, Walden, TN	US
S1-156950	Baba Properties Limited	No-5Bwingthird Floorparsnmanner442Annasalai, Chennai, Tamil Nadu	India
S1-469959	Analiese Charles Creative Fidelity LLC	7719 Ford Drive, Fl 0, Pasadena, MD	US
S1-431440	Surgical Center Inc	406 52nd Avenue, Bellwood, IL	US
S1-423663	Guru Consultants Private Limited	Webel Industrial Estate, P-1, Taratala Road, Kolkata, Howrah, West Bengal	India
S1-815515	Apex Biotech LLC	1531 High Street, Columbus, OH	US
S1-696440	Unique Impex Private Limited	No 73/1, First Floor, Sanganoor Main Road, Devianayagi Nagar, Coimbatore North, Coimbatore, Tamil Nadu	India
S1-275317	Montus Series Inc	322 Front Avenue, New Philadelphia, OH	US
S1-572666	Mitul Memorial Trust	157, A-Z Industrial Estate, Lower Parel, Mumbai, Maharashtra	India
S1-154036	United Finance Private Limited	Block No. 492, N.H. No. 8 Palsana, Surat, Gujarat	India
S1-793496	Beth Catholic Church	601 Juneau Avenue, Orange City, IA	US
S1-624049	Summit League	MD, 25701 Beauchamp Branch Road, Denton	US
S1-97739	Rocky Core Inc	1417 Farmstead Road, Rock Hill, SC	US
S1-432374	Nieto Animal Hospital	1019 Hard Rock Road, Somers, MT	US
S1-394004	New Delhi Foundation Private Limited	House No. R-593, Second Floor New Rajendra Nagar, New Delhi, Delhi	India
S1-329115	Dental Clinic Inc	1519 Rosewood Drive, Keller, TX	US
S1-675432	Pediatric Dentistry Medicine of New York	10 Morningside Avenue, New York, NY	US
S1-226077	Epitome & Associates Satara	Plot No.36 S No. 19B/20B Tulasi Vihar Visawa Park, Godoli, Satara, Maharashtra	India
S1-687448	Ss Nursing Home	2-2-642/1/1, Amberpet, Hyderabad, Telangana	India
S1-636585	Consulting Saamag India Private Limited	C-1103, Vertis, Nr.Mangaldeep Party Plots, Science City Road, Ahmedabad, Gujarat	India
S1-603541	Gujarat Business Private Limited	Maharashtra, Shop No 12 And 13, Thane, Plot No 4, Sector - 3, Sanpada East, Navi Mumbai, Thane	India
S1-372351	Studio 39 Bistro	295 Forest Drive, Wethersfield, CT	US
S1-122753	Western Select Point Center	205 520, Providence, UT	US
S1-127871	Lumyn Value LLC	7507 Broach Drive, Richmond City, VA	US
S1-332604	Prairie Solutions Inc	79 Airmont Road, Ramapo, NY	US
S1-137382	Hudson and Eason LLC	3202 Tom Lockett Drive, Killeen, TX	US
S1-496061	Kass B. Graham, D.O., DDS PC PC	3017 Dunleigh Court, Prince William County, VA	US
S1-601021	Helios Lionheart Inc	915 Foundry Rd, Louisville, KY	US
S1-389971	Star Gujarat Trading Private Limited	7/24-C, G/F, Vishwas Nagar Shahdara, Yudhister Gali, Delhi, East Delhi, Delhi	India
S1-313957	Get Technical Private Limited	D - 170, Oshiwara Industrial Centre Opp. Goregaon Bus Depot, Near Mega Mall, Mumbai, Mumbai City, Maharashtra	India
S1-361096	Josi's Colonial Restaurant	NY, Huntington, 102 Pleasant Street	US
S1-398742	Shake Scientific	501 Lore Avenue, Wilmington, DE	US
S1-675976	QSC Safety Private Limited	A-49 Badlapur Midc Postoffice Kulgaon Badlapur, Thana, Thane, Maharashtra	India
S1-584091	Universal Energy Private Limited	2Nd Floor, Tower A, Building No. 9, Dlf Cyber City, Phase-Iii, Gurugram, Gurgaon, Haryana	India
S1-343516	Rezac and Dicker	158 Point O Woods Avenue, Brookhaven, NY	US
S1-100112	Star Foundation	H No 851 Sunny Enclave Sector 124 Kharar, Sas Nagar, Mohali, Punjab	India
S1-479652	Laxmi Agro Private Limited	Ghaziabad, Habeeb Compound, H.No-31 Kh.No-621/3, Uttar Pradesh, Ghaziabad	India
S1-155340	Chandran Printers LLP	1/336, Kulirma, Mevaram, Thattamala Po, Kollam, Kerala	India
S1-793759	Novara Viii	13619 Rugby Road, Cleveland, OH	US
S1-419914	Suchy Blockchain PLLC	12502 Columbine Drive, El Mirage, AZ	US
S1-836707	Vanguard Industrial Digital Inc	4391 33rd Avenue, Unit Apartment 105, Fargo, ND	US
S1-738713	Smart Aldabra Partners	9062 Lariat Drive, Kingman, AZ	US
S1-779562	Deemer Lending LLC	11 Hunter Lane, Somers, NY	US
S1-243124	Keystone Crystal Spruce	1336 Chardonnay Way, Livingston, CA	US
S1-13628	Certified Berkley	252 Summit Street, Alliance, OH	US
S1-801989	Wini Thompkins Legacy Group	6534 Woodland Hill Road, Navarre, OH	US
S1-557064	VYF Valley Charlton	TX, 1433 Cedar Post Lane, Houston	US
S1-348808	Wisdom Educational Society	C/O Pushpendra Arya, Budinakala, Muzaffarnagar, Uttar Pradesh	India
S1-694296	Builders Saturn Vetcare Private Limited	50, 4Th Cross, Abbaiah, Reddy Layout, Kg Pura, Bangalore North, Bangalore, Karnataka	India
S1-218651	Internal Medicine Specialists of Casey Inc	709 Madison Avenue, IL, Casey	US
S1-448345	Venu Group of Companies Private Limited	Thiruvananthapuram, Kerala, Syno375/2910), Thushara, Trinityvilla7, Madathunada, Mukkolap., O, Trivandrum, 20/2602(Kp4/1043	India
S1-460045	Red Laxmi Investments Private Limited	5301, C/O- Musahaque, Vill- Majurhati Po- Mohisda, Ps- Eshpur, Paschim Medinipur, Medinipur, Midnapore, West Bengal	India
S1-386778	Bellary (India) International Pvt Ltd	Door No.39/274-C, Ist Floor, Unnikrishnan Apart- Ments, Church Landing Cross Road, M.G.Ro, Ad Po, Ernakulam, Kerala	India
S1-527928	Federal Choice Aurora PC	402 La Salle Street, Zanesville, OH	US
S1-726248	Evolution Group of Companies	Shop No.3, Shiv Colony, Rohilla Wali Gali, Kalka, Panchkula, Haryana	India
S1-801179	Quantus Manulife	765 Kentner Street, Defiance, OH	US
S1-689210	MLL Spark Partners	36198 San Pedro Drive, Maricopa, AZ	US
S1-661711	Wilkins Optimal Edp Clinic	131 3rd Avenue, Lodge Grass, MT	US
S1-343271	Apex Inc.	13617 55th Avenue, Unit 156, Glendale, AZ	US
S1-23933	Creeden Glass of Brooklyn	8724 3 Avenue, Brooklyn, NY	US
S1-338435	Villalobos & Burton LLC	45 William Street, Kinderhook, NY	US
S1-510922	Marissa Jobe, O.D., PC	23 Abraham Joseph Circle, Greenville, NY	US
S1-775247	Quantium Technical	118 Nottingham Drive, Wells, ME	US
S1-393243	Tupper Lake Superior Chimera	Unit Unit 2, Tupper Lake, NY, 61 Main Street	US
S1-108162	Piedmont Sound	22 Francis Drive, Unit 10, Randolph, MA	US
S1-155830	Rogers Quantum L.L.C.	OH, 4470 Springvale Drive, Warrensville Heights	US
S1-340498	Dynamic Logistics Corporation	KY, 219 Breckenridge Ln, Louisville	US
S1-795049	Jerrylee's Tri-State Farms LP	24139 Affirmed Avenue, AL, Daphne	US
S1-417134	Mangalore Ganesha LLP	Rathna, Mangalanagar, Natekal, Mangalore, Dakshina Kannada, Karnataka	India
S1-52964	Milliron Harbor Ridge Inc	IL, Pana, 200 Poplar Street	US
S1-848582	Wilson Mountain Malt Inc	3 Lane Branch Road, Fayetteville, TN	US
S1-287768	Urology Health of Columbus Inc	5500 Palm Springs Drive, Columbus, OH	US
S1-454125	Smith, Petersen & Perez Toyo	260 River Ranch Resort, Heber Springs, AR	US
S1-365944	Physical Therapy Specialists LLC	22422 River Road, Joliet, IL	US
S1-557246	Bls College	Ac-59 Shalimar Bagh, New Delhi, North West, Delhi	India
S1-358751	Varshansh Nidhi Private Limited	Plot No. B-65, Electronic Estate, Gidc, Sector-25, Gandhinagar, Gandhinagar, Gandhi Nagar, Gujarat	India
S1-803872	Dynamic Broadcast Systems PLLC	818 Brantley Avenue, North Little Rock, AR	US
S1-757717	GX Open LLC	5511 Stewart Avenue, City Of Wausau, WI	US
S1-105083	Erena R. Jundt, DPM, M.D., P.C.	122 Essex Street, Unit 1 LEFT, Lynn, MA	US
S1-617394	Dark Buildwell Ltd	8156, Fourth Floor, Chimni Mill, Bara Hindu Rao, Delhi, Central Delhi, Delhi	India
S1-666609	Jai Clinic Ltd	8522/59, Model Basti Karol Bagh, New Delhi, Central Delhi, Delhi	India
S1-331477	Caudill Capital Tavia Inc.	245 Marcus Boulevard, Smithtown, NY	US
S1-508858	Balaji Holdings	E-445, Chitrakoot Nagar, Girwa, Udaipur, Rajasthan	India
S1-59892	Ramirez Investments LLC	139 New Road, Ridgefield, CT	US
S1-709298	Community & Co	Delhi, New Delhi, 6D Sanik Farms, South Delhi	India
S1-578928	Aryn Coleman Science LLC	1046 Amsterdam Road, Park Hills, KY	US
S1-857122	Straight Edge Hypnosis Partners	59 Valley View Drive, UT, Hurricane City	US
S1-782266	Smith and Ryan LLC	221 Washington Street, Belchertown, MA	US
S1-765767	Asifnagar Technology Private Limited	13-6-462/1/3, Jaffer Guda, Asifnagar, Hyderabad, Telangana	India
S1-679190	Raj Software Private Limited	New Delhi, South Delhi, Delhi, B-269 Third Floor Greater Kailash Part-I	India
S1-721781	Solan Newhold Inc	113 Greeley Avenue, Kansas City, KS	US
S1-58990	Safe Charlton LLC	813 Michigan Street, Plymouth, IN	US
S1-687358	Ventures Amor Solutions Limited	No.36/4, 2Nd Floor, Behind Bescom Power House Somasundarapalya, 27Th Main, Sector-2, H, Sr Layout, Bangalore, Karnataka	India
S1-361182	2212 Union Road Management LLC	146 Old Fayetteville Road, Leland, NC	US
S1-515623	Priyam Milk	Ernakulam, Kerala, Building No 25/578 G, Pathicheril Enclave, South Kalamasserry, Changampuzha Nagar	India
S1-28440	Safe First Evolution Inc	332 38, Vienna, NY	US
S1-308286	Toa Resources LLC	103 Phillip Court, Goldsboro, NC	US
S1-679483	Sa Associates Private Limited	Puthiya Veetil House Riyaz Manzil, Porathissery, Thrissur, Kerala	India
S1-159739	Ashlee Troxler Spade	Abilene, 1346 3200 Avenue, KS	US
S1-739282	Parker Toyo Care	23522 Wilderness Way, Florence, AZ	US
S1-158052	Vanguard Consumer International LLP	1442 County Road 786, Groesbeck, TX	US
S1-106620	Jacky Comer Presidio Inc.	4032 Cocos Court, Ventura, CA	US
S1-729127	Lakshmi Properties Pvt Ltd	Serene-Ii, Skye Luxuria, Nipaniya, Madhya Pradesh, Indore, Flat No. 902, Indore	India
S1-324854	Bright Patriot Plus LLC	344 Lake Road, Corinth, NY	US
S1-615664	RO Nectar Limited	Bhopal, Madhya Pradesh, Sahyog Parisar, E-8, Shahpura, Huzur, A-6	India
S1-297182	Bay Infinite LLC	21 Collins Drive, Perryville, MD	US
S1-14025	Kewanee Delta Restaurant Clinic	1208 June Street, Kewanee, IL	US
S1-125237	Castro & Guerrero	1302 Jonathan Wade Circle, Clarksville, TN	US
S1-853008	Karimnagar Institute of Technology	F-7A, Harhar Mahadev Wel, Assn, Rebelo Comp Midc, Andheri(East) Subhash Nagar 2, Mumbai, Mumbai City, Maharashtra	India
S1-355559	City Fortune Power Private Limited	Chennai, 4 Elumalai Street Thiruvalluvar Salai Valasaravakkam, Tamil Nadu, Chennai	India
S1-46789	Steelworkers Union Local No 924	3385 Cox Road, Willcox, AZ	US
S1-554715	Oden Magna LLC	2901 Talbott Street, Indianapolis, IN	US
S1-824921	Shiva Engineering Private Limited	A-438 Inderpuri Village, Karkadooma, Delhi, East Delhi, Delhi	India
S1-814429	Urgent Care Golden Center Inc	30 Glen Mary Road, Bar Harbor, ME	US
S1-497493	Purvanchal Foods Pvt. Ltd.	G 7/406, Sector-16, Rohini, Delhi, North West, Delhi	India
S1-471476	Blue Care Limited	H.No. 1894, F/F(L/P) Udai Chand Marg, K.M. Pur, Near Community Centre, New Delhi, South Delhi, Delhi	India
S1-198802	Gross Capital Partners	21322 Rachel Manor Drive, Hockley, TX	US
S1-467279	Silver Builders Pvt Ltd	M492, Sector M, Lda Colony, Lucknow, Uttar Pradesh	India
S1-728141	Atlantic Village PC	3431 Bennett Drive, Unit APT 6, Roanoke City, VA	US
S1-231096	Delta Pediatrics	201 32nd Avenue, Hickory, NC	US
S1-331016	Life Medical Centre Clinic	Bihani Chowk, Panchayat Samiti Road, Ward No. 29, Nohar, Rajasthan, Jaipur, Rajasthan	India
S1-285525	JT Tire Shop, LLC	MT, Stevensville, 141 Only Way	US
S1-816228	Teamsters Local Union 264	5089 Highway 1 SW, Kalona, IA	US
S1-802660	Odessa Martin, L.C.S.W.	499 Colonial Heights Drive, Fort Ashby, WV	US
S1-422965	Halcari Dynamics	130 157th Street, Calumet City, IL	US
S1-15891	Wilson Staking	4419 Worcola Street, Dallas, TX	US
S1-19568	Tiphany Horton Ridge Independence	310 Limerick Lane, Belleville, IL	US
S1-605717	Keystone Cloud Industries LLC	Prichard, AL, 831 Dallas Street	US
S1-695853	Sheri Knight Grand Digital	WI, 3541 Lincoln Street, City Of Wisconsin Rapids	US
S1-403992	Apex Strategic Cion	5519 A, Town Of Harmony, WI	US
S1-362520	Empire Dental Associates	765 400, UT, Spanish Fork	US
S1-204053	Apex International Private Limited	10-3-870/34, P S Nagar, Royal Residency, Asifnagar, Hyderabad, Telangana	India
S1-727857	Walker Ridge Retail	344 Butternut Lane, Berea, OH	US
S1-99821	Rajshree Farmer	14/136 A, 1014 Sanjoe College Road Millumpady Pulluvazhi Kunnathunad Ernakulam, Kunnathunad, Ernakulam, Kerala	India
S1-518527	Maa Silver Software Private Limited	No 104/1, Singapura Village, Bengaluru, Bangalore North, Bangalore, Karnataka	India
S1-244168	Dnyaneshwar Mahadev Limited	Survey No.- 389P12, Plot No. 03 To 09, Village:Sanosara, Tal:Rajkot, Dist:Rajko, T, Sanosara, Rajkot, Gujarat	India
S1-457683	Hello Educational Society	14 Mangal Murty Nagar Navlakha, Indore, Madhya Pradesh	India
S1-205917	Donia L. King, M.D.	16683 Ted Childs Drive, Athens, AL	US
S1-350242	Sree Media Pvt Ltd	4/4 First Floor Sankaran Layout Extn Ramasamy Nagar, Udumalpet, Coimbatore, Tamil Nadu	India
S1-716985	MGE Puja Limited	D 67, Ground Floor, South City 2 Islampur, Farrukhnagar, Gurgaon, Haryana	India
S1-690074	Future Projects Limited	C/O Chittaranjan Halder Dhalerkhal Srinagar Makarpara South 24 P, Arganas, Kolkata, Parganas South, West Bengal	India
S1-298928	Balaji Systems Limited	Plot No. Ppa-W111, Chakan Industrial Area, Phase I, Tal. Kh, Ed, Pune, Maharashtra	India
S1-459807	Technologies Norton Fms Limited	Karnataka, Athani, Hipparagigalli, Behind Kendriya School, Belgaum, Shrinidhi Complex	India
S1-679718	Lakshmi Technologies Private Limited	S-206, Manipal Center, Dickenson Road, Bangalore., Bangalore, Karnataka	India
S1-626314	ZZR Sons LLP	20, Neela South Stnagaapattinam Tamil Nadu, Tamil Nadu	India
S1-396351	Nau Prime Hologram	810 Fourth Street, Unit 206, Winston-salem, NC	US
S1-59249	Premier Infotech Limited	Shop No.10, Vishanka Apt Rameshwadi Bdl, Thane, Maharashtra	India
S1-496153	Kirlin, Cathee E., L.C.S.W.	11236 111th Court, Granger, IA	US
S1-434084	Drayos Aria Co	600 Parkview Drive, Bldg BUILDING, Park City, UT	US
S1-377609	Creative Construction Private Limited	A-1/37 Paschim Vihar, New Delhi, North Delhi, Delhi	India
S1-172914	Global Sunrise Producer Public Limited	H No 21, Old No F-21, Block-F, Landmark Nr Nag Mandir Rd, Shastri Nagar, Newdelhi, North West, Delhi	India
S1-858553	Innovative Ares Group	5074 Mount Laurel Road, Halifax County, VA	US
S1-332529	Jones, Arriola and Burns	117 Brady Street, City Of Portage, WI	US
S1-814034	Florenza Estrada Line	Unit APT 117, Loudon, 1085 Carding Machine Road, TN	US
S1-820656	Tejin Security Private Limited	South City-Ii, Gurgaon, Gurugram, Haryana, C-129	India
S1-101551	Bombay Developers Private Limited	Anilnagar Gobindapur, Budge Budge Trunk Road, Kolkata, Parganas South, West Bengal	India
S1-64485	Demello, Ramirez and Mato Resilience Inc	1793 Windrow Drive, Bozeman, MT	US
S1-34654	Bright Realty Alliance	3967 Meadow Lane, Orange, OH	US
S1-423239	Billy Norris Peak Solarius	1599 Fenpark Drive, Fenton, MO	US
S1-430561	Empire Silver Management LLC	1115 Donna Marie Loop, Bear, DE	US
S1-338389	Tratech Interests	927 22nd Street, Nederland, TX	US
S1-606511	Asset Building Fellowship	1705 Nowlin Avenue, Fl 0, Greendale, IN	US
S1-748552	EEI Karman	1611 Mcdaniel Avenue, Anniston, AL	US
S1-115294	Unique Anand Developers Private Limited	H No. 628, Sn. 93, Lasalgaon, Pachore Bk, Niphad, Nashik, Niphad, Nashik, Maharashtra	India
S1-74472	Grand Wellness Advisors, Inc.	1645 Jeffers Road, Huntsville, TN	US
S1-839914	Theresa Vidales, D.D.S., P.C.	4470 Vincent Drive, Seven Hills, OH	US
S1-218409	Ogden Better Columbus LLC	MD, 13575 Valley Way, Hughesville	US
S1-319957	Bengaluru City Pvt Ltd	No.19G, 13Th A Cross, 1St Phase Sarakki Gate, Kanakapura Main Road, Jp Nagar, Bengaluru, Bangalore, Karnataka	India
S1-159694	Galaxy Construction Private Limited	44 1St Floorraghushree Market Ajmere Gate, Delhi, Central Delhi, Delhi	India
S1-608253	Jones Platinum Tidewater, Inc	8603 Winding Walk, Austin, TX	US
S1-798496	Ronnie Whitaker Cayman Inc	58 Cabin Fever Trail, Maggie Valley, NC	US
S1-469389	Krzeminski Heritage Spa Inc	6634 Spring Mill Circle, Gwynn Oak, MD	US
S1-821587	Upper Creative LLC	2880 Vincent Avenue, Natoma, KS	US
S1-549781	Tanner & Alvarado Alliancebernstein LLC	3307 Chalfin Avenue, Norfolk City, VA	US
S1-806629	Northern Summit Rothschild Inc	171 Spinnaker Way, Chester, MD	US
S1-349817	Ravya Wood Private Limited	25, Sarat Banerjee Road, Kolkata, Kolkata, Howrah, West Bengal	India
S1-329001	Eye Medical Centre Private Limited	Road No/10, Flat No.108, Telangana, Jubilee Hills Hyderabad., Hyderabad.	India
S1-382530	Toro Udyog Private Limited	12J Park Street Queens Mansion, Kolkata, Calcutta, West Bengal	India
S1-158525	Doors Traders Limited	C/O Ahtesham Haider, House No# 04, Mohalla Mandi, Shikarpur, Bulandshahr, Uttar Pradesh	India
S1-851826	Womens Health Advanced Care Associates	Gibson, 24 Paul Hale Road, TN	US
S1-14317	Brown, Vargas & Traver Dbdr PLLC	AL, 1183 38, Horton	US
S1-669294	Surgical Physicians Inc	103 Cobblestone Circle, Horsham Township, PA	US
S1-639865	International Logistics Networks, Inc	9702 Oxford Avenue, Lubbock, TX	US
S1-831223	Farica M. Kiel, D.D.S.	2829 3rd Drive, Town Of New Chester, WI	US
S1-605324	Kelcie's Barbershop	10334 Bridle Court, Hagerstown, MD	US
S1-46170	Christian W. Traylor, DMD	14 Riverview Drive, Pulaski, NY	US
S1-803473	Murphy Santander LLC	VA, Pittsylvania County, 14668 Rockford School Road	US
S1-848425	Strategic Security Alliance	129 Oakglen Drive, Hopkins, MN	US
S1-734004	Vasoft Corporation Center	1 Nine Partners Road, Clinton, NY	US
S1-684568	Products Parmanand Industries LLP	3/2, K.P. Kakkar Road, Allahabad, Uttar Pradesh	India
S1-87099	B S Wiley Willow LLC	2401 Rockmoor Avenue, Austin, TX	US
S1-282380	BLM Massage	207 Grant Street, Enterprise, OR	US
S1-787680	Pinegar United	25757 Lynne Lane, Buckeye, AZ	US
S1-498958	Delhi Solutions Private Limited	Shop No 303 Block -D, Lsc Parshant Vihar, Delhi, North West Delhi, Delhi	India
S1-266912	Penelopa P. Eberle, DDS	7 Country Way, Unit Apartment 215, Brunswick, NY	US
S1-103027	QL Homes Private Limited	Delhi, West Delhi, Shop No-4 House No F-1, Delhi, Karampura Complex	India
S1-126584	294 Church Blvd Apartments L.L.C.	Cincinnati, 2606 Crest Road, OH	US
S1-449260	48 Hour Towing	174 Tuttle Road, Walton, NY	US
S1-266696	Khanna & Co	H No 100, Sarhaul 70 Near, Community Centre, Sec 18, Palam Road, Gurgaon, Haryana	India
S1-796056	Matteson & Northcott	71 Kipling Street, Saint Paul, MN	US
S1-568870	One Business Pvt Ltd	78/5, Godown Street, Chennai - 600 001. Chennai - 600 001., Chennai, Tamil Nadu	India
S1-3662	Metech Family Office LLC	4048 Friends Lane, Whitemarsh Township, PA	US
S1-123601	Elliott Endocrinology	355 84th Street, West Des Moines, IA	US
S1-173059	Cornerstone Infrastructure International LLC	8944 Claremont Avenue, Chicago, IL	US
S1-293180	Real Enterprises Private Limited	42A, Shivalik Apartment Road No.3, New Patliputra Colony, Patliputra, Patna, Bihar	India
S1-8847	Hyderabad Rahim Pvt. Ltd.	H.No.1-98-9/D/48, Plot No.3, Jai Hind Enclave Madhapur, Hyderabad, Telangana	India
S1-737800	Economic Development Trust	8514 Hemler Road, Thurmont, MD	US
S1-812032	Keystone Marketing Consultants LLC	1334 9th Street, Elwood, IN	US
S1-250386	Lutes & Rivera Inc	10499 46, Greensburg, IN	US
S1-699479	Nielson, Toombs and Schuster Allocation	1530 Alameda Avenue, Lakewood, OH	US
S1-742003	North Finance Private Limited	Punarasar Road, N.H.-11 Crossing, Village- Seruna, Tehsil- Shridungargarh, Bikaner, Rajasthan	India
S1-540833	Flower Churchill Inc	OH, Toledo, 402 Pinewood Avenue	US
S1-750293	Premier Agro Private Limited	F.No. 1, G/F, Lig Flat, Pul Prahlad Pur, New Delhi, South Delhi, Delhi	India
S1-747175	F J & Y Meshflow Inc	2611 Villa Drive W, Topeka, KS	US
S1-370098	Whitmore & Norvell Inc	6606 Tiger Trail, Katy, TX	US
S1-820547	Baptist Church	0N 511 Willow Road, Wheaton, IL	US
S1-444998	Global Impex Private Limited	Bangalore South, Karnataka, A-909 Meda Heights, B/H. Adarsh Palm Retreat, Bangalore	India
S1-134363	Gurgaon Service Pvt Ltd	Gurgaon, Hd-083, Gurgaon, Haryana, Wework Dlf Two Horizon Centre, 5Th Floor, Phase-5, Sector-43, Golf Course Road, Gu, Rgaon	India
S1-353747	Gen Polytechnic Private Limited	Aligarh, F No. 1 1St Floor Fariya, Aligarh, Tayyab Colony, Uttar Pradesh	India
S1-417265	Delta Term LLC	1075 Florland Drive, Florissant, MO	US
S1-489376	Colonial Horizon Arbor	3715 117, Willard, NC	US
S1-786843	Midwest Industries	693 Linker Drive, Dover, AR	US
S1-448163	India Kudos Farm Limited	A-343 Defence Colony, New Delhi, South Delhi, Delhi	India
S1-357059	Hawkins & Vo LLC	2328 Troy Schenectady Road, Niskayuna, NY	US
S1-737365	Pps College LLP	Ernakulam, Pallippattu, Kadavil Lane, No. 50/2380, Kerala, Ernakulam	India
S1-456126	ES Beacon Scuti LLC	150 Broadway, Unit Apartment 4B, Yonkers, NY	US
S1-34286	Courtenay Childers Coastal Arts LLC	1708 43rd Street, Billings, MT	US
S1-747561	Crestline Analytics Inc	6806 Walnut Loop, Townsend, TN	US
S1-237445	Bombay Industries Private Limited	2/409, Jawahar Nagar, Jaipur, Rajasthan	India
S1-303558	Preferred Family Practice Inc	IA, Unit Apt 2108, West Des Moines, 8925 Cascade Avenue	US
S1-329231	Cois LLC	2988 Highway 167, Sheridan, AR	US
S1-818599	OW Team Limited	55, Sankalp, Laxmi Nagar Hiran Magri, Sector-8, Udaipur, Rajasthan	India
S1-4064	New Life Synagogue	408 Central Street, Acton, MA	US
S1-298122	Frontier Empire Quantumsphere, LLC	304 Federal Road, Unit Unit 311, Brookfield, CT	US
S1-540018	Eye Group	4637 Page Street, Austin, TX	US
S1-203543	Tally and Zepeda Costamare LLC	3228 Bridle Way, Owensboro, KY	US
S1-818594	Classic India Associates	Tc 8/1769, First Floor, Kpc & Sons Building Pallimoola, 8Th Division Thrissur Corpora, Tion, Thrissur, Kerala	India
S1-283229	XS Reit Inc	15903 Walnut Wood Drive, TX, Houston	US
S1-375391	Donia Moore Diagnostics Inc	122 County Road 2850, Cleveland, TX	US
S1-104651	Environmental Alliance	340 19 Street, New York, NY	US
S1-811483	Hitech Trading Private Limited	Pmc 256, Aswathy Sivankovil Road, Moorthikavu, Punalur, Kollam, Kerala	India
S1-253768	Prime Finance Private Limited	A 112 Urbtech Trade, Centre Sec 132 Noida, Noida, Gautam Buddha Nagar, Uttar Pradesh	India
S1-713747	Pediatric Dentistry Liberty Medicine	400 Little Falls Road, Morgantown, WV	US
S1-108776	Colonial Group	8473 Winslow Road, Shirland, IL	US
S1-305998	National Bright Daedalus Inc	1038 Vine Street, Baltimore, MD	US
S1-272894	Da International School Limited	Survy No 52 Paduvani Mirjan Village Kumta Taluk, Uttara Kannnada, Uttara Kannada, Karnataka	India
S1-485816	Dorelia Herrera Signature Pharmaceutical LLC	34 Starbird Street, Malden, MA	US
S1-267935	Credit Network Laboratories PLLC	MD, 7347 Hidden Cove, Columbia	US
S1-37774	Highland Pediatrics	Royse City, TX, 2217 Saint Andrew Way	US
S1-410564	Kelly Farms Inc	610 44th Street, Billings, Unit Unit 1311, MT	US
S1-449541	Vision Partners of Beltsville LLC	11453 Cherry Hill Road, Unit 103, Beltsville, MD	US
S1-80067	Lee and Hernandez Sky Center	8100 Wyndridge Drive, Montgomery, AL	US
S1-506454	Optimal Merger Inc	Bradley, IL, 505 Monroe Avenue	US
S1-438015	Ceis Superior Hovnanian, Inc.	23491 Birkenbog Way, Isle Of Wight County, VA	US
S1-398616	Sadyne Mozayyx, LLC	12248 Milstead Place, Central City, LA	US
S1-616992	Meraki Traders Private Limited	G-49 Sector - 6, Noida, Gautam Buddha Nagar, Uttar Pradesh	India
S1-110151	Global Management Private Limited	H. No 1218/15, Sonepat, Haryana	India
S1-579092	Vidarbha (India) Pack Private Limited	Plot No 156 Road No 12, Phase 1 New Gayatri Nagar, Saroornagar, Hyderabad, Telangana	India
S1-187358	Guru Producer Private Limited	No 1/185, Paramathy Road, Near Sidco, Namakkal, Tamil Nadu	India
S1-164481	Radiant Consultancy	Vill Mavikalan Block Baliakheri, Saharanpur, Uttar Pradesh	India
S1-465167	Janta Infratech Private Limited	Flat B-1106, Wellington B, Pride World City, Haveli, Pune, Maharashtra	India
S1-129223	Rice, Williams & Amico Manufacturing LLC	17701 Dartmouth Drive, Lewes, DE	US
S1-24996	New Life Fellowship	6922 Falcon Drive, TX, Brownsville	US
S1-639621	Mlt Informatics Ltd	127A Narkeldanga Main Road, Kolkata, Calcutta, West Bengal	India
S1-20070	Federal Trusted Applied	95 Waterview Drive, Brookhaven, NY	US
S1-816244	Blue Construction Private Limited	Bangalore, Bangalore North, 4Th Floor, Binnamangla 1St Stage, Indiranagar, Om Chambers 648/A, Karnataka	India
S1-133857	Lawson Pacific Robinhood	20 Greenbriar Road, East Hampton, NY	US
S1-735956	Novex Abacus	750 Chisholm Trail Road, Unit B, Round Rock, TX	US
S1-75188	Burlingame & Bishop	11102 Alpine Highway, Highland, UT	US
S1-192890	Gaja Institute Private Limited	26-1-100, Visakhapatnam, Shop No 5, Ist Floor, Mahaveer Complex Bowdara Road, Vishakhapatnam, Andhra Pradesh	India
S1-614705	Novatech Techsystems Private Limited	House No. 1499, Old - 425 Rani Bagh Shakur Basti, New Delhi, Delhi	India
S1-558477	Inessa Durham Beacon Utilities	3689 Sahuaro Divide, AZ, Tucson	US
S1-279164	Bharat Memorial Trust	East Champaran, Ghorashan, Bihar, Ghorashan, C/O Ritikar Raj Main Roda	India
S1-46508	Vision Star Partners P.C.	1632 Summerfield Place, Albuquerque, NM	US
S1-187859	Charlotta Herman Series LLC	6111 Kahler Drive, MN, Albertville	US
S1-44190	Al Logistics LLP	Flat No-Le/D-706 Luxuria Estate, Awc, Aditya World, Ghaziabad, Uttar Pradesh	India
S1-101599	Rds Cements Ltd	Plot;- 10, Saraipeth Ashok Square Umrer Road, Nagpur, Maharashtra	India
S1-812395	De Management Pvt Ltd	10Th Floor, Eros Corporate Tower Nehru Place, South Delhi, Delhi, New Delhi	India
S1-306033	Hotel Management Private Limited	D-12 Panchsheel Enclave, New Delhi, South Delhi, Delhi	India
S1-834349	Motor Traders Limited	H.No. 1-8-1010, P. No.107/B, Ganesh Nagar, Nanded, Maharashtra	India
S1-106304	First Power Private Limited	No. 161-D, 3Rd Floor, Ag-1, Vikaspuri, New Delhi, Delhi	India
S1-30786	Developers Shalini Agro Private Limited	5-9 K Lakshmipuram, Kalagara Vissannapeta, Vissannapet, Krishna, Andhra Pradesh	India
S1-272099	ZX Servicesprivate Company	Sco=24-25, Punjab, Ludhiana, Bharat Nagar Chowk, Lajpat Nagar, Opposite Bus Stand	India
S1-15163	Shreya Suppliers Private Limited	Ernakulam, Parambil, Estate Fresh, Aroma Complex, 5Th Cross Road, Manappattiparambu, Door No.65/4660A (Old No.44/385A), Ernakulam, Kerala	India
S1-529663	Dermatology Clinic	415 1/2 Sycamore Street, Unit 1/2, Somonauk, IL	US
S1-494377	Delhi Products Limited	Plot No. 188 3Rd Floor, Blk-A Pkt 1 Sec 4, Rohini, Delhi, North West Delhi, Delhi	India
S1-829333	Divij Technologies Limited	1-11-255, Flat No.303, L N S Sri- Nivas, Naik Estate, Street No.1, Begumpet, Hyderabad, Telangana	India
S1-275482	Chennai Associates Limited	502, Floor-5, Plot-750, Bliss Building, Jahangir Vima Dalal Road, Parsi Colony, Da, Dar (East), Mumbai, Mumbai City, Maharashtra	India
S1-140054	Neptune It Private Limited	Flat No.502, Patna, Sai Tulip, Ara Garden Road Jagdeo Path, Patna, Bihar, Patna	India
S1-805329	Martin, Francis & Sterkel Aldel Inc.	1669 Piedmont Road, Piedmont, OK	US
S1-635778	Smith Vernal P.C.	9516 Cheery Lynn Road, Phoenix, AZ	US
S1-533704	Dinet, LLC	7126 Hirsch Drive, Cincinnati, OH	US
S1-144865	K 8 Signature Quest, L.L.C.	3218 112th Terrace, Kansas City, MO	US
S1-653298	Southern Chenghe	2637 Donna Olene Drive, Georgetown, TX	US
S1-491265	New Delhi Review Private Limited	Ad-55 D Shalimar Bahgdelhi, New Delhi, North Delhi, Delhi	India
S1-583170	Jones Empire Joint	4694 Reina, Santa Barbara, CA	US
S1-309136	Kit W. Hicks, DO	130 Highland Court, Colonial Heights City, VA	US
S1-694584	Noida Steels Private Limited	C-56/34, Above Sbi, Second Floor, Sector-62, Noida, Gautam Buddha Nagar, Uttar Pradesh	India
S1-148931	EFK Telephone LLC	Homer Glen, 14323 Surrey Court, IL	US
S1-672725	Leland Wildlife Pinnacle Fund PC	4941 Grinders Way, Leland, NC	US
S1-561283	Gleason's Produce LLC	9938 Valley Mill Court, Houston, TX	US
S1-34653	Consulting Mewar Logistics Limited	Building No 187/E, Ward 12, Oorakam Po, Kottumala, Tirurangadi, Malappuram, Malapuram, Kerala	India
S1-562212	Suratgarh City Private Limited	Ward No.16, Purana Bazar, Suratgarh, Ganganagar, Rajasthan	India
S1-536869	Matilda Butler Network LLC	143 Park Drive, Unit 27, Boston, MA	US
S1-178648	Mcnamara, Burns & Pettinato	8032 W Spanish Peak, Ken Caryl, CO	US
S1-65188	Jai Power	F.No 502, Gp Indraprastha, Vikas Nagar Main Road, Guntur, Andhra Pradesh	India
S1-465288	Indore India Company	Indore, 3Rd Floor, Shivay Plaza Brajeshwari Extesion, 303, Madhya Pradesh	India
S1-4905	Pankhuri Consultants	Unit No-403A, 4Th Floor, Forum Rangoli Mall 212 Girish Ghosh Road, Belurmath, Howrah, West Bengal	India
S1-367075	Himalyan Software Private Limited	A-94/A Pandav Nagar, Delhi, East Delhi, Delhi	India
S1-793208	Peak Materials Corporation	95 Loretta Street, Springfield, MA	US
S1-342075	City City Exports Private Limited	1420, Ansal Tower 38, Nehru Place, New Delhi, South Delhi, Delhi	India
S1-190972	Western Pioneer Beverage, Inc	904 Moore Street, Southport, NC	US
S1-537079	Fetterolf and Harrigan	3411 Sand Hill Road, Bellevue, OH	US
S1-146470	Mai Systems Limited	New No.25, Old No.72/10, Sri Satya Sai Bagh, Alapakkam Main Road, Valasaravakkam, Chennai, Tamil Nadu	India
S1-258093	2764 Madison Drive Management Inc	13612 69th Street, Phoenix, AZ	US
S1-521649	Sahara & Brothers Private Limited	63, Rameshvar Road Sutharwad Ma At, Mandvi, Surat, Gujarat	India
S1-61428	Sarang Costumes Private Limited	26/2 Azad Nagarr A Kidwai Road Wadala, Mumbai, Maharashtra	India
S1-396467	Tech Management	S-8Andheria Mor Mehrauli, New Delhi, South Delhi, Delhi	India
S1-797675	Bischoff, Babette, L.C.S.W., P.C.	MO, 1815 Vassar Avenue, Independence	US
S1-512133	Bravo Jones Inc	IL, 632 Joliet Street, Maple Park	US
S1-434702	Chandransh Services Private Limited	House No. 2C/3342, Court Road, Gill Colony, Saharanpur, Uttar Pradesh	India
S1-296001	Universal Cargo Ventures LLC	2217 Morrow Drive, Phoenix, AZ	US
S1-669488	Jhansi Share	Uttar Pradesh, Jhansi, 19/1 O/S Unnao Gate 19/1 Outside Unnao Gate, Jhansi	India
S1-166598	Fernandez Chile of Bloomington	2600 Scott Lane, Bloomington, IN	US
S1-371543	Ahmedabad Technologies Pvt Ltd	Plot No. Sm-50, Sanand Industrial Estate - Ii, G.I.D.C., Sanand, Ahmedabad, Gujarat	India
S1-774730	Eye Health	8224 191st Lane, Waddell, AZ	US
S1-332633	Cardiology Group of Raleigh Inc	NC, Unit P, 1805 Summit Hills Way, Raleigh	US
S1-567579	Royal Infrastructure Private Limited	G-12/9, Dlf City Phase-1, Gurgaon, Haryana	India
S1-17985	JU Clean Cslm LLC	203 43, Chalmers, IN	US
S1-178716	Ascencio Certified Technologies Co	265 Blue Heron Drive, Rock Hill, SC	US
S1-344221	Redwood Newbury	IN, Muncie, 5770 Burlington Drive	US
S1-435045	Dermatology Superior Physicians L.L.C.	6814 Lambert Street, Unit APT, Indianapolis, IN	US
S1-605665	Raza Power	Office No. A-403, Nand Dham, Plot No 59, Sector 11, Cbd Belapur Navi Mumbai, Thane, Maharashtra	India
S1-578334	Capital Better Power LLC	Chattanooga, 1909 Camden Street, TN	US
S1-471618	Shiva It Private Limited	Sno. 39/1A/39/2 Buildinga, Fl-A/3, Rajanigandha Apts, Pune City, Pune, Maharashtra	India
S1-672300	G V Turner Steers Corp	5116 Lampglow Court, Fl 0, Saint Louis, MO	US
S1-719840	Sirius Science	2814 Madison Drive, Melissa, TX	US
S1-140798	Corner Pilates	820 Arbuckle Avenue, Hempstead, NY	US
S1-627919	Axis Texprints Company	No 7/431, 1St Floor, Gst, Road, Pallavaram, Chennai, Kanchipuram, Tamil Nadu	India
S1-164727	Ishwar Trading Private Limited	Old No. 7C, New No. 2C, Baktha Flats Ii Lane, B.N.Road, (North Boag Road), T., Nagar, Chennai, Tamil Nadu	India
S1-823181	Systematics Coffee Ltd	14-C Shatabdi Vihar, Sector 16, Noida, Noida, Gautam Buddha Nagar, Uttar Pradesh	India
S1-570847	Bombay & Sons Pvt. Ltd.	No 25N S.N.High Road, Tirunelveli, Tamil Nadu	India
S1-377307	Boring Canal Road Near Lalita Hotel &research Pvt. Ltd.	Yashodhara, Boring Canal Road Near Lalita Hotel, Patna, Bihar	India
S1-707766	Indo Services Company	Flat No.5, Plot No.137 Sultanpur Colony, New Delhi, South Delhi, Delhi	India
S1-151778	Coastal League IV	613 Cabarrus Street, Unit 102A, Raleigh, NC	US
S1-211420	Fortuna (India) Foundation Pvt Ltd	Bangalore Rural, Karnataka, Bangalore, Sy No 28/P16 Of Agra Village And Sy No 85/P6 Of B.M Kaval Village Kengeri Hobli	India
S1-231529	Classic Construction Pvt Ltd	66, 67 Green Glen Bellandur Sarjapur Marthahalli Ring Road, Bangalore, Karnataka	India
S1-853798	Grand Wholesale Advisors LLC	61 Grand Avenue, Brookhaven, NY	US
S1-428632	Wilson Clear China, LLC	104 E South Drive, MN, Circle Pines	US
S1-593953	Navyug College	Dvc House Sr.No. 111/11/1, Opp B. U. Bhandari Merc., Haveli, Pune, Maharashtra	India
S1-293537	Vaikuntha Medical Centre	S No. 292, Keshav Nagar, Morya Gosavi Raj Park, A Wing, Flat No. 12, Pune, Maharashtra	India
S1-253261	Foot & Ankle Physicians LLC	80 Quail Walk, Dadeville, AL	US
S1-415273	Trishna Brothers	Kurla (West), Mumbai, Amparo Co Op Hsg Soc.Near P.A.Ltd.Ist Floor, 15/16, Maharashtra	India
S1-450418	Digital Care Private Limited	C/O Bharat Bhushan, W-10, Agg. Sweets, Railway Road, Budhlada, Mansa, Punjab	India
S1-750724	Asset Building Project	930 Pampa Drive, Mesquite, TX	US
S1-125732	Premier Energy Advisors PLLC	3449 Lockwood Court, Unit 59, Simi Valley, CA	US
S1-659	Pioneer Bulkers	6013 Tenter Banks Square, Raleigh, NC	US
S1-382938	Black Products Private Limited	Rc-443, Kala Enclave, Khora Colony, Ghaziabad, Dadri, Gautam Buddha Nagar, Uttar Pradesh	India
S1-221504	Vision Total Partners Inc	46 Plains Industrial Road, Wallingford, CT	US
S1-433504	Sobrius PC	224 Maple Street, Bremen, IN	US
S1-149691	Krone Enterprises Private Limited	Shop No. 15, D Wing, Sanskruti Residency, Ambarnath, Thane, Maharashtra	India
S1-179897	UQ (india) Ltd	1 Navkar Vinayak Vihar Mahaveer Colony, Bedla, Udaipur, Rajasthan	India
S1-350966	Presidency Charitable Trust	Flat No.1D 153/2B, A P C Road, Kolkata, Kolkata, Howrah, West Bengal	India
S1-392006	Jackson Advisors of Cascade PC	136 Industrial Street, Cascade, IA	US
S1-123652	Avinya & Co	Near Riico, Balaji Nagar Puniya Vines, Jaipur Road, Sikar, Sikar, Rajasthan	India
S1-32247	Jarlan Grid Wetumpka	1039 Whitman Field Road, Wetumpka, AL	US
S1-689057	Dahl and Corcoran Trading PC	2560 Grassland Road, Brownsville, KY	US
S1-736222	Quach Coastal Space	118 Bay Avenue, Norfolk City, VA	US
S1-221645	Smith Bright Innovation LLC	3905 21st Street Place, Puyallup, WA	US
S1-666974	Mahalakshmi Consultancy Private Limited	2-27/B, Yadavula Bazar, Krishna, Andhra Pradesh	India
S1-87197	Ellenwood Pediatrics LLC	28588 Rainfall Drive, San Tan Valley, AZ	US
S1-470926	Pioneer Software Pvt Ltd	Co Babban Chobey Ro 83 N.K. 1247 F4 Ff, Ghaziabad, Uttar Pradesh	India
S1-677843	Certified Empire Latin Inc	1651 Oak Grove Avenue, Springfield, MO	US
S1-574927	Zephyr Summit Inc	4 Langevin Street, Unit 8, Spencer, MA	US
S1-200587	Santos Duke, Inc	5058 Park Avenue, Memphis, TN	US
S1-110139	Crosby Supreme Mellon LLC	14 Arrowwood Road, Sod, WV	US
S1-206345	Altech Pharmaceuticals Pvt. Ltd.	Plot No 61, Sri Krishna Nagar Colony, Tirumalagiri, Hyderabad, Telangana	India
S1-483169	New Delhi Agro Pvt. Ltd.	8E Hansalaya 15 Barakhambaroad, New Delhi, Central Delhi, Delhi	India
S1-444666	TNK Cdt LLC	6 Lake Drive, Mamakating, NY	US
S1-122358	St. Zion P.C.	836 Blue Ridge Drive, AZ, San Tan Valley	US
S1-315867	Pediatric Dentistry Fresh Clinic LP	376 W T Thompson Lane, Bardstown, KY	US
S1-611342	Digital Ventures Pvt Ltd	H. No.-175/A Lakshmi Bhawan, Rajeev Nagar Road No.-23, Patna, Bihar	India
S1-127500	Synmoum Holdings	2001 Cedar Ridge Drive, Benton, AR	US
S1-321493	Hiralal Traders Limited	22 Defence Colony Market, New Delhi, South Delhi, Delhi	India
S1-496474	Mchenry Integrated Natural	735 Tyson Avenue, Abington Township, PA	US
S1-67975	Great Builders Private Limited	33/2, Kalaivanar Colony 2Nd Street Annanagar West Extension, Chennai, Tamil Nadu	India
S1-448373	Bryant Partners	3505 Gower Street, Tucson, AZ	US
S1-459151	Black Jay Foods Private Limited	11 Pollock Street, 9Th Floor, Hare Street, Kolkata, Howrah, West Bengal	India
S1-705743	Precast Bio Corp	Gautam Buddha Nagar, Vijay Nagar, Uttar Pradesh, Chipiyana Bujurga, Gautam Budh Nagar	India
S1-675054	Dhanrishi Traders Co	38, Guru Jambeshwar Nagar-B, Gandhi Path Road No. 15, Nyar Marg, Queens Road, Jaipur, Rajasthan	India
S1-690870	Pilani Integrated Private Limited	F-67 Industrial Area, Vidya Vihar Nagarpalika Pilani, Pilani, Jhunjhunun, Rajasthan	India
S1-599898	Nav (India) Hotels Private Limited	House No. 3058/8 Gali No. 8 Jawahar Colony Near By Garg Medical Store, Faridabad, Haryana	India
S1-429392	Shiv Producer Private Limited	C/O Malvi Ranchoddas And Company Yusuf Building, 3Rd Floor, Mahatma Gandh, I Road, Mumbai, Maharashtra	India
S1-45145	Lou's Partners	Saint Paul, 126 Winona Street, MN	US
S1-178209	Niix Beacon Malt Inc	4403 Marlin Cove, Austin, TX	US
S1-647623	Washington Auto Repair	206 Cypress Lane, Horsham Township, PA	US
S1-731027	Pole India Private Limited	Indore, Madhya Pradesh, Flat No 303, 3Rd Floor, 'Sanrachna Evenue' Satyasai Chauraha, Scheme No 54, A B Roa, D, Indore	India
S1-240833	Nunez Paper	1908 Tracy Lane, Sioux Falls, SD	US
S1-793911	Auros Atlantic Inc	1200 Arbors Drive, Unit Apartment 1263, Dry Ridge, KY	US
S1-69761	Global Foods Private Limited	Sterling, Ground Floor B-6, Prithviraj Road, C-Scheme, Jaipur, Rajasthan	India
S1-600688	Silver Cloud Ventures LLC	429 Lincoln Avenue, Bridgeport, CT	US
S1-687406	Urgent Care Complete Associates LLC	26 Noel Drive, Amherst, NY	US
S1-576314	Stevana Oswalt Fisheries	2445 Millennium Drive, Elgin, IL	US
S1-267908	Vriksha (india) Private Limited	S.No.171/1 Mathura Indust, -Rial Area Devkarwasti, Pune City, Pune, Maharashtra	India
S1-277690	Silver Hospitality International Clinic	115 Saratoga Street, Unit A, Salisbury, MD	US
S1-12168	Barrett Array Inc.	20409 Shadow Oak Court, Montgomery Village, MD	US
S1-694092	Steele Plains	1642 Virginia Avenue, Bristol, TN	US
S1-212621	Rowe Smart Mercator LLC	408 Mears Street, Chadron, NE	US
S1-313078	Vaughan Preparatory Academy Inc	10518 Wicklowe Street, Houston, TX	US
S1-545720	Mirzapur Softech	C/O Dinesh Kumar Singh, Mirzapur, Dgaura Post Gaura Jigana Gaur, Uttar Pradesh, Mirzapur	India
S1-126670	Consultants Magnum Engineers Private Limited	Offc No209 Building No 03, Mj Complex, Veer Savarkar, East Delhi, Delhi	India
S1-62281	Patel, Crooks and Haley Media Inc.	1511 104th Street, Seattle, WA	US
S1-728680	Brookens, Barrie & Smith	1514 91st Avenue, Omaha, NE	US
S1-571824	Temple Church	11660 Church Street, Unit UNIT 787, Rancho Cucamonga, CA	US
S1-517367	United Project LLC	2450 Glenrosa Avenue, Unit 25, Phoenix, AZ	US
S1-594254	Behavioral Health Physicians L.L.C.	1004 California Avenue, South Bend, IN	US
S1-712701	Yes Trust	Tessco City, Tamil Nadu, Madurai, Madurai - Melur Four Way Main Road Chittampatti	India
S1-537408	Bay Creative Chicago	3144 Old Franklin Road, Unit 5302, Nashville, TN	US
S1-432542	Guru It Private Limited	26/277, Kollam, Kallummoottil, Muslim Street, Kerala, Kottarakara	India
S1-572371	Education Association	7401 Autumn Sage Drive, City Of El Paso, TX	US
S1-411748	Hotel Apex Products Private Limited	House No - 20, Vill - Natun Gopalpur, Payradanga, Ranaghat, Nadia, West Bengal	India
S1-517523	Arrow (India) Mining	102, Himland House, Ranjit Nagar, West Patel Nagar, New Delhi, New Delhi, Central Delhi, Delhi	India
S1-158036	High Infrastructure Limited	C-51 Ganesh Nagar, Pandav Nagar Complex, New Delhi, East Delhi, Delhi	India
S1-656161	Bowling Green Fresh Crumrine LLC	1332 Pine Valley Drive, Bowling Green, OH	US
S1-86007	Classic Universal Properties Private Limited	72Third Floor Pkt-1Jasola, Behind Apollo Hospital, New Delhi, South Delhi, Delhi	India
S1-538436	Shivani Fund Private Limited	133, Lenin Sarani Ground Floor, Kolkata, Howrah, West Bengal	India
S1-586542	Melita's Brokerage	Village Of Harrison, WI, W6397 Sonny Drive, Unit Apartment 12	US
S1-763227	Ewing and Lafountain PLLC	511 Union Street, Unit 54, Bryan, OH	US
S1-235413	Jagdish Building Center	Maharashtra, H.No.441, Vengurla, Sada, Mochemad, Tal-Vengurla, Sindhudurg	India
S1-772039	Behavioral Health Associates Inc	2 Maple Street, Marlborough, MA	US
S1-293083	Jhilmil Promart	The One World Residency C, 202 Nr Ayodhya Chowk 150F, Rajkot, Gujarat	India
S1-754922	Alpha Engineering Private Limited	Howrah, Hazra Road, Kolkata, West Bengal, 128/3	India
S1-565880	Cha Clear Chemical LLC	Sun City, 9902 Prairie Hills Circle, AZ	US
S1-223216	Beis Apollo	19500 Scenery Drive, Germantown, MD	US
S1-382618	Miles Reit	2392 Smith Harbour Drive, Denver, NC	US
S1-175552	Vanguard Sizzle LP	68 Weilers Bend, Wilmington, DE	US
S1-343571	Dunlap Dynamics LLC	3840 Blake Road, Guilford Township, OH	US
S1-749170	Shree & Co	5-2/5 Choti Gwaltoli, Indore, Madhya Pradesh	India
S1-141110	Physical Therapy Green Center LLC	7008 1252, Gladewater, TX	US
S1-459549	Cobalt LLC	Babylon, NY, 72 Arlington Avenue	US
S1-691057	Deluxe Service Limited	Flat No 512 Prime Plaza S, Lucknow, Uttar Pradesh	India
S1-660372	Sunrise Infotech Pvt Ltd	Ward No 2, Behind Transport Nagar Nowgong Road Chhatarpur, Chhatarpur, Madhya Pradesh	India
S1-755154	Wagar Elite Apollo	1150 Sheridan Court, Fort Wayne, IN	US
S1-15714	Faulkner Holding Company LLC	8420 140, Charlotte, TX	US
S1-855890	Little Pilates Inc	2886 Oakwood Drive, Willoughby Hills, OH	US
S1-817545	Ivenis Japan Center	6434 Perrin Way, Carmichael, CA	US
S1-407616	Olive Myers Gulf Oaktree Inc	192 Beaver Brook Road, Baltimore, VT	US
S1-175018	White Safe Praetorian LP	Cincinnati, OH, 7837 Montgomery Road	US
S1-618111	Royal Trading Pvt Ltd	House No - 2 - 118, P No - 136 Narapally, Hyderabad, Telangana	India
S1-423676	Gulf Medical LLC	1844 Rollingwood Drive, TX, Huntsville	US
S1-762143	Arihant Ram Solutions	121 New Housing Unit Near Bus Stand, Dharapuram, Coimbatore, Tamil Nadu	India
S1-309275	Pioneer Teucrium Inc	110 Deer Run, Evansville, IN	US
S1-178827	Premier Data Networks Inc	153 Night Bloom Path, Liberty Hill, TX	US
S1-705119	AV Solutions LLP	No 24, Bishop Garden R A Puram, Chennai, Tamil Nadu	India
S1-690499	Spencer Strategies Inc	13502 B Street, El Mirage, AZ	US
S1-446102	Family Legacy Health LLC	1459 Julia Ann Lane, Graham, NC	US
S1-49752	AE Analytics Inc	326 Edwards Lane, Lancaster, KY	US
S1-786114	Harbor Corporation	Sempronius, 6053 Filmore Road, NY	US
S1-140735	Davis Medical Center	3872 Coronado Road, Snowflake, AZ	US
S1-146612	Smart Aerospace Networks Inc.	405 Main Street, Aledo, IL	US
S1-682126	Sree Care Private Limited	P No -1, F No -1401, Vasundhara Enclave, Nagpur, Maharashtra	India
S1-597819	Mcconnell, Gracie M., DO, PC	293 Woodbury Drive, Chelsea, AL	US
S1-410329	Timber LLC	41-15 Westmoreland Street, Little Neck, NY	US
S1-422212	Bala Gas Pvt. Ltd.	Door No15-54, Siri Nagar Kanuru, Vijayawada, Krishna, Andhra Pradesh	India
S1-214134	Rasraj Enterprises Corporation	Antilia Anant, Opp Shraddhadeep Complex, Shop No.4-5, Gujarat, Ahmedabad, Ahmadabad City	India
S1-720158	Consolidated Infrastructure Enterprises LLC	15089 Greenfield Drive, Tigard, OR	US
S1-281535	Universal Healthcare	North Delhi, B-1/180 New Kondli, Delhi, New Delhi	India
S1-791551	HI Banc LLC	13145 Tapadera Street, Fl 1, Beaverton, OR	US
S1-255036	Urology Care LLC	7231 580, Midvale, UT	US
S1-80742	Ayers & Harlan LLC	2110 Aloclek Drive, Unit #606, Hillsboro, OR	US
S1-123977	Capstan Foundation Pvt Ltd	C/O Smt Shakunthala, H-5/3, Shakuntala Balate Complex, K.E.B Road, Bidar, Karnataka	India
S1-768285	Choice Business Holdings	1627 3rd Street, Missoula, MT	US
S1-192568	Borivlai East Travels Limited	903, Wing B, Bldg No 7, Exotica, Cci Compound, Off Dattapada Road, Borivlai East, Mumbai, Maharashtra	India
S1-290327	First Indonesia Inc.	2250 270th Court, Sammamish, WA	US
S1-225156	Healthy Swamy Public Limited	Pl-7, Shop-1, Chandradarshan Apts, Mahesh Socy, Bibvewadi, Pune, Maharashtra	India
S1-584866	Southern Hospitality Private Limited	B-612, Umiya Sadan Apartment, Plot No-4, Sector-4, Dwarka, New Delhi, West Delhi, Delhi	India
S1-78841	Commission on Finance Group	2220 Arcady Avenue, Norman, OK	US
S1-339074	Fisheries Management Limited	Vishamo Shopping Center, S No-27, National Highway, Jetpur, Rajkot, Gujarat	India
S1-784930	Unwind Farmer LLP	Thane, Maharashtra, Vasai, Flat No.205, Anjani Apt., Nilemore	India
S1-733224	Mountain Council	4717 Chautauqua Avenue, Ellery, NY	US
S1-768336	Om Infra Private Limited	Lig-301, H-Sector Ayodhya By Pass Rd, Huzur Bhopal, Bhopal, Madhya Pradesh	India
S1-693766	Red My Constructions Private Limited	Flat No. 13, Rajkamal Apartments, 29/14, 4Th Trust Cross Street, Mandaveli, Chennai, Tamil Nadu	India
S1-717612	Congregation Fellowship	1611 84th Street, Tacoma, WA	US
S1-491743	Mysore Advisors Private Limited	Maharashtra, Mumbai, 9Th Floor, Paradise Height Co. Op. Near Prabhat Cinema, Shivaji Path, Thane, (West), Thane, Flat No. 903	India
S1-634808	Palghar Technologies Ltd	Flat No C 002, C Wing Aquila Building 2, Thakur Gala, Boisar, Palghar, Thane, Maharashtra	India
S1-7769	HU Developers Private Limited	11/218, Zero Cross, Sri Medha College, Anantapur, Ananthapur, Andhra Pradesh	India
S1-772753	Back Alley Auto Body Partners	204 Morris Street, Millsboro, DE	US
S1-250777	Cascade Initiative	28003 181, Unit Unit 3108, Daphne, AL	US
S1-381144	Dudani Trading Private Limited	A-102, Vijayalakshmi Apartments, I Main, 4 Cross, Abbayah Reddy Layout, Kaggadasapura, Bangalore, Karnataka	India
S1-371926	Chopra Traders LLP	Sriperumbudur, Tamil Nadu, K-22 (2), Tiruvallur, Sipcot Industrial Park Mambakkam Village	India
S1-301925	Lower Accounting LLC	3891 76th Street, Clear Lake, MN	US
S1-648132	Myrta Leonard Vine, Inc.	30723 Geneva Drive, Spring, TX	US
S1-460551	Hicks Choice Homes LLC	2810 Contessa Street, Mesa, AZ	US
S1-11354	Moritz Diamond Agricultural LLC	49 Heather Lane, Augusta County, VA	US
S1-113513	Barajas, Thomas and Quintana Village Inc	South Bend, 26362 Grant Road, IN	US
S1-265914	Vio LLC	4603 Savannah Trace, Godfrey, IL	US
S1-652982	Infrastructure Netizen Technologies Private Limited	Koramangalaindustrial Area Koramangala, Karnataka, Bangalore, Eterna, No 9	India
S1-330809	Hari Agro	Kerala, M P K Manzil, Kannur, Therur, Edayannur P.O, Kannur	India
S1-187427	Real Agro Private Limited	143 Madurai Meenaksipuram, Iyancherri Urapakkam, Chengalpattu, Kanchipuram, Tamil Nadu	India
S1-392219	Kesteus Glass LLC	4141 Greenwood Street, Skokie, IL	US
S1-547229	Ridge First Altenergy LLC	447 South Road, Lincoln, ME	US
S1-263130	Pacific Interstate Therapy LLC	50 William Street, Newburgh, NY	US
S1-527711	Mumbai Management LLP	Plot No 9, Mumbai, Maharashtra, Mumbai City, Flat 1, Gr. Floor, Dhiraj, Shree Hind Co-Op Hsg Soc, 23 N S Mankikar Marg, Sio, N	India
S1-716438	Midwest Foundation	1414 Washington Gardens Circle, Washington, WV	US
S1-794206	Nine Tea (India) Private Limited	H No.8-3-898/16/5/1 Nagarjuna Nagar, Telangana, Hyderabad, Yellareddyguda, Hyderabad	India
S1-805631	Business Media Concepts Inc	1452 Morey Road, PA, Deemston Borough	US
S1-218406	Innovative Banco LLC	817 17th Street, Birmingham, AL	US
S1-122108	Innovative Silver Term Inc	400 Pond View Heights, Greece, NY	US
S1-416753	Aile's Management	1089 Range Trail, City Of Verona, WI	US
S1-175459	Clear Engineering Brands LP	1977 Lago Lane, Oxnard, CA	US
S1-528122	Builders Mysore Hood LLP	Tc-8/3886, Puthenvilaveede, Vishnunagar Powdikonam Po, Thiruvananthapuram, Trivandrum, Kerala	India
S1-135851	Vision Consulting Pvt Ltd	New Delhi, C-77 1St Floor Hari Nagar, West Delhi, Delhi	India
S1-308112	Solutions Susee Security Private Limited	Sf-09, 2Ndfloor, Cross River Mall, Karkardooma, East Delhi, Delhi	India
S1-205117	New Delhi Sandhu Private Limited	593 Gf Kh.No-126, Village Nangloi Jat, New Delhi, West Delhi, Delhi	India
S1-549396	Physical Therapy Physicians LLC	10 Fanning Avenue, East Hampton, NY	US
S1-542322	Shree Products Private Limited	13, 20Th C Main, Keb Rd, Btm Layout 1St Stage., Bangalore South, Bangalore Rural, Karnataka	India
S1-126881	Green Nutrition Corporation PC	3903 Scenic Trail, Hebron Estates, KY	US
S1-407207	VU Mountain Spa Clinic	6968 Crystal Downs Lane, Unit 26O, West Jordan City, UT	US
S1-456999	Empire Guardian	NY, Batavia, 18 Maple Street	US
S1-637031	Wolfe Taxable Inc.	53 Washington Street, Plainville, CT	US
S1-333806	Ace Genetics LLC	502 Meade Avenue, Glendive, MT	US
S1-261023	Quality Pacific Ofs Center	Indianapolis, 764 Pershing Avenue, IN	US
S1-136441	Winters Elite Adr LLC	MO, 1340 Hanover Street, Springfield	US
S1-351065	Indian Logistics	Rangareddy, Hyderabad, Telangana, Plot No.95/A, Sri Lakshmi Nagar Colony, Manikonda, Puppalaguda	India
S1-74750	Jpg Cooling Limited	Unit 601, 6Th Floor, Jmd Galleria, Sohna Road, Gurgaon, Haryana	India
S1-847862	Magma Amruttulya Pvt. Ltd.	106, 27/7, Shesha Bhanu, Residency, 1St Street, Bangalore South, Bangalore, Karnataka	India
S1-648894	Tri-State Office	503 5th Street, Spencerville, OH	US
S1-726876	Bright Shiv Infotech Pvt Ltd	T-63, West Patel Nagar, New Delhi, West Delhi, Delhi	India
S1-366454	Metropolitan Academy Inc	10620 Wentworth Avenue, Chicago, IL	US
S1-119180	Lazcano Compania Corp	128 Parkview Drive, Junction City, KS	US
S1-403519	Bhadra Brothers Private Limited	House Number 5/3061 Bomb Colony, Bhusawal, Jalgaon, Maharashtra	India
S1-66139	Lively Mortgage LLC	NC, Unit 114, 5201 Old Poole Road, Raleigh	US
S1-752854	Pacific Prime Intercontinental	TX, 6008 Glasgow Gail Road, Cleburne	US
S1-100573	Bay Pono	259 8, Bainbridge, NY	US
S1-662681	Crossman Biopharmaceuticals, LLC	103 November Drive, Unit 2, Camp Hill Borough, PA	US
S1-693318	Royal Sai Projects Private Limited	63, Floor No. 5, 487, Svp, Road, Murad Mansion, Mumbai, Maharashtra	India
S1-796087	Aditam Paper	Jaipur, Flat No. 401, 4Th Floor, Plot No. 5, Khetan Tower Central Spine, Vidhyadhar Nagar, Jaipur, Rajasthan	India
S1-89875	Shakti Construction Private Limited	Tana, Teh- Kapasan, Chittorgarh, Rajasthan	India
S1-717586	Grip Sales Limited	Plot No-R- 928, Ttc, Midc, Rabale, Navi Mumbai, Rabale, Thane, Maharashtra	India
S1-355919	Guru Products	Jharsuguda, At-Brundamal Ps-Badmal, Jharsuguda, Orissa, Infront Of Vedanta Colony	India
S1-800772	Southern Trading Private Limited	34/1, Neelkanth Apartment, Near M.T.N.L. Office, Mehrauli, New Delhi, South Delhi, Delhi	India
S1-257231	JGC Sun Private Limited	Ss3, Room No. 431, Second Floor, Sector 18, Thane, Maharashtra	India
S1-275444	Ginny K. Lara, P.A.	3414 Orion Dr, Unit 150, Ames, IA	US
S1-680260	Jay Enterprises Private Limited	344 The Gallaria Business Hub Yogi Chowk Varaccha, Surat, Gujarat	India
S1-539290	Biswal Industries Company	318, Swastik Chambers, Sion-Trombay Road, Chembur, Mumbai, Mumbai City, Maharashtra	India
S1-723983	Global Brothers	D. No. 12-5-92, Bathkamma Kunta Southlallaguda, Secunderabad, Hyderabad, Telangana	India
S1-806344	Thompson Clean Capstone Inc.	Holliston, 74 Wilkins Road, MA	US
S1-105130	Bili's Metropolitan Mortgage	OH, 7000 Freeland Drive, Elyria	US
S1-307873	Gurgaon Infra Limited	73, Vijay Park, Gurgaon, Haryana	India
S1-32523	Ellis, Pounders & Mchugh LLC	Arlington, 1001 Arbrook Boulevard, TX	US
S1-473367	Solutions Richmond Links Limited	301. S.F. Housing Society Swayam Sewa, Cooperative Group Jhilmil, Delhi, East Delhi, Delhi	India
S1-819106	Srm Soft Limited	10, Old Post Office Street 3Rd Floor, Room No. 99A, Kolkata, Kolkata, Howrah, West Bengal	India
S1-251811	Redwood LLC	1363 Almond Drive, Fl 0, Annapolis, MD	US
S1-204044	Emelia Mastronardi, DO, M.D., P.C.	712 Walnut Street, Louisville, OH	US
S1-30279	Propps Crystal Solid LLC	Washington, DC, 3603 Grant Place	US
S1-253560	Hanson Interests	1877 Point Oak Road, Fl 0, Saint Louis, MO	US
S1-416197	Ross First Saratoga	St George City, 3737 2640, UT	US
S1-448021	Developers Kanika Systems Private Limited	501 Imerial Heights, Nr Kalali Railway Crossing Akshar Chawk, Old Padra Road, Vadodara, Gujarat	India
S1-602086	Future Star Producer Private Limited	Flat No. A-31, Seema Apartments, Plot No. 7, Sector - 11, Dwarka, New Delhi, West Delhi, Delhi	India
S1-1782	Colonial Trust LLC	1211 Rosemeadow Drive, Houston, TX	US
S1-137455	Greenleaf's Accounting Inc	1956 Singerly Road, Elkton, MD	US
S1-66591	Opton Inc.	516 Enochville Avenue, Kannapolis, NC	US
S1-152119	Surgical Care Associates	Houston, TX, 3519 Balzy Road	US
S1-209906	Industrial Realty Labs LLC	6388 Tivoli Place, Unit A, Newport News City, VA	US
S1-137989	Osho Marketing Private Limited	C-31, Parsvnath Narayan City, Near Kesar Circle, Muhana Road, Jaipur, Rajasthan	India
S1-74402	Ryann Atkins Premier Jab, LLC	813 Hill Street, Grand Prairie, TX	US
S1-665390	Best Staffing Alliance LLC	Islip, NY, 1602 Brentwood Road	US
S1-798220	Annapurna Traders Pvt Ltd	Plot No 34, Pacific Tower, Gwalior, Madhya Pradesh	India
S1-180150	Plumbers Local 815	4213 Sacramento Drive, Greensboro, NC	US
S1-89979	Transform Group Co	19-B Ambedkar Colony Sector-14, Udaipur, Rajasthan	India
S1-58072	Asset Building Guild, LLC	849 River Road, Surry County, VA	US
S1-652012	Mountain Association	1228 Wallace Avenue, Indianapolis, IN	US
S1-379365	Anand Impex Private Limited	A-401, Eastern Court Junction Parleshwar Road, Vile Parle (East), Mumbai, Mumbai City, Maharashtra	India
S1-259060	Adami Alphabet LLC	OH, 9056 Ichabod Drive, North Ridgeville	US
S1-760753	Smithfield Town Regional Center	1426 Wharf Hill Drive, Smithfield Town, VA	US
S1-397748	Morya (india) Private Limited	Property No.55, Third Floor Saidulajab, Near Westend Lane-2, New Delhi, South West Delhi, Delhi	India
S1-546134	Digital Defense International P.C.	4225 Mcdowell Road, Unit 3041, Phoenix, AZ	US
S1-195411	Bombay Constructions Private Limited	U-15, Ground Floor, Green Park Main, New Delhi, South West Delhi, Delhi	India
S1-371076	Custom Payroll Technologies	7635 Hamilton Cleves Road, Cleves, OH	US
S1-107371	Lamco & Partners Private Limited	D.No:-15-282, #14, Sp/C7 Rangasai Complex, A.C.Centre, Trunk Road, Nellore, Andhra Pradesh	India
S1-635841	VR Summit Amc LP	368 Batchelor Street, Granby, MA	US
S1-75526	Summit Coalition III	125 405, Haleyville, AL	US
S1-725905	Noleor Commodity Inc	2648 Doyle Road, Kiowa, OK	US
S1-649171	Erwin Cardiology	214 Bunn, Louisburg, NC	US
S1-134858	Smith Trusted Credit LLC	1299 K Street, San Bernardino, CA	US
S1-50475	Lamke, Zola K., DMD	404 Little Rock Road, Lafayette, IN	US
S1-66102	Trusted Beacon Superior PC	Castroville, TX, 109 Sunnyland Drive	US
S1-429426	Phonix India Private Limited	8-2-120/120/1/B Noor Naga, Road No. 14, Khairatabad, Hyderabad, Telangana	India
S1-355114	Lakshmi Supreme Solutions Private Limited	C/O Meramanbhai Virambhai Solanki, Koylana, Tal. Manavadar, Dist. Junagadh, Manavadar, Junagadh, Gujarat	India
S1-62156	North Gulf Couriers LLC	318 Park Avenue, Unit Unit A, Lockesburg, AR	US
S1-102538	Kedarnath Appliances Associates	1, Mumbai City, Mumbai, Gaondevi Temple Premises, New Link Rd Nr Oshiwara Police Station, Jogeshwari(W), Maharashtra	India
S1-420417	Indo Consultancy Pvt Ltd	B 19, Sector 64, Noida, Gautam Buddha Nagar, Uttar Pradesh	India
S1-220486	Brown & Jain LLC	1415 Gumwood Drive, Indianapolis, IN	US
S1-48420	Bunker Hill Scholarship League Holdings	WV, 9 Balsam Court, Bunker Hill	US
S1-161704	Green Blockchain	1103 Ridge Avenue, Greenville, IL	US
S1-664165	W/O Evo	239 Weaver Lane, Kingsport, TN	US
S1-389928	Pediatric Dental Clinic Center	N20594 Chapman Road, Town Of Niagara, WI	US
S1-420520	Blue Deli	506 Frazier Road, Crossville, TN	US
S1-415917	Lincolnton Behavioral Health Specialists	855 Crystal Spring Drive, Lincolnton, NC	US
S1-247259	Chennai Extracts Corp	Old Door No.7, New Door No.13 Kondi Chetty Street, Chennai, Tamil Nadu	India
S1-505215	Coastal Rocky King, Inc.	7312 Fairbrook Road, Unit APARTMENT 2B, Windsor Mill, MD	US
S1-643837	Select Creative Services Corp	4235 Pine Parkway, Fargo, ND	US
S1-480633	Patriot Hospitality	9 Morning Star Road, Canton, NC	US
S1-524263	Danika E. Perez, DO PC	6775 Farm Road 186, Rogersville, MO	US
S1-254722	JMQ Medical Private Limited	401-404 V3 Landmark Near Gopinathji Show Room Atladara-Padra Road, Vadodara, Gujarat	India
S1-51431	Streetman Animal Hospital Group	248 Hill Prince Road, Virginia Beach City, VA	US
S1-820213	Scion Nursing Home	Room No. 301, 3Rd Floor, Royale Avenue 1878/1879, Dr. Vipas Street, Kalba Devi, Road, Mumbai, Maharashtra	India
S1-238329	Regional Prime Services Partners	7109 Greenhaven Drive, Fl 0, Saint Louis, MO	US
S1-114550	Sai Estate Private Limited	Plot No: 337 To 343, Rajhans Texpa, Vill- Baleshwar, Ta- Palsana, Surat, Gujarat	India
S1-12127	Piper Vanguard Futurecrest	Fremont, OH, 1600 Cemetery Road	US
S1-669345	Mountain Series PC	40644 Karpens Airport Lane, Astoria, OR	US
S1-636745	Unity Group	2Nd Floor (West Wing) World Mark I, Aerocity, Delhi, South Delhi, Delhi	India
S1-324193	A Star Aktiengesellschaft LLC	2111 Bidwell Road, Unit Apt C9, Muscatine, IA	US
S1-199553	Tove's Diamond Cosmetics	Unit # 2M, Northbrook, 1250 Rudolph Road, IL	US
S1-258437	Vivid Drugs Limited	34-D, Ekta Vihar Colony Auckland Road, Prayagraj, Allahabad, Uttar Pradesh	India
S1-168885	Desert Society Inc	8547 Sunset Circle, Rushford, NY	US
S1-91179	Rocky Foundation II P.C.	2547 Harvest Lane, Springfield, OR	US
S1-246615	Hempel Total Rio LLC	7445 Atlanta Avenue, Tulsa, OK	US
S1-458988	Davis Gulf Summit Inc	381 Mike Loza Drive, Unit 202, Camarillo, CA	US
S1-655977	Southern Hospital	C/703 Sahajanand Helenium, Nr. Sarju Greens, Zundal, Gandhinagar, Ahmedabad, Gujarat	India
S1-424075	Laxmi Agro Private Limited	Mumbai City, Mumbai, Maharashtra, 7Th Floor Opp. Hotel Vits Andheri Kurla Road, Andheri East, 702 Corporate Centre	India
S1-187563	Tech Shiv Enterprises Private Limited	Chennai, Sardar Patel Rd., Adayar, Madras-20 Madras-20, Madras-20, 4, Tamil Nadu	India
S1-600240	Machinists Local 454	233 Spirit Street, Elgin, TX	US
S1-162886	Aditin Tie	C/O Shri Dattu Diwatelwar, At Nagardhan Dc, Ramtek, Nagpur, Maharashtra	India
S1-108175	Bangalore Clinic Limited	12, Palani Mudaliar Street, Halasuru, Bangalore, Karnataka	India
S1-800556	Red & Co Associates	88, Bhatiyara Mohalla, Datia, Madhya Pradesh	India
S1-167819	Walker, Payne and Ulmer Service	4153 Regents Lane, Fl 0, Wichita, KS	US
S1-511380	Truong Capital	FL, Bascom, 5369 River Road	US
S1-203738	Troth Healthcare (India) Private Limited	20 Amartalla Street 4Th Floor, Kolkata, Calcutta, West Bengal	India
S1-659281	Housing Alliance LLC	9966 Copco Road, OR, Fl 1, Ashland	US
S1-475913	Laural Bowen Metropolitan Farms	752 Maley Street, Willcox, AZ	US
S1-234536	Charmane Aslam Packaging L.L.C.	382 Canal Place, Bronx, NY	US
S1-771773	Agritech Services Limited	Mumbai, Andheri (East), 212, Maharashtra, Shivai Industrial Estate, Andheri - Kurla Road Saki Naka	India
S1-545038	Citadel	17825 114th Place, Renton, WA	US
S1-554109	Brenneman & Martin Fast	Cahokia, 1303 St Zita Drive, IL	US
S1-377947	Pushp Foundation	704, Star Residency Chs Limited Opp. Jogeshwari Rly Stn., Jogeshwari(W), Mumbai, Mumbai City, Maharashtra	India
S1-829056	Barbee First Aspac LLC	1345 71st Avenue E, Tulsa, OK	US
S1-773951	Tejaksh Care Private Limited	672/1 Uniti Gold Nr Hotel Rutugandhs Nagar, Pune, Unit 501, Maharashtra	India
S1-524136	Tejavi Greens Private Limited	1858, Kakatpur, Near Uco Bank, Kakatpur, Kakatpur], Puri, Orissa	India
S1-519841	Aba Educational Corporation	H No 46, Yadav Nagar, M.G.Road, Bulandshahr, Uttar Pradesh	India
S1-269192	Piedmont Alliance	119 Pitts Road, Fremont, NC	US
S1-212817	Pioneer Utilities	6484 Settler's Run Road, Flagstaff, AZ	US
S1-540339	Jai Trading Private Limited	Unit No. 517, Westend Mall, District Centre, Janakpuri, B-1, West Delhi, India., New Delhi, West Delhi, Delhi	India
S1-192584	Balaji Management Private Limited	2Nd Floor, Inspire Workspace, # 134 & 135, Karthik Nagar, Lrde Layout, Doddanekundi, Bangalore, Karnataka	India
S1-256504	Smart Investment Private Limited	581, Tad Bagia, Durga Vihar Jajmau, Kanpur, Uttar Pradesh	India
S1-84841	KF Bhav LLC	61 Mosswood Drive, Suisun City, CA	US
S1-14897	Physical Therapy Health, Inc.	9730 Middleton Ridge Road, Fairfax County, VA	US
S1-397010	Bombay Consulting Pvt Ltd	315/14, Near Gupta Hospital Jacobpura, Gurgaon, Haryana	India
S1-428955	Services Axios Infotech Pvt. Ltd.	Maharashtra, 92, Mumbai, Floor 4 Plot 4, Kagalwala Building, Vishnu Ganesh Pingle Marg, Chinchpokli (, East), Mumbai City	India
S1-420261	Swastik Agro	#7/A, 19Th Main, Hsr Layout, Sector 3, Bangalore, Karnataka	India
S1-210103	Dream Marketing Private Limited	3Rd Floor Block B, Nanhey Park, Uttam Nagar, Newdelhi, Delhi, 160 B, West Delhi	India
S1-659596	Al Advisors Co	Godavari Apartment, Sector-29, Pratap Nagar, 29D-92, Jaipur, Rajasthan, Jaipur	India
S1-664868	Mobley's Brokerage LLC	834 High Street, Burlington, NC	US
S1-211353	North College P.C.	ME, 43 Coburn Street, Lewiston	US
S1-747180	Lower Clean Renatus LLC	Unit 1209, 3040 Shea Boulevard, Phoenix, AZ	US
S1-166776	Bost Delta Convertible Corp	339 Athens Way, Unit 505, Nashville, TN	US
S1-451680	Joella's Software	1451 Cedar Crescent Drive, AL, Mobile	US
S1-7265	East Construction Private Limited	Ss I 638, 3Rd Floor, Sector 1, Koparkhairne, Navi Mumbai, Raigarh, Maharashtra	India
S1-241543	Vijay Services Pvt Ltd	841, Block H-6, Osimo Mahagun Moderne, Sector-78, Noida, Gautam Buddha Nagar, Uttar Pradesh	India
S1-243756	Negrete Hydro P.C.	233 Oak Run, Whitney, TX	US
S1-305765	Technologies Sarvam Beverages Ltd	#6-3-775/1, 2Nd Floor, Punjagutta Colony, Khairatabad, Hyderabad, Telangana	India
S1-224269	Noor Modern Harbor Inc	N7670 Indian Hills Trail, Town Of Beaver Dam, WI	US
S1-318459	Rodriguez Cea	726 Woodland Trace Lane, Cordova, TN	US
S1-183488	Royal Healthcare Private Limited	51, Ground Floor, Block-1, Whs, Kirti Nagar Industrial Area, New Delhi, West Delhi, Delhi	India
S1-426604	Catina's Barbershop Corp	20827 2nd Avenue, Phoenix, AZ	US
S1-537322	Nexgen Trust	A-19 Gf Suite #1286 Fiee Complex, Okhla Industrial Area Phase-2, New Delhi, South Delhi, Delhi	India
S1-289093	Breathe (india) Limited	Sushas, Santhi Colony, Hubli, Hubli, Dharwar, Karnataka	India
S1-736549	Harbor Coalition	501 Skyline Drive, Hillview, KY	US
S1-25464	Cancer Alliance Corp	3007 Clevelawn Place, Columbus, OH	US
S1-540578	Real Ventures Private Limited	House No. 741/7 Azad Chowk, Hansi, Haryana, Hissar	India
S1-784842	Star Quartzsea LLC	KS, Salina, 436 Maple Avenue	US
S1-621209	Liberty Boa LLC	303 Avenue G, Fl 29, Hooks, TX	US
S1-576298	Creative Information LLC	1462 Cushing Drive, Unit Suite 180, Bend, OR	US
S1-397794	Pearson & Stauffer Medical	Port Hadlock, 100 Evergreen Lane, WA	US
S1-621716	Winny Mccrary Pioneer Asset	316 Nevada Avenue, Libby, MT	US
S1-77923	Drayon Acquisitions	2063 Walnut Street, Hempstead, NY	US
S1-213984	PW Frontier Globa LLC	1700 Glenwood Drive, Moore, OK	US
S1-286218	Dugan Enclave LLC	NE, 3312 159th Street, Omaha	US
S1-231069	Optimal Creative Studios LLC	113 Pearce Street, Baytown, TX	US
S1-541258	East Power Private Limited	Aurangabad, Plno- 45 /A New Shantiniketan Colony, Maharashtra, Aurangabad	India
S1-547989	Maighdiln's Physical Therapy	168 Griesenbeck Ranch Road, Bastrop, TX	US
S1-424039	Rey's Midwest Digital	2620 Brookfield Drive, Midway Park, NC	US
S1-543599	Plan Charitable Trust Ltd	Fl4 Shriramnagar, S37/2A, Akshay Plaza Complex, Pune City, Pune, Maharashtra	India
S1-233845	Nelson, Babbette, P.A.	2710 Rochester Drive, Unit 1305, Raleigh, NC	US
S1-456049	Bond Telecom Corporation	No 44, 6Th Main 46Th Cross, Near Biba Show Room, Bangalore South, Bangalore, Karnataka	India
S1-574073	Innovative Marine Partners Inc	1105 Arch Street, Morgantown, WV	US
S1-385509	VW Neurosciences L.L.C.	130 Hazelwood Lane, City Of Onalaska, WI	US
S1-758685	Kennedy, Jennings and Cervantes Redwood Inc.	552 Shoppingway Boulevard, Unit Apt 6, West Memphis, AR	US
S1-407083	Delhi Producer LLP	# 609-616, 6Th Floor, G-Block, Ansal Majestic Tower Community Centre, Near Pvr, Vikaspuri, Delhi, West Delhi, Delhi	India
S1-790487	Producer Cosmopolitan Projects Private Limited	Kharsra No 183, Village, Rithala Delhi, Delhi, North West Delhi, Delhi	India
S1-383593	Turner Daedalus Inc	5142 Shady Road, Strawberry Plains, TN	US
S1-95337	Karen's Environmental Services	1406 Rita Avenue, Saint Charles, IL	US
S1-427754	Reex Cascade Blueport P.C.	109 4th Street, Golden, IL	US
S1-548620	9-Sons	332 Long Drive, New Concord, KY	US
S1-11276	Family Health, PC	6756 Bluffridge Parkway, Indianapolis, IN	US
S1-305913	Kaizen Consultants Private Limited	840, Mundakan Street, Tamil Nadu, Virudhunagar, Sivakasi	India
S1-674920	Red Coffee Inc	1336 15th Street, Rock Island, IL	US
S1-745129	A Direct Energia LLC	11827 133rd Street Court, Puyallup, WA	US
S1-815321	Fuentes, Ramirez & Alvarez Lng Inc	1100 Prairie Street, Tuscola, IL	US
S1-846093	Jones Hair Studio LLC	2420 79th Street, Kansas City, MO	US
S1-469845	Midwest Legacy Growth LLC	800 14th Street, The Dalles, OR	US
S1-310325	Shivam Energy Private Limited	Gr Floor 2, Shreenath Avenue, S No 10 Hn4, Kashigaon East, Mashacha Pada Road, Near Sai Krupa Complex, Thane, Maharashtra	India
S1-40322	Temple Emanuel	Unit 128, Mesa, 234 75th Street, AZ	US
S1-499041	Red Business Private Limited	Thane, 708, 709, 710, B Wing, 7Th Floor, Bsel Tech Park, 30A, Vashi, Maharashtra	India
S1-735045	Sprague Partners	2845 Verna Way, Sacramento, CA	US
S1-265733	Trilokesh Products Private Limited	Plot No 48-49, Kh No 16/12 Raju Extension, Old Palam Road, Kakrola, South West Delhi, Delhi	India
S1-91546	Pro Builders Partners	D C M Building, East Fort, Trivandrum, Palakkad, Kerala	India
S1-722415	Strategic Mortgage Networks	46 Vandy Drive, Griswold, CT	US
S1-67348	Mansi Publications (India) Pvt Ltd	Pkc/441, Panki Block-C, Bara Chauraha, Kanpur Nagar, Uttar Pradesh	India
S1-173288	Marcie Martinez, DMD, DDS PC	MN, Minneapolis, 5728 Longfellow Avenue	US
S1-352252	Madel Diaz Allurion	5808 Grazing Court, Mason, OH	US
S1-335961	Coastal Capital Partners LLC	1389 Centerton Boulevard, Unit Apt 214, Centerton, AR	US
S1-546910	Shyam Foundation Private Limited	Pune, Floor No.8, Gera Imperium Alpha, Rajaram Patil Nagar, Vittalnagar, Kharadi, Pune, Maharashtra, Office No.828	India
S1-737415	Unified Allied Ithax	1330 51st Street, Omaha, NE	US
S1-23767	Butler Pediatrics LLC	1510 Lake Hill Drive, Kannapolis, NC	US
S1-687022	Ap & Sons Limited	Plot No - 32 31St Ward Siddarth Nagar Infantry Road Near Vasvai School, Bellary, Karnataka	India
S1-635040	Lucky Clothing Private Limited	Plot No I - 52 B Basement Lajpat Nagar New Delhi, Delhi, West Delhi, Delhi	India
S1-274291	Foundry, LLC	Unit 2160, Knoxville, 465 Blount Avenue, TN	US
S1-144746	Sawaimadhopur Chits Private Limited	Sorti Bazar, Garg Bhawan, Babu Lal Ji Bijli Wale, Sawaimadhopur, Sawai Madhopur, Rajasthan	India
S1-521948	Maid Deli	1418 Brooklyn Avenue, NC, Ramseur	US
S1-148273	Bay Charter School	258 Patrick Street, Village Of Kimberly, WI	US
S1-331813	Mountain Ridge Entertainment	1317 Buckhorn Trail, Mount Sterling, KY	US
S1-222518	Giana Daniel Mountain Pono, Inc	2740 18th Avenue, Eugene, OR	US
S1-592927	Legacy Talent Systems LLC	315 Country Lane, Algonquin, IL	US
S1-188089	O/L Horizon, LLC	3830 Governors Drive, Unit APT A101, Montgomery, AL	US
S1-543517	Wildlife Foundation	304 Terry Lane, Fl 0, Grants Pass, OR	US
S1-777881	AQB Agencies Private Limited	Pno 467, Syn 11/8To 1, Sa Society Khanamet, Madhapur, Hyderabad, Telangana	India
S1-589846	Human Rights Society Group	N7489 White Clover Road, Town Of Union, WI	US
S1-113916	Kuttanad Capital Pvt. Ltd.	Bhatinda, Post Office Bazar Bhatinda, Punjab	India
S1-680934	Interfaith Council	1792 N Orchard Road, Bolivar, OH	US
S1-555415	QK Hub Pvt Ltd	Door No. 14/1501, Ground Floor, Crezenta Plaza, Nh, Edappal Junction, Ponani, Malappuram, Malapuram, Kerala	India
S1-17112	Shree Logistics Private Limited	3/1 S V Sarani, Ranaghat, Nadia, West Bengal	India
S1-632246	Vijay Developers Limited	23 Mahaveer Nagar A At Postamroli, Surat, Gujarat	India
S1-850588	SHD Starlink	3434 Parsleys Mill Road, Hanover County, VA	US
S1-29053	Interstate Project Inc.	1318 Pleasant Meadow Road, Fl 0, Crofton, MD	US
S1-38683	Hoffman Holdings	8 Thaw Lane, Cherry Valley, NY	US
S1-671554	Fresh Deli	85 Betts Lane, Berne, NY	US
S1-194676	Lyrora Supply Inc	187 Olive Street, Huntington, NY	US
S1-631313	Mumbai Foods Private Limited	Aver Plaza Plot No 13 Veera Desai Road, Oshiwara New Link Road Andheri Westq, Mumbai, Maharashtra	India
S1-49554	Ahmadabad City Reality Private Limited	9-B, B.D. Patel House, 9Th Floor, Naranpura Road, Ahmadabad City, Ahmedabad, Gujarat	India
S1-724328	Bangalore Technobuild Private Limited	004, E Block Gopalan Sanskriti Apartment, Myalasandra, Bangalore, Karnataka	India
S1-751174	Bid Clinic	F-15/12 Sector-15, Rohini, Delhi, North West, Delhi	India
S1-634026	Myers Diamond Drugs LLC	633 Olin Loop, Olin, NC	US
S1-686092	Family Partners	1857 Bethany Church Road, Louisa County, VA	US
S1-220403	Legacy Japan	18302 Timko Lane, Germantown, MD	US
S1-375880	Broach Circular Private Limited	House No 180 Chirag Delhi, New Delhi, South Delhi, Delhi	India
S1-817129	Felix Metals Inc.	604 Barney Street, Unit A, Salina, KS	US
S1-754140	Jivika Traders Ltd	602, 6Th Floor, Plot No. 206, Dalamal House, Jamnalal Bajaj Marg, Nariman Point, Mumbai City, Maharashtra	India
S1-302681	Shivam Finance	63-C, Sf, Lig Dda Flats, Motia Khan Pahar Ganj, Delhi, West Delhi, Delhi	India
S1-290963	Integrated Robotics Global LLC	922 Saddle Ridge Drive, Joliet, IL	US
S1-701878	Vision Investments Private Limited	125, Laxmi Plaza, Laxmi Industrial Estate, Link Road, Andheri (West), Mumbai, Maharashtra	India
S1-740031	N+ Bancorporation	100 Honeysuckle Lane, Waxahachie, TX	US
S1-290998	Reliable Semiconductor International	3421 Hawthorne Avenue, Richmond City, VA	US
S1-598153	Preferred Miluna	1454 Riverpointe Road, Watertown, MN	US
S1-225511	Radabaugh & Pierce Dpc-Moline	1622 40th Avenue, Moline, IL	US
S1-573200	Behavioral Health Cascade Center Care	236 Bowling Branch Road, Cottontown, TN	US
S1-158081	Salvo Loan Private Limited	48, Krishna Colony Trichy Road, Coimbatore, Tamil Nadu	India
S1-409583	Avril Jones Prairie Bluerock Inc	NC, Unit B, Dunn, 1006 Webster Drive	US
S1-122063	Junoon Centre Pvt. Ltd.	Flat No A 204 Second Floor Narayan Chembars Narayan Peth, Pune, Pune City, Pune, Maharashtra	India
S1-791482	Herrin's Peak Home Improvements	4525 Antique Lane, Raleigh, NC	US
S1-75231	Rupen Services LLP	Plot No 41C, Tiruvallur, Ambattur, Tamil Nadu, Srinivasa Nagar Main Road, Kasi Ammal Nagar, Madhavaram	India
S1-662347	Ear Nose & Throat Health Inc	1705 Michael Drive, Princeton, TX	US
S1-497271	Troy Environmental Classic Initiative	Troy, AL, 2165 3304	US
S1-529587	West Joint	506 Byrd Street, Bromide, OK	US
S1-350628	Abdul Cybersecurity (India) Partners	Vyapari Vyavasayi Building Brahmamangalam, Kottayam, Kerala, Vaikom	India
S1-24685	Lyndell B. Rushing, O.D.	753 Ponderosa Drive, Yakima, WA	US
S1-808029	Darrington Altisource	45 Fassett Street, Unit Apartment 7, Wellsville, NY	US
S1-647099	First Finance Limited	Room No. 1B/B/20, Suyash Chs, Sector - 10 Koperkhairne, Navi Mumbai, Thane, Maharashtra	India
S1-414940	Pierrette Howell Superior Fusion Inc.	Farmington, UT, 590 Station Parkway, Unit C101	US
S1-741918	Noell's Select Realty Inc.	4157 Hwy 65, Clinton, AR	US
S1-358543	LR Land Corporation	Room No.14/363-B, Melazhiyam, Anakkara P O, Palakkad, Ottappalam, Palakkad, Kerala	India
S1-300423	Whitehead's Couriers	307 Sidney Street, Saraland, AL	US
S1-345898	First Infrastructure Worldwide LLC	6168 Topaz Street, Rancho Cucamonga, CA	US
S1-25768	TLM Bhairav LLP	S-2, Barnawa Road, Near Sanskar Farm House, Daha, Baraut, Bagpat, Uttar Pradesh	India
S1-707046	VD Jpmorgan	123 Roselle Street, Mineola, NY	US
S1-385599	Rasaus Rapid Properties Inc	7927 Race Road, OH, North Ridgeville	US
S1-236946	Trading Chandel Infotech Pvt Ltd	522/523, 5Th Floor, D Wing, Neelkanth Business Park Kirol Village, Vidhyavihar (W), Mumbai, Mumbai City, Maharashtra	India
S1-790735	Supreme Impex Limited	320, Marshall House, 3Rd Floor, 33/1 N.S Road, Kolkata, Kolkata, Howrah, West Bengal	India
S1-427006	Global High LLC	975 1175, Unit 21, Fruit Heights, UT	US
S1-731408	Indian Enterprises Private Limited	Plot No-E, Sai Babagarden, Akkarai Village, Kancheepuram, Kanchipuram, Tamil Nadu	India
S1-539110	Richards & Gonzalez Acp LLC	7094 Ridgeview Lane, Iron Station, NC	US
S1-478702	Steinmetz, Florette, Esq., P.C.	9909 Carrington Drive, Knoxville, TN	US
S1-608135	Tiner Regional Village PC	1844 Arbor Lane, Vestavia Hills, AL	US
S1-819693	X/K Waste LLC	Silver Point, TN, 10585 Hopewell Road	US
S1-347277	Corner Hair Studio	13516 Bradford Lane, Prince William County, VA	US
S1-762498	Royal Tungsten LLP	1895 Wall Avenue, Unit 317, Ogden City, UT	US
S1-315161	Pilkenton's Advanced Sciences	Weslaco, 2108 Bald Cypress Drive, TX	US
S1-4359	Davis Sea LLC	496 Haussler Road, Kelso, WA	US
S1-703924	New Delhi Electrical Private Limited	L-61B, Ground Floor Malviya Nagar, New Delhi, South Delhi, Delhi	India
S1-340234	Carrillo Coastal Royce LLC	451 Holland Avenue, Highfill, AR	US
S1-511599	Stewart, Alexander & Kendall LLC	2900 Park Avenue, Unit 5, Terre Haute, IN	US
S1-16773	Amber Inc	25 Domingo Rosetta Street, Santo Domingo Pueblo, NM	US
S1-722182	Mumbai Developers	Mumbai, 1/B Jyoti Compoundnana Chowk, Mumbai, Maharashtra	India
S1-346687	First Airlines LLC	3125 Pineview Drive, Powhatan County, VA	US
S1-373219	Harris Safe Copley Inc	5203 Stonecrest Drive, Southeast, NY	US
S1-179558	Barrett Transalta	305 Mountain Falls Drive, Lake Toxaway, NC	US
S1-59475	Modern Solutions	Badshahpur Machhri, Haryana, Kila No 24/3, Sonipat	India
S1-370234	Pvp Leasing LLP	Sn 29/3/4/4 Plot No 7, Nayanand Soc Anand Nagar, Hingne, Pune, Maharashtra	India
S1-412853	Fortune Investments Limited	Gujarat, Third Floor, Varni Plaza, Beside Tulsi Arcade, Chorasi, Surat, Shop No-314	India
S1-475235	1844 First Boulevard Partners LLC	138-02 106 Avenue, Jamaica, NY	US
S1-293996	Seven Exports Private Limited	H/02, Geeta Tower Chs Ltd, Geeta Nagar Phase Vi, Mira Bhayander, Mira Road East, Thane, Maharashtra	India
S1-360864	Ace Tech Private Limited	39/3/6, Mondol Para Lane, Ground Floor, Kolkata, Kolkata, Howrah, West Bengal	India
S1-369576	Rocky Kimco	IL, Glenview, Unit 214, 950 Milwaukee Avenue	US
S1-734392	AD Services LLP	7Th Floor, Wing E, Times Square, Marol, Andheri Kurla Road, Andheri East, Mumbai, Maharashtra	India
S1-824073	Urology Health Co	215 Scarlet Maple Lane, Bridgewater Town, VA	US
S1-135889	XTL Services Private Limited	Sf002, Second Floor, Nqi Plaza, Noida, Gautam Buddha Nagar, Uttar Pradesh	India
S1-341983	Ediva Roberts Iron LLC	10220 Sunrise Boulevard, Puyallup, WA	US
S1-203840	Royal International Private Limited	3Rd Floor, 7Community Centre, Near Sapna Cinema, East Of Kailash, New Delhi, Delhi	India
S1-134308	Xtreme Brothers Pvt. Ltd.	103/20 Foreshore Road Howrah, Howrah, West Bengal	India
S1-790448	Montify Investors Corp	270 Euclid Avenue, Lynn, MA	US
S1-73414	Bright Bakery!	8 Sennen Lane, Bella Vista, AR	US
S1-473414	National Allied Seneca Inc	317 13th Street, Houston, TX	US
S1-283462	Shree Consultants Limited	Delhi, South Delhi, House No. B-51 Second Floor West Friends Colony	India
S1-299853	2554 Seventh Drive Associates, Inc.	3009 Thomas Boulevard, Port Arthur, TX	US
S1-236128	Lets Construction-Mumbai	C/O Shakil Ahmed Aziz Qureshi Master Chawl Kalina Dongar Santacruz (E), Mumbai, Mumbai City, Maharashtra	India
S1-205252	International Estate Private Limited	No.304, 3Rd Floor, Kps Shopping Ar Bye Pass Road, Madurai, Tamil Nadu	India
S1-247687	Sunrise Healthcare Private Limited	A-21 1St Floor, Kudremukh Colony Block 2, Karnataka, Bangalore, Bangalore South	India
S1-68357	Glaze Cardiology	665 Dixie Airport Road, Amherst County, VA	US
S1-389046	Cultural Trust Inc	4337 Morning Mist Drive, Fayetteville, AR	US
S1-239426	Physical Therapy Partners Corp	13393 Mariposa Road, Unit UNIT 274, Victorville, CA	US
S1-209564	Ballard Polska	313 North Street, Mount Sterling, IL	US
S1-557577	Jain Investments Private Limited	C-203 Swaraj Nagar, Panki, Kanpur Nagar, Uttar Pradesh	India
S1-424521	Gujarat Producer Private Limited	B. No.-26 Silver Homes, Opp. Suramya Bunglows Nr. Auda Watertank, Sola, Ahmedabad, Gujarat	India
S1-455594	Virtuoso Enterprises Care	D.No. 10-128/19/6, V.V. Nagar Tiruchanoor, Tirupati Rural, Cuddapah, Andhra Pradesh	India
S1-242715	Bristol Regional Diamond Chiropractic	59 Carol Drive, Bristol, CT	US
S1-217229	Walker Global Inc	22 Allston Street, Unit 226, Medford, MA	US
S1-224798	Akshar Memorial Trust Corp	Plot No. 9A, G-43, Ganesham Plaza, Central Spine Scheme, Vidyadhar Nagar, Jaipur, Rajasthan	India
S1-397561	Curry Keystone Fifth	NC, Greensboro, Unit 1102, 4925 Market Street	US
S1-419146	Vis India) Private Limited	Bangalore, No. 145, Karnataka, 1St Main, Chamarajpet	India
S1-140124	Caldio Phoenix Inc.	1330 Bond Ridge Way, Natural Dam, AR	US
S1-394137	Milligan Chemical P.C.	3944 Woodland Avenue, Kansas City, MO	US
S1-814377	Integrated Staffing Brands LLC	5417 Ashby Street, Norfolk City, VA	US
S1-378267	Patan Allied Private Limited	Gf 9, Ast Vinayak Arcade, Lal Bagh, Radhanpur, Patan, Gujarat	India
S1-441353	Blue Investments Limited	Plot-8, Part, Acharya Vihar, Bhubaneswar, Khordha, Orissa	India
S1-543560	Unique Energy Private Limited	343/F, Gali-14, Rs Block, Bhola Nath Nagar, Shahdara, Delhi	India
S1-391551	Alejandrina Blough, L.C.S.W.	3331 Ridge Road, Lansing, IL	US
S1-280909	Signature Aeon LLC	1343 Adele Drive, OH, Streetsboro	US
S1-535203	Surya Foods Pvt Ltd	C/O: Jagbir, S/O: Sh. Hari Singh, New R.K Puram, Near Navyug School, Jatal Road, Panipat, Haryana	India
S1-494316	Regional Foundation	1792 State Route 73, Hillsboro, OH	US
S1-691845	Sampatchak Charm Private Limited	C/O Sri. Rameshwar Pandey, Oil/34, M G Nagar Bahadur, Sampatchak, Patna, Bihar	India
S1-574000	EJH Logistics Private Limited	Flat No.640, Pocket 5, Near, Iti Kichri Pur Mayurvihar, East Delhi, Delhi	India
S1-119248	Alok & Sons LLP	124, Ram Nagar, Indore, Madhya Pradesh	India
S1-404475	Tech Out Pvt Ltd	Villa38 Phase1, Anantara, Tilhari, Bilhari, Jabalpur, Madhya Pradesh	India
S1-109310	Behavioral Health Cascade Specialists	5605 Parquet Way, Fl 1, Lacey, WA	US
S1-218085	Orthopedic Unified Physicians LLC	18 Knox Court, Mooresville, IN	US
S1-491632	Mitchell Avalanche Inc	432 Delta Street, Union, OR	US
S1-702492	Nellie Eldridge Coastal Systems LLC	13038 42nd Avenue, Seattle, WA	US
S1-412439	Weatherwax and Wright LLC	31723 Destination Drive, Fulshear, TX	US
S1-452846	Historical Project LLC	14 Maple Street, Shelburne, MA	US
S1-154396	South Industries Private Limited	C-1304, Classique, Neelkanth Palms, Nr Tatwagyan Kapurbawdi, Thane, Thane, Maharashtra	India
S1-188830	Western Lifestyle	House No. 1/63 Raksha Puram, Meerut, Uttar Pradesh	India
S1-377754	Scholarship Program	18 Trafton Lane, Kittery, ME	US
S1-95759	Adoree's Physical Therapy	6960 Lake Valley Drive, Florissant, MO	US
S1-4232	Sequoia LLC	4342 Osborn Road, Phoenix, AZ	US
S1-129880	DRC Vegetable Private Limited	E-2, 2Nd Floor Swagatam Apartment, Reckjoani Shitalamandir, Kolkata, Rajarhat, North 24 Parganas, West Bengal	India
S1-213119	Mumbai Trading Private Limited	308, Acme Plaza Chs Ltd. Andheri Kurla Road, Chakala Nr Sangam Cinema, Mumbai, Maharashtra	India
S1-620972	Brooklyn Cancer Fellowship	509 Church Avenue, Brooklyn, NY	US
S1-431744	Vergara Lab	3572 Cty Hhh, Town Of Jamestown, WI	US
S1-342704	Magnum Systems (India) Private Limited	Block 146/289, Mumbai City, Mumbai, Maharashtra, Powai Chawk Mulund Colony, Mulund West	India
S1-169119	Foot & Ankle Group LLC	Henrietta, 126 Green Moor Way, Unit Unit 1, NY	US
S1-511560	Montyn Marine	19657 State Route 410, Fl 1, Bonney Lake, WA	US
S1-562146	Chandra Polytechnic	Deep Complex, First Floor 89, Mansahia Colony, Near 21 No Phatak, Patiala, Punjab	India
S1-368628	Krishna Industries Pvt Ltd	Andhra Pradesh, Vijayawada, 27/1/26, Krishna, Eluru Road, Governor Pet	India
S1-403699	Kunjal Web Limited	Block No 4, Plot No 12, Kh. No.-3512, Ashok Vihar, Ghaziabad, Uttar Pradesh	India
S1-65795	Pioneer Exports Private Limited	Gujarat, Tf-302, Ahmedabad, Times Square Arcade-Ii, Daskroi	India
S1-542980	Mcgann, Karen L., O.D.	605 5th Street, Unit 605, Earth, TX	US
S1-742763	Al Engineering Private Limited	Plot No A 58 Flat No 401, Vaishali Nagar Acharya Vinobha Bhave Nagar, Jaipur, Rajasthan	India
S1-825584	Ace Insurance	443 700, Tooele, UT	US
S1-44838	Cti Infra Private Limited	Rza-97, Lower Ground Floor Block-A, Street No.-9, Mahipal Pur Extn., Nh-8, New Delhi, Delhi	India
S1-636784	Cozy Hypnosis	4523 Shadow Creek Street, Memphis, TN	US
S1-129238	Rora Chavira Freedom LLC	3000 Villard Avenue, Unit #197, Helena, MT	US
S1-837622	Capital Lithium Partners	1219 89a, Jerome, AZ	US
S1-734874	Briggs's Apex Book Store Center	497 Paddle Creek Road, Fort Gay, WV	US
S1-272971	Cardiology All Care LLC	28 Lovell Valley Drive, Springfield, IL	US
S1-687674	Summit Integrated Properties	4751 Hilyard Avenue, Klamath Falls, OR	US
S1-708552	Best Projects Private Limited	Kandivali West, Kamla Vihar, G Wing, No.5, Borsapada, 1301, Maharashtra, Mumbai	India
S1-299699	Housing Alliance Partners	8001 Daffodil Court, Fairfax County, VA	US
S1-686115	BY Logic Limited	Shop No-520, New Grain Market G.T Road Karnal, Karnal, Haryana	India
S1-565944	Glyphari Pharma	144 Calhoun 80, Hampton, AR	US
S1-449809	Ace Infotech Private Limited	# 80, Karnataka, Samruddhi, 1St A Main, Ramaanjaneyanagar 2Nd Phase Chickalsandr, A, Bangalore	India
S1-247020	Earley Spdr Inc	102 Business 65, Branson, MO	US
S1-75444	LRL Infotech Pvt. Ltd.	Ward No 34, Behind Milk Dairy, Pachpadra Road, Barmer, Balotra, C/O Shaitan Singh, Rajasthan	India
S1-801773	Vision It Pvt Ltd	70, Maulana Azad Park, Opp Gujarat Agro Petrol P, Ahmadabad City, Ahmedabad, Gujarat	India
S1-149055	Urban Consultants Private Limited	147-A/2/12, Girish Ghosh Road Ghusuri, Howrah, West Bengal	India
S1-417974	Leva Highland Skin Care LLC	Bremen, OH, 232 Northridge Drive	US
S1-446720	Vision United Exports Private Limited	01, Dewan Palace, Rajendra Market, M.G. Road, Sikanderpur, Gurgaon, Gurgaon, Haryana	India
S1-715494	Shiv Infotech Private Limited	T-13, Mezzanine Floor, Okhala Industrial Area, Phase -2, Delhi, New Delhi, Delhi	India
S1-391128	Sarthak Aluminiums Private Limited	35, West Bengal, Chetla Central Road, Kolkata, Kolkata, Howrah	India
S1-652946	Rocky Gravity Inc	901 St Albans Drive, Unit 433, Raleigh, NC	US
S1-412697	Green Development	113 Nellies Way, Meridianville, AL	US
S1-285559	WW Metro Soren Inc	347 Miller Road, Douglass Township, PA	US
S1-580510	RVX Insurance	No. 113/74, 4Th & 5Th Floor, 16Th Btm 2Nd Stage, Kuvempu Nagar, Bangalore, Karnataka	India
S1-740344	Riedlinger Express LLC	4726 19th Street, Omaha, NE	US
S1-517297	Senorita Fleet	38 (14), Justice Pandale Road Old Washermenpet, Chennai, Tamil Nadu	India
S1-647448	Ramos Islands	3063 Delacodo Avenue, Thousand Oaks, CA	US
S1-795301	Gnt Elite Pvt Ltd	H G Shailaja 2799 K 12 3Rd Cross Chamundi Puram, Mysore, Karnataka	India
S1-250341	Human Rights Federation	3035 64th Drive, Phoenix, AZ	US
S1-267742	Wildlife Fellowship	Oak Park, 209 Lombard Avenue, IL	US
S1-217	Ipsa Classes Private Limited	Kolkata, First Floor, 158, Lenin Sarami, 8, West Bengal, Howrah	India
S1-481011	Temple Presbyterian Church	4400 Cannes Lane, Olney, MD	US
S1-359826	United Networks LP	506 Washington Street, Morris, IL	US
S1-265589	3-Brothers Inc	311 Houston Street, Tyler, TX	US
S1-503837	Ashcraft Summit Finance P.C.	1970 Sequoia Avenue, Simi Valley, CA	US
S1-545108	Tri-State Grand Publishing Inc.	1224 Pine Street, Mount Airy, NC	US
S1-152868	Seven Big Food Limited	6 Shree Krupa Society App Sadhana School Varachha Road Surat In Choriyasi, Surat, Gujarat	India
S1-705082	Foot & Ankle United Care Inc	IN, Bloomington, 1428 15th Street	US
S1-592173	Gur Educational Pvt. Ltd.	283/14 Belilious Road, Howrah, Kolkata, Howrah, West Bengal	India
S1-373233	Sevonet Rmg LLC	9240 Calhoun Avenue, Portland, OR	US
S1-713715	Continental Software Works Inc	5841 Vassar Drive, Memphis, TN	US
S1-114650	Wilbur Fannie	1520 41st Avenue, Seattle, WA	US
S1-668068	Corporate (India) Agrotech Ltd	Office No. 1801, The Affairs, Sector 17, Plot No.9, Palm Beach Road, Navi Mumbai, Thane, Maharashtra	India
S1-258326	Aravali India Private Limited	Jagdeo Path, Parwati Palace Siddhartha Nagar, Bihar, Patna	India
S1-715799	Swastik Finance Private Limited	Room No. 29, 2Nd Floor, Lucky House, 272, Shahid Bhagat Singh Road, Fort, Nea, R G. P. O., Mumbai, Maharashtra	India
S1-290476	Ahmadabad City Services Private Limited	B 318 Swaminarayan Avenue, Aec Cross Road Naranpura, Ahmadabad City, Ahmedabad, Gujarat	India
S1-361125	Services Debt Development	B-70 Rajendra Marg, Bapu Nagar, Jaipur, Rajasthan	India
S1-797751	Smith Mountain Karman	100 Curtis-ford Trace, Nicholasville, KY	US
S1-272199	Halceus Starry	New Bedford, 74 Rockland Street, MA	US
S1-443138	Sanjana & Co	602 Napier Town Near Central Bank Of India Napier Town, Gorakhpur, Jabalpur, Madhya Pradesh	India
S1-264330	Netech	7574 31, Van Buren, NY	US
S1-826096	Life Infrastructure Private Limited	A 12, Vikas Building, Ramchandra Lane Malad West, Mumbai, Maharashtra	India
S1-666946	Ramayana Foundation Private Limited	401, Poineer Tower Marine Drive, Kochi, Ernakulam, Kerala	India
S1-615096	Memorial Project Inc	3028 Erie Street, Gilbert, AZ	US
S1-555062	Cascade Hall	1202 Main Street, North Canton, OH	US
S1-727746	Southern Total Johnson	1849 Kendall Ln, Shively, KY	US
S1-591860	Emry & Pearson Nexus	1002 Hilltop Drive, Irving, TX	US
S1-64143	Precision Daedalus	Bldg Front, North Collins, 2959 Genesee Road, NY	US
S1-381973	South Pioneer Care Private Limited	68A, Motilal Nehru Rd, Kolkata, Kolkata, Howrah, West Bengal	India
S1-326423	Lodynus Equity Partners	7713 Strickland Road, Bailey, NC	US
S1-170934	Stellar Resources Pvt Ltd	Tc16/458(12), India Tower, Edapazhanji Vazhuthacaud P O, Thiruvananthapuram, Thiruvananthapuram, Trivandrum, Kerala	India
S1-597041	Blue Good Constructions Private Limited	D/602, Raj Life Style, Hatkesh, Opp Gcc Club, Mira Road, Thane, Maharashtra	India
S1-472733	Vega PC	2306 Hampton Road, League City, TX	US
S1-454450	Taratech Consultant Private Limited	P No 3 Ff 8 Orange Squ, Are Khinvasara Estate, Gangapur, Aurangabad, Maharashtra	India
S1-910	Pune City Vision Partners	18/1, Shrikrishna Nagar, Near Ram Nursing Home, Pune City, Pune, Maharashtra	India
S1-715592	General Software Studios	3206 Monroe Avenue, Cleveland, OH	US
S1-694575	Physical Therapy Specialists PC	419 A Cleveland Avenue, Unit 1, Grover, NC	US
S1-222004	Urology Care Associates	715 Buffalo Street, Unit Unit 4, Ithaca, NY	US
S1-713580	Dynamic Hospitality	No.4, Murugaiya Garden, Pattukkottai, Thanjavur, Tamil Nadu	India
S1-723212	Emalee's Marketing	TN, Chapel Hill, 3727 Gillespie Road	US
S1-784983	Clean Smart Plutonian, Inc.	700 10th Street, Osawatomie, KS	US
S1-700774	West Gulf Entertainment, Inc	205 Third Street, Bremen, IN	US
S1-446770	CT Golden	2333 Osborn Road, Phoenix, AZ	US
S1-540199	QY Reserve	708 Fuller Avenue, Independence, MO	US
S1-385622	Gurgaon Interglobe Pvt Ltd	Unit No. 137, Vipul Trade Center, Sector-48, Sohna Road, Gurgaon, Haryana	India
S1-693332	Anderson & Wilson LLC	806 Clymer Sherman Road, Clymer, NY	US
S1-308700	Heid Piedmont Ligand Inc	419 Dodds Street, IN, Bloomington	US
S1-384183	Peridon Neighborhood LLC	AR, 845 Dudney, Magnolia	US
S1-785088	New Delhi Research Corporation	Flat No. 202, F/F, Old Pole No. 46 New Pole No. Njf H-937, Village Bhartal, New Delhi, South West Delhi, Delhi	India
S1-98852	Atlantic Catering LLC	6223 Crittenden Road, Newstead, NY	US
S1-34951	Complete Construction Ventures Inc	1743 Monterey Court, Cincinnati, OH	US
S1-673478	Prantij Universal Private Limited	24, Nirman Complex, App Road, Prantij, Prantij, Sabarkantha, Gujarat	India
S1-517416	Golden Corporation	8765 Nashville Drive, Calabash, NC	US
S1-766404	Hegwood Trust	161 Glenway Street, Unit 3, Boston, MA	US
S1-682262	Cramer Big, Inc	1362 900, Salt Lake City, UT	US
S1-792954	Arnold and Parson	985 White Wing Drive, Casa Grande, AZ	US
S1-24790	Twisted Tattoo	72 Brook Circle, Pella, IA	US
S1-294225	Ram Exports Limited	Property No. B-138A, South Delhi, Ground Floor Shaheen Bagh, Delhi, New Delhi	India
S1-713407	Raj Business	Office No 036, Kalpataru Avenue Premises Csl, Akurli Road, Opp Esic Hospital, Kandivali East, Kandivali East, Mumbai, Maharashtra	India
S1-604149	New Delhi Srs Private Limited	F/A-41, Ff, Front Side, Abul Fazal Enclave Part-1, New Delhi, South Delhi, Delhi	India
S1-354532	Ecosys Events Private Limited	Ramgopal Goverdhan, Bherawal, Shajapur, Madhya Pradesh	India
S1-790408	Town Of Polk, County Of	2616 Countryside Lane, Town Of Polk, WI	US
S1-571807	Spotts's Mountain Grill	MN, 525 Ashland Avenue, Saint Paul	US
S1-314970	Dotech Desert Imaging	86231 Xylo Street, OR, Florence	US
S1-243555	Black Industries Pvt Ltd	Madhya Pradesh, C/O Premnarayan Singh S/O Jawahar Rahatgarh Naka, Sagar, Khurai	India
S1-820458	Choice Mobility Innovations Inc	2708 Marie Park Drive, Albuquerque, NM	US
S1-837687	Behavioral Health Center of Olmsted Township Center	7583 Lewis Road, Olmsted Township, OH	US
S1-292561	Hill's Transport	228 Lightfoot Drive, Cherokee, AL	US
S1-353865	Samaria Tang Crystal Earths LLC	3903 Springwood Court, Chesapeake City, VA	US
S1-167846	Big Consulting Pvt Ltd	Bung 5, Ashoka Pride Govind Ngr Mumbai Agra Rd, Nashik, Maharashtra	India
S1-743077	Bright Deli	544 Grays Creek Road, Fl 0, Grants Pass, OR	US
S1-20923	Yamuita Merchants Private Limited	17-1-383/71, Vinay Nagar, Beside Ganesh Temple, Saidabad, Hyderabad, Telangana	India
S1-193303	Shree Technologies Private Limited	Davanagere, # 510, Karnataka, Davanagere, Chamarajpete	India
S1-819955	Vj (India) Energy Limited	1St Floor Bk Market 16Bshakespeare Sarani P S Park Street, Kolkata, Calcutta, West Bengal	India
S1-268850	Little Tavern PC	703 Catherine Street, Utica, NY	US
S1-313819	Codee Hayes, Ph.D., M.D., P.C.	3514 Chitwood Street, Fl 0, Wichita, KS	US
S1-407104	Nius Enterprises Inc	22251 Aven Lane, Washington County, VA	US
S1-174657	Elite Telecom Union	355 Russ Court, OR, Mcminnville	US
S1-193096	Associated Nidhi Pvt Ltd	Lion Cave Building No.51, Kotram Palayam Street, Kancheepuram, Tamil Nadu	India
S1-416486	Creative Infotech Private Limited	Plotno, 19.20.21Kh, No.23S, Hasemauchinhat, Lko, U.P, Lucknow, Uttar Pradesh	India
S1-36638	Products Foods Living Pvt. Ltd.	No. 1026, 5Th Stage, Beml Layout, R R Nagar, Bangalore, Karnataka	India
S1-341962	Brown Cardiology LLC	1148 Kinnaird Avenue, Fort Wayne, IN	US
S1-98605	Baba Hospitality LLP	B-2/113 Sector-16, Rohini, Delhi, West Delhi, Delhi	India
S1-842610	Jones Viking LLC	5904 Speyside Drive, Austin, TX	US
S1-835055	Maa Marketing Private Limited	Plot No C1B 2009 Gidcindus Estate, Ankleshwar, Surendranagar, Gujarat	India
S1-774780	Ziraiya Agro Private Limited	4Th Flr.Unique Industrial Estate, Off Veer Savarkar Marg, Mumbai, Maharashtra	India
S1-217840	Carbon Projects Private Limited	City House, 55 Maruti Lane Near Handloom House, Fort, Mumbai, Mumbai City, Maharashtra	India
S1-681888	Lakshmi Industries Private Limited	E-35 A, S/F, Back Side, Flat No 4 G No 17, Madhu Vihar, New Delhi, East Delhi, Delhi	India
S1-365442	Herman Renatus Inc.	100 Cypress Court, Unit Unit 217, Limerick Township, PA	US
S1-297140	Pacific Packaging Dynamics Co	8 Washington Street, Alexandria Bay, NY	US
S1-156121	Star Infotech Private Limited	Room No. N P Xx-510 C, 1St Floor, Moyiloth Building, Nadapuram, Kozhikode, Kerala	India
S1-22109	Lsi Ventures	15, Ambika Nagar Society, Palanpor, Surat, Gujarat	India
S1-365443	#Zion Securities	46 Kinry Road, Poughkeepsie, NY	US
S1-154664	North College Inc	3045 Meadowbrook Drive, Grand Prairie, TX	US
S1-141534	Diamond Genomic Partners L.L.C.	306 First Street, Pioneer, OH	US
S1-708080	Hisar Maa Private Limited	C/O Akula Venkateshwara Rao Raghavapuram Jangareddygudem, Jangareddygudem, West Godavari, Andhra Pradesh	India
S1-136899	Kari Sullivan Piedmont Myers Inc	7359 Joyce Way, Pulaski County, VA	US
S1-549872	Hitech Energy Pvt Ltd	1St Floor Dunhill Arch, Happy Home Soc Nehru Road, Mumbai, Maharashtra	India
S1-707490	Galaxy Trading Private Limited	408, 4Th Floor, Tower, Pavilion Heights 1, Jaypee, Noida, Gautam Buddha Nagar, Uttar Pradesh	India
S1-494445	Ellissa Schaefer, CPA	2567 Evening Star Court, Village Of Bellevue, WI	US
S1-317561	Urgent Care Total Center Inc	NM, 10405 Britt Court, Albuquerque	US
S1-92158	Morales, Iraheta and Dejesus Inc	1301 Huey Street, South Bend, IN	US
S1-594177	Attractive Kay Limited	Sagar Moter, Patna, Bihar, Kurjee Gate No. 72 Kurjee Digha Road, Patna	India
S1-709911	Lanet Coffee	9800 La Jolla Drive, Austin, TX	US
S1-776747	Tejavi Cropscience Limited	Office No. 228, 2Nd Floor, Kutch Arcade Platinum S. No. 234/1 & 235, Village Mithirohar, N, H No.8/A, Gandhidham, Kachchh, Gujarat	India
S1-181900	Consultants Indo Solutions Limited	B-57 B/M- Soami Nagar, Delhi, South Delhi, Delhi	India
S1-320553	Style Traders Private Limited	63, Istfloor, I St Main, Seshadripuram, Bangalore, Karnataka	India
S1-686218	Vantiq Armour	89 Steele Road, West Hartford, CT	US
S1-326989	Aurelea Deanda, DPM	TX, 7636 Lawnsberry Drive, Fort Worth	US
S1-271812	Mumbai Systems Private Limited	D/66 Malad Limk Rdoshiwara Indl Centre Andheri, Mumbai, Maharashtra	India
S1-40596	Birch Renewables	430 Dale Drive, City Of Burlington, WI	US
S1-114660	United Best Breeze LLC	2884 Roberts Avenue, Bronx, NY	US
S1-380519	Kimberly's Construction	4 Brookline Street, Unit 24, Boston, MA	US
S1-130063	Clark Technology LLC	7807 Peter Hoover Road, New Albany, OH	US
S1-487430	Dream Infra Private Limited	Ahmadabad City, Gujarat, 8/B Shubham Soc, Ahmedabad, Naranpura	India
S1-519391	Historical Council LLC	15 Sparkle Drive, Lawrence, MA	US
S1-788724	Gangva Consultancy Private Limited	F-143 Gf, Delhi, New Delhi, South West Delhi, Kh No-232/141 Ph-6, Aya Nagar Ext	India
S1-33691	Gopalpriya Industries Group	Near 1266 Number Sndp Building Mampra P O Kodukalanji Cheaganoor, Mavelikkara, Alappuzha, Kerala	India
S1-476879	Sarah Technologies LLP	Tirumalagiri, Hyderabad, 8-7-69, Telangana, R R Nagar, Old Bowenpally	India
S1-132414	Jain Tech Limited	No.1581/1, 95, 2 A Cross, Krishna Reddy Layout, Bangalore North, Bangalore, Karnataka	India
S1-614880	Community Foundation	2492 Pear Place, UT, Saratoga Springs	US
S1-709766	Indian Exports Private Limited	Sy.No:74/P&75/P, Erragadda, Fatehnagar, Jan Apriyametropolis&Classichomes, Motinagar, Hyderabad, Telangana	India
S1-750807	Harshith Station Private Limited	Thrissur P O, X/46, Eastend Plaza, Kerala, Rice Bazar	India
S1-756977	Greater Public School Private Limited	207 /87 Zamrudpurgreater Kailash-I, New Delhi, South Delhi, Delhi	India
S1-494637	Hrs Lives (India) LLP	Plot No 22-B, Srinivasa Palms, 1St Main Road, Sekaran Nagar, Perumbakkam, Tambaram, Kanchipuram, Tamil Nadu	India
S1-378805	Eagan Gulf Growth Corporation	1823 Stemp Everhart Road, Thomasville, NC	US
S1-630944	Talent Placement Pvt Ltd	Room No 31 2Nd Floor47 Dr M B Velkar Street, Mumbai, Maharashtra, Mumbai	India
S1-486485	Patan Healthways Private Limited	104, 11-1, Neelam Nagar Phase Ii Mulund East, Mumbai, Mumbai City, Maharashtra	India
S1-390397	Cozy Pub PC	4760 Eastern Valley Road, Unit 108, Bessemer, AL	US
S1-756562	Rita & Brothers Limited	B-42, Kusum Vihar, Jaipur, Rajasthan	India
S1-226521	Varela Lab LLC	35642 Woods Avenue, Laurel, DE	US
S1-568112	Hyderabad Tech Pvt Ltd	2Nd Floor, Main Road, Property, H.No.8-3- 318/6/B/6, Engineers Colony, Yellaredyguda, Hyderabad, Rangareddy, Telangana	India
S1-117290	Perfect Infra-Navi Mumbai	Rajhans 2/24, Kalash Udyan, Sector 11, Koparkhairne, Navi Mumbai, Thane, Maharashtra	India
S1-298393	Person Blockchain L.L.C.	91 Hamilton Avenue, Youngstown, OH	US
S1-2243	Bhagat Institute	Mumbai, Floor 1St, Plot-5, Jer Mension Mama Parmanand Marg, Opera House, Girgao, N, Mumbai City, 102, Maharashtra	India
S1-43299	Optimal Environmental Union LLC	MO, Florissant, 385 Raymond Drive	US
S1-241835	Choice Hyperliquid Inc	496 Bird Spring Road, Hartselle, AL	US
S1-718173	M 3 Innovative Currencyshares L.L.C.	9120 Florence Avenue, Phoenix, AZ	US
S1-566474	Industries Lochan Finance	G F 1, M Square, B/H City Center, Swastik Society, Navrangpura, Ahmedabad, Gujarat	India
S1-829926	Shakti Estate Limited	42 Community Centre Naraina, Industrial Area, Delhi	India
S1-47866	Talent Traders Pvt Ltd	# 114-R, Model Town, Ludhiana, Punjab	India
S1-780488	Sun Consulting Private Limited	Maharashtra, Vijay Ngr, Gayaran Wasti, Pune, Haveli, Hno 629 S 176/6	India
S1-751913	Tungsten	3084 Barnstable Court, Aurora, IL	US
S1-441991	Strategic Medical Partners Corp	Brighton, 388 Browncroft Boulevard, NY, Unit Unit 4	US
S1-229029	Landmark Securities Limited	Flat 402 Joanna Villa 4Th Floor Plot No 203B Road No 28 Tps Iii Bandra West, Mumbai, Mumbai City, Maharashtra	India
S1-566341	Straight Edge Hypnosis	205 Maple Street, Attleboro, MA	US
S1-611235	Heart Coalition	40 Drury Lane, Worcester, MA	US
S1-178157	Yas Business Private Limited	314, Bhaveshwar Arcade Annexe, Lbs Marg, Ghatkopar (West), Mumbai, Mumbai City, Maharashtra	India
S1-307716	Thompson Nuclear	AK, Kodiak Island Borough, 4050 Parkside Drive	US
S1-641327	Paxton Silver Solutions-Chifton	7136 Fm 56, Chifton, TX	US
S1-182522	Queenie Osborne Sterling Solid LLC	1260 College Avenue, Unit 2, Wilkesboro, NC	US
S1-539575	Spring Valley Community Center	41 Ewing Avenue, Unit Apartment A1, Spring Valley, NY	US
S1-245805	Garland Osborne Lithium LLC	OH, 3840 Wintergreen Boulevard, Columbus	US
S1-236735	Perfect Properties Private Limited	Suryodaya, Room No. 1, D-36A/1, 2Nd Floor Mohan Garden, Gali No. 4, Najafgarh Road, New Delhi, West Delhi, Delhi	India
S1-831995	Vann Assets L.L.C.	285 Whispering Pines Drive, Spring Lake, NC	US
S1-779754	Relotech Holding Company Inc.	576 Oak Drive, Plymouth, IN	US
S1-661596	Gurugram Trading Private Limited	502, Tower 17, The Close South, Nirvana Country, Sector 50, South City 2, Gurugram, Gurgaon, Haryana	India
S1-97582	Value Piedmont Stardust LLC	3690 Fisher Road, Unit 178, Salem, OR	US
S1-104360	Wagner Pony Inc	72173 15, New Paris, IN	US
S1-827481	Cosmic Investment Private Limited	Aafaqe Khoonipur 51/T-6/2, Gorakhpur, Uttar Pradesh	India
S1-119979	Saunders Reserve LLC	2317 Gladiateur Court, Matthews, NC	US
S1-93358	Mavin Cargo Private Limited	42, Avadhoot Chs, Vishnu Nagar Nana Shankar Road, Dombivli West, Thane, Maharashtra	India
S1-589983	Waters and Rivera L.L.C.	11240 Stanley Lane, Twinsburg, OH	US
S1-263315	Ethelyn Waddle Select Cleaning LLC	TX, 11224 Dawn Drive, Keller	US
S1-488592	Claudio Purpose Inc	115 Oak Tree Drive, Parkersburg, WV	US
S1-594290	Vision Products Private Limited	Hyderabad, H.No: 8-3-167/R/95, Telangana, Hyderabad, F.No303, Jyothi Residency Yousufguda, Rajeev Nagar	India
S1-5662	Arihant Housing Pvt. Ltd.	Prashant G Bhat S/O G V Bhat 340, 2 Nobo Residency, Bengalore, Bangalore, Karnataka	India
S1-780716	Platinum Priority, Inc	11428 14th Avenue, Burien, WA	US
S1-580460	Bhavnagar Refractories Pvt. Ltd.	C.O.I.B Gohil, Shop S F 8, Ashtvinayak City Mall, Bhavnagar, Gujarat	India
S1-543207	Apollo & Co	92/1 Moulana Abul Kalam Azad Sarani 3Rf Rukmani Parasmani, Kolkata, Howrah, West Bengal	India
S1-266267	Supreme Properties Limited	80-2 Tekra Faliyu, Ina Ta Valod Tapi, Valod, Surat, Gujarat	India
S1-625690	Summit Inc	531 Shadow Canyon Drive, Clarkdale, AZ	US
S1-475490	Miner Bread Inc	875 Washington Street, Unit Apartment 21, Eugene, OR	US
S1-736217	Sagar Hospitality Pvt. Ltd.	146, Guru Amardas Nagar (Mp), Sagar, Madhya Pradesh	India
S1-771920	Maa (India) Learning Pvt. Ltd.	Unit No.243, Navi Mumbai, Maharashtra, Thane, 2Nd Flr, Raheja Dist 2, Edison Bldg No.1 Plot-Gen/2/1/C, Ttc Indst.Area, Shirvane, J, Uinagar(E)	India
S1-247509	Fuentes First Midcap	2385 Randall Road, Algonquin, IL	US
S1-331938	Madras 600 004 Ore Pvt Ltd	91, V.M.Street, Mylaporemadras 600 004, Madras 600 004, Chennai, Tamil Nadu	India
S1-213237	Kfc Chit Private Limited	133, Dhandri, Tal Baglan Dist Nashik, Satana, Nashik, Maharashtra	India
S1-689976	Future Management Private Limited	Ward No.09, Vill-Madhopur, Po-Shiso, Dist:Darbhanga, Darbhanga, Bihar	India
S1-312484	Physical Therapy Group Associates	5608 Normandy Drive, Amarillo, TX	US
S1-118998	Pipefitters Union Local No 538	247 Drake Avenue, Unit Apartment W13, New Rochelle, NY	US
S1-680912	Macklin Metro Credit Partners	1499 Byrtle Grove Road, Leitchfield, KY	US
S1-442172	Anvil	321 Happy Valley Road, Bell Buckle, TN	US
S1-185850	Summit Royce PC	17 Ponderosa Drive, Colona, IL	US
S1-472621	Dental Certified Care Associates Company	882 Falcon Point Place, Rockton, IL	US
S1-66095	Dorolisa Foster Heritage Signs LLC	1862 Drake Drive, Tempe, AZ	US
S1-90030	Ferrola Live LLC	1809 Sandcrest Drive, Rockingham, NC	US
S1-496577	United (India) Labs Pvt. Ltd.	#92-7-487, 4Th Lane, Sriram Nagar A.T Agraharam, Guntur, Andhra Pradesh	India
S1-550439	Stack Innovations PC	14150 Club Ridge Circle, Unit 101, Lockport, IL	US
S1-406042	OZ Industries Private Limited	C/O Kamal Kumar Agarwal Plot No. 463, Patrakar Colony, Sanganer, Masarovar, Jaipur, Rajasthan	India
S1-6350	Murielle H. Birdwell, DDS	3341 Wills Grove Lane, Unit 208, Raleigh, NC	US
S1-65639	Classic Apex Construction Private Limited	B.P. Singh Complex, Old G. T Road P.O & P.S- Aurangabad, Aurangabad, Bihar	India
S1-669188	Technology Shiv Development Pvt Ltd	Flat No. - 1047, Pocket - 3, Sector - 19, Akshardham Apartment, Dwarka, New Delhi, Delhi	India
S1-682811	Kleinman and Smith PLLC	3702 Lanes Creek Road, Marshville, NC	US
S1-405201	Shannon Electricity LP	1420 Walnut Road, Saint Jacob, IL	US
S1-263986	Corrao Grand Clearthink LLC	344 Henry Winebarger Rd, NC, Boone	US
S1-574027	Pediatric Dental Capital Center	620 125th Street Court, Tacoma, WA	US
S1-737063	Drusy Russell Quality Strategic LLC	705 Lawrence Street, Jacksonville, TX	US
S1-117308	Zhuo Express Strategies Inc.	Peoria, 33997 Chevelon Drive, AZ	US
S1-795376	MXB Decor Ltd	Sahajanand Chawk, P. O. Road, Dharmaj, Taluaka Petlad, Anand, Gujarat	India
S1-704278	Creative Foods Private Limited	Plot No-468, Khata No-274, Ramachandrapur Po-Bankoi, Ps-Bolagarh, Khorda, Khordha, Orissa	India
S1-209223	Damico Pattana	67 Concord Road, Unit 1, Westford, MA	US
S1-275839	Jackson Charter School	2279 Hwy 50, Gillette, WY	US
S1-844728	Long Valley Virtus LLC	104 Tuscarora Trace, Byrdstown, TN	US
S1-596316	Kennett Bny	9928 Southworth Drive, Port Orchard, WA	US
S1-178470	Brightyx Infrastructure LLC	352 Wentworth Drive, Fate, TX	US
S1-226346	CH Perimeter, Inc	9847 Ivanhoe Street, Portland, OR	US
S1-278839	Dental Prairie Center Care	425 Division Street, Peekskill, NY	US
S1-456409	Pediatric Partners Care	8322 Spring Wind Drive, Indianapolis, IN	US
S1-497918	Pearson and Flint	509 Decatur Street, Brooklyn, NY	US
S1-790713	Hawkins Liberty Chase	1016 Salisbury Boulevard, Unit F, Salisbury, MD	US
S1-584573	Macdonald Golden Computing P.C.	304 Browning Road, Nashville, TN	US
S1-372464	MU Dte Inc.	421 William Street, Rome, NY	US
S1-74434	Jillana Sherrod Modern Income LLC	231 Douglass Court, Baltimore, MD	US
S1-548748	Salas, Rader and Mak Data Corp	15290 Fm 2484, Unit 2, Salado, TX	US
S1-38127	Innovative Finance	7 B, H.I.G. Colony Chhoti Khajrani, Indore, Madhya Pradesh	India
S1-534136	Horizon Apparel LLC	Fayetteville, 3040 City Lake Road, AR	US
S1-516462	Ph Chemicals Private Limited	Plot No 413, 414, 415, Gidc Makarpura, Vadodara, Gujarat	India
S1-214970	Precision Infrastructure Worldwide LP	NC, 126 Covil Drive, Tryon	US
S1-504730	Cardiology Physicians LLC	629 32nd Street, Parkersburg, WV	US
S1-108613	Brown College	418 15th Street, Virginia, MN	US
S1-357515	Lee Unified Perfect	1457 Horsepasture Price Road, Henry County, VA	US
S1-205597	Al Management Private Limited	367 A, Guru Jambheshwar Nagar, A Queens Road, Jaipur, Rajasthan	India
S1-600485	Complete Total Communications LLC	2501 Kelley Pointe Parkway, Unit 322, Edmond, OK	US
S1-63128	Forward Public School	No.14, Big Sowrashtra St, Woraiyur, Trichy-3, Tamil Nadu	India
S1-534896	Vasanthi Traders Private Limited	Suite No. 03, Kozhikode, Kerala, Door No.63/700, D Space, 6Th Floor, Sky Tower, Kozhikode	India
S1-63460	Legacy Beacon Municipal	396 Longmeadow Road, Amherst, NY	US
S1-162963	Mahesh India Limited	D-94, Sector-26, G.B. Nagar, Noida, Gautam Buddha Nagar, Uttar Pradesh	India
S1-71277	Oncology Group	133 Alex Court, Amherst County, VA	US
S1-443588	Signature Future	819 Lincoln Way, Unit 7, Ames, IA	US
S1-54806	Pansari Group	Chalisgaon Road, Shendurni, Malegaon, Malegaon, Nashik, Maharashtra, G.No.186	India
S1-138651	South Pennymac Inc	NY, Monticello, 16 Broadway	US
S1-466278	Capps Elite Solar	294 Stevens Street, Barnstable, MA	US
S1-440469	Silver Pizza	515 W Rocky Run Road, Stafford County, VA	US
S1-420347	Long Animal Hospital LLC	1311 Rust Road, Concordia, KS	US
S1-521058	Polaris LLC	1610 Pine Road, WI, Village Of Rothschild	US
S1-46936	Pacific Better Debt	199 Donald Tennant Circle, North Attleborough, MA	US
S1-54923	Pediatric Dental Center LLC	8843 Robins Nest, Unit LOT 14, Kingston, OK	US
S1-275633	Adrea Larsen Midwest Regional	250 Freemont Avenue, Unit Apartment 108, Hutchinson, MN	US
S1-666161	Continental Gulf Drilling	104 Stafford Street, Unit E2, Bristol, TN	US
S1-745224	Consolidated Data Studios, Inc	541 Hondo Crossi, Weatherford, TX	US
S1-474784	RK Star Private Limited	Darjeeling, Siliguri, Ground Floor, Nabin Sen Road, Near Jatiya Yuvak Sangha, Club, C/O Anjali Lodge, West Bengal	India
S1-655578	Lackey & Thompson L.L.C.	1600 Ruffin Mill Road, Chesterfield County, VA	US
S1-516776	Apex Wellness International	1345 Ridge Road, Unit 126, Rockwall, TX	US
S1-55914	Rohini Energy LLP	Ground Floor, Sector -16, Rohini, G-5/187, Delhi, New Delhi	India
S1-187871	Pediatric Global Partners LLC	337 Arlington Avenue, Clarksville, IN	US
S1-258927	Zen Labs Private Limited	Tamil Nadu, S.No 253/4B, Chandrasekhar Avnu 1St St, Kanchipuram, Plot No A4, Kanchipuram	India
S1-165401	Liberty Optimal Trinity	17 Grove Street, Sanford, ME	US
S1-136965	Rico Better Preferred LLC	9122 315, Palestine, TX	US
S1-426305	Al Sky Foundation Private Limited	Delhi, C/O Vrinder Sirivastava Rzf-874, Delhi, Netaji Subhash Marg Raj Nagar-Ii Palam Colony, South West Delhi	India
S1-643709	Diamond Broadcast Collective Co	1684 Lake Road, Villa Ridge, IL	US
S1-589111	Family Guild LLC	350 Taylor Road, Havelock, NC	US
S1-489769	Custom Commodity Inc	9238 Gross Point Road, Unit 301, Skokie, IL	US
S1-692219	Hajipur (india) Pvt Ltd	Bihar, C/O Jagannath Prasad Sing, Vaishali, Senduari, Senduari Gobind, Hajipur	India
S1-651605	RPC Strategic Electric	5023 Baker Boulevard, Baker, LA	US
S1-618061	Star Transit Alliance LLC	4224 Lee Street, Portland, OR	US
S1-740106	Nelamangala Precision Corp	16/1 Basavanahalli Dodaballapur Road, Nelamangala, Bangalore, Karnataka	India
S1-247523	Pragyan (india) Limited	Sriperumbudur, C/O Krr Infotech No 2, 2N, Radhanagar, Chrompet, Tamil Nadu, Kanchipuram	India
S1-403565	North Apex Silicon Corporation	25 Woodbine Place, Big Sky, MT	US
S1-693089	Yellow Metals	Oasis Breeze - As12, 6Th Main Road Aecs Layout - D Block, Marathahalli, Bangalore, Karnataka	India
S1-692232	Fara Behling Plutonian LLC	410 Willis Road, Tahlequah, OK	US
S1-229575	Premier Producer Private Limited	304 305 Adalja Complexellorapark Subhanpura Road, Gujarat, Vadodara	India
S1-347930	Johnson, Beaty & Harvell Stone	334 Colt Lane, Williamson County, TN	US
S1-1204	Great Mission	232 63 Street, New York, NY	US
S1-339411	Silver Guru Industries	C/O A2V Ventures Llp, Mouza-Chakpanchuria, New Town, North 24 Parganas, West Bengal	India
S1-145035	Al Infotech Limited	Kumudini Engineering, Gat No 70, Nr Paras Metals, Pune City, Pune, Maharashtra	India
S1-728305	Big Grill!	4020 Parkway Avenue, Scottsdale, Unit APT 20, AZ	US
S1-800010	Veterans Program	411 7th Street, Auburn, IL	US
S1-186485	Fresh Data Works LLC	28 Wooding Road, Wallingford, CT	US
S1-423136	Metropolitan Institute	520 Sharpley Road, Danville, AL	US
S1-725829	H W & T Karbon Inc.	180638 4090 Road, Moyers, OK	US
S1-359975	Jeannette Neilson Business Holdings	1540 Cree Court, Grove City, OH	US
S1-146601	Manubhai Cap Private Limited	H No 52 Village Jhundawas, Teh- Bhiwani, Bhiwani, Haryana	India
S1-206821	Yogi Security Private Limited	C/O Saroj Rajan Singh Bhundi Tekari, Dadar, Mohania, Kaimur, Bihar	India
S1-670096	Best Balaji Projects Private Limited	B. J. Road Bandra Bandstand, Maharashtra, G Fl Windemere, Bandra Suburban, Mumbai	India
S1-847684	Real Shiv Finance Limited	603Wingf-4, Cts No.36Etc, Vijay Nagar Sahar Road Cts No.36, 36/1 To 72, Swami Nityanand R, Andheri(E), Mumbai, Mumbai City, Maharashtra	India
S1-12175	Lakshmi Technologies	759/23 Nawal Nagar, Longia Mohalla, Ajmer, Rajasthan	India
S1-473722	XD Sterling Airlines	16505 Lounsbury Place, Austin, TX	US
S1-578578	Prairie Summit Inc.	8706 Red Canyon Way, NC, Raleigh	US
S1-47049	Sai Brothers Private Limited	24/A, Punyai, Opp-Manitaper Udyan Michael Gomes Road (Chulne Road), Vasai West, Thane, Maharashtra	India
S1-89134	Knox Peace, LLC	15455 Western Avenue, Omaha, NE	US
S1-483491	Girraj Automation Pvt Ltd	Flat No 1, Paras Appartment, Yavatmal, Maharashtra	India
S1-391594	Kowalski, Kitti C., DMD Corp	1225 Arizona Avenue, Unit 4015, Gilbert, AZ	US
S1-66849	Physical Therapy Clinic LLC	2704 River Road, Virginia Beach City, VA	US
S1-218196	Sr Nagar Real LLP	7-1-619/A/28 Gayathri Nagar, Sr Nagar, Hyderabad, Telangana	India
S1-410135	Sand Institute	Pl.No.10. Gorund Floor Dnyan Yog Appt. Deo. Nagar, Khamla Road, Nagpur, Maharashtra	India
S1-726104	Agi Solutions Private Limited	Parimal Point, B/H Prakash High School, Bapa Sitaram - 100 Ft. Road, Gujarat, Ahmadabad City, Ahmedabad, B/404	India
S1-159724	Scott & Shafer All	6384 Dahlia Way, OH, Middletown	US
S1-785235	Pal Farmer Pvt Ltd	C/O Samar Vir Singh, Puranpur Khamariya, Pooranpur, Pilibhit, Uttar Pradesh	India
S1-125359	Southern Nexus	1035 153rd Street, IL, South Holland	US
S1-397180	Shyam Global Private Limited	86-C/1, Ward No.4 First Floor, Mehrauli, New Delhi, Delhi	India
S1-826132	Primary Care Clean Center LLC	Remlap, 4488 Red Valley Road, AL	US
S1-719906	Somnath Technology Private Limited	2/1498D, Kss Illam, Valluvar Nagar North Main Road, Near Sai Baba Temple, Burma Colony, Karaikudi, Sivaganga, Tamil Nadu	India
S1-167567	Mackenzie, Bell & Moore Telephone LLC	2540 36th Avenue, Fargo, Unit Apartment 110, ND	US
S1-217863	Span Anddevelopers Ltd	308, Reena Complex, Ramdev Nagar Road, Vidyavihar(West), Mumbai, Maharashtra	India
S1-98875	Guru Supreme Estate Private Limited	P No.12, Sf-4, R.S.No.02, Adarsh Nagar, M. Vadagaon, Belgaum, Karnataka	India
S1-706256	Classic Technology Private Limited	Flat - 02, Shelter Elite, Sadgurunagar, Govindnagar, Nashik, Maharashtra	India
S1-303609	Unique Marketing	508 Anurag Business Centre, Maharashtra, Nr Amar Theatre, W.T.Patil Marg, Chembur, Mumbai City, Mumbai	India
S1-649304	Merritt, Traynham & Abrams Corp	1241 48th Street, Unit 205, Phoenix, AZ	US
S1-356439	Certified Estate	1433 Matthew Drive, Fairfield, CA	US
S1-58194	Ellis Oyj Corp	4434 9th Street, TX, Bacliff	US
S1-89349	Services Cosmic Sales Private Limited	No.23, Medavakkam, Main Road, Madipakkam, Saidapet, Kanchipuram, Tamil Nadu	India
S1-574631	Csk Hospital Private Limited	57 G.No.B-11, Ashok Vihar-Iii Extn., Gurugram, Gurugram, Gurugram, Hr, Gurugram, Gurgaon, Haryana	India
S1-580440	Jones First Dome LLC	11321 Stonecrest Court, Tolar, TX	US
S1-599432	Niex Freedom Co	22531 Belmont Cove Lane, Katy, TX	US
S1-51149	Balaji Solutions Private Limited	Plot No. B -.24, Z.P.Colony, Charwak Chauk, Nashik, Maharashtra	India
S1-807540	Grand Certified Massage PC	2613 Yellowpine Road, Prineville, OR	US
S1-414766	Udaya Infraventures Private Limited	Satara, Plot No 103, Phaltan, Akshatnagar, A/P Kolki, Tal Phaltan, Maharashtra	India
S1-362946	Sun, Hoyt and Ruth Mercury LLC	1375 Vandalia Street, Unit 20, Collinsville, IL	US
S1-377020	Paharimata Engineering Private Limited	164, Faridabad, Haryana	India
S1-317658	Grant Empire Medical Inc	497 Prospect Street, Columbus, OH	US
S1-381901	Narsingh Components Pvt Ltd	House No.-3, Block-8, Roop Nagar, New Delhi, North Delhi, Delhi	India
S1-585745	Express Qdro Inc	1033 Wild Indigo Place, Castle Hayne, NC	US
S1-829494	Balanaganr Restaurant Private Limited	H.No: B-7 Part Tie, Balanaganr, Hyderabad, Telangana	India
S1-86666	Granite PLLC	3434 151st Avenue, Portland, OR	US
S1-165493	Fenton Express Petroleum Inc	MD, 2009 Hoffman Street, Baltimore	US
S1-360096	Twin Solutions Private Limited	17/355, 356, Madanmitrabldg, Veterinary Hospital Road, Palakkad, Kerala	India
S1-709679	Daryl Hill Supreme Lodging, Inc	340 Diamond Avenue, Christiansburg Town, VA	US
S1-722614	Katy, Borough Of	9610 Orchid Spring Drive, Katy, TX	US
S1-692246	Campbell's Transport	160 Spring Street, Unit Apartment 1, Saratoga Springs, NY	US
S1-212780	International Technologies Private Limited	533 Abhinav Apartmentvasundhara Enclve, New Delhi, North Delhi, Delhi	India
S1-417551	Anvil LLC	16435 Woodridge Lane, Town Of Doty, WI	US
S1-511944	Sterling Interstate Software, LLC	1962 Chiprock Drive, Bldg 5792, Marysville, OH	US
S1-506566	Someshwara Motors Private Limited	1658-1660, Lothian Road Kashmere Gate, Delhi	India
S1-647086	Strategic Owl	72 Second Street, Unit C, Framingham, MA	US
S1-118891	Modern Education Collective	3202 Old Fence Road, Ellicott City, MD	US
S1-739513	City Agro Private Limited	Thane, Maharashtra, 2Nd Floor, Om Sambhavnath Chs, Jain Nagar Bldg No. 2, Navghar Road, Flat No. 210	India
S1-186492	WW Metro Soren PLLC	1405 Walnut Street, Wenatchee, WA	US
S1-425590	Dombivli - East Waste Private Limited	A-102, Tulsinath Apartment, Pandurang Wadi, Dombivli - East, Thane, Maharashtra	India
S1-595774	Rueda Braves	8830 Orchard Ridge Lane, Humble, TX	US
S1-243517	Premier Brothers Private Limited	Shop No 407-408, Intercity Shopping Centre, Parvat Patia Road, Nr. Sardar Market, Surat, Gujarat	India
S1-209127	Clear Care, Inc	409 Strada Luca, Florence, TX	US
S1-449029	Maxim Institute Clinic	67/26 Strand Road, Kolkata, Howrah, West Bengal	India
S1-730044	First Impex Private Limited	15-50/4, Villa No. 10, Praneeth Green Field, Beeramguda, Patancheru, Medak, Telangana	India
S1-293858	Ballard Royal Highland Inc	339 625, Winchester, IN	US
S1-29101	Elysia Scott Archimedes Corp	7736 Root Road, North Ridgeville, OH	US
S1-63106	Arlina Christensen, MD	733 Oxford Street, Auburn, MA	US
S1-202027	Murillo Creative Tungsten Inc	9435 Stawell Drive, Huntersville, NC	US
S1-57128	Federal Center IV	1060 Riverside Drive, Painesville Township, OH	US
S1-563170	Fiva LLC	400 Plow Run Lane, Frederick County, VA	US
S1-632492	Laxmi Swastik Infra Private Limited	502, Om Priyanka Apartments, Prataprao Gujjar Marg Neelam Nagar, Mulund (East), Mumbai, Maharashtra	India
S1-64834	Claunch Cornerstone Acadia Inc	12656 2nd Street, Unit UNIT 24, Yucaipa, CA	US
S1-4605	Guru Healthcare Private Limited	12 Homji Street Fort Mumbai, Mumbai, Maharashtra	India
S1-839486	Bay Summit Life LLC	3088 Slick Rock Road, Halifax County, VA	US
S1-525456	Jones Colonial Short Inc	21635 Empress Lane, Plainfield, IL	US
S1-203715	Maid Tattoo Center	4066 Adams Drive, Silver Spring, MD	US
S1-488588	S K & D Metal Works LLC	Baker City, 1700 -1999 Texas Avenue, LA	US
S1-524771	Shravani Pest Private Limited	A-Wing, 18Th Floor, Raheja Reflection Eternity, Near Broadway Theater, W.E.Highway, Boriv, Ali East, Mumbai, Mumbai City, Maharashtra	India
S1-17977	Ich & Associates	7 Mb/289 Sector 7, Indira Gandhi Nagar, Jagatpura, Jaipur, Rajasthan	India
S1-303170	Sree Marketing Private Limited	Flat No 304 Plot No 76, Sector 18 Ulwe, Raigad, Raigarh, Maharashtra	India
S1-61676	Heritage Cornerstone Offshore, Inc	1505 Chert Pit Road, TN, Knoxville	US
S1-194695	Daphne Arellano Emerging, LLC	2667 Glendale Road, Grove City, OH	US
S1-217393	Dream Producer Limited	D-98 Mezzanine Floor, Okhla Industrial Area Phase 1, New Delhi, Delhi	India
S1-108891	Arun Law Chambers LLP	1C, Floor 1St, Plot -29D, C Wing, Lands End, Dongarsi Road, Teen Batti, Walkeshwar, Ma, Labar Hill, Mumbai, Mumbai City, Maharashtra	India
S1-398452	Athulya Services Private Limited	P.O. - Uluberia, Howrah, West Bengal	India
S1-452111	Wilson, Beaver & Simpson Dynamix Inc	VA, 1561 Skirmish Run Drive, Henrico County	US
S1-387964	Real Tech Private Limited	201 Koradia House 53 Maruti Lane Near Handloom House Fort, Mumbai, Mumbai City, Maharashtra	India
S1-332802	Technologies Alif Shyam Private Limited	Karnataka, Property Id 74 2 57 Situated At No.57 Defence Colony Jeevan, Bengaluru, Bangalore, Bhima Naga	India
S1-844342	Prince & Brothers Limited	228-B, Patel Nagar, City Center, Gird, Gwalior, Madhya Pradesh	India
S1-597290	Crista S. Ramirez, DDS	1608 Sundown Lane, City Of Appleton, WI	US
S1-790502	Primary Care Associates, PLLC	TX, Lubbock, 1945 Ave N	US
S1-274569	IPK Energy Private Limited	202 A Interface 8-A Heights Palm Court Com Link Road Malad -W, Mumbai, Mumbai City, Maharashtra	India
S1-636586	Mccoy and Beltran	610 Charlotte Avenue, Sanford, NC	US
S1-175393	Fordyce Convertible	16 Grant Street, Somerville, MA	US
S1-613621	Patriot Fellowship	850 Hobson, Lander, WY	US
S1-826455	Franciska Johnson, D.C.	207 Sherman Street, Paris, TX	US
S1-671269	Kozhikode Motors Private Limited	Sajna Building, A R Camp Road, Marikkunnu Post, Kozhikode, Door No 11/2529, Kozhikode, Kerala	India
S1-755969	Red Technology Limited	Syno 330/A/3, 330/B/2/1/2, 332/A/3/2, Kothapeta, Hanamkonda Mandal, Warangal Urban, Telangana	India
S1-183369	Total Mobility Worldwide Co	730 30th Street, Springfield, OR	US
S1-376236	Advanced Freight International LLC	1700 Heritage Estate Dr, Unit 206, Louisville, KY	US
S1-540291	Yours Infra Center	Delhi, South Delhi, H No. 45/A/1 Krishna Nagar St No 1 S J Encl., New Delhi	India
S1-461410	Modern Research Innovations LLC	10428 Tall Timber Lane, Unit APT 502, Spotsylvania County, VA	US
S1-794576	Tirupur Software Private Limited	No.210/2, Karuvelankattuthottam, Murugampalayam, Iduvampalayam Post, Tirupur, Coimbatore, Tamil Nadu	India
S1-145518	Prime Consultants Private Limited	Indore, 1117-C Sukhliya, Madhya Pradesh, Indore	India
S1-482879	Total Learning International P.C.	534 Foxfield Road, Hopkinsville, KY	US
S1-419190	Ceramic Container Private Limited	J 807, Oceanus Green Dale Hoyasala Nagar, Bangalore, Karnataka	India
S1-586872	Jones Medical Center	146 Dicio Street, Bldg 1100, North Strabane Township, PA	US
S1-114862	Green Towing	8810 Tunnel Mill Road, Charlestown, IN	US
S1-113815	Kylie Dicarlo, D.D.S.	659 Twin Peaks Street, Simi Valley, CA	US
S1-679516	Sanabria Financial Inc	Dallas, 4407 Cabell Drive, TX	US
S1-469597	Arihant Power Private Limited	West Bengal, Calcutta, 46C Chowringhee Road14E Everest House, Kolkata	India
S1-675737	Ninon L. Carter, O.D. Inc.	3020 51st Street, Unit APARTMENT  67, Tulsa, OK	US
S1-63715	Sheth Traders Private Limited	H.No.352 At Post- Girwaliambegaon Girawali, Pune, Maharashtra	India
S1-715875	Ingenious & Brothers Private Limited	Agra, Uttar Pradesh, C/O Rupendra Pachauri, Pachgain Khera, Agra	India
S1-425956	Miller Summit Soulpower	17712 Monza Pass, Huntertown, IN	US
S1-652154	Chiropractic Unified Partners LLC	3620 Dove Meadow Trail, Fayetteville, NC	US
S1-75906	Camacho & Sain LLC	6111 Center Street, Unit 6111/203, Mentor, OH	US
S1-824733	Deanne Carr Nova LLC	809 Cowboy Cove Trail, San Tan Valley, AZ	US
S1-797903	Digital Estate Private Limited	A/12, Sonal Apartments, Opp. Sanjvani Hospital Bodakdev, Ahmedabad, Gujarat	India
S1-210355	New Delhi Tiles Corporation	Ta-91-T Tugalkabad Extn, Near Tara Appt., New Delhi, South Delhi, Delhi	India
S1-55484	Fortune Systems Private Limited	C/O.Shrinu Sabar, W.N-9, Bandhuguda, Kharling, Gunupur, Rayagada, Orissa	India
S1-209843	Ramona's Rapid Property Solutions	10699 Bay Shore Drive, Village Of Sister Bay, WI	US
S1-271174	One Consulting Private Limited	46 Om Residency, Nana Mahuva Road, Rajkot, Gujarat	India
S1-827243	Temple Presbyterian Church	65 Reid Lane, Waverly, TN	US
S1-726414	Metro Secure Private Limited	I-35B Ist Floor Central Market Lajpat Nagar Ii, Delhi, New Delhi, South Delhi	India
S1-325201	J/A Oyster Partners	1927 Genesee Road, Lysander, NY	US
S1-100536	Scholarship Project	301 Cawson Street, Hopewell City, VA	US
S1-16031	Hotel Marketing Private Limited	Flat No 201, Kancheepuram, Chennai, Tamil Nadu, Nathakamalam, No 1A, Periyalwar Street Sundaram Colony, East Tambaram	India
S1-427050	Sweet Seafood	428 Rogers Road, Kenai Peninsula Borough, AK	US
S1-288815	Safe Solarius	3206 State Road, Lima, OH	US
S1-536901	Glyphiq Joint Corp	14760 Blue Juniper Lane, Marana, AZ	US
S1-536	Sujata Educational Society	Shop No-18, Lower Ground Floor, Plot No-16B, Bhawna Tower, Sikandra, Agra, Uttar Pradesh	India
S1-465875	Good Estate Private Limited	House No-A-2/48 First Floor Rajouri Garden, New Delhi, Delhi	India
S1-688100	Interstate Chain LLC	292 Sand Pond Road, Chesterville, ME	US
S1-473164	International Infotech Pvt Ltd	H-12A01, 13Th Floor, Vvip Homes, Sector 16C, Greater Noida West, Gautam Buddha Nagar, Ghaziabad, Uttar Pradesh	India
S1-140897	Paxton Hospitality	188 Bay Ridge Drive, Anderson, IN	US
S1-677469	EI Piedmont Douglas	711 Marion Road, Sioux Falls, SD	US
S1-333801	Global Automation Products	215 Putnam Street, Unit Apartment 2, Syracuse, NY	US
S1-787578	Shannon, Walden and Welsh Corp	Indianapolis, IN, 3308 Fox Orchard Circle	US
S1-844822	Shakti Energy Private Limited	9Th, Off.12, Sn.28/3/1, Platinum Tower, Tukaram Nagar, Old Mundawa Rd, Pune City, Pune, Maharashtra	India
S1-811016	Golden Marketing Group	1503 Valparaiso Street, Valparaiso, IN	US
S1-765976	Cybernet Development Private Limited	Vyala Tal. Balapur, Akola, Maharashtra, Akola, Malamatta No 1232/2	India
S1-570374	Lower Quality Communities, Inc	NC, Youngsville, 140 Highview Drive	US
S1-734978	Ram Scientific Pvt Ltd	B/14, Khadim Society, Near Mubarak Society Juhapura Sarkhej Road, Juhapura, Ahmedabad, Gujarat	India
S1-262438	Aeriela Lawler Generating Corporation	2883 Friendship Ledford Road, Winston-salem, NC	US
S1-556328	ZMY Summit Metal Works LLC	W4844 Spring Road, Prentice, WI	US
S1-760568	Preferred Insurance Worldwide Inc.	Rocky Mount, 105 Irene Court, NC	US
S1-95662	Bnagalore Precast Ltd	6/12, Primrose Road, Gurappa Avenue, Bnagalore, Bangalore, Karnataka	India
S1-443502	Metro Society LLC	8033 Salisbury Avenue, Lyons, IL	US
S1-155438	Linnea's Fisheries	NM, Albuquerque, 1314 Truman Street	US
S1-677468	Borough Of	3220 Strawn Rd, Fayette Twp, IA	US
S1-438198	Fresh Hair Studio	4565 Mcneil Street, Phoenix, AZ	US
S1-228310	Diamond Heritage Smith Clinic	7217 Billtown Rd, Louisville, KY	US
S1-643904	Complete Clear Market Corp	1157 South Street, Pottstown Borough, PA	US
S1-768392	Opulent Farmer Care	Module 406 & 202, Webel It Park, Dh Block(Newtown) Action Area, Id Premises No.10-0360, Plo, T No.6/6, New Town, Parganas North, West Bengal	India
S1-645495	Vy & Brothers Group	1010, Hb Col, Sec 62, Faridabad, Haryana	India
S1-1920	Veify Inc.	2838 Cleveland Boulevard, Lorain, OH	US
S1-400938	Competent Entertainment Pvt Ltd	2Nd Floor Plot No.B-1, Gurugram Technology Park Ltd. Infocity-1 Sector 34, Near Hero Hon, Da Chowk, Gurugram, Gurgaon, Haryana	India
S1-138873	High Producer Pvt Ltd	H. No. 1857, Ahiran Street, Malka Ganj, Delhi	India
S1-385156	Jackelyn Powell, DPM	2415 Stardust Drive, Bullhead City, AZ	US
S1-255997	Sureka Projects Limited	Flat No 801/A, Plot No.32, Rupani House, Nsd Rd, Ashok Nagar Chs, Near Jamna Bhai Nursing, School, Mumbai, Mumbai City, Maharashtra	India
S1-858232	Zamora, Watkins & Hubbard	309 Palazzo Cir, Unit 217, Hurstbourne, KY	US
S1-833952	Pioneer Impex Pvt Ltd	Near Pul Jawandhi Pakhowal Road, Ludhiana, Punjab	India
S1-571694	Dike Children's Peak Program	28332 120th Street, Dike, IA	US
S1-681128	Empire Blockchain East Ridge LLC	East Ridge, TN, 1011 Floyd Drive	US
S1-814217	Diana Solutions Private Limited	No 81, 7Th Street, Anbu Ngr, Nerkundram, Chennai Corporation, Tiruvallur, Tamil Nadu	India
S1-668895	Scott Resources	13706 26th Place, Unit A413, Lynnwood, WA	US
S1-472276	A Cure 8 All LLC	AL, Montgomery, 2709 Russell Lane	US
S1-605631	Lakshmi Consulting Private Limited	4-Kb Complex, Opp. Ram Krishna Party Plot, Lg Hospital Road, Maninagar, Ahmadabad City, Ahmedabad, Gujarat	India
S1-102732	Sabo Cascade Technologies LLC	3360 Stratford Road, NC, Clemmons, Unit 11	US
S1-645022	Jagson Foods (India) Private Limited	241/1, Shiv Shankar Puri, Sharda Road, Meerut, Uttar Pradesh	India
S1-785941	Global Peak Future, PC	3860 Thistle Drive, Fl 1, Chandler, AZ	US
S1-9918	Beth Israel LLC	1845 Canyon View Drive, Unit 2004, St George City, UT	US
S1-749297	Shree Swastik Developers Private Limited	11/133, Maliyekkal House, Meenachil, Kottayam, Kerala	India
S1-487797	WCI Durga	Howrah, Jangalpur Road Kolkata, Kolkata, Kolkata, West Bengal, 47	India
S1-218523	Smc Producer Private Limited	C/O Biplab Pal Vill, Bagdahar Ps Jaiganj, Murshidabad, West Bengal	India
S1-464142	Cardinal, LLC	169 Court Street, WV, Madison	US
S1-415189	Baba Producer Private Limited	C/O Shri Devendra Mohan Pancholi Flat No 12 Plot No 67 Sr.No 129, Kamala Apartment K, Othrud, Pune, Maharashtra	India
S1-535249	Jai Media Private Limited	09 Km Meerut Road Begrajpur, Muzaffarnagar, Uttar Pradesh	India
S1-341071	Hitech Consulting Private Limited	101, Karnataka, Bangalore, Orchid, First Floor H M World City Apartments, J P Nagar 9Th, Phase	India
S1-343195	Eternal Paints Limited	H.No. 783/B A/P, Near Petrol Pump Malvan, Malvan, Sindhudurg, Maharashtra	India
S1-61545	Mont Welfare Society	Punjab, Paschim Vihar Maqsudan, Jalandhar, Parmod Kumar 29, Jalandhar - I	India
S1-535473	Drake and Beatty Efes	1534 Perryville Road, Perryville, MD	US
S1-848254	Metropolitan Environmental Concepts Inc	1217 Sycamore Street, Cincinnati, OH	US
S1-605095	Everest Holdings	H.No. 13-1-57/24 Avanthinagar, Panduranga Nagar, Motinag, Ar, Hyderabad, Telangana	India
S1-699259	Calida Curlin Select Dogecoin	2425 Godard Town Road, Williamston, NC	US
S1-140604	Kalchuri & Brothers Ltd	Allahabad, Uttar Pradesh, Flat No.204, Second Floor, Npa Arcade, 23 Civil Lines	India
S1-560110	Community Church	6678 Lahna Oak Drive, Conroe, TX	US
S1-136094	Peebles Frontier Good	120 Oscar Bradford Road, Warrior, AL	US
S1-98998	Lola Mendez, M.D., P.C.	8477 Oak Grove Road, Newburgh, IN	US
S1-749391	All Developers Limited	Bb-11-E P, Railway Colony G.K. Enclave-Ii, G.K. Enclave, Delhi, South Delhi, Delhi	India
S1-45260	Dinesh Academy	Flat No.607, 6Th Floor B-Wing, Kapilavastu-2, Chsl, Kolbad, Thane, Maharashtra	India
S1-671356	Adams Classic Vendome	CA, Unit APT 5310, Vacaville, 5085 Quinn Road	US
S1-81274	Indus Trading Care	Kolkata, 5, Howrah, West Bengal, Raja Subodh Mullick Square, 5Th Floor, Fl-F2, Kolkata	India
S1-431279	Suresham Securities Private Limited	7207, Main Qutab Road, New Delhi, Delhi	India
S1-445501	Robinson Fashion Inc	7791 Walker Road, Pavilion, NY	US
S1-123725	Birch Towing LLC	173 High Street, Chillicothe, OH	US
S1-804926	Twisted Coffee	4822 Seahurst Avenue, Everett, WA	US
S1-324530	Direct Design Company	1108 Nestorville Road, Philippi, WV	US
S1-354211	Narendra Pharma	26 Savina, Girwa, Udaipur, Rajasthan	India
S1-520593	Nova Welfare Society	82Car Street Sowripalayam, Coimbatore, Tamil Nadu	India
S1-790484	Pacific Target PLLC	474 Kenilworth Court, Fl 0, Glen Burnie, MD	US
S1-379187	Mahendra College Ltd	123-A, Ganesh Marg, Surya, Nagar Gopalpura Bypass, Jaipur, Rajasthan	India
S1-521391	Kestrel Inc	11402 Hidden Bay Drive, Pearland, TX	US
S1-665149	Brown, Biggs & Jones LLC	1313 Blessed Lane, Royse City, TX	US
S1-227455	Pikesville Wildlife Global Alliance	2 Tentmill Lane, Unit APARTMENT K, Pikesville, MD	US
S1-472887	Thane Infrastructure Limited	Gala No. 108, Ashok Nagar Building No. 2B, 1St Floor, Ashok Nagar, Kalyan Road, Bhi, Wandi, Thane, Maharashtra	India
S1-845054	Drc Tech Private Limited	Porbandar, Hari Bhuvan S.T. Road, Gujarat, Porbandar	India
S1-662922	Heil Preferred Aegon LLC	10995 Charles Drive, Winfield, IN	US
S1-215593	Blue Barbershop	2603 Foxcroft Road, City Of Wilson, NC	US
S1-853557	Fowler Complete Viii LLC	TN, Alexandria, 911 Old Alexandria Road	US
S1-229547	Believe Innovations Ltd	5-9-224/1-2 Chirag Ali Lane, Abids, Hyderabad, Telangana	India
S1-126389	Kestan Golden	9 Nansen Court, Clarkstown, NY	US
S1-406376	Grant Strategic Navios LP	333 Oyster Bay Road, Oyster Bay, NY	US
S1-572260	GE Desert Couriers LLC	12400 Tatum Boulevard, Unit 1025, Phoenix, AZ	US
S1-778104	Mask Conclave Ltd	Office No 8, 1154, Saifee Lane, Prime Arcade, Camp, Pune City, Pune, Maharashtra	India
S1-351059	Sree Global Private Limited	Ahmedabad, Shree Charankrupa Society-I Jodhpur Char Rasta, Satellite, Gujarat, 7/B, Ahmedabad	India
S1-437788	Ohern Capital Inc.	1023 Olive Way, Estacada, OR	US
S1-581273	ZZW Hills	TX, 1361 Cr 240 Road, Weimar	US
S1-183948	Rosenberg's Medical	1070 Florence Road, Unit 107, Savannah, TN	US
S1-277274	Ropar Ayurveda Private Limited	C-50 Sector 58, Industrial Area Phase-3, Ropar, Rupnagar, Punjab	India
S1-641682	New Technology	Rs No 54/8, Plot No 12, Indai Nagar, Morewadi, Karvir, Kolhapur, Maharashtra	India
S1-770082	Urgent Care Health of Knoxville	1434 Springpointe Way, Knoxville, TN	US
S1-499485	Atlantic Snow	4823 Ardmore Avenue, Cleveland, OH	US
S1-182933	Karimnagar Developers Private Limited	Karimnagar, H.No.4-1-86, Telangana, Karimnagar, Kumarvada Mallial	India
S1-62475	Ridge Trust PLLC	College Point, 11-06 129 Street, NY	US
S1-230994	Chris Ahmad Atlantic Malt Inc.	IL, 2257 Reservoir Street, Grandview	US
S1-355180	AK Impex Private Limited	B 2. Ashoka Appartment, Near Orient Club Ellisbrige, Ahmedabad, Gujarat	India
S1-278379	Page, Espinoza & Mckinney Sachs Inc	2768 100, Unit LOT 8, Winamac, IN	US
S1-709265	Corporate Wellness Enterprises LP	801 Ovilla Road, Red Oak, TX	US
S1-848190	Investors (India) Edible Limited	B 27 Mahavir Colony Sector 1 Ratanada, Jodhpur, Rajasthan	India
S1-719061	Direct Association LLC	2510 3rd Avenue, Scottsbluff, NE	US
S1-202919	Manning Media, Inc.	4702 4th Street, Unit BLDG 6012, Lubbock, TX	US
S1-54316	West Transportation LLC	69 Harmony Farms Drive, Pawling, NY	US
S1-687210	Smith's Summit Sciences Center	Memphis, TN, 7900 Ikea Way	US
S1-680990	Domingue Ventures Inc.	633 Nicole Drive, Sanford, NC	US
S1-736104	Foot & Ankle Legacy Associates LLC	3105 Meadowmoor, Fort Worth, TX	US
S1-288941	Pediatric Dental Physicians LLC	25343 Farmstead Lane, Wyoming, MN	US
S1-607933	Gold Services Private Limited	Bangalore, 5 Main Iti Park Iti Lyt, #308 Biriyani Queens Bldg, Bangalore South, Karnataka	India
S1-190856	All Mid, Inc	5306 408th Street, North Branch, MN	US
S1-491572	Burney Assets	Coalville, 1465 Navajo Road, UT, Bldg BUILDING	US
S1-612329	Fresh Bistro	5404 Fairfax Avenue, Newport News City, VA	US
S1-570762	Empire Cardiology LLC	522 Potomac Drive, Rialto, CA	US
S1-232951	LQI Medical	#2A, 601, Elan Homes, Kaikondrahalli Sarjapur Road, Bangalore, Karnataka	India
S1-339504	Best Consultancy Limited	#19, 16Th Cross, Iti Layout, Benson Town Post, Bangalore, Karnataka	India
S1-409860	Bejarano, Clouser and Garrity P.C.	810 Gleneagles Court, Unit SUITE 109, Loch Raven, MD	US
S1-142000	Eastern Elite Hair Studio Inc	504 Havershire Drive, Jamestown, NC	US
S1-855240	Hitech Hospitality Private Limited	9, Omkar Apartments, Opp. Acme Mall S.V. Road, Santacruz (W), Mumbai, Bandra Suburban, Maharashtra	India
S1-649849	Cardiology Center	215 Vista Drive, Whitefish, MT	US
S1-470357	Jaypee Power Private Limited	H.No.48-11/3-5A, Currency Nagar, Gunadala, Vijayawada, Krishna, Andhra Pradesh	India
S1-151212	Nandi Foundation (India) Private Limited	C/O- Vishwnath Maurya, Vill- Semariya, Post- Pawara, Machhali Shahar, Jaunpur, Uttar Pradesh	India
S1-566917	Modern Food Private Limited	Pl 4 Fl401 Riddhidata Apt, Nr Suyog Mangal Karyalay, Nagpur, Maharashtra	India
S1-541146	Quality Desert Realty LLC	Unit 12240, TX, 15281 Ronald W Reagan Boulevard, Leander	US
S1-65100	Mega Art Private Limited	903Vikrant Tower Rajendra Place, New Delhi, Central Delhi, Delhi	India
S1-575993	Somya Institute Corporation	No.334 E, Ettukkadai Bazar Cape Road, Kottar Post, Kanyakumari, Tamil Nadu, Nagarkoil, 17/1	India
S1-606336	Select United Bny Inc	1390 Cornell Circle, Unit C, Sugar Grove, IL	US
S1-623248	Pierce Group	158 A Street, Fort Smith, MT	US
S1-230246	Ursala Delgado Jones LLC	NC, 9014 Daring Court, Charlotte	US
S1-596842	Bomique LLC	120 F Road, Arthurdale, WV	US
S1-181012	Liberty Sizzle PC	674 Hazen Bay Road, Unit Lot 161, Hazen, ND	US
S1-319952	Regional Trust PC	North Little Rock, 700 47th Street, AR	US
S1-332082	Caster Barclays	Virginia Beach City, VA, 1905 -1 King Edward Court	US
S1-141980	Robyn Wilkinson Rocky, LLC	266 Charles Street, Painted Post, NY	US
S1-328186	Bombay Industries LLP	Sr.No.31/4 Near Raigad Banglow Choudh, Pune, Maharashtra	India
S1-728260	Ward Alpine	20717 Ashburn Valley Court, Loudoun County, VA	US
S1-567512	Svr Engineers Private Limited	88 1 Gheewala Building Ground Floor Kolovery Village Near St Jude Kalina, Mumbai, Mumbai City, Maharashtra	India
S1-400166	Shree Infotech (India) Company	Vishakhapatnam, Bs Layout, Seethammadhara, Visakhapatnam (Urban), Andhra Pradesh, Flat No Gf-1, Visakhapatnam	India
S1-833124	Wilmette Haley Modern Fifth LP	Yakima, WA, 2701 Summitview Avenue	US
S1-829734	Primary Care Specialists	14023 Broadway Avenue, Spokane Valley, WA	US
S1-91367	Brookhaven Surgical Care Associates, LLC	25 Stewart Circle, Brookhaven, NY	US
S1-755381	Dermatology Care Associates	8700 Baltimore Avenue, Unit 237, College Park, MD	US
S1-846648	Zephyr LLC	237 Stream Road, Winterport, ME	US
S1-744602	NHH Makers Corp	Vadodara, Gujarat, Vadodara, Chhani, 20 Vuda Shopping Centre	India
S1-70893	Highland Diamond Cea Inc	14432 Planters Knob Lane, Charlotte, NC	US
S1-252219	Shree Studios Private Limited	No3/19, Teachers Colony Masinaickanpatty, Salem, Tamil Nadu	India
S1-685125	Ksp College	S No 56/4 Ambai Dara Road Dhayari Haveli Pune Dhay Ari (Part) (N.V.), Pune, Maharashtra	India
S1-200581	Apex Products Private Limited	G-303 Preet Vihar, Delhi, East Delhi, Delhi	India
S1-588570	Collier, Washington & Abbott LLC	304 Magnolia Valley Drive, Ofallon, MO	US
S1-44775	Norene Huffine, O.D. LLC	28822 Comal River Court, Spring, TX	US
S1-63803	India Sgn Solutions Private Limited	B-505, Suyash Pride, Plot 1, Sector-5, Ulwe, Navi Mumbai, Panvel, Raigarh(Mh), Maharashtra	India
S1-626781	Premier Raj Hospitality Private Limited	Bangalore, Karnataka, Joly Paul, 3Rd Floor, St, Marys Nagar, Bommanahalli, Managammanapalya, No 9/5/5, Bangalore	India
S1-167659	Lotus Infrastructure Private Limited	12Th Floor, Casablanca, Plot No 130 Jvpd Scheme, Vile Parle (West), Mumbai, Mumbai City, Maharashtra	India
S1-514032	Warren Square LLC	6711 Ramseytown Road, Harrison, TN	US
S1-324352	CE American Runway LLC	Glenville, 424 Vley Road, NY	US
S1-750193	Electricians Union Local No 89	2200 Belt Street, Unit Apt 1, Jonesboro, AR	US
S1-778704	Indo Control	P.No-234, Kisan Nagar Akkalkot Road, Maharashtra, S.No-147/1, North Solapur, Solapur	India
S1-548197	Jay Biotech (India) Pvt Ltd	East Delhi, New Delhi, Delhi, 22 Uday Park Khel Gaon Road	India
S1-560605	Modern Logistics Private Limited	Shop No 12, Dak Bangla Road, Nimbahera, Chittorgarh, Rajasthan	India
S1-725021	Services Southern Impex Pvt Ltd	Karthik Nilaya, Opp. Metro Pillar 99, Yelechenahalli, Kanakapura Main Road, Bangalore, Karnataka, No.25/6, Bangalore	India
S1-255632	Wright Tree Inc.	341 Ellison Ridge Road, Flat Top, WV	US
S1-486589	Dallas Ewing Rocky	46 Glenmar Drive, West Seneca, NY	US
S1-68955	Hill, Nissa S., M.D., DDS PC	281 Bel Street, Frankstown Township, PA	US
S1-339225	Multiplier (India) Metallurgicals LLP	H. No. 2489/3, G. No. 2, Kamla Ngr, Vishkarma Town, Ludhiana, Punjab	India
S1-807366	Lagom (india) Limited	8-2-293/82/J111/564A-22/1, Road No.92, Jubilee Hills, Hyderabad, Telangana	India
S1-113109	Delrio Rent Company	2095 Larkspur Court, Bldg 9, Hilliard, OH	US
S1-472250	Ujjaesh Academy Private Limited	703, Shree Samarth Galaxy, Apt, Kokan Nagar, Mumbai, Maharashtra	India
S1-406404	Choice Semiconductor Products	3100 Snow Cap Way, Flagstaff, AZ	US
S1-650254	Custom Taiwan LLC	217 4th Street, Guymon, OK	US
S1-42261	All Ventures Limited	40-5/3-6/1, 2Nd Floor, Amar Nivas, Tikkle Road, Vijayawada (Urban), Krishna, Andhra Pradesh	India
S1-709637	Tulsyan Mata Private Limited	Kashyabhai'S Utara, Pathanwada Vill-Petlad, Petlad, Anand, Gujarat	India
S1-229193	Vijay Projects Private Limited	No.8, Dr.Ambedkar Street, Malaganathapuram, Kanchipuram, Tamil Nadu	India
S1-539125	Mumbai Fresh Private Limited	Bldg. No.116, Room No.3379, Pant Nagar, Ghatkopar East, Mumbai, Mumbai City, Maharashtra	India
S1-307887	Superior Pioneer Athena	928 33rd Street, Moore, OK	US
S1-738783	Colon Investments	135 Hudson Pointe Boulevard, Queensbury, NY	US
S1-321762	@ Cure 7 It LLC	2600 Germann Road, Unit 188, Chandler, AZ	US
S1-88299	West Clough LLC	410 Wewoka Avenue, Claremore, OK	US
S1-339944	Veterans Initiative IV	641 100, Bldg A, Neoga, IL	US
S1-83652	Zeidler American Barings LLC	253 Cherrystone Drive, Gahanna, OH	US
S1-852683	Colonial Midstream P.C.	783 White Oak Road, Speedwell, TN	US
S1-301540	Mudra & Partners	Flno 19 Neha Plno 8910 Sno 148/2B Shivalay Soc Sus Rd Pashan, Pune, Maharashtra	India
S1-678418	Cornerstone LLC	5150 Lavaque Junction, Hermantown, MN	US
S1-187200	Sandler Newbury PLLC	1025 Breezewood Lane, Brunswick County, VA	US
S1-137155	Cedar	3549 Castano Lane, Yuma, AZ	US
S1-837759	Best Software Private Limited	Bf- 9, Double Tank Colony K. K. Nagar, Chennai, Tamil Nadu	India
S1-305701	Future Investments Private Limited	8/2 Sadashiv Peth Ravi Bldgblock No 12 Near Alka Talkies, Pune, Maharashtra	India
S1-376022	Reliable Retail Networks	143 Michaela Circle, Giles County, VA	US
S1-618157	Manahan Genesis Inc	65 Sennawood Drive, Fenton, MO	US
S1-140354	Baba Consultants Pvt Ltd	3 Floor Ohafeo Coworking, Haryana, Sector -45, Gurgaon, Spaces Sector-45	India
S1-709316	Norton & Li, LLC	413 Main Road, Unit 6, Conneaut, OH	US
S1-675043	Apex Freight Works Inc	929 Patterson Road, Dayton, OH	US
S1-4393	Pioneer Global Private Limited	506, V Floor, 11-11Apondy Bazaar, Challamall Complex, T.Nagar, Chennai-17, Chennai, Tamil Nadu	India
S1-759875	Nilson Blackrock LLC	5930 Pershing Road, Cicero, IL	US
S1-710216	Ramirez, Martin & Marino LLC	412 Bridge Street, Marquette, KS	US
S1-243401	Next Fertilizer Private Limited	1/10790 Ground Floor Subhash Park, Naveen Shahdara, Delhi, East Delhi, Delhi	India
S1-526981	Siddha & Brothers Private Limited	Rajasthan, Jaipur, Manoram, P.N.2, Ambeshwar Colony, Jaipur, 3Rd Floor	India
S1-397239	Pavue	2233 8 151st Street, Unit UNIT, Westfield, IN	US
S1-191502	Global Pink Learning Public Limited	2-57, Madapur, Narsapur, Medak, Telangana	India
S1-372737	Schmid Optimal Companies, Inc	830 Washington Avenue, Norfolk City, VA	US
S1-848600	Collinsworth's Management LP	2010 Dauntless Drive, Glenview, IL	US
S1-622392	Sam's Star Tavern	7731 Perkins Road, Baton Rouge City, LA	US
S1-576429	Infrastructure Rich Agencies Limited	Gn-38/5, Anaya Chambers, 9Th Floor, Salt Lake, Sec, Saltlake, North 24 Parganas, West Bengal	India
S1-639808	Strategic Investment Services Inc	1128 46th Place, Marion County, OR	US
S1-173985	Aguirre Home	103 Somerset Avenue, Pittsfield, ME	US
S1-494875	Dedie's Nails	110 Thistle Lea, Amherst, NY	US
S1-24279	Youth Association Chicago	1631 91st Place, Chicago, IL	US
S1-538109	Karissa Walker Best Grupo Inc	57 Massachusetts Avenue, Chicopee, MA	US
S1-441805	Sugam Traders Company	629/S-1, Shalimar Garden Ext-1, Ghaziabad, Uttar Pradesh	India
S1-204338	Mount Fellowship Corp	Canal Winchester, OH, 59 Gender Road	US
S1-188620	OFC Aarogyam Pvt Ltd	No.363/1E1, Ab Nagar, Nochipalayam Road, Veerapandi, Tirupur, Coimbatore, Tamil Nadu	India
S1-85168	Southern Veterinary Clinic	1501 Zerega Avenue, Bronx, NY	US
S1-26838	Guru Lakshmi Consultancy Private Limited	Plot No-43, Meenakshi Bamboos Opp Ramky Towers, Gachibowli, Hyderabad, Telangana	India
S1-29904	Reliable Pinnacle Pgim	461 Voss Road, Geneva, OH	US
S1-375967	HFP Laboratories Private Limited	Plot 412, Flat A-02/1003, Floor 10 Wing A2, Prestige Garden, Panchpakhadi -A2 Chsl Prestige Garden Complex, Almedia Road Nr Nitin Company Thane (W), Thane, Maharashtra	India
S1-527800	Hernandez Aspen	345 Kendall Place, Columbus, OH	US
S1-78084	Raviendra Prabhu Private Limited	11/2A, Pusa Road, New Delhi, Delhi	India
S1-476677	Vihan Homes Private Limited	North 24 Parganas, Akandakeshari, West Bengal, Techno City, C/O- Trisha Mondal	India
S1-786342	Shafer Seneca Group	5279 Arrowhead Road, Hermantown, MN	US
S1-660258	Jannat Services Pvt. Ltd.	Unit No. 301-303, 3Rd Floor, Amar Business Park Veerbhadra Nagar Baner, Pune, Maharashtra	India
S1-601049	Cordey's Massage	802 Spruce Lane, Sugarloaf, CA	US
S1-92085	Ashleigh Watson Signs L.L.C.	3412 Grant Road, Norman, OK	US
S1-655986	Galaxy Developers Private Limited	212/2, Hadapsar, Soli Poonawalla Road, Pune, Maharashtra	India
S1-124852	Literacy Fund VI	Johnston, 6830 Gables Way, IA	US
S1-193426	Thomas Copper LLC	50 Fairfield Street, Newton, MA	US
S1-213362	Physical Therapy Medicine	55 U Reservoir Road, New Milford, CT	US
S1-240629	Golden Research Advisors	16820 Chaucer Drive, Orland Park, IL	US
S1-660679	Ear Nose & Throat Total Group	N166W21180 Glencoe Lane, Village Of Jackson, WI	US
S1-23728	Griffin Precision Wireless	1310 Purple Rose Court, Houston, TX	US
S1-100365	Owens and Johnson Inc	NY, 479 Augustine Street, Rochester	US
S1-570740	Torodyne Fact P.C.	3212 Portland Ave, Louisville, KY	US
